Index,demand
0,0.06042627
1,0.018641844
2,0.031478416
3,0.015295073
4,0.05742904
5,0.020566761
6,0.022421107
7,0.106845565
8,0.050606117
9,0.057073656
10,0.022421107
11,0.2496951
12,0.26253405
13,0.026340168
14,0.056297906
15,0.012049256
16,0.067594744
17,0.031058978
18,0.087053545
19,0.05639902
20,0.019971963
21,0.012049204
22,0.11205901
23,0.056224927
24,0.44205308
25,0.086398356
26,0.022421107
27,0.13400216
28,0.022175694
29,0.022421107
30,0.023555996
31,0.038465325
32,0.025310995
33,0.034722507
34,0.25198236
35,0.43854335
36,0.03308849
37,0.025411699
38,0.09741059
39,0.068700194
40,0.018199358
41,0.012824976
42,0.03656797
43,0.06371534
44,0.019500883
45,0.044395886
46,0.07097851
47,0.47579744
48,0.08631636
49,0.05302436
50,0.24777453
51,0.056219377
52,0.015560901
53,0.18586949
54,0.015134357
55,0.06018542
56,0.117373385
57,0.029863233
58,0.031405076
59,0.040850956
60,0.011890202
61,0.03506127
62,0.12591393
63,0.031050636
64,0.022421107
65,0.39105153
66,0.019774755
67,0.028788967
68,0.02224199
69,0.020407245
70,0.028205693
71,0.033921394
72,0.027201178
73,0.104829066
74,0.015519336
75,0.03515576
76,0.053260166
77,0.09606046
78,0.10838973
79,0.02564846
80,0.039109096
81,0.012824976
82,0.014730935
83,0.056063127
84,0.05965046
85,0.026562208
86,0.12992342
87,0.391619
88,0.052837554
89,0.046237342
90,0.0143089155
91,0.020833924
92,0.09790706
93,0.083915
94,0.16118184
95,0.03235696
96,0.117453285
97,0.0392255
98,0.015870115
99,0.01298403
100,0.016804887
101,0.045277614
102,0.030616263
103,0.1288335
104,0.042060304
105,0.024632977
106,0.018187873
107,0.06858259
108,0.45968983
109,0.030874928
110,0.037768718
111,0.0581205
112,0.07022396
113,0.04039943
114,0.02035011
115,0.11533709
116,0.14667697
117,0.07791891
118,0.064404875
119,0.027244521
120,0.014255628
121,0.030730944
122,0.026698682
123,0.023922127
124,0.012496001
125,0.045433637
126,0.069225
127,0.25390187
128,0.058624297
129,0.08138203
130,0.03709229
131,0.026879257
132,0.02010699
133,0.032323323
134,0.045087397
135,0.04765122
136,0.09147476
137,0.15159337
138,0.24950935
139,0.036552336
140,0.058918227
141,0.086365245
142,0.03846161
143,0.02316399
144,0.079683274
145,0.0138760405
146,0.020052375
147,0.012824976
148,0.059159048
149,0.025023744
150,0.021378104
151,0.013536393
152,0.064168625
153,0.060654074
154,0.1445168
155,0.16664046
156,0.25096896
157,0.05390257
158,0.046092022
159,0.02224199
160,0.038593937
161,0.029809242
162,0.07254422
163,0.046494465
164,0.62402403
165,0.13659616
166,0.020833924
167,0.11980336
168,0.048379377
169,0.03871861
170,0.04116111
171,0.014594079
172,0.017463146
173,0.04945728
174,0.012049256
175,0.03374932
176,0.07292086
177,0.026285319
178,0.08836582
179,0.057421163
180,0.12189892
181,0.24936917
182,0.40327162
183,0.08830055
184,0.047081757
185,0.06906441
186,0.015665697
187,0.019971963
188,0.015302642
189,0.07248938
190,0.059780236
191,0.12969026
192,0.08122214
193,0.06890634
194,0.07791891
195,0.07842219
196,0.02949091
197,0.03879131
198,0.101347655
199,0.03047942
200,0.028828226
201,0.02224199
202,0.014725484
203,0.02224199
204,0.03884737
205,0.06281053
206,0.07854789
207,0.11772526
208,0.110303506
209,0.18742563
210,0.108099
211,0.12866415
212,0.017786285
213,0.0927434
214,0.045433637
215,0.015134357
216,0.04696214
217,0.12320669
218,0.025511717
219,0.031829324
220,0.054791827
221,0.045258507
222,0.033050828
223,0.03282861
224,0.05340875
225,0.037768718
226,0.08416787
227,0.01709538
228,0.011890202
229,0.040099066
230,0.043247454
231,0.025340788
232,0.06315093
233,0.12713683
234,0.2746264
235,0.13679124
236,0.13470456
237,0.082325995
238,0.09321133
239,0.088103786
240,0.08916641
241,0.06961683
242,0.035957143
243,0.30006668
244,0.07842219
245,0.07071859
246,0.04610627
247,0.07834932
248,0.018061407
249,0.0335911
250,0.017264586
251,0.015157772
252,0.02376627
253,0.057362117
254,0.09607587
255,0.050589737
256,0.047481176
257,0.13726383
258,0.42371878
259,0.10781998
260,0.026764588
261,0.24692163
262,0.07399978
263,0.38820305
264,0.12142311
265,0.09025237
266,0.015295073
267,0.055073842
268,0.022421107
269,0.07691764
270,0.24590789
271,0.080617175
272,0.39437607
273,0.107423514
274,0.047796544
275,0.017264586
276,0.016808841
277,0.053278543
278,0.037590075
279,0.03235741
280,0.15740791
281,0.25813243
282,0.13264719
283,0.08766204
284,0.036008425
285,0.08329874
286,0.1806923
287,0.24874607
288,0.0537484
289,0.082024805
290,0.026972448
291,0.09131021
292,0.53174126
293,0.025817012
294,0.05259005
295,0.30190638
296,0.2736385
297,0.012442216
298,0.014776766
299,0.020810353
300,0.05769707
301,0.14796656
302,0.24743873
303,0.12819478
304,0.11811096
305,0.2701538
306,0.25407833
307,0.13524601
308,0.25922954
309,0.39145908
310,0.09297351
311,0.031454876
312,0.036313448
313,0.053278543
314,0.054908413
315,0.18748866
316,0.8363911
317,0.017423587
318,0.11049011
319,0.42946312
320,0.01802882
321,0.05463059
322,0.25672323
323,0.015560901
324,0.030616263
325,0.071023755
326,0.03954191
327,0.025538871
328,0.16303638
329,0.09147476
330,0.09006448
331,0.17633186
332,0.17052703
333,0.2430896
334,0.27079654
335,0.12249306
336,0.037590075
337,0.29462072
338,0.24599531
339,0.1613654
340,0.87273574
341,0.3925622
342,0.2618268
343,0.032323323
344,0.0999064
345,0.073830925
346,0.018199358
347,0.015665697
348,0.022421107
349,0.031276733
350,0.012824976
351,0.01905735
352,0.012049204
353,0.09720115
354,0.12864146
355,0.100269936
356,0.10931849
357,0.08693375
358,0.16484542
359,0.10883955
360,0.020154193
361,0.13678205
362,0.24930345
363,0.043316662
364,0.10345494
365,0.66108745
366,0.7821037
367,0.40006548
368,0.012824976
369,0.040074937
370,0.018456649
371,0.028623393
372,0.2590056
373,0.07432073
374,0.012824976
375,0.055850767
376,0.015134357
377,0.070792705
378,0.053204697
379,0.059159048
380,0.0260013
381,0.25441387
382,0.025270572
383,0.053125523
384,0.12767383
385,0.102494895
386,0.06168235
387,0.062626764
388,0.08369061
389,0.12079856
390,0.038593937
391,0.1196034
392,0.08694198
393,0.15085171
394,0.7627512
395,0.8723087
396,0.41147628
397,0.16745915
398,0.014782545
399,0.11088218
400,0.07122501
401,0.25127897
402,0.059888415
403,0.044312138
404,0.019595698
405,0.045422055
406,0.15249509
407,0.24958451
408,0.06981994
409,0.72911185
410,0.25106305
411,0.16165176
412,0.15993342
413,0.10918156
414,0.05340875
415,0.1391637
416,0.037042882
417,0.046649218
418,0.020955833
419,0.09602682
420,0.07398945
421,0.018199358
422,0.10067704
423,0.020798806
424,0.7365925
425,0.9878842
426,0.8564429
427,0.015134357
428,0.03540208
429,0.24876326
430,0.1222205
431,0.020967608
432,0.02224199
433,0.025023744
434,0.024277175
435,0.0773835
436,0.11024625
437,0.06320249
438,0.46675983
439,0.5151616
440,0.0747736
441,0.10969291
442,0.17191455
443,0.2512072
444,0.057857767
445,0.262366
446,0.11039074
447,0.01336145
448,0.04115144
449,0.09326576
450,0.08378542
451,0.034160208
452,0.026789395
453,0.284671
454,0.40428653
455,0.16088703
456,0.050279696
457,0.046521157
458,0.25568423
459,0.08843336
460,0.30615753
461,0.018641844
462,0.032480687
463,0.03240768
464,0.018608142
465,0.020154193
466,0.057421163
467,0.045422055
468,0.27559662
469,0.7575289
470,0.4060772
471,0.39997372
472,0.07715679
473,0.17851514
474,0.24916682
475,0.39119795
476,0.14689098
477,0.023555996
478,0.02334508
479,0.029310556
480,0.2488869
481,0.12237702
482,0.02983614
483,0.25044948
484,0.28410032
485,0.27899104
486,0.98575526
487,0.10693233
488,0.026440073
489,0.16180958
490,0.24578731
491,0.05136009
492,0.09411235
493,0.45885238
494,0.014490233
495,0.08564767
496,0.043316662
497,0.059117418
498,0.05775103
499,0.24621879
500,0.4126765
501,0.3867561
502,0.5480653
503,0.4013097
504,0.17187154
505,0.17040148
506,0.25745398
507,0.017264586
508,0.019595698
509,0.12817395
510,0.10344565
511,0.05938285
512,0.17384326
513,0.16270438
514,0.4730305
515,0.1900245
516,0.015382145
517,0.082024805
518,0.13308905
519,0.090427615
520,0.06391779
521,0.012183711
522,0.018199358
523,0.013025594
524,0.037768718
525,0.05982131
526,0.105587654
527,0.11769931
528,0.12609288
529,0.3947546
530,0.74107987
531,0.41000202
532,0.4529975
533,0.7223239
534,0.10522939
535,0.020992925
536,0.022529243
537,0.051808793
538,0.1231748
539,0.17821954
540,0.069047086
541,0.021644961
542,0.066664584
543,0.16009998
544,0.026764588
545,0.011890202
546,0.049129374
547,0.14727353
548,0.02580069
549,0.01481833
550,0.051549207
551,0.036008425
552,0.013444636
553,0.03842488
554,0.09451227
555,0.043494552
556,0.09147476
557,0.26483965
558,0.39715073
559,0.39158937
560,0.9854354
561,0.6229887
562,0.3911956
563,0.063674375
564,0.03142054
565,0.020992925
566,0.06460761
567,0.10952653
568,0.031948857
569,0.05163894
570,0.43676984
571,0.080180086
572,0.022848506
573,0.07697109
574,0.03808161
575,0.08276371
576,0.09716592
577,0.06307766
578,0.014067548
579,0.059068687
580,0.019395115
581,0.0149736665
582,0.02304363
583,0.08410737
584,0.12428405
585,0.60491234
586,0.40990448
587,0.25168547
588,0.99101025
589,0.39487204
590,0.42978486
591,0.11528274
592,0.03980364
593,0.011890202
594,0.048347723
595,0.046649218
596,0.040734686
597,0.026106298
598,0.063373454
599,0.4249608
600,0.12767383
601,0.25716683
602,0.07046672
603,0.09311782
604,0.14600678
605,0.12744686
606,0.25712973
607,0.032065913
608,0.026509535
609,0.03967534
610,0.16626902
611,0.5103649
612,0.3978014
613,0.2908638
614,0.13232966
615,0.41394824
616,0.1354907
617,0.09147476
618,0.017881956
619,0.07367802
620,0.053128593
621,0.0686262
622,0.27687123
623,0.055677563
624,0.26027387
625,0.038963772
626,0.062176336
627,0.16738798
628,0.046263576
629,0.020441445
630,0.11416337
631,0.17349745
632,0.048726417
633,0.24727318
634,0.25468847
635,0.087253
636,0.0735186
637,0.025737358
638,0.09431537
639,0.121891685
640,0.07367802
641,0.09426068
642,0.24312203
643,0.028442362
644,0.036833078
645,0.026700942
646,0.13524495
647,0.017463146
648,0.023531068
649,0.11514991
650,0.027166508
651,0.034044426
652,0.12604116
653,0.056163512
654,0.07128062
655,0.012824976
656,0.10344565
657,0.1614178
658,0.38817006
659,0.40475407
660,0.01298403
661,0.014730935
662,0.021633511
663,0.01647591
664,0.11043795
665,0.027291078
666,0.059415687
667,0.11865037
668,0.019900996
669,0.037571035
670,0.029863233
671,0.012824976
672,0.07963906
673,0.11024625
674,0.2868507
675,0.014908055
676,0.017304093
677,0.09554233
678,0.052837554
679,0.08886947
680,0.25246954
681,0.026395623
682,0.022421107
683,0.015519336
684,0.087740384
685,0.019595698
686,0.032420043
687,0.08800483
688,0.12602502
689,0.039718516
690,0.029164754
691,0.012824976
692,0.26094046
693,0.012824976
694,0.039970573
695,0.25091058
696,0.07887876
697,0.06634705
698,0.02010699
699,0.036645424
700,0.086365245
701,0.38788608
702,0.036552336
703,0.020992925
704,0.015896756
705,0.070952125
706,0.0576374
707,0.15548076
708,0.099908054
709,0.17707576
710,0.08432965
711,0.03794774
712,0.023921903
713,0.03666297
714,0.030037215
715,0.14479823
716,0.016060976
717,0.025533896
718,0.076736756
719,0.02454939
720,0.1321864
721,0.046315446
722,0.025023744
723,0.26029658
724,0.44980398
725,0.25135002
726,0.029217115
727,0.07367802
728,0.019830953
729,0.09721913
730,0.058400057
731,0.05009261
732,0.5247237
733,0.08800483
734,0.02876179
735,0.10951364
736,0.089495294
737,0.033157244
738,0.1248734
739,0.42101955
740,0.09227717
741,0.10928233
742,0.040253818
743,0.013556109
744,0.020856602
745,0.11358311
746,0.026726978
747,0.012496001
748,0.025023744
749,0.051549207
750,0.026714252
751,0.015665697
752,0.042926118
753,0.012824976
754,0.08459696
755,0.017304093
756,0.024277175
757,0.018898297
758,0.04803313
759,0.080918275
760,0.099365376
761,0.031588227
762,0.059141066
763,0.47716734
764,0.070952125
765,0.074578285
766,0.043169763
767,0.02322792
768,0.054522928
769,0.15236737
770,0.039072696
771,0.018115824
772,0.014526869
773,0.054426067
774,0.1259295
775,0.019377226
776,0.24391991
777,0.055466376
778,0.014957148
779,0.06875924
780,0.2904241
781,0.021941187
782,0.034283597
783,0.019830953
784,0.04715248
785,0.058262948
786,0.24983
787,0.070952125
788,0.01298403
789,0.021938726
790,0.071730465
791,0.15522106
792,0.08174272
793,0.069230914
794,0.07072128
795,0.022153657
796,0.042926118
797,0.13306077
798,0.2633669
799,0.07065954
800,0.012411904
801,0.017423587
802,0.03709229
803,0.013233759
804,0.028507918
805,0.018199358
806,0.024430031
807,0.018199358
808,0.015134357
809,0.02112109
810,0.036373314
811,0.03941053
812,0.062450606
813,0.05166561
814,0.1284574
815,0.014683732
816,0.022421107
817,0.10783929
818,0.106008865
819,0.022421107
820,0.018199358
821,0.01298403
822,0.016396387
823,0.038593937
824,0.015302642
825,0.026073202
826,0.015134357
827,0.015665697
828,0.022421107
829,0.022421107
830,0.08011987
831,0.03252098
832,0.013377338
833,0.01298403
834,0.021213774
835,0.012116414
836,0.02224199
837,0.05328881
838,0.03719885
839,0.03890491
840,0.014367867
841,0.026200902
842,0.023330137
843,0.105241336
844,0.017463146
845,0.01603792
846,0.025981179
847,0.10389731
848,0.059586972
849,0.055195346
850,0.059159048
851,0.012049204
852,0.07850565
853,0.019213147
854,0.015665697
855,0.040266477
856,0.026114024
857,0.11149037
858,0.018876996
859,0.047487453
860,0.036833078
861,0.029338866
862,0.012049204
863,0.012570958
864,0.018199358
865,0.01586558
866,0.02427277
867,0.015665697
868,0.015302642
869,0.06932691
870,0.024430031
871,0.10129453
872,0.021532403
873,0.019652568
874,0.014730935
875,0.018608142
876,0.027991075
877,0.05744116
878,0.028056415
879,0.017264586
880,0.020856602
881,0.013847776
882,0.011890202
883,0.042204645
884,0.121441945
885,0.020955833
886,0.099311106
887,0.030749133
888,0.045645118
889,0.030417744
890,0.017464316
891,0.021578599
892,0.040564694
893,0.028692935
894,0.022061327
895,0.021003671
896,0.014537267
897,0.059821192
898,0.04212389
899,0.028490752
900,0.045645118
901,0.06664464
902,0.26135793
903,0.026605736
904,0.032705843
905,0.045586072
906,0.028600251
907,0.44426492
908,0.029101722
909,0.06377933
910,0.04809498
911,0.021003671
912,0.030749133
913,0.2546177
914,0.045950286
915,0.4859456
916,0.045645118
917,0.021003671
918,0.06302923
919,0.030462593
920,0.03059491
921,0.03372372
922,0.022284312
923,0.01936649
924,0.034624673
925,0.0391227
926,0.07325996
927,0.45172703
928,0.032024384
929,0.030141419
930,0.021003671
931,0.061756097
932,0.050751295
933,0.033237576
934,0.049060106
935,0.029024323
936,0.040564694
937,0.053297814
938,0.4558574
939,0.03359501
940,0.035953775
941,0.2589804
942,0.033568963
943,0.4503123
944,0.026912192
945,0.049060106
946,0.06339987
947,0.03333378
948,0.03300239
949,0.03162107
950,0.027622253
951,0.03333378
952,0.07661231
953,0.031331122
954,0.021003671
955,0.027130991
956,0.25529116
957,0.022503814
958,0.029024323
959,0.032469206
960,0.030366456
961,0.030495897
962,0.030573353
963,0.032469206
964,0.058864553
965,0.029024323
966,0.033059932
967,0.032469206
968,0.064493604
969,0.068825856
970,0.027622253
971,0.011452342
972,0.029101722
973,0.03485982
974,0.26244754
975,0.038146015
976,0.029854387
977,0.06151553
978,0.26526657
979,0.04085266
980,0.03372372
981,0.021003671
982,0.029024323
983,0.021003671
984,0.03059491
985,0.014922234
986,0.053365707
987,0.2599315
988,0.26664934
989,0.057562757
990,0.033392332
991,0.029101722
992,0.02893164
993,0.039760984
994,0.031319633
995,0.062318202
996,0.015246958
997,0.03303723
998,0.028218389
999,0.021003671
1000,0.04085266
1001,0.43805426
1002,0.014922234
1003,0.032509647
1004,0.03339132
1005,0.045645118
1006,0.045645118
1007,0.039414756
1008,0.029101722
1009,0.061871994
1010,0.06902368
1011,0.051630657
1012,0.046245594
1013,0.029024323
1014,0.01236051
1015,0.03165102
1016,0.032469206
1017,0.030805241
1018,0.026912192
1019,0.03372372
1020,0.048700485
1021,0.25836933
1022,0.045645118
1023,0.051630657
1024,0.033392332
1025,0.03165102
1026,0.028692935
1027,0.03333378
1028,0.03372372
1029,0.033237576
1030,0.051630657
1031,0.06268562
1032,0.08015279
1033,0.03333378
1034,0.047153585
1035,0.05045865
1036,0.051630657
1037,0.039414756
1038,0.03059491
1039,0.051630657
1040,0.028692935
1041,0.027124116
1042,0.039414756
1043,0.030926298
1044,0.030366456
1045,0.028972488
1046,0.045950286
1047,0.044593476
1048,0.25610644
1049,0.25696084
1050,0.25913385
1051,0.03372372
1052,0.033568963
1053,0.030417744
1054,0.03339132
1055,0.030926298
1056,0.04269165
1057,0.040564694
1058,0.47852963
1059,0.060626872
1060,0.021003671
1061,0.059181686
1062,0.039414756
1063,0.033623055
1064,0.039414756
1065,0.028692935
1066,0.028972488
1067,0.04212389
1068,0.021003671
1069,0.029024323
1070,0.028600251
1071,0.033568963
1072,0.05032936
1073,0.030366456
1074,0.051630657
1075,0.04085266
1076,0.058277305
1077,0.06906464
1078,0.4055327
1079,0.050393786
1080,0.03333378
1081,0.048700485
1082,0.02943311
1083,0.030417744
1084,0.018920327
1085,0.04100568
1086,0.04100568
1087,0.059620332
1088,0.050145354
1089,0.051630657
1090,0.051630657
1091,0.04776734
1092,0.0320345
1093,0.03165102
1094,0.030573353
1095,0.05270838
1096,0.019151771
1097,0.032705843
1098,0.03165102
1099,0.030749133
1100,0.03059491
1101,0.02893164
1102,0.030697845
1103,0.033568963
1104,0.045645118
1105,0.05032936
1106,0.05750682
1107,0.057562757
1108,0.067722864
1109,0.05532271
1110,0.061067436
1111,0.030749133
1112,0.050231572
1113,0.013866714
1114,0.03372372
1115,0.027071193
1116,0.032899946
1117,0.05687822
1118,0.030805241
1119,0.033569768
1120,0.044593476
1121,0.031952456
1122,0.033237576
1123,0.03333378
1124,0.04212389
1125,0.03323838
1126,0.054112177
1127,0.029024323
1128,0.027455505
1129,0.033237576
1130,0.0125195645
1131,0.040564694
1132,0.030529536
1133,0.043910384
1134,0.059117954
1135,0.40419933
1136,0.060617168
1137,0.062338874
1138,0.051630657
1139,0.051630657
1140,0.051630657
1141,0.053538334
1142,0.04470717
1143,0.015201243
1144,0.03372372
1145,0.26067254
1146,0.045950286
1147,0.048700485
1148,0.040564694
1149,0.049060106
1150,0.029024323
1151,0.033254124
1152,0.030749133
1153,0.031319633
1154,0.04212389
1155,0.050393786
1156,0.04212389
1157,0.03300239
1158,0.062568
1159,0.51724404
1160,0.054600783
1161,0.035317287
1162,0.25443766
1163,0.047624707
1164,0.25543126
1165,0.26000196
1166,0.050648335
1167,0.0449088
1168,0.021003671
1169,0.04470717
1170,0.25874123
1171,0.051630657
1172,0.26052025
1173,0.055047374
1174,0.033392332
1175,0.026091358
1176,0.014922234
1177,0.030749133
1178,0.029024323
1179,0.04100568
1180,0.033623055
1181,0.03213782
1182,0.06579076
1183,0.068206966
1184,0.06258797
1185,0.051630657
1186,0.033392332
1187,0.051630657
1188,0.24858168
1189,0.2512933
1190,0.039414756
1191,0.017960263
1192,0.051630657
1193,0.030573353
1194,0.05204742
1195,0.4363611
1196,0.030417744
1197,0.04031688
1198,0.26692495
1199,0.24976936
1200,0.0286411
1201,0.014922234
1202,0.030495897
1203,0.04470717
1204,0.07115627
1205,0.06380064
1206,0.058864553
1207,0.056730334
1208,0.25801057
1209,0.26333797
1210,0.06357841
1211,0.275226
1212,0.44233668
1213,0.054112177
1214,0.032705843
1215,0.031319633
1216,0.04100568
1217,0.04470717
1218,0.072232634
1219,0.5721232
1220,0.029611874
1221,0.05559672
1222,0.4528806
1223,0.026912192
1224,0.03372372
1225,0.2682581
1226,0.021003671
1227,0.028692935
1228,0.03165102
1229,0.049441583
1230,0.033623055
1231,0.031319633
1232,0.0125611285
1233,0.06498834
1234,0.051630657
1235,0.05154444
1236,0.06559429
1237,0.07041175
1238,0.24302515
1239,0.5041729
1240,0.25674352
1241,0.033568963
1242,0.27022615
1243,0.25878868
1244,0.07715777
1245,0.55826527
1246,0.41101193
1247,0.26676157
1248,0.021003671
1249,0.03333378
1250,0.05888046
1251,0.05032936
1252,0.030417744
1253,0.024522351
1254,0.02943311
1255,0.030926298
1256,0.0286411
1257,0.026912192
1258,0.05204742
1259,0.059181686
1260,0.051630657
1261,0.05204742
1262,0.05154444
1263,0.06715829
1264,0.055047374
1265,0.029101722
1266,0.060617168
1267,0.25666767
1268,0.03339132
1269,0.051630657
1270,0.57929045
1271,0.5991298
1272,0.5370659
1273,0.027622253
1274,0.031952456
1275,0.029024323
1276,0.031952456
1277,0.2578499
1278,0.049441583
1279,0.026912192
1280,0.043910384
1281,0.01710368
1282,0.045645118
1283,0.03303723
1284,0.039414756
1285,0.030164508
1286,0.2574757
1287,0.03113663
1288,0.04085266
1289,0.058864553
1290,0.060737092
1291,0.045645118
1292,0.045586072
1293,0.050393786
1294,0.058864553
1295,0.03333378
1296,0.058981594
1297,0.049060106
1298,0.06417457
1299,0.5131128
1300,0.57308733
1301,0.47575969
1302,0.021341529
1303,0.06664464
1304,0.029024323
1305,0.25865346
1306,0.044593476
1307,0.07916423
1308,0.04776734
1309,0.03323838
1310,0.030462593
1311,0.040564694
1312,0.06218488
1313,0.2558578
1314,0.044593476
1315,0.47851482
1316,0.24580309
1317,0.062704
1318,0.06359365
1319,0.053538334
1320,0.04212389
1321,0.06214762
1322,0.033568963
1323,0.040564694
1324,0.02943311
1325,0.052690234
1326,0.05050433
1327,0.029611874
1328,0.051630657
1329,0.030198148
1330,0.5202033
1331,0.7564828
1332,0.6716568
1333,0.030164508
1334,0.25857955
1335,0.26770434
1336,0.028692935
1337,0.030926298
1338,0.030926298
1339,0.043621257
1340,0.05559672
1341,0.045645118
1342,0.44112632
1343,0.48063496
1344,0.051630657
1345,0.055047374
1346,0.06864904
1347,0.06605361
1348,0.039414756
1349,0.4426261
1350,0.05559672
1351,0.029024323
1352,0.030749133
1353,0.053538334
1354,0.046426293
1355,0.032509647
1356,0.51196927
1357,0.48007476
1358,0.06287238
1359,0.039414756
1360,0.032899946
1361,0.06713571
1362,0.020749308
1363,0.05154444
1364,0.073913954
1365,0.030749133
1366,0.031319633
1367,0.032705843
1368,0.030462593
1369,0.02943311
1370,0.04100568
1371,0.040564694
1372,0.4337249
1373,0.6831967
1374,0.51406795
1375,0.27300483
1376,0.049183067
1377,0.06850864
1378,0.25429377
1379,0.41002983
1380,0.06387901
1381,0.030241964
1382,0.030697845
1383,0.03113663
1384,0.06570405
1385,0.2677483
1386,0.02943311
1387,0.27075914
1388,0.2570037
1389,0.26705375
1390,0.6157496
1391,0.055482168
1392,0.030462593
1393,0.065177
1394,0.06480241
1395,0.03333378
1396,0.051188584
1397,0.5365859
1398,0.051630657
1399,0.03323838
1400,0.04212389
1401,0.0449088
1402,0.06911947
1403,0.4389683
1404,0.25801057
1405,0.47143552
1406,0.5006409
1407,0.065165006
1408,0.2571837
1409,0.2536081
1410,0.030462593
1411,0.06389241
1412,0.05751555
1413,0.045950286
1414,0.2636464
1415,0.25910398
1416,0.033392332
1417,0.45265806
1418,0.2687265
1419,0.038731948
1420,0.051630657
1421,0.058225986
1422,0.050393786
1423,0.04212389
1424,0.027887
1425,0.030366456
1426,0.029024323
1427,0.033569768
1428,0.04470717
1429,0.053538334
1430,0.059181686
1431,0.06321286
1432,0.416108
1433,0.5956457
1434,0.5259104
1435,0.5358845
1436,0.564597
1437,0.057562757
1438,0.030573353
1439,0.030697845
1440,0.032899946
1441,0.059944812
1442,0.06855698
1443,0.049441583
1444,0.02943311
1445,0.045950286
1446,0.07048149
1447,0.030198148
1448,0.03372372
1449,0.064048395
1450,0.029024323
1451,0.033392332
1452,0.033568963
1453,0.020035537
1454,0.02815114
1455,0.033392332
1456,0.051630657
1457,0.039414756
1458,0.051630657
1459,0.25708857
1460,0.26497018
1461,0.49120098
1462,0.7125381
1463,0.4958021
1464,0.52996796
1465,0.045950286
1466,0.033291668
1467,0.030241964
1468,0.044593476
1469,0.05204742
1470,0.03213782
1471,0.040564694
1472,0.43966278
1473,0.044593476
1474,0.02943311
1475,0.051630657
1476,0.033623055
1477,0.04919948
1478,0.051630657
1479,0.049060106
1480,0.028724005
1481,0.045645118
1482,0.030697845
1483,0.051630657
1484,0.057040434
1485,0.4755664
1486,0.5046219
1487,0.25499263
1488,0.57704055
1489,0.4339116
1490,0.5210194
1491,0.057562757
1492,0.03372372
1493,0.026912192
1494,0.03217826
1495,0.040564694
1496,0.030749133
1497,0.030417744
1498,0.049441583
1499,0.43529305
1500,0.058864553
1501,0.4971983
1502,0.048700485
1503,0.049576107
1504,0.06419402
1505,0.06006159
1506,0.06735264
1507,0.032469206
1508,0.039414756
1509,0.25232553
1510,0.5805095
1511,0.5232085
1512,0.51396847
1513,0.064393066
1514,0.4137767
1515,0.06582355
1516,0.051630657
1517,0.032493323
1518,0.047153585
1519,0.040564694
1520,0.049729045
1521,0.2630781
1522,0.043985844
1523,0.26427996
1524,0.033568963
1525,0.043621257
1526,0.0642923
1527,0.033237576
1528,0.02943311
1529,0.058277305
1530,0.08173769
1531,0.033059932
1532,0.25898117
1533,0.07033344
1534,0.051630657
1535,0.045645118
1536,0.030749133
1537,0.05204742
1538,0.058428433
1539,0.045950286
1540,0.052184187
1541,0.25910908
1542,0.027622253
1543,0.03333378
1544,0.06435225
1545,0.029024323
1546,0.022061327
1547,0.057967205
1548,0.036624618
1549,0.030573353
1550,0.06036868
1551,0.040564694
1552,0.049441583
1553,0.027071193
1554,0.05627868
1555,0.07373601
1556,0.4876169
1557,0.26623243
1558,0.029024323
1559,0.030495897
1560,0.05751555
1561,0.03059491
1562,0.044593476
1563,0.06362226
1564,0.029024323
1565,0.03372372
1566,0.033254124
1567,0.021459427
1568,0.030212674
1569,0.048700485
1570,0.05559672
1571,0.26412925
1572,0.028692935
1573,0.027388295
1574,0.055047374
1575,0.04085266
1576,0.048700485
1577,0.24498987
1578,0.030573353
1579,0.021003671
1580,0.027887
1581,0.05997798
1582,0.030697845
1583,0.03165102
1584,0.048700485
1585,0.06369
1586,0.033392332
1587,0.0187461
1588,0.021003671
1589,0.07411476
1590,0.011611344
1591,0.027071193
1592,0.03113663
1593,0.06478469
1594,0.049060106
1595,0.04212389
1596,0.029024323
1597,0.033392332
1598,0.051630657
1599,0.26741362
1600,0.03333378
1601,0.030573353
1602,0.029024323
1603,0.047624707
1604,0.04212389
1605,0.07527475
1606,0.05559672
1607,0.06601553
1608,0.047153585
1609,0.03300239
1610,0.019627279
1611,0.030749133
1612,0.031319633
1613,0.266525
1614,0.029024323
1615,0.030529536
1616,0.05468221
1617,0.030926298
1618,0.061847966
1619,0.040564694
1620,0.016826728
1621,0.030573353
1622,0.26797268
1623,0.44315985
1624,0.06683763
1625,0.03162107
1626,0.045950286
1627,0.029611874
1628,0.024007542
1629,0.05751555
1630,0.0449088
1631,0.041005805
1632,0.52340764
1633,0.048700485
1634,0.03217826
1635,0.054719623
1636,0.051630657
1637,0.033569768
1638,0.055068094
1639,0.5119077
1640,0.0498275
1641,0.067526825
1642,0.03372372
1643,0.021003671
1644,0.027290864
1645,0.030749133
1646,0.057562757
1647,0.030164508
1648,0.03059491
1649,0.033392332
1650,0.03059491
1651,0.021003671
1652,0.03300239
1653,0.01791918
1654,0.027056906
1655,0.053143986
1656,0.030241964
1657,0.026912192
1658,0.039414756
1659,0.045586072
1660,0.052358497
1661,0.03333378
1662,0.03333378
1663,0.46320713
1664,0.045950286
1665,0.05004442
1666,0.030573353
1667,0.030164508
1668,0.043621257
1669,0.014785063
1670,0.016010502
1671,0.25838506
1672,0.033291668
1673,0.030495897
1674,0.033291668
1675,0.05659444
1676,0.030164508
1677,0.019055987
1678,0.25555146
1679,0.045645118
1680,0.02943311
1681,0.048700485
1682,0.50688875
1683,0.03372372
1684,0.021003671
1685,0.030417744
1686,0.01741749
1687,0.04100568
1688,0.011611396
1689,0.043910384
1690,0.070094116
1691,0.045950286
1692,0.029024323
1693,0.03394595
1694,0.028692935
1695,0.051630657
1696,0.26592296
1697,0.047153585
1698,0.04470717
1699,0.040564694
1700,0.03059491
1701,0.03300239
1702,0.017960263
1703,0.060617168
1704,0.25975063
1705,0.048700485
1706,0.027056906
1707,0.030749133
1708,0.033392332
1709,0.027071193
1710,0.03059491
1711,0.030749133
1712,0.030926298
1713,0.030131204
1714,0.030573353
1715,0.031952456
1716,0.040564694
1717,0.03372372
1718,0.06841988
1719,0.029024323
1720,0.021003671
1721,0.058030646
1722,0.01949651
1723,0.06424569
1724,0.01236051
1725,0.030749133
1726,0.026912192
1727,0.03333378
1728,0.029024323
1729,0.03113663
1730,0.02943311
1731,0.021003671
1732,0.021003671
1733,0.048700485
1734,0.030573353
1735,0.027622253
1736,0.068380855
1737,0.02893164
1738,0.027622253
1739,0.026912192
1740,0.030462593
1741,0.03372372
1742,0.033291668
1743,0.033291668
1744,0.029024323
1745,0.014838176
1746,0.030573353
1747,0.026912192
1748,0.030495897
1749,0.014922234
1750,0.055047374
1751,0.02893164
1752,0.026912192
1753,0.030573353
1754,0.05221484
1755,0.04776734
1756,0.032899946
1757,0.039414756
1758,0.026912192
1759,0.048706573
1760,0.029024323
1761,0.029101722
1762,0.03372372
1763,0.015201243
1764,0.030926298
1765,0.059932966
1766,0.02430168
1767,0.028972488
1768,0.033254124
1769,0.03333378
1770,0.03213782
1771,0.012190589
1772,0.02893164
1773,0.030749133
1774,0.013370971
1775,0.028330589
1776,0.031319633
1777,0.02943311
1778,0.014025768
1779,0.029024323
1780,0.0449088
1781,0.030926298
1782,0.021003671
1783,0.06998631
1784,0.029101722
1785,0.029024323
1786,0.018962635
1787,0.011611396
1788,0.031319633
1789,0.0449088
1790,0.03165102
1791,0.030366456
1792,0.030749133
1793,0.011452342
1794,0.026912192
1795,0.05432874
1796,0.030926298
1797,0.060617168
1798,0.021003671
1799,0.029101722
1800,0.051630657
1801,0.012769292
1802,0.021003671
1803,0.021003671
1804,0.021003671
1805,0.029398674
1806,0.025861785
1807,0.021003671
1808,0.030926298
1809,0.021003671
1810,0.026912192
1811,0.021960327
1812,0.06527326
1813,0.033014446
1814,0.021003671
1815,0.021003671
1816,0.24429332
1817,0.24397843
1818,0.021003671
1819,0.021003671
1820,0.03286924
1821,0.021003671
1822,0.022850174
1823,0.021003671
1824,0.019417772
1825,0.026912192
1826,0.033412073
1827,0.021003671
1828,0.5544271
1829,0.021003671
1830,0.021003671
1831,0.021769073
1832,0.021003671
1833,0.011611396
1834,0.012928348
1835,0.021003671
1836,0.021003671
1837,0.030926298
1838,0.029101722
1839,0.030749133
1840,0.021003671
1841,0.036043286
1842,0.25497577
1843,0.43939936
1844,0.020507054
1845,0.02714383
1846,0.0230484
1847,0.030749133
1848,0.027622253
1849,0.021003671
1850,0.021003671
1851,0.021990972
1852,0.49975508
1853,0.024025349
1854,0.02146846
1855,0.421179
1856,0.021003671
1857,0.5104452
1858,0.021003671
1859,0.021003671
1860,0.028124802
1861,0.021003671
1862,0.021003671
1863,0.021003671
1864,0.021003671
1865,0.021003671
1866,0.021003671
1867,0.028771047
1868,0.021198168
1869,0.029670319
1870,0.24551234
1871,0.03059491
1872,0.021003671
1873,0.021003671
1874,0.021003671
1875,0.021003671
1876,0.021003671
1877,0.021003671
1878,0.021003671
1879,0.04009353
1880,0.014950338
1881,0.036089864
1882,0.021003671
1883,0.033237576
1884,0.021003671
1885,0.024614947
1886,0.024873395
1887,0.021003671
1888,0.021003671
1889,0.4917274
1890,0.012031534
1891,0.021003671
1892,0.021003671
1893,0.021003671
1894,0.021003671
1895,0.021003671
1896,0.0151540395
1897,0.077781275
1898,0.022846408
1899,0.021709327
1900,0.25541115
1901,0.03333378
1902,0.021003671
1903,0.021003671
1904,0.021003671
1905,0.021003671
1906,0.022704707
1907,0.028692935
1908,0.021003671
1909,0.029024323
1910,0.021003671
1911,0.021003671
1912,0.4922706
1913,0.021003671
1914,0.021003671
1915,0.021003671
1916,0.021003671
1917,0.021003671
1918,0.021003671
1919,0.024858613
1920,0.032110475
1921,0.021003671
1922,0.022985818
1923,0.021003671
1924,0.021003671
1925,0.021003671
1926,0.021003671
1927,0.021003671
1928,0.021003671
1929,0.021003671
1930,0.24429332
1931,0.021003671
1932,0.021003671
1933,0.021003671
1934,0.021003671
1935,0.031117331
1936,0.021003671
1937,0.021003671
1938,0.021003671
1939,0.021003671
1940,0.023345733
1941,0.52947325
1942,0.021003671
1943,0.021003671
1944,0.04212389
1945,0.021003671
1946,0.021003671
1947,0.021003671
1948,0.021003671
1949,0.021003671
1950,0.021003671
1951,0.021003671
1952,0.021003671
1953,0.021003671
1954,0.021003671
1955,0.021003671
1956,0.021003671
1957,0.24706165
1958,0.021003671
1959,0.02448559
1960,0.021003671
1961,0.021003671
1962,0.021003671
1963,0.021003671
1964,0.021003671
1965,0.021571428
1966,0.021003671
1967,0.44330242
1968,0.24707295
1969,0.030926298
1970,0.021003671
1971,0.021003671
1972,0.021003671
1973,0.021003671
1974,0.021003671
1975,0.021003671
1976,0.021003671
1977,0.021003671
1978,0.021003671
1979,0.021003671
1980,0.021003671
1981,0.021003671
1982,0.021003671
1983,0.021003671
1984,0.021003671
1985,0.25298914
1986,0.24526066
1987,0.021003671
1988,0.021003671
1989,0.021003671
1990,0.021003671
1991,0.017464316
1992,0.028692935
1993,0.021003671
1994,0.021003671
1995,0.02358531
1996,0.021003671
1997,0.021003671
1998,0.021003671
1999,0.021003671
2000,0.032469206
2001,0.021003671
2002,0.021003671
2003,0.022081396
2004,0.029101722
2005,0.021003671
2006,0.021003671
2007,0.021003671
2008,0.021003671
2009,0.021003671
2010,0.021003671
2011,0.021003671
2012,0.021470051
2013,0.021003671
2014,0.26110137
2015,0.019740254
2016,0.023294501
2017,0.021003671
2018,0.021003671
2019,0.026912192
2020,0.021003671
2021,0.021003671
2022,0.021003671
2023,0.021003671
2024,0.021003671
2025,0.021003671
2026,0.021003671
2027,0.021003671
2028,0.021003671
2029,0.021003671
2030,0.021003671
2031,0.021003671
2032,0.021003671
2033,0.021003671
2034,0.021003671
2035,0.028218389
2036,0.021003671
2037,0.021003671
2038,0.021003671
2039,0.021781681
2040,0.41277337
2041,0.021003671
2042,0.021274466
2043,0.021003671
2044,0.021003671
2045,0.021003671
2046,0.021003671
2047,0.021003671
2048,0.014318085
2049,0.021003671
2050,0.51141024
2051,0.021003671
2052,0.021003671
2053,0.021003671
2054,0.021003671
2055,0.021003671
2056,0.021003671
2057,0.021003671
2058,0.021003671
2059,0.021003671
2060,0.021003671
2061,0.021003671
2062,0.022954496
2063,0.5222724
2064,0.031117331
2065,0.021003671
2066,0.021003671
2067,0.021003671
2068,0.24369599
2069,0.24976504
2070,0.021003671
2071,0.021003671
2072,0.021003671
2073,0.021003671
2074,0.03352359
2075,0.021003671
2076,0.27279085
2077,0.021003671
2078,0.021003671
2079,0.03217826
2080,0.021003671
2081,0.021003671
2082,0.021003671
2083,0.021003671
2084,0.021003671
2085,0.026734717
2086,0.02813386
2087,0.021003671
2088,0.021003671
2089,0.021003671
2090,0.021003671
2091,0.029114606
2092,0.23955852
2093,0.021003671
2094,0.02943311
2095,0.021003671
2096,0.021003671
2097,0.021003671
2098,0.50059795
2099,0.021003671
2100,0.01978891
2101,0.24923842
2102,0.23657544
2103,0.021003671
2104,0.011452342
2105,0.029024323
2106,0.021003671
2107,0.021003671
2108,0.030685041
2109,0.026299804
2110,0.021003671
2111,0.021003671
2112,0.24637036
2113,0.026499012
2114,0.024012081
2115,0.03976681
2116,0.2446543
2117,0.021003671
2118,0.021003671
2119,0.021003671
2120,0.021003671
2121,0.025388908
2122,0.4653001
2123,0.014825064
2124,0.021003671
2125,0.021003671
2126,0.42344475
2127,0.021003671
2128,0.26660126
2129,0.021003671
2130,0.021003671
2131,0.021003671
2132,0.021003671
2133,0.021003671
2134,0.022112997
2135,0.021003671
2136,0.021003671
2137,0.23644905
2138,0.025821121
2139,0.02755558
2140,0.3994796
2141,0.021275863
2142,0.021003671
2143,0.2693985
2144,0.021003671
2145,0.028954303
2146,0.48936513
2147,0.49385285
2148,0.2554324
2149,0.021003671
2150,0.021003671
2151,0.026675314
2152,0.027388295
2153,0.021003671
2154,0.021003671
2155,0.030529536
2156,0.021003671
2157,0.021003671
2158,0.026912192
2159,0.021003671
2160,0.021003671
2161,0.021003671
2162,0.021003671
2163,0.021003671
2164,0.021003671
2165,0.021003671
2166,0.2472575
2167,0.24462236
2168,0.021003671
2169,0.021003671
2170,0.2556152
2171,0.021003671
2172,0.021003671
2173,0.46685642
2174,0.49426833
2175,0.5296879
2176,0.021003671
2177,0.021003671
2178,0.021003671
2179,0.021003671
2180,0.24538115
2181,0.021003671
2182,0.021003671
2183,0.029024323
2184,0.021003671
2185,0.021003671
2186,0.021003671
2187,0.021003671
2188,0.24650374
2189,0.021003671
2190,0.021003671
2191,0.021003671
2192,0.021003671
2193,0.025861785
2194,0.021003671
2195,0.021003671
2196,0.021003671
2197,0.021003671
2198,0.022422506
2199,0.021003671
2200,0.021003671
2201,0.51423204
2202,0.5918653
2203,0.42579827
2204,0.028692935
2205,0.021003671
2206,0.021003671
2207,0.012098832
2208,0.021534184
2209,0.021003671
2210,0.03974372
2211,0.021003671
2212,0.021003671
2213,0.021003671
2214,0.021003671
2215,0.022063196
2216,0.25251448
2217,0.021003671
2218,0.49066097
2219,0.22446522
2220,0.23847419
2221,0.022319872
2222,0.021003671
2223,0.021003671
2224,0.021003671
2225,0.021003671
2226,0.021003671
2227,0.021003671
2228,0.023292786
2229,0.022963643
2230,0.021003671
2231,0.021003671
2232,0.021003671
2233,0.4872369
2234,0.8394052
2235,0.5539351
2236,0.027388295
2237,0.021003671
2238,0.24627583
2239,0.029366152
2240,0.021003671
2241,0.030697845
2242,0.021003671
2243,0.021003671
2244,0.021003671
2245,0.021003671
2246,0.021003671
2247,0.4539329
2248,0.5121811
2249,0.021003671
2250,0.021003671
2251,0.025426574
2252,0.021003671
2253,0.021003671
2254,0.50775355
2255,0.021003671
2256,0.021003671
2257,0.021003671
2258,0.021003671
2259,0.021784846
2260,0.021003671
2261,0.03213782
2262,0.26878145
2263,0.49257016
2264,0.25787568
2265,0.021003671
2266,0.021003671
2267,0.021003671
2268,0.030573353
2269,0.021003671
2270,0.024751872
2271,0.021003671
2272,0.021003671
2273,0.021003671
2274,0.021003671
2275,0.021003671
2276,0.021003671
2277,0.021003671
2278,0.24957834
2279,0.6669633
2280,0.25196248
2281,0.2513221
2282,0.02112663
2283,0.23480363
2284,0.022777881
2285,0.48698282
2286,0.021003671
2287,0.021003671
2288,0.021003671
2289,0.021003671
2290,0.033267893
2291,0.029885594
2292,0.021003671
2293,0.056560207
2294,0.5568932
2295,0.25663993
2296,0.59970593
2297,0.02402304
2298,0.021003671
2299,0.026662719
2300,0.023994453
2301,0.021003671
2302,0.49840975
2303,0.021003671
2304,0.021003671
2305,0.021003671
2306,0.021003671
2307,0.023653854
2308,0.51231396
2309,0.4073107
2310,0.4969696
2311,0.43863225
2312,0.025789369
2313,0.021909516
2314,0.24231215
2315,0.021003671
2316,0.03181263
2317,0.021003671
2318,0.021003671
2319,0.2509462
2320,0.24805182
2321,0.021003671
2322,0.04292664
2323,0.26315197
2324,0.021003671
2325,0.021839488
2326,0.021003671
2327,0.021003671
2328,0.021003671
2329,0.021003671
2330,0.021003671
2331,0.021003671
2332,0.021003671
2333,0.021003671
2334,0.021003671
2335,0.025034836
2336,0.43487903
2337,0.6708244
2338,0.5032118
2339,0.25548396
2340,0.43269956
2341,0.021003671
2342,0.021003671
2343,0.021003671
2344,0.033367433
2345,0.026162144
2346,0.021003671
2347,0.021003671
2348,0.012031534
2349,0.021003671
2350,0.028049204
2351,0.021003671
2352,0.02279409
2353,0.021003671
2354,0.021003671
2355,0.021003671
2356,0.029101722
2357,0.021003671
2358,0.021003671
2359,0.021003671
2360,0.021003671
2361,0.021003671
2362,0.24295403
2363,0.24842952
2364,0.4394025
2365,0.6424605
2366,0.5716029
2367,0.41005036
2368,0.021003671
2369,0.021003671
2370,0.021003671
2371,0.021003671
2372,0.021003671
2373,0.021003671
2374,0.014537267
2375,0.021003671
2376,0.44329762
2377,0.021003671
2378,0.021003671
2379,0.021003671
2380,0.021003671
2381,0.022100447
2382,0.021003671
2383,0.021003671
2384,0.021003671
2385,0.02781975
2386,0.029024323
2387,0.021003671
2388,0.021003671
2389,0.021003671
2390,0.51616174
2391,0.48620912
2392,0.02413355
2393,0.53864545
2394,0.44910878
2395,0.43001163
2396,0.021003671
2397,0.021003671
2398,0.021003671
2399,0.021003671
2400,0.021003671
2401,0.021003671
2402,0.49831045
2403,0.021003671
2404,0.24891777
2405,0.021003671
2406,0.021299886
2407,0.0224331
2408,0.023116473
2409,0.024053006
2410,0.021003671
2411,0.030926298
2412,0.021003671
2413,0.021003671
2414,0.49373937
2415,0.45227844
2416,0.43053988
2417,0.2505024
2418,0.5536179
2419,0.030987637
2420,0.021003671
2421,0.029024323
2422,0.014537267
2423,0.032509647
2424,0.0151540395
2425,0.021003671
2426,0.021003671
2427,0.021640224
2428,0.02284688
2429,0.021003671
2430,0.2433956
2431,0.021003671
2432,0.021003671
2433,0.24518421
2434,0.021003671
2435,0.014089013
2436,0.021003671
2437,0.021003671
2438,0.038101386
2439,0.021003671
2440,0.2504001
2441,0.025592972
2442,0.021003671
2443,0.021003671
2444,0.021003671
2445,0.021003671
2446,0.021003671
2447,0.021996945
2448,0.021003671
2449,0.021003671
2450,0.021003671
2451,0.037773676
2452,0.022154773
2453,0.021003671
2454,0.03113663
2455,0.021003671
2456,0.012031534
2457,0.021003671
2458,0.021003671
2459,0.023339586
2460,0.021003671
2461,0.021003671
2462,0.021003671
2463,0.021003671
2464,0.03469419
2465,0.37831926
2466,0.42342016
2467,0.021003671
2468,0.021003671
2469,0.021003671
2470,0.021003671
2471,0.029606672
2472,0.021003671
2473,0.021003671
2474,0.021003671
2475,0.030749133
2476,0.027455505
2477,0.020957615
2478,0.031952456
2479,0.021003671
2480,0.021003671
2481,0.4089286
2482,0.021003671
2483,0.021003671
2484,0.021003671
2485,0.021003671
2486,0.23144154
2487,0.021003671
2488,0.021003671
2489,0.026196044
2490,0.021003671
2491,0.021003671
2492,0.24977718
2493,0.021003671
2494,0.029024323
2495,0.03333378
2496,0.027124116
2497,0.24865581
2498,0.023068745
2499,0.021003671
2500,0.021003671
2501,0.02311014
2502,0.021003671
2503,0.021003671
2504,0.021003671
2505,0.021003671
2506,0.021003671
2507,0.028070545
2508,0.021003671
2509,0.021003671
2510,0.021003671
2511,0.021003671
2512,0.021003671
2513,0.03722509
2514,0.021003671
2515,0.24604098
2516,0.021003671
2517,0.021003671
2518,0.021003671
2519,0.021003671
2520,0.030417744
2521,0.030057566
2522,0.021003671
2523,0.021003671
2524,0.02348316
2525,0.021003671
2526,0.021003671
2527,0.021003671
2528,0.021003671
2529,0.25949484
2530,0.4677254
2531,0.027499843
2532,0.021003671
2533,0.011452342
2534,0.021003671
2535,0.021003671
2536,0.030749133
2537,0.021003671
2538,0.021003671
2539,0.021643024
2540,0.5213048
2541,0.021003671
2542,0.021003671
2543,0.021003671
2544,0.021003671
2545,0.015356837
2546,0.021003671
2547,0.021091947
2548,0.4917609
2549,0.021003671
2550,0.0276151
2551,0.021003671
2552,0.021003671
2553,0.021003671
2554,0.021003671
2555,0.021003671
2556,0.021003671
2557,0.014537267
2558,0.021003671
2559,0.021003671
2560,0.021003671
2561,0.021003671
2562,0.0215139
2563,0.02781975
2564,0.021003671
2565,0.021003671
2566,0.021003671
2567,0.021003671
2568,0.021731509
2569,0.021003671
2570,0.021003671
2571,0.43045884
2572,0.021003671
2573,0.022783361
2574,0.025065534
2575,0.021003671
2576,0.021003671
2577,0.021003671
2578,0.029024323
2579,0.02815114
2580,0.030650293
2581,0.021003671
2582,0.021003671
2583,0.021003671
2584,0.024356645
2585,0.021003671
2586,0.030164508
2587,0.02189183
2588,0.021003671
2589,0.021003671
2590,0.021003671
2591,0.43980613
2592,0.021003671
2593,0.021003671
2594,0.021003671
2595,0.029024323
2596,0.021003671
2597,0.028218389
2598,0.021003671
2599,0.026168548
2600,0.021003671
2601,0.021003671
2602,0.021003671
2603,0.03104848
2604,0.021003671
2605,0.021003671
2606,0.021003671
2607,0.021003671
2608,0.02943311
2609,0.021003671
2610,0.2486495
2611,0.021003671
2612,0.021003671
2613,0.021003671
2614,0.021003671
2615,0.021003671
2616,0.021003671
2617,0.021003671
2618,0.021003671
2619,0.021003671
2620,0.021003671
2621,0.03333378
2622,0.021003671
2623,0.021003671
2624,0.021003671
2625,0.023228599
2626,0.016826728
2627,0.021003671
2628,0.022683637
2629,0.028692935
2630,0.030913277
2631,0.012928348
2632,0.027056906
2633,0.021003671
2634,0.021003671
2635,0.021003671
2636,0.021003671
2637,0.026870046
2638,0.014242978
2639,0.021003671
2640,0.021003671
2641,0.023162594
2642,0.021951007
2643,0.021003671
2644,0.021003671
2645,0.040564694
2646,0.021003671
2647,0.021003671
2648,0.021003671
2649,0.021003671
2650,0.021003671
2651,0.021003671
2652,0.021003671
2653,0.028692935
2654,0.021003671
2655,0.021003671
2656,0.021003671
2657,0.021003671
2658,0.021094237
2659,0.021003671
2660,0.021003671
2661,0.029008748
2662,0.021003671
2663,0.021003671
2664,0.021003671
2665,0.021003671
2666,0.021003671
2667,0.029101722
2668,0.021003671
2669,0.02455025
2670,0.030241964
2671,0.03569283
2672,0.021003671
2673,0.021003671
2674,0.021003671
2675,0.021003671
2676,0.011611344
2677,0.028600251
2678,0.021003671
2679,0.021003671
2680,0.020232538
2681,0.021003671
2682,0.021003671
2683,0.028972488
2684,0.021003671
2685,0.03775501
2686,0.021003671
2687,0.021003671
2688,0.021003671
2689,0.021003671
2690,0.021003671
2691,0.026912192
2692,0.033623055
2693,0.045645118
2694,0.021003671
2695,0.021003671
2696,0.021003671
2697,0.021003671
2698,0.032752562
2699,0.032752562
2700,0.032752562
2701,0.032752562
2702,0.032752562
2703,0.032752562
2704,0.032752562
2705,0.0540889
2706,0.035779696
2707,0.0251926
2708,0.032752562
2709,0.0533035
2710,0.5059212
2711,0.032752562
2712,0.032752562
2713,0.032752562
2714,0.032752562
2715,0.050321538
2716,0.032752562
2717,0.034599055
2718,0.032752562
2719,0.032752562
2720,0.027596265
2721,0.032752562
2722,0.032752562
2723,0.25801513
2724,0.032752562
2725,0.5445916
2726,0.032752562
2727,0.032752562
2728,0.25644192
2729,0.032752562
2730,0.035201278
2731,0.032752562
2732,0.032752562
2733,0.032752562
2734,0.032752562
2735,0.032752562
2736,0.032752562
2737,0.032752562
2738,0.45143074
2739,0.5371605
2740,0.031384613
2741,0.032752562
2742,0.038892716
2743,0.034797285
2744,0.032752562
2745,0.032752562
2746,0.032752562
2747,0.032752562
2748,0.023441844
2749,0.25504726
2750,0.035774235
2751,0.526011
2752,0.4277984
2753,0.032752562
2754,0.2580381
2755,0.013110924
2756,0.032752562
2757,0.032752562
2758,0.037366807
2759,0.032752562
2760,0.032752562
2761,0.032752562
2762,0.032752562
2763,0.015008575
2764,0.032752562
2765,0.04051992
2766,0.03519975
2767,0.032752562
2768,0.034639698
2769,0.50347775
2770,0.032752562
2771,0.032752562
2772,0.032752562
2773,0.032752562
2774,0.032752562
2775,0.032752562
2776,0.032752562
2777,0.05267496
2778,0.03717238
2779,0.26729432
2780,0.032752562
2781,0.013033974
2782,0.032752562
2783,0.5614778
2784,0.03662227
2785,0.032752562
2786,0.25465465
2787,0.26237148
2788,0.032752562
2789,0.032752562
2790,0.032752562
2791,0.027708294
2792,0.032752562
2793,0.032752562
2794,0.032752562
2795,0.032752562
2796,0.035370912
2797,0.051370207
2798,0.054212645
2799,0.034595292
2800,0.25376272
2801,0.2680209
2802,0.032752562
2803,0.032752562
2804,0.032752562
2805,0.032752562
2806,0.034453593
2807,0.032752562
2808,0.032752562
2809,0.032752562
2810,0.032752562
2811,0.5426171
2812,0.032752562
2813,0.032752562
2814,0.032752562
2815,0.032752562
2816,0.032752562
2817,0.032752562
2818,0.013193028
2819,0.037576668
2820,0.044842675
2821,0.032752562
2822,0.034734707
2823,0.032752562
2824,0.032752562
2825,0.032752562
2826,0.032752562
2827,0.032752562
2828,0.032752562
2829,0.032752562
2830,0.032752562
2831,0.032752562
2832,0.032752562
2833,0.032752562
2834,0.032752562
2835,0.032752562
2836,0.032752562
2837,0.013193028
2838,0.038223322
2839,0.24504049
2840,0.25728962
2841,0.032752562
2842,0.032752562
2843,0.032752562
2844,0.032752562
2845,0.032752562
2846,0.032752562
2847,0.032752562
2848,0.032752562
2849,0.032752562
2850,0.032752562
2851,0.032752562
2852,0.032752562
2853,0.032752562
2854,0.032752562
2855,0.032752562
2856,0.032752562
2857,0.24677701
2858,0.032752562
2859,0.25874057
2860,0.032752562
2861,0.032752562
2862,0.032752562
2863,0.032752562
2864,0.032752562
2865,0.032769285
2866,0.032752562
2867,0.45464694
2868,0.035008963
2869,0.032752562
2870,0.032752562
2871,0.032752562
2872,0.032752562
2873,0.032752562
2874,0.032752562
2875,0.032752562
2876,0.032752562
2877,0.032752562
2878,0.032752562
2879,0.032752562
2880,0.032752562
2881,0.032752562
2882,0.032752562
2883,0.032752562
2884,0.26696917
2885,0.52068377
2886,0.032752562
2887,0.032752562
2888,0.032752562
2889,0.032752562
2890,0.032752562
2891,0.035370912
2892,0.032752562
2893,0.032752562
2894,0.032752562
2895,0.035334203
2896,0.032752562
2897,0.032752562
2898,0.032752562
2899,0.032752562
2900,0.032752562
2901,0.032752562
2902,0.032752562
2903,0.03383028
2904,0.032752562
2905,0.032752562
2906,0.032752562
2907,0.032752562
2908,0.032752562
2909,0.032752562
2910,0.032752562
2911,0.032752562
2912,0.032752562
2913,0.033218943
2914,0.032752562
2915,0.27329066
2916,0.036150865
2917,0.03478129
2918,0.032752562
2919,0.032752562
2920,0.032752562
2921,0.032752562
2922,0.032752562
2923,0.032752562
2924,0.032752562
2925,0.032752562
2926,0.032752562
2927,0.032752562
2928,0.032752562
2929,0.032752562
2930,0.032752562
2931,0.032752562
2932,0.02170527
2933,0.032752562
2934,0.032752562
2935,0.032752562
2936,0.032752562
2937,0.032752562
2938,0.03421616
2939,0.50632715
2940,0.032752562
2941,0.25332785
2942,0.032752562
2943,0.032752562
2944,0.032752562
2945,0.032752562
2946,0.032752562
2947,0.035779696
2948,0.035293963
2949,0.032752562
2950,0.25258237
2951,0.032752562
2952,0.032752562
2953,0.032752562
2954,0.032752562
2955,0.032752562
2956,0.032752562
2957,0.032752562
2958,0.032752562
2959,0.032752562
2960,0.032752562
2961,0.032752562
2962,0.032752562
2963,0.034703385
2964,0.5428262
2965,0.032752562
2966,0.032752562
2967,0.03896727
2968,0.032752562
2969,0.25548723
2970,0.033750657
2971,0.032752562
2972,0.03513403
2973,0.032752562
2974,0.032752562
2975,0.26504725
2976,0.032752562
2977,0.2778645
2978,0.032752562
2979,0.032752562
2980,0.032752562
2981,0.035201278
2982,0.032752562
2983,0.032752562
2984,0.032752562
2985,0.032752562
2986,0.032752562
2987,0.03825916
2988,0.26832807
2989,0.032752562
2990,0.032752562
2991,0.032752562
2992,0.032752562
2993,0.03929159
2994,0.252886
2995,0.032752562
2996,0.032752562
2997,0.032752562
2998,0.032752562
2999,0.032752562
3000,0.541676
3001,0.032752562
3002,0.032423243
3003,0.5262575
3004,0.24551238
3005,0.022163024
3006,0.034344573
3007,0.032752562
3008,0.032752562
3009,0.032752562
3010,0.044492707
3011,0.26119483
3012,0.032752562
3013,0.032752562
3014,0.2568848
3015,0.26591906
3016,0.037020873
3017,0.04997065
3018,0.4862062
3019,0.032752562
3020,0.015720882
3021,0.032752562
3022,0.032752562
3023,0.032752562
3024,0.032752562
3025,0.037390765
3026,0.5605362
3027,0.032752562
3028,0.032752562
3029,0.4297194
3030,0.032752562
3031,0.032752562
3032,0.2624422
3033,0.032752562
3034,0.032752562
3035,0.032752562
3036,0.032752562
3037,0.032752562
3038,0.03386189
3039,0.032752562
3040,0.032752562
3041,0.032752562
3042,0.037291486
3043,0.037000228
3044,0.52896976
3045,0.033024754
3046,0.032752562
3047,0.27746114
3048,0.25365385
3049,0.04562526
3050,0.55173624
3051,0.4449889
3052,0.26404646
3053,0.032752562
3054,0.032752562
3055,0.03967474
3056,0.032752562
3057,0.032752562
3058,0.032752562
3059,0.012353325
3060,0.032752562
3061,0.032752562
3062,0.032752562
3063,0.032752562
3064,0.032752562
3065,0.032752562
3066,0.032752562
3067,0.032752562
3068,0.032752562
3069,0.25875384
3070,0.032752562
3071,0.032752562
3072,0.032752562
3073,0.043837488
3074,0.032752562
3075,0.032752562
3076,0.5489237
3077,0.6542258
3078,0.5254708
3079,0.032752562
3080,0.032752562
3081,0.032752562
3082,0.25399712
3083,0.032752562
3084,0.032752562
3085,0.032752562
3086,0.032752562
3087,0.032752562
3088,0.032752562
3089,0.032752562
3090,0.2532908
3091,0.032752562
3092,0.032752562
3093,0.032752562
3094,0.032752562
3095,0.032752562
3096,0.03896727
3097,0.032752562
3098,0.25305706
3099,0.032752562
3100,0.034847632
3101,0.032752562
3102,0.032752562
3103,0.51648873
3104,0.6203704
3105,0.5566264
3106,0.032752562
3107,0.2568848
3108,0.03513403
3109,0.033283073
3110,0.032752562
3111,0.25799108
3112,0.032752562
3113,0.032752562
3114,0.032752562
3115,0.032752562
3116,0.033812087
3117,0.25848863
3118,0.032752562
3119,0.43213916
3120,0.24007134
3121,0.032868594
3122,0.03406876
3123,0.032752562
3124,0.032752562
3125,0.032752562
3126,0.032752562
3127,0.032752562
3128,0.03575316
3129,0.035324555
3130,0.032752562
3131,0.032752562
3132,0.51838493
3133,0.7395519
3134,0.7132078
3135,0.034642514
3136,0.032752562
3137,0.035049956
3138,0.016370393
3139,0.04177191
3140,0.032752562
3141,0.032752562
3142,0.032752562
3143,0.032752562
3144,0.032752562
3145,0.032752562
3146,0.49343473
3147,0.4849667
3148,0.032752562
3149,0.032752562
3150,0.03722704
3151,0.032752562
3152,0.032752562
3153,0.26095068
3154,0.032752562
3155,0.032752562
3156,0.032752562
3157,0.032752562
3158,0.034232933
3159,0.032752562
3160,0.266721
3161,0.51416683
3162,0.26785123
3163,0.032752562
3164,0.032752562
3165,0.032752562
3166,0.032752562
3167,0.032752562
3168,0.040207747
3169,0.032752562
3170,0.032752562
3171,0.032752562
3172,0.032752562
3173,0.032752562
3174,0.032752562
3175,0.032752562
3176,0.261661
3177,0.6932473
3178,0.260646
3179,0.26157936
3180,0.032875523
3181,0.03412551
3182,0.03452677
3183,0.5112136
3184,0.032752562
3185,0.032752562
3186,0.032752562
3187,0.032752562
3188,0.044401757
3189,0.04163447
3190,0.032752562
3191,0.068272814
3192,0.542678
3193,0.26124483
3194,0.62282616
3195,0.26051348
3196,0.032752562
3197,0.038129482
3198,0.03548684
3199,0.032752562
3200,0.032752562
3201,0.25737536
3202,0.032752562
3203,0.032752562
3204,0.032752562
3205,0.032752562
3206,0.26448202
3207,0.5244486
3208,0.25647157
3209,0.53932744
3210,0.2565718
3211,0.03607276
3212,0.033855233
3213,0.25384048
3214,0.03704446
3215,0.032752562
3216,0.041020066
3217,0.032752562
3218,0.032752562
3219,0.05505659
3220,0.26087415
3221,0.032752562
3222,0.43883696
3223,0.27171314
3224,0.032752562
3225,0.039059136
3226,0.032752562
3227,0.032752562
3228,0.032752562
3229,0.032752562
3230,0.032752562
3231,0.032752562
3232,0.032752562
3233,0.035816465
3234,0.25642687
3235,0.57070124
3236,0.4457185
3237,0.45810965
3238,0.44878647
3239,0.032752562
3240,0.032752562
3241,0.032752562
3242,0.046994798
3243,0.2482841
3244,0.032752562
3245,0.032752562
3246,0.032752562
3247,0.03961347
3248,0.034542974
3249,0.040769804
3250,0.032752562
3251,0.032752562
3252,0.032752562
3253,0.032752562
3254,0.032752562
3255,0.032752562
3256,0.032752562
3257,0.032752562
3258,0.032752562
3259,0.037533958
3260,0.26116475
3261,0.55357325
3262,0.67192745
3263,0.49190244
3264,0.25731233
3265,0.032752562
3266,0.032752562
3267,0.032752562
3268,0.032752562
3269,0.032752562
3270,0.032752562
3271,0.034411784
3272,0.032752562
3273,0.5588313
3274,0.032752562
3275,0.032752562
3276,0.032752562
3277,0.032752562
3278,0.03384934
3279,0.032752562
3280,0.032752562
3281,0.032452244
3282,0.032752562
3283,0.032752562
3284,0.032752562
3285,0.032752562
3286,0.032752562
3287,0.032752562
3288,0.47842976
3289,0.5007618
3290,0.042837117
3291,0.62521446
3292,0.54043126
3293,0.51325715
3294,0.032752562
3295,0.032752562
3296,0.032752562
3297,0.032752562
3298,0.032752562
3299,0.032752562
3300,0.032752562
3301,0.44253087
3302,0.032752562
3303,0.25544757
3304,0.032752562
3305,0.034244996
3306,0.03418199
3307,0.034536846
3308,0.03624691
3309,0.032752562
3310,0.032752562
3311,0.012194323
3312,0.032752562
3313,0.032752562
3314,0.47262126
3315,0.54000926
3316,0.42900425
3317,0.044973895
3318,0.5517455
3319,0.04300678
3320,0.032752562
3321,0.032752562
3322,0.03418557
3323,0.032752562
3324,0.035370912
3325,0.032752562
3326,0.033389118
3327,0.03426405
3328,0.032752562
3329,0.034925077
3330,0.032752562
3331,0.032752562
3332,0.2504201
3333,0.032752562
3334,0.035293963
3335,0.032752562
3336,0.032752562
3337,0.0517024
3338,0.032752562
3339,0.035264205
3340,0.2626071
3341,0.032752562
3342,0.032752562
3343,0.032752562
3344,0.032752562
3345,0.032752562
3346,0.032752562
3347,0.033745836
3348,0.032752562
3349,0.032752562
3350,0.032752562
3351,0.032752562
3352,0.03648766
3353,0.032752562
3354,0.03896727
3355,0.032752562
3356,0.032752562
3357,0.2592988
3358,0.032752562
3359,0.032752562
3360,0.032752562
3361,0.045976024
3362,0.4258264
3363,0.44014865
3364,0.032752562
3365,0.016370393
3366,0.032752562
3367,0.035779696
3368,0.032752562
3369,0.032752562
3370,0.04288846
3371,0.032752562
3372,0.032752562
3373,0.032752562
3374,0.032752562
3375,0.032752562
3376,0.032752562
3377,0.032752562
3378,0.032752562
3379,0.45143726
3380,0.032752562
3381,0.032752562
3382,0.032752562
3383,0.032752562
3384,0.032752562
3385,0.24537629
3386,0.032752562
3387,0.032752562
3388,0.032752562
3389,0.03741609
3390,0.032752562
3391,0.032752562
3392,0.032752562
3393,0.03966648
3394,0.032752562
3395,0.032752562
3396,0.032752562
3397,0.25943673
3398,0.032752562
3399,0.032752562
3400,0.03609435
3401,0.032752562
3402,0.032752562
3403,0.032752562
3404,0.032752562
3405,0.032752562
3406,0.2716186
3407,0.032752562
3408,0.032752562
3409,0.032752562
3410,0.032752562
3411,0.032752562
3412,0.050108083
3413,0.032752562
3414,0.035162315
3415,0.032752562
3416,0.032752562
3417,0.035293963
3418,0.032752562
3419,0.032752562
3420,0.032752562
3421,0.039901286
3422,0.032752562
3423,0.03699648
3424,0.032752562
3425,0.032752562
3426,0.032752562
3427,0.037095744
3428,0.032752562
3429,0.27372438
3430,0.54487056
3431,0.26495248
3432,0.032752562
3433,0.032752562
3434,0.032752562
3435,0.032752562
3436,0.032752562
3437,0.032752562
3438,0.033391908
3439,0.5862253
3440,0.032752562
3441,0.032752562
3442,0.032752562
3443,0.032752562
3444,0.03284083
3445,0.5287224
3446,0.032752562
3447,0.039363995
3448,0.032752562
3449,0.032752562
3450,0.032752562
3451,0.032752562
3452,0.032752562
3453,0.03418557
3454,0.032752562
3455,0.032752562
3456,0.032752562
3457,0.03792053
3458,0.032752562
3459,0.03381581
3460,0.032752562
3461,0.032752562
3462,0.032752562
3463,0.032752562
3464,0.033480402
3465,0.032752562
3466,0.032752562
3467,0.45429724
3468,0.032752562
3469,0.034532253
3470,0.038307186
3471,0.032752562
3472,0.032752562
3473,0.032752562
3474,0.032752562
3475,0.26030082
3476,0.032752562
3477,0.01284097
3478,0.013193028
3479,0.032752562
3480,0.032752562
3481,0.034546945
3482,0.032752562
3483,0.04113302
3484,0.032752562
3485,0.032752562
3486,0.26032537
3487,0.038307186
3488,0.032752562
3489,0.032752562
3490,0.032752562
3491,0.032752562
3492,0.03791744
3493,0.032752562
3494,0.032752562
3495,0.040769804
3496,0.032752562
3497,0.032752562
3498,0.032752562
3499,0.04295759
3500,0.032752562
3501,0.032752562
3502,0.032752562
3503,0.032752562
3504,0.032752562
3505,0.032752562
3506,0.032752562
3507,0.039504357
3508,0.032752562
3509,0.032752562
3510,0.032752562
3511,0.032752562
3512,0.032752562
3513,0.032752562
3514,0.032752562
3515,0.032752562
3516,0.023958508
3517,0.032752562
3518,0.032752562
3519,0.032752562
3520,0.032752562
3521,0.032752562
3522,0.03611072
3523,0.0352425
3524,0.042138007
3525,0.030405203
3526,0.032752562
3527,0.016020706
3528,0.032752562
3529,0.032752562
3530,0.032752562
3531,0.032752562
3532,0.038517516
3533,0.03418557
3534,0.019737225
3535,0.03491148
3536,0.038307186
3537,0.032752562
3538,0.032752562
3539,0.032752562
3540,0.032752562
3541,0.032752562
3542,0.032752562
3543,0.032752562
3544,0.032752562
3545,0.032752562
3546,0.032752562
3547,0.035201278
3548,0.032752562
3549,0.01426684
3550,0.01251238
3551,0.032752562
3552,0.032843128
3553,0.032752562
3554,0.032752562
3555,0.032752562
3556,0.04109362
3557,0.032752562
3558,0.032752562
3559,0.032752562
3560,0.012353325
3561,0.032752562
3562,0.032752562
3563,0.032752562
3564,0.028274644
3565,0.036761176
3566,0.032752562
3567,0.04242782
3568,0.032752562
3569,0.032752562
3570,0.034344573
3571,0.032752562
3572,0.032752562
3573,0.035293963
3574,0.03198143
3575,0.032752562
3576,0.032752562
3577,0.032752562
3578,0.032752562
3579,0.05056925
3580,0.038307186
3581,0.032752562
3582,0.036809202
3583,0.032752562
3584,0.032752562
3585,0.032752562
3586,0.032752562
3587,0.032752562
3588,0.032752562
3589,0.032752562
3590,0.032752562
3591,0.032752562
3592,0.032752562
3593,0.032752562
3594,0.013033974
3595,0.022339948
3596,0.022339948
3597,0.022339948
3598,0.022339948
3599,0.022339948
3600,0.022339948
3601,0.022339948
3602,0.023296578
3603,0.022339948
3604,0.028778723
3605,0.022339948
3606,0.022339948
3607,0.034803953
3608,0.022339948
3609,0.42955762
3610,0.4396762
3611,0.022339948
3612,0.026730511
3613,0.5032958
3614,0.022339948
3615,0.25247547
3616,0.022339948
3617,0.25150764
3618,0.022339948
3619,0.022339948
3620,0.033201415
3621,0.020939171
3622,0.022339948
3623,0.2603367
3624,0.022339948
3625,0.48273915
3626,0.022339948
3627,0.021867875
3628,0.022339948
3629,0.022339948
3630,0.022339948
3631,0.022339948
3632,0.022339948
3633,0.022339948
3634,0.022339948
3635,0.022339948
3636,0.4254389
3637,0.550575
3638,0.021843331
3639,0.022339948
3640,0.028480107
3641,0.24749696
3642,0.022339948
3643,0.022339948
3644,0.022339948
3645,0.022339948
3646,0.023327217
3647,0.4510677
3648,0.025361605
3649,0.44139874
3650,0.42419246
3651,0.022339948
3652,0.44227484
3653,0.027604485
3654,0.022339948
3655,0.25205022
3656,0.022339948
3657,0.022339948
3658,0.022339948
3659,0.022339948
3660,0.022339948
3661,0.022339948
3662,0.03010729
3663,0.024787132
3664,0.030654347
3665,0.024227079
3666,0.24690412
3667,0.022339948
3668,0.022339948
3669,0.022339948
3670,0.022339948
3671,0.022339948
3672,0.022339948
3673,0.022339948
3674,0.022339948
3675,0.022339948
3676,0.022339948
3677,0.022339948
3678,0.03997091
3679,0.022339948
3680,0.255725
3681,0.022339948
3682,0.022339948
3683,0.022339948
3684,0.031330477
3685,0.4242899
3686,0.02620964
3687,0.022339948
3688,0.022339948
3689,0.44039446
3690,0.027053425
3691,0.022339948
3692,0.022339948
3693,0.022339948
3694,0.032683156
3695,0.022339948
3696,0.022339948
3697,0.022339948
3698,0.022339948
3699,0.022339948
3700,0.042265005
3701,0.022339948
3702,0.024182683
3703,0.24615781
3704,0.25876373
3705,0.022339948
3706,0.022339948
3707,0.029187508
3708,0.022339948
3709,0.022339948
3710,0.024040984
3711,0.022339948
3712,0.022339948
3713,0.022339948
3714,0.022339948
3715,0.42339984
3716,0.022339948
3717,0.022339948
3718,0.022339948
3719,0.022339948
3720,0.022339948
3721,0.02619489
3722,0.033113644
3723,0.022339948
3724,0.024200588
3725,0.022339948
3726,0.029033162
3727,0.022339948
3728,0.022339948
3729,0.022339948
3730,0.022339948
3731,0.022339948
3732,0.24927998
3733,0.022339948
3734,0.022339948
3735,0.022339948
3736,0.022339948
3737,0.022339948
3738,0.022339948
3739,0.022339948
3740,0.029033162
3741,0.027474457
3742,0.02347122
3743,0.2506876
3744,0.022339948
3745,0.022339948
3746,0.022339948
3747,0.022339948
3748,0.022339948
3749,0.022339948
3750,0.022339948
3751,0.022339948
3752,0.022339948
3753,0.022339948
3754,0.022339948
3755,0.022339948
3756,0.022339948
3757,0.022339948
3758,0.022339948
3759,0.02604413
3760,0.022339948
3761,0.028023476
3762,0.022339948
3763,0.022339948
3764,0.022339948
3765,0.022339948
3766,0.022339948
3767,0.02235667
3768,0.022339948
3769,0.4400595
3770,0.024596343
3771,0.022339948
3772,0.022339948
3773,0.022339948
3774,0.022339948
3775,0.022339948
3776,0.022339948
3777,0.022339948
3778,0.022339948
3779,0.022339948
3780,0.022339948
3781,0.022339948
3782,0.022339948
3783,0.022339948
3784,0.022339948
3785,0.022339948
3786,0.022339948
3787,0.252071
3788,0.4395251
3789,0.022339948
3790,0.022339948
3791,0.022339948
3792,0.022339948
3793,0.022339948
3794,0.022339948
3795,0.022339948
3796,0.024327058
3797,0.022339948
3798,0.022339948
3799,0.022339948
3800,0.022339948
3801,0.022339948
3802,0.022339948
3803,0.023417672
3804,0.022339948
3805,0.022339948
3806,0.022339948
3807,0.022339948
3808,0.022339948
3809,0.022339948
3810,0.022339948
3811,0.022339948
3812,0.022806328
3813,0.022339948
3814,0.25646964
3815,0.023122441
3816,0.023703584
3817,0.022339948
3818,0.022339948
3819,0.022339948
3820,0.022339948
3821,0.022339948
3822,0.022339948
3823,0.022339948
3824,0.022339948
3825,0.022339948
3826,0.022339948
3827,0.022339948
3828,0.022339948
3829,0.022339948
3830,0.022339948
3831,0.022339948
3832,0.022339948
3833,0.022339948
3834,0.022339948
3835,0.022339948
3836,0.022339948
3837,0.022339948
3838,0.023522006
3839,0.4996826
3840,0.022339948
3841,0.022610743
3842,0.022339948
3843,0.022339948
3844,0.022339948
3845,0.022339948
3846,0.022339948
3847,0.022339948
3848,0.022339948
3849,0.022339948
3850,0.2428566
3851,0.022339948
3852,0.022339948
3853,0.022339948
3854,0.022339948
3855,0.022339948
3856,0.022339948
3857,0.022339948
3858,0.022339948
3859,0.022339948
3860,0.022339948
3861,0.022339948
3862,0.022339948
3863,0.024290772
3864,0.5462523
3865,0.022339948
3866,0.022339948
3867,0.24492891
3868,0.022339948
3869,0.022604965
3870,0.02847256
3871,0.022339948
3872,0.022339948
3873,0.022339948
3874,0.022339948
3875,0.022339948
3876,0.033667214
3877,0.022339948
3878,0.27202788
3879,0.022339948
3880,0.022339948
3881,0.022339948
3882,0.022339948
3883,0.022339948
3884,0.022339948
3885,0.022339948
3886,0.022339948
3887,0.027633637
3888,0.02765617
3889,0.022339948
3890,0.022339948
3891,0.022339948
3892,0.022339948
3893,0.028878989
3894,0.24074738
3895,0.022339948
3896,0.022339948
3897,0.022339948
3898,0.4103195
3899,0.022339948
3900,0.02201063
3901,0.24903585
3902,0.23594655
3903,0.028227227
3904,0.022339948
3905,0.03076841
3906,0.022339948
3907,0.022339948
3908,0.031057138
3909,0.24987242
3910,0.022339948
3911,0.022339948
3912,0.24508859
3913,0.028623428
3914,0.026301851
3915,0.043370415
3916,0.41204837
3917,0.022339948
3918,0.022339948
3919,0.022339948
3920,0.022339948
3921,0.022339948
3922,0.24736457
3923,0.5042387
3924,0.022339948
3925,0.022339948
3926,0.5277623
3927,0.022339948
3928,0.022339948
3929,0.26389852
3930,0.022339948
3931,0.022339948
3932,0.022339948
3933,0.022339948
3934,0.022339948
3935,0.029033162
3936,0.24603824
3937,0.022339948
3938,0.022339948
3939,0.022339948
3940,0.026878878
3941,0.23711939
3942,0.5139973
3943,0.02261214
3944,0.022339948
3945,0.27183062
3946,0.022339948
3947,0.031646803
3948,0.5913486
3949,0.49680796
3950,0.2575334
3951,0.022339948
3952,0.022339948
3953,0.026891412
3954,0.022339948
3955,0.022339948
3956,0.022339948
3957,0.022339948
3958,0.026894424
3959,0.022339948
3960,0.022339948
3961,0.022339948
3962,0.022339948
3963,0.022339948
3964,0.022339948
3965,0.022339948
3966,0.022339948
3967,0.2528622
3968,0.24624985
3969,0.022339948
3970,0.022339948
3971,0.25587404
3972,0.022339948
3973,0.022339948
3974,0.56171757
3975,0.49060118
3976,0.5235597
3977,0.022339948
3978,0.022339948
3979,0.2486837
3980,0.022339948
3981,0.022339948
3982,0.022339948
3983,0.022339948
3984,0.022339948
3985,0.022339948
3986,0.022339948
3987,0.24532235
3988,0.022339948
3989,0.022339948
3990,0.022339948
3991,0.022339948
3992,0.022339948
3993,0.022339948
3994,0.022339948
3995,0.24545217
3996,0.022339948
3997,0.024873668
3998,0.022339948
3999,0.026730511
4000,0.49428356
4001,0.4804126
4002,0.4297707
4003,0.022339948
4004,0.24545217
4005,0.022339948
4006,0.022478642
4007,0.022339948
4008,0.2504551
4009,0.022339948
4010,0.022339948
4011,0.022339948
4012,0.022339948
4013,0.023399472
4014,0.25403687
4015,0.022339948
4016,0.42829773
4017,0.2324667
4018,0.022455977
4019,0.025054086
4020,0.022339948
4021,0.022339948
4022,0.022339948
4023,0.022339948
4024,0.022339948
4025,0.022339948
4026,0.02411101
4027,0.2487326
4028,0.022339948
4029,0.022339948
4030,0.022339948
4031,0.48622617
4032,0.84475726
4033,0.5380588
4034,0.0242299
4035,0.022339948
4036,0.024637341
4037,0.028981326
4038,0.02926245
4039,0.022339948
4040,0.022339948
4041,0.022339948
4042,0.022339948
4043,0.022339948
4044,0.022339948
4045,0.49526736
4046,0.49086645
4047,0.022339948
4048,0.022339948
4049,0.026762858
4050,0.24739692
4051,0.022339948
4052,0.25386927
4053,0.022339948
4054,0.022339948
4055,0.022339948
4056,0.022339948
4057,0.023121122
4058,0.022339948
4059,0.55675226
4060,0.38210288
4061,0.03413527
4062,0.022339948
4063,0.022339948
4064,0.022339948
4065,0.022339948
4066,0.029795114
4067,0.022339948
4068,0.022339948
4069,0.022339948
4070,0.022339948
4071,0.022339948
4072,0.022339948
4073,0.2525433
4074,0.6281076
4075,0.24952623
4076,0.25138012
4077,0.022462906
4078,0.023712892
4079,0.2474488
4080,0.46563476
4081,0.022339948
4082,0.022339948
4083,0.022339948
4084,0.022339948
4085,0.034670033
4086,0.031221863
4087,0.022339948
4088,0.2665118
4089,0.24671768
4090,0.031724848
4091,0.6914872
4092,0.025359316
4093,0.022339948
4094,0.027719915
4095,0.02507422
4096,0.022339948
4097,0.022339948
4098,0.025060661
4099,0.022339948
4100,0.022339948
4101,0.022339948
4102,0.022339948
4103,0.024867272
4104,0.42822054
4105,0.24545217
4106,0.43880683
4107,0.48978126
4108,0.026624523
4109,0.023442619
4110,0.43717247
4111,0.022339948
4112,0.022339948
4113,0.030006323
4114,0.022339948
4115,0.022339948
4116,0.2523784
4117,0.23554526
4118,0.022339948
4119,0.49249786
4120,0.2611465
4121,0.022339948
4122,0.023175765
4123,0.022339948
4124,0.022339948
4125,0.022339948
4126,0.022339948
4127,0.022339948
4128,0.026730511
4129,0.022339948
4130,0.022339948
4131,0.022339948
4132,0.024905415
4133,0.5128881
4134,0.6029957
4135,0.43792304
4136,0.25259894
4137,0.5372825
4138,0.022339948
4139,0.022339948
4140,0.022339948
4141,0.037007716
4142,0.025930522
4143,0.022339948
4144,0.022339948
4145,0.022339948
4146,0.029200839
4147,0.022339948
4148,0.022339948
4149,0.024130367
4150,0.022339948
4151,0.022339948
4152,0.022339948
4153,0.022339948
4154,0.022339948
4155,0.022339948
4156,0.022339948
4157,0.022339948
4158,0.02786172
4159,0.023060856
4160,0.41065264
4161,0.54487616
4162,0.46226317
4163,0.5416679
4164,0.022339948
4165,0.029033162
4166,0.022339948
4167,0.022339948
4168,0.022339948
4169,0.022339948
4170,0.022339948
4171,0.022339948
4172,0.5314197
4173,0.022339948
4174,0.022339948
4175,0.022339948
4176,0.022339948
4177,0.023436723
4178,0.022339948
4179,0.022339948
4180,0.022339948
4181,0.022339948
4182,0.022339948
4183,0.022339948
4184,0.48411122
4185,0.43975982
4186,0.026254386
4187,0.5435144
4188,0.48959368
4189,0.42309192
4190,0.022339948
4191,0.022339948
4192,0.022339948
4193,0.022339948
4194,0.022339948
4195,0.022339948
4196,0.022339948
4197,0.022339948
4198,0.51275146
4199,0.022339948
4200,0.41141635
4201,0.022339948
4202,0.022636162
4203,0.0247842
4204,0.02445275
4205,0.023757303
4206,0.022339948
4207,0.022339948
4208,0.027053425
4209,0.022339948
4210,0.022339948
4211,0.5764105
4212,0.43452507
4213,0.49387342
4214,0.028538637
4215,0.4279914
4216,0.033028882
4217,0.022339948
4218,0.022339948
4219,0.022339948
4220,0.022339948
4221,0.024816422
4222,0.022339948
4223,0.022976497
4224,0.023851437
4225,0.022339948
4226,0.02304009
4227,0.022339948
4228,0.022339948
4229,0.24257718
4230,0.022339948
4231,0.022339948
4232,0.022339948
4233,0.022339948
4234,0.03848244
4235,0.022339948
4236,0.024851587
4237,0.2481839
4238,0.022339948
4239,0.022339948
4240,0.022339948
4241,0.022339948
4242,0.022339948
4243,0.022339948
4244,0.023333222
4245,0.022339948
4246,0.022339948
4247,0.022339948
4248,0.022339948
4249,0.026075043
4250,0.022339948
4251,0.022339948
4252,0.022339948
4253,0.022339948
4254,0.024675863
4255,0.022339948
4256,0.022339948
4257,0.026730511
4258,0.022339948
4259,0.035762336
4260,0.3832614
4261,0.5336862
4262,0.022339948
4263,0.028940478
4264,0.029518897
4265,0.022339948
4266,0.022339948
4267,0.022339948
4268,0.022339948
4269,0.022339948
4270,0.028050397
4271,0.022339948
4272,0.022339948
4273,0.022339948
4274,0.022339948
4275,0.022339948
4276,0.022339948
4277,0.022339948
4278,0.24868572
4279,0.022339948
4280,0.022339948
4281,0.022339948
4282,0.022339948
4283,0.022339948
4284,0.23130386
4285,0.022339948
4286,0.022339948
4287,0.027003475
4288,0.022339948
4289,0.022339948
4290,0.022339948
4291,0.028664807
4292,0.022339948
4293,0.022339948
4294,0.022339948
4295,0.022339948
4296,0.25241268
4297,0.022339948
4298,0.026265502
4299,0.022339948
4300,0.022339948
4301,0.022339948
4302,0.022339948
4303,0.022339948
4304,0.26283228
4305,0.022339948
4306,0.022339948
4307,0.022339948
4308,0.022339948
4309,0.022339948
4310,0.26400924
4311,0.022339948
4312,0.24706572
4313,0.022339948
4314,0.022339948
4315,0.022339948
4316,0.022339948
4317,0.022339948
4318,0.25550282
4319,0.022339948
4320,0.025388533
4321,0.022339948
4322,0.022339948
4323,0.022339948
4324,0.022339948
4325,0.26092756
4326,0.2590011
4327,0.03281626
4328,0.022339948
4329,0.022339948
4330,0.022339948
4331,0.022339948
4332,0.022339948
4333,0.022339948
4334,0.0229793
4335,0.44945893
4336,0.022339948
4337,0.022339948
4338,0.022339948
4339,0.022339948
4340,0.023464104
4341,0.42109537
4342,0.022339948
4343,0.02895137
4344,0.022339948
4345,0.022339948
4346,0.011819698
4347,0.022339948
4348,0.022339948
4349,0.022339948
4350,0.022339948
4351,0.022339948
4352,0.022339948
4353,0.029518897
4354,0.022339948
4355,0.022339948
4356,0.025207227
4357,0.022339948
4358,0.022339948
4359,0.022339948
4360,0.023067785
4361,0.022339948
4362,0.022339948
4363,0.5237115
4364,0.022339948
4365,0.024119638
4366,0.022339948
4367,0.022339948
4368,0.022339948
4369,0.022339948
4370,0.022339948
4371,0.51218545
4372,0.022339948
4373,0.026894424
4374,0.022339948
4375,0.022339948
4376,0.025346467
4377,0.022339948
4378,0.022514524
4379,0.022339948
4380,0.022339948
4381,0.022339948
4382,0.022339948
4383,0.51769024
4384,0.022339948
4385,0.022339948
4386,0.027474457
4387,0.022339948
4388,0.022339948
4389,0.022339948
4390,0.022339948
4391,0.028031584
4392,0.022339948
4393,0.015949437
4394,0.022339948
4395,0.022339948
4396,0.022339948
4397,0.033678696
4398,0.022339948
4399,0.022339948
4400,0.022339948
4401,0.022339948
4402,0.022339948
4403,0.022339948
4404,0.022339948
4405,0.028194848
4406,0.022339948
4407,0.022339948
4408,0.011948056
4409,0.022339948
4410,0.022339948
4411,0.022339948
4412,0.022339948
4413,0.022339948
4414,0.030834924
4415,0.022339948
4416,0.022339948
4417,0.022339948
4418,0.022339948
4419,0.022339948
4420,0.025698109
4421,0.022793485
4422,0.033168454
4423,0.022339948
4424,0.022339948
4425,0.028701773
4426,0.022339948
4427,0.022339948
4428,0.022339948
4429,0.022339948
4430,0.022339948
4431,0.022339948
4432,0.024498858
4433,0.022339948
4434,0.022339948
4435,0.022339948
4436,0.022339948
4437,0.022339948
4438,0.022339948
4439,0.022339948
4440,0.022339948
4441,0.022339948
4442,0.022339948
4443,0.022339948
4444,0.022339948
4445,0.022339948
4446,0.022339948
4447,0.022339948
4448,0.022430513
4449,0.022339948
4450,0.022339948
4451,0.022339948
4452,0.022339948
4453,0.022339948
4454,0.022339948
4455,0.027053425
4456,0.022339948
4457,0.022339948
4458,0.022339948
4459,0.014425731
4460,0.026992688
4461,0.022339948
4462,0.022339948
4463,0.022339948
4464,0.026894424
4465,0.022339948
4466,0.022339948
4467,0.022339948
4468,0.022339948
4469,0.022339948
4470,0.022339948
4471,0.022339948
4472,0.036106247
4473,0.022339948
4474,0.022339948
4475,0.028227227
4476,0.022339948
4477,0.022339948
4478,0.022339948
4479,0.022339948
4480,0.022339948
4481,0.022339948
4482,0.029033162
4483,0.022339948
4484,0.022339948
4485,0.022339948
4486,0.022339948
4487,0.022339948
4488,0.022339948
4489,0.022339948
4490,0.027039139
4491,0.020781817
4492,0.020781817
4493,0.020781817
4494,0.020781817
4495,0.020781817
4496,0.020781817
4497,0.020781817
4498,0.020781817
4499,0.020781817
4500,0.020781817
4501,0.02173847
4502,0.020781817
4503,0.020781817
4504,0.020781817
4505,0.020781817
4506,0.020781817
4507,0.24653944
4508,0.5107823
4509,0.020781817
4510,0.020781817
4511,0.24459466
4512,0.020781817
4513,0.037089255
4514,0.020781817
4515,0.07605653
4516,0.020781817
4517,0.020598413
4518,0.020781817
4519,0.020781817
4520,0.24871467
4521,0.020781817
4522,0.46842918
4523,0.020781817
4524,0.020841628
4525,0.020781817
4526,0.020781817
4527,0.020781817
4528,0.020781817
4529,0.020781817
4530,0.020781817
4531,0.24930933
4532,0.020781817
4533,0.4570619
4534,0.4202906
4535,0.0202852
4536,0.020781817
4537,0.026921976
4538,0.022826543
4539,0.020781817
4540,0.020781817
4541,0.020781817
4542,0.021769114
4543,0.5250523
4544,0.23556441
4545,0.021246606
4546,0.52393824
4547,0.24604811
4548,0.5044793
4549,0.020781817
4550,0.251716
4551,0.020781817
4552,0.020781817
4553,0.020781817
4554,0.020781817
4555,0.020781817
4556,0.24930933
4557,0.028549189
4558,0.021623095
4559,0.020781817
4560,0.022668952
4561,0.020781817
4562,0.020781817
4563,0.020781817
4564,0.020781817
4565,0.020781817
4566,0.020781817
4567,0.020781817
4568,0.020781817
4569,0.020781817
4570,0.020781817
4571,0.020781817
4572,0.25626752
4573,0.020781817
4574,0.25450402
4575,0.027010692
4576,0.027024979
4577,0.02724465
4578,0.020781817
4579,0.43649536
4580,0.024651537
4581,0.039500818
4582,0.020781817
4583,0.020781817
4584,0.4298424
4585,0.020781817
4586,0.020781817
4587,0.020781817
4588,0.020781817
4589,0.020781817
4590,0.020781817
4591,0.020781817
4592,0.020781817
4593,0.020781817
4594,0.022624552
4595,0.24912816
4596,0.5007126
4597,0.020781817
4598,0.020781817
4599,0.020781817
4600,0.020781817
4601,0.020781817
4602,0.020781817
4603,0.020781817
4604,0.022482853
4605,0.020781817
4606,0.020781817
4607,0.020781817
4608,0.020781817
4609,0.020781817
4610,0.43291584
4611,0.020781817
4612,0.020781817
4613,0.020781817
4614,0.020781817
4615,0.020781817
4616,0.026243567
4617,0.020781817
4618,0.028172174
4619,0.024636758
4620,0.25639728
4621,0.020781817
4622,0.022642458
4623,0.020781817
4624,0.020781817
4625,0.020781817
4626,0.020781817
4627,0.020781817
4628,0.020781817
4629,0.020781817
4630,0.24423113
4631,0.020781817
4632,0.020781817
4633,0.020781817
4634,0.020781817
4635,0.020781817
4636,0.020781817
4637,0.020781817
4638,0.020781817
4639,0.020781817
4640,0.0215922
4641,0.25270268
4642,0.020781817
4643,0.020781817
4644,0.026383875
4645,0.020781817
4646,0.020781817
4647,0.020781817
4648,0.020781817
4649,0.020781817
4650,0.020781817
4651,0.020781817
4652,0.020781817
4653,0.020781817
4654,0.020781817
4655,0.020781817
4656,0.020781817
4657,0.020781817
4658,0.25244427
4659,0.020781817
4660,0.24824896
4661,0.020781817
4662,0.020781817
4663,0.020781817
4664,0.020781817
4665,0.020781817
4666,0.02181477
4667,0.020781817
4668,0.5126706
4669,0.24632786
4670,0.020781817
4671,0.020781817
4672,0.020781817
4673,0.020781817
4674,0.020781817
4675,0.020781817
4676,0.020781817
4677,0.020781817
4678,0.020781817
4679,0.020781817
4680,0.020781817
4681,0.020781817
4682,0.020781817
4683,0.020781817
4684,0.020781817
4685,0.020781817
4686,0.2495802
4687,0.49100175
4688,0.020781817
4689,0.020781817
4690,0.020781817
4691,0.020781817
4692,0.020781817
4693,0.020781817
4694,0.020781817
4695,0.022768928
4696,0.020781817
4697,0.020781817
4698,0.020781817
4699,0.020781817
4700,0.020781817
4701,0.020781817
4702,0.021859542
4703,0.020781817
4704,0.020781817
4705,0.020781817
4706,0.020781817
4707,0.020781817
4708,0.020781817
4709,0.020781817
4710,0.020781817
4711,0.020781817
4712,0.021248197
4713,0.020781817
4714,0.25444865
4715,0.02140712
4716,0.022539267
4717,0.020781817
4718,0.020781817
4719,0.020781817
4720,0.020781817
4721,0.020781817
4722,0.020781817
4723,0.020781817
4724,0.020781817
4725,0.020781817
4726,0.020781817
4727,0.020781817
4728,0.020781817
4729,0.020781817
4730,0.020781817
4731,0.020781817
4732,0.014810686
4733,0.020781817
4734,0.020781817
4735,0.020781817
4736,0.020781817
4737,0.020781817
4738,0.020781817
4739,0.020781817
4740,0.021963876
4741,0.50202465
4742,0.020781817
4743,0.021052612
4744,0.020781817
4745,0.020781817
4746,0.020781817
4747,0.020781817
4748,0.020781817
4749,0.020781817
4750,0.020781817
4751,0.24168433
4752,0.020781817
4753,0.020781817
4754,0.020781817
4755,0.020781817
4756,0.020781817
4757,0.020781817
4758,0.020781817
4759,0.028172174
4760,0.020781817
4761,0.020781817
4762,0.020781817
4763,0.020781817
4764,0.020781817
4765,0.022732642
4766,0.52242905
4767,0.020781817
4768,0.24407145
4769,0.020781817
4770,0.24347419
4771,0.02083422
4772,0.020781817
4773,0.026383875
4774,0.020781817
4775,0.020781817
4776,0.25829992
4777,0.020781817
4778,0.053207308
4779,0.020781817
4780,0.020781817
4781,0.020781817
4782,0.020781817
4783,0.020781817
4784,0.020781817
4785,0.020781817
4786,0.026075507
4787,0.024836512
4788,0.020781817
4789,0.020781817
4790,0.020781817
4791,0.020781817
4792,0.027320847
4793,0.24027538
4794,0.020781817
4795,0.020781817
4796,0.020781817
4797,0.020781817
4798,0.020781817
4799,0.41364253
4800,0.020781817
4801,0.020093026
4802,0.4226727
4803,0.24116804
4804,0.020781817
4805,0.020781817
4806,0.020781817
4807,0.020781817
4808,0.031274576
4809,0.24878702
4810,0.020781817
4811,0.020781817
4812,0.24604811
4813,0.030333754
4814,0.023790227
4815,0.038296647
4816,0.24387522
4817,0.020781817
4818,0.020781817
4819,0.020781817
4820,0.020781817
4821,0.24809538
4822,0.47246557
4823,0.020781817
4824,0.020781817
4825,0.5192339
4826,0.020781817
4827,0.020781817
4828,0.24874288
4829,0.020781817
4830,0.020781817
4831,0.020781817
4832,0.020781817
4833,0.020781817
4834,0.020781817
4835,0.245704
4836,0.020781817
4837,0.020781817
4838,0.020781817
4839,0.025599267
4840,0.025690055
4841,0.5389015
4842,0.24363397
4843,0.033224724
4844,0.24459466
4845,0.028249798
4846,0.44014448
4847,0.43662435
4848,0.25667596
4849,0.020781817
4850,0.020781817
4851,0.024853038
4852,0.020781817
4853,0.014248623
4854,0.020781817
4855,0.020781817
4856,0.020781817
4857,0.020781817
4858,0.020781817
4859,0.020781817
4860,0.020781817
4861,0.020781817
4862,0.020781817
4863,0.020781817
4864,0.24839804
4865,0.020781817
4866,0.020781817
4867,0.020781817
4868,0.031018987
4869,0.020781817
4870,0.020781817
4871,0.55383056
4872,0.5553944
4873,0.51117355
4874,0.020781817
4875,0.020781817
4876,0.020781817
4877,0.24831752
4878,0.020781817
4879,0.020781817
4880,0.020781817
4881,0.020781817
4882,0.020781817
4883,0.020781817
4884,0.020781817
4885,0.24430521
4886,0.020781817
4887,0.020781817
4888,0.020781817
4889,0.020781817
4890,0.020781817
4891,0.020781817
4892,0.020781817
4893,0.24407145
4894,0.020781817
4895,0.023315538
4896,0.020781817
4897,0.020781817
4898,0.5176943
4899,0.49277693
4900,0.5360383
4901,0.020781817
4902,0.030895475
4903,0.020781817
4904,0.020781817
4905,0.02131233
4906,0.020781817
4907,0.24952881
4908,0.020781817
4909,0.020781817
4910,0.020781817
4911,0.020781817
4912,0.021841342
4913,0.024651775
4914,0.020781817
4915,0.51134735
4916,0.23468097
4917,0.020897847
4918,0.023495955
4919,0.020781817
4920,0.020781817
4921,0.020781817
4922,0.020781817
4923,0.020781817
4924,0.02255288
4925,0.022920458
4926,0.020781817
4927,0.020781817
4928,0.020781817
4929,0.54854196
4930,0.73903865
4931,0.5398355
4932,0.02267177
4933,0.020781817
4934,0.24883685
4935,0.029144296
4936,0.020781817
4937,0.020781817
4938,0.020781817
4939,0.020781817
4940,0.020781817
4941,0.020781817
4942,0.45166308
4943,0.5718054
4944,0.020781817
4945,0.020781817
4946,0.02520472
4947,0.020781817
4948,0.020781817
4949,0.25301182
4950,0.24766648
4951,0.020781817
4952,0.020781817
4953,0.020781817
4954,0.022262188
4955,0.020781817
4956,0.020781817
4957,0.50313246
4958,0.49808353
4959,0.25579423
4960,0.020781817
4961,0.020781817
4962,0.020781817
4963,0.020781817
4964,0.020781817
4965,0.028236987
4966,0.020781817
4967,0.020781817
4968,0.020781817
4969,0.020781817
4970,0.020781817
4971,0.020781817
4972,0.020781817
4973,0.43261993
4974,0.6529573
4975,0.2464013
4976,0.24951127
4977,0.020904776
4978,0.022154761
4979,0.023479555
4980,0.41964257
4981,0.020781817
4982,0.020781817
4983,0.020781817
4984,0.020781817
4985,0.032846354
4986,0.24209076
4987,0.020781817
4988,0.05489776
4989,0.2479327
4990,0.029669955
4991,0.6013697
4992,0.02223221
4993,0.020781817
4994,0.02469268
4995,0.023516089
4996,0.020781817
4997,0.020781817
4998,0.022102445
4999,0.020781817
5000,0.020781817
5001,0.020781817
5002,0.020781817
5003,0.02383189
5004,0.538696
5005,0.24930933
5006,0.449608
5007,0.25174356
5008,0.025066392
5009,0.02286969
5010,0.24209028
5011,0.020781817
5012,0.030724956
5013,0.020781817
5014,0.020781817
5015,0.25609633
5016,0.24571009
5017,0.020781817
5018,0.44040358
5019,0.26359808
5020,0.020781817
5021,0.021617634
5022,0.020781817
5023,0.020781817
5024,0.020781817
5025,0.020781817
5026,0.020781817
5027,0.020781817
5028,0.020781817
5029,0.020781817
5030,0.023347283
5031,0.026383875
5032,0.55243206
5033,0.4930213
5034,0.2543773
5035,0.52420074
5036,0.020781817
5037,0.020781817
5038,0.020781817
5039,0.020781817
5040,0.24405667
5041,0.026497914
5042,0.020781817
5043,0.020781817
5044,0.020781817
5045,0.02764271
5046,0.020781817
5047,0.020781817
5048,0.022572236
5049,0.020781817
5050,0.020781817
5051,0.020781817
5052,0.020781817
5053,0.020781817
5054,0.020781817
5055,0.020781817
5056,0.020781817
5057,0.24357027
5058,0.02688377
5059,0.51594466
5060,0.64534783
5061,0.48111844
5062,0.49165532
5063,0.020781817
5064,0.020781817
5065,0.020781817
5066,0.020781817
5067,0.020781817
5068,0.020781817
5069,0.020781817
5070,0.020781817
5071,0.44096193
5072,0.020781817
5073,0.020781817
5074,0.020781817
5075,0.020781817
5076,0.023845315
5077,0.020781817
5078,0.020781817
5079,0.020481499
5080,0.020781817
5081,0.020781817
5082,0.020781817
5083,0.020781817
5084,0.020781817
5085,0.57340926
5086,0.39796397
5087,0.023911696
5088,0.55522394
5089,0.43048662
5090,0.41609824
5091,0.020781817
5092,0.020781817
5093,0.020781817
5094,0.020781817
5095,0.020781817
5096,0.020781817
5097,0.50842494
5098,0.24930933
5099,0.24662164
5100,0.020781817
5101,0.02127556
5102,0.02322607
5103,0.0225661
5104,0.023545256
5105,0.020781817
5106,0.020781817
5107,0.020781817
5108,0.020781817
5109,0.020781817
5110,0.5936225
5111,0.50286525
5112,0.4452442
5113,0.24615882
5114,0.24326867
5115,0.025405142
5116,0.020781817
5117,0.020781817
5118,0.020781817
5119,0.020781817
5120,0.020781817
5121,0.020781817
5122,0.02141837
5123,0.022625025
5124,0.020781817
5125,0.022092257
5126,0.020781817
5127,0.020781817
5128,0.48873672
5129,0.020781817
5130,0.020781817
5131,0.020781817
5132,0.020781817
5133,0.038141582
5134,0.020781817
5135,0.24658309
5136,0.025014622
5137,0.020781817
5138,0.020781817
5139,0.020781817
5140,0.020781817
5141,0.020781817
5142,0.020781817
5143,0.021775091
5144,0.020781817
5145,0.020781817
5146,0.020781817
5147,0.020781817
5148,0.24776219
5149,0.020781817
5150,0.030326705
5151,0.020781817
5152,0.020781817
5153,0.020781817
5154,0.023117732
5155,0.020781817
5156,0.020781817
5157,0.020781817
5158,0.020781817
5159,0.034416575
5160,0.029601157
5161,0.43669885
5162,0.020781817
5163,0.020781817
5164,0.020781817
5165,0.020781817
5166,0.027698303
5167,0.020781817
5168,0.020781817
5169,0.020781817
5170,0.020781817
5171,0.020781817
5172,0.031044746
5173,0.020781817
5174,0.020781817
5175,0.5352846
5176,0.020781817
5177,0.020781817
5178,0.020781817
5179,0.020781817
5180,0.020781817
5181,0.4895465
5182,0.020781817
5183,0.020781817
5184,0.028308203
5185,0.020781817
5186,0.020781817
5187,0.020781817
5188,0.027106678
5189,0.020781817
5190,0.020781817
5191,0.026564715
5192,0.030735543
5193,0.020781817
5194,0.020781817
5195,0.023361985
5196,0.020781817
5197,0.020781817
5198,0.020781817
5199,0.020781817
5200,0.020781817
5201,0.25669846
5202,0.020781817
5203,0.020781817
5204,0.020781817
5205,0.020781817
5206,0.020781817
5207,0.26132968
5208,0.020781817
5209,0.024615025
5210,0.020781817
5211,0.020781817
5212,0.020781817
5213,0.020781817
5214,0.020781817
5215,0.03150344
5216,0.020781817
5217,0.020781817
5218,0.02352752
5219,0.020781817
5220,0.020781817
5221,0.020781817
5222,0.020781817
5223,0.020781817
5224,0.25947595
5225,0.4550446
5226,0.024049392
5227,0.020781817
5228,0.026865978
5229,0.020781817
5230,0.020781817
5231,0.020781817
5232,0.020781817
5233,0.020781817
5234,0.02093497
5235,0.45241892
5236,0.01948532
5237,0.020781817
5238,0.020781817
5239,0.020781817
5240,0.020781817
5241,0.02897811
5242,0.020781817
5243,0.021905974
5244,0.43971154
5245,0.020781817
5246,0.028393006
5247,0.020781817
5248,0.020781817
5249,0.020781817
5250,0.020781817
5251,0.020781817
5252,0.020781817
5253,0.020781817
5254,0.020781817
5255,0.020781817
5256,0.020781817
5257,0.020781817
5258,0.020781817
5259,0.021697389
5260,0.020781817
5261,0.020781817
5262,0.020781817
5263,0.020781817
5264,0.021509655
5265,0.020781817
5266,0.020781817
5267,0.49938747
5268,0.020781817
5269,0.022561507
5270,0.020781817
5271,0.020781817
5272,0.020781817
5273,0.51364815
5274,0.020781817
5275,0.020781817
5276,0.020781817
5277,0.02413479
5278,0.020781817
5279,0.021669976
5280,0.020781817
5281,0.020781817
5282,0.020781817
5283,0.41299587
5284,0.020781817
5285,0.020781817
5286,0.020781817
5287,0.020781817
5288,0.020781817
5289,0.030895475
5290,0.020781817
5291,0.026473457
5292,0.020781817
5293,0.020781817
5294,0.020781817
5295,0.020781817
5296,0.032379035
5297,0.020781817
5298,0.020781817
5299,0.020781817
5300,0.020781817
5301,0.020781817
5302,0.020781817
5303,0.020781817
5304,0.2376399
5305,0.020781817
5306,0.01463359
5307,0.020781817
5308,0.020781817
5309,0.020781817
5310,0.020781817
5311,0.020781817
5312,0.020781817
5313,0.020781817
5314,0.020781817
5315,0.020781817
5316,0.020781817
5317,0.020781817
5318,0.020781817
5319,0.020781817
5320,0.024139978
5321,0.020781817
5322,0.030397195
5323,0.020781817
5324,0.02154939
5325,0.020781817
5326,0.031582136
5327,0.017624415
5328,0.028885426
5329,0.020781817
5330,0.020781817
5331,0.02864672
5332,0.020781817
5333,0.020781817
5334,0.020781817
5335,0.020781817
5336,0.020781817
5337,0.022940734
5338,0.020781817
5339,0.020781817
5340,0.020781817
5341,0.020781817
5342,0.020781817
5343,0.020781817
5344,0.020781817
5345,0.020781817
5346,0.020781817
5347,0.020781817
5348,0.020781817
5349,0.020781817
5350,0.020781817
5351,0.020872382
5352,0.020781817
5353,0.020781817
5354,0.020781817
5355,0.020781817
5356,0.020781817
5357,0.020781817
5358,0.020781817
5359,0.020781817
5360,0.020781817
5361,0.020781817
5362,0.025434548
5363,0.020781817
5364,0.020781817
5365,0.020781817
5366,0.020781817
5367,0.020781817
5368,0.020781817
5369,0.020781817
5370,0.020010684
5371,0.020781817
5372,0.020781817
5373,0.020781817
5374,0.020781817
5375,0.020781817
5376,0.020781817
5377,0.020781817
5378,0.01463359
5379,0.037533153
5380,0.020781817
5381,0.020781817
5382,0.020781817
5383,0.020781817
5384,0.020781817
5385,0.020781817
5386,0.020781817
5387,0.020781817
5388,0.020781817
5389,0.020781817
5390,0.020781817
5391,0.020781817
5392,0.020781817
5393,0.020781817
5394,0.020781817
5395,0.020781817
5396,0.020781817
5397,0.020781817
5398,0.026865978
5399,0.020781817
5400,0.02897811
5401,0.020781817
5402,0.020781817
5403,0.020781817
5404,0.020781817
5405,0.020781817
5406,0.020781817
5407,0.020781817
5408,0.02173847
5409,0.020781817
5410,0.020781817
5411,0.020781817
5412,0.020781817
5413,0.42873013
5414,0.42978436
5415,0.020781817
5416,0.020781817
5417,0.24653944
5418,0.030895475
5419,0.2526931
5420,0.020781817
5421,0.022628315
5422,0.020781817
5423,0.020598413
5424,0.020781817
5425,0.020781817
5426,0.02864672
5427,0.020781817
5428,0.2503229
5429,0.020781817
5430,0.4886279
5431,0.020781817
5432,0.020781817
5433,0.24429095
5434,0.020781817
5435,0.020781817
5436,0.020781817
5437,0.020781817
5438,0.020781817
5439,0.020781817
5440,0.24459466
5441,0.020781817
5442,0.4228367
5443,0.4450804
5444,0.020781817
5445,0.026921976
5446,0.022826543
5447,0.020781817
5448,0.020781817
5449,0.020781817
5450,0.020781817
5451,0.020781817
5452,0.021769114
5453,0.4273773
5454,0.023803487
5455,0.24422139
5456,0.5305438
5457,0.24459466
5458,0.02897811
5459,0.5402684
5460,0.020781817
5461,0.25126946
5462,0.020781817
5463,0.020781817
5464,0.020781817
5465,0.020781817
5466,0.020781817
5467,0.028549189
5468,0.020781817
5469,0.022668952
5470,0.4073134
5471,0.020781817
5472,0.020781817
5473,0.020781817
5474,0.020781817
5475,0.020781817
5476,0.020781817
5477,0.020781817
5478,0.020781817
5479,0.020781817
5480,0.020781817
5481,0.020781817
5482,0.25626752
5483,0.020781817
5484,0.25486755
5485,0.020781817
5486,0.020781817
5487,0.020781817
5488,0.020781817
5489,0.030448478
5490,0.44874966
5491,0.020781817
5492,0.020781817
5493,0.24889514
5494,0.020781817
5495,0.020781817
5496,0.020781817
5497,0.020781817
5498,0.020781817
5499,0.020781817
5500,0.020781817
5501,0.020781817
5502,0.020781817
5503,0.020781817
5504,0.022624552
5505,0.24912816
5506,0.25464377
5507,0.020781817
5508,0.020781817
5509,0.020781817
5510,0.020781817
5511,0.020781817
5512,0.020781817
5513,0.020781817
5514,0.24493133
5515,0.020781817
5516,0.020781817
5517,0.020781817
5518,0.020781817
5519,0.020781817
5520,0.24459466
5521,0.44581074
5522,0.020781817
5523,0.020781817
5524,0.020781817
5525,0.020781817
5526,0.020781817
5527,0.030735543
5528,0.020781817
5529,0.020781817
5530,0.021770366
5531,0.25667223
5532,0.020781817
5533,0.022642458
5534,0.020781817
5535,0.020781817
5536,0.020781817
5537,0.020781817
5538,0.020781817
5539,0.020781817
5540,0.020781817
5541,0.24604811
5542,0.020781817
5543,0.020781817
5544,0.020781817
5545,0.020781817
5546,0.020781817
5547,0.025639929
5548,0.020781817
5549,0.020781817
5550,0.020781817
5551,0.020781817
5552,0.022511097
5553,0.031775642
5554,0.020781817
5555,0.020781817
5556,0.020781817
5557,0.020781817
5558,0.020781817
5559,0.020781817
5560,0.020781817
5561,0.020781817
5562,0.020781817
5563,0.020781817
5564,0.020781817
5565,0.020781817
5566,0.020781817
5567,0.020781817
5568,0.020781817
5569,0.023514466
5570,0.020781817
5571,0.24702471
5572,0.020781817
5573,0.020781817
5574,0.020781817
5575,0.020781817
5576,0.020781817
5577,0.021891875
5578,0.020781817
5579,0.5159946
5580,0.023038212
5581,0.020781817
5582,0.020781817
5583,0.020781817
5584,0.020781817
5585,0.020781817
5586,0.020781817
5587,0.020781817
5588,0.020781817
5589,0.020781817
5590,0.020781817
5591,0.020781817
5592,0.020781817
5593,0.020781817
5594,0.020781817
5595,0.020781817
5596,0.020781817
5597,0.020781817
5598,0.25329855
5599,0.45141733
5600,0.020781817
5601,0.020781817
5602,0.020781817
5603,0.020781817
5604,0.020781817
5605,0.020781817
5606,0.020781817
5607,0.022783864
5608,0.020781817
5609,0.020781817
5610,0.020781817
5611,0.020781817
5612,0.020781817
5613,0.020781817
5614,0.021859542
5615,0.020781817
5616,0.020781817
5617,0.020781817
5618,0.020781817
5619,0.020781817
5620,0.020781817
5621,0.020781817
5622,0.020781817
5623,0.020781817
5624,0.021248197
5625,0.020781817
5626,0.25878853
5627,0.0195184
5628,0.021659905
5629,0.020781817
5630,0.020781817
5631,0.020781817
5632,0.020781817
5633,0.020781817
5634,0.020781817
5635,0.020781817
5636,0.020781817
5637,0.020781817
5638,0.020781817
5639,0.020781817
5640,0.020781817
5641,0.020781817
5642,0.029463846
5643,0.020781817
5644,0.020781817
5645,0.020781817
5646,0.020781817
5647,0.020781817
5648,0.020781817
5649,0.021963876
5650,0.41077614
5651,0.020781817
5652,0.021052612
5653,0.020781817
5654,0.24323033
5655,0.020781817
5656,0.020781817
5657,0.020781817
5658,0.020781817
5659,0.020781817
5660,0.24397579
5661,0.020781817
5662,0.020781817
5663,0.020781817
5664,0.020781817
5665,0.020781817
5666,0.020781817
5667,0.020781817
5668,0.020781817
5669,0.020781817
5670,0.020781817
5671,0.020781817
5672,0.020781817
5673,0.020781817
5674,0.022732642
5675,0.44398797
5676,0.026383875
5677,0.020781817
5678,0.24707074
5679,0.020781817
5680,0.24694695
5681,0.02083422
5682,0.020781817
5683,0.020781817
5684,0.020781817
5685,0.020781817
5686,0.03219579
5687,0.020781817
5688,0.051677883
5689,0.020781817
5690,0.020781817
5691,0.020781817
5692,0.020781817
5693,0.020781817
5694,0.020781817
5695,0.020781817
5696,0.025747323
5697,0.025535481
5698,0.020781817
5699,0.020781817
5700,0.020781817
5701,0.020781817
5702,0.027102653
5703,0.24027538
5704,0.020781817
5705,0.020781817
5706,0.020781817
5707,0.020781817
5708,0.5385323
5709,0.020781817
5710,0.023001097
5711,0.43878967
5712,0.24027877
5713,0.020781817
5714,0.020781817
5715,0.020781817
5716,0.020781817
5717,0.031050231
5718,0.2498529
5719,0.020781817
5720,0.020781817
5721,0.24423113
5722,0.029055288
5723,0.024532385
5724,0.030473437
5725,0.24389115
5726,0.020781817
5727,0.020781817
5728,0.020781817
5729,0.020781817
5730,0.24809538
5731,0.50687766
5732,0.020781817
5733,0.020781817
5734,0.5050142
5735,0.020781817
5736,0.020781817
5737,0.26263645
5738,0.020781817
5739,0.020781817
5740,0.020781817
5741,0.020781817
5742,0.020781817
5743,0.020781817
5744,0.245704
5745,0.020781817
5746,0.020781817
5747,0.020781817
5748,0.025599267
5749,0.02658003
5750,0.51311505
5751,0.24327041
5752,0.020781817
5753,0.25918898
5754,0.4878905
5755,0.2558906
5756,0.5343863
5757,0.44641507
5758,0.5220041
5759,0.020781817
5760,0.027980179
5761,0.020781817
5762,0.020781817
5763,0.02724465
5764,0.020781817
5765,0.020781817
5766,0.020781817
5767,0.020781817
5768,0.020781817
5769,0.020781817
5770,0.020781817
5771,0.020781817
5772,0.020781817
5773,0.020781817
5774,0.020781817
5775,0.020781817
5776,0.24756
5777,0.020781817
5778,0.020781817
5779,0.020781817
5780,0.25449774
5781,0.24459466
5782,0.53526
5783,0.5119547
5784,0.52797335
5785,0.020781817
5786,0.020781817
5787,0.020781817
5788,0.020781817
5789,0.24590231
5790,0.020781817
5791,0.020781817
5792,0.020781817
5793,0.020781817
5794,0.020781817
5795,0.020781817
5796,0.020781817
5797,0.2479002
5798,0.020781817
5799,0.020781817
5800,0.020781817
5801,0.020781817
5802,0.020781817
5803,0.020781817
5804,0.020781817
5805,0.026383875
5806,0.020781817
5807,0.023991775
5808,0.020781817
5809,0.020781817
5810,0.47799233
5811,0.5729912
5812,0.5276285
5813,0.020781817
5814,0.24459466
5815,0.020781817
5816,0.02131233
5817,0.020781817
5818,0.25364533
5819,0.020781817
5820,0.020781817
5821,0.020781817
5822,0.021841342
5823,0.2481011
5824,0.020781817
5825,0.40657505
5826,0.23543704
5827,0.020897847
5828,0.023495955
5829,0.020781817
5830,0.020781817
5831,0.020781817
5832,0.020781817
5833,0.020781817
5834,0.02255288
5835,0.022741789
5836,0.020781817
5837,0.020781817
5838,0.020781817
5839,0.49337387
5840,0.8297083
5841,0.53711045
5842,0.02267177
5843,0.020781817
5844,0.45231462
5845,0.029801173
5846,0.020781817
5847,0.020781817
5848,0.020781817
5849,0.020781817
5850,0.020781817
5851,0.020781817
5852,0.48733306
5853,0.5865812
5854,0.020781817
5855,0.020781817
5856,0.025256276
5857,0.020781817
5858,0.020781817
5859,0.25380945
5860,0.020781817
5861,0.020781817
5862,0.020781817
5863,0.020781817
5864,0.021562992
5865,0.020781817
5866,0.4460292
5867,0.48390207
5868,0.25481522
5869,0.020781817
5870,0.020781817
5871,0.020781817
5872,0.020781817
5873,0.024107024
5874,0.020781817
5875,0.020781817
5876,0.020781817
5877,0.020781817
5878,0.020781817
5879,0.020781817
5880,0.020781817
5881,0.25026807
5882,0.65003407
5883,0.5415417
5884,0.25769463
5885,0.020904776
5886,0.022154761
5887,0.24470823
5888,0.3870223
5889,0.24707074
5890,0.020781817
5891,0.020781817
5892,0.020781817
5893,0.032846354
5894,0.2585572
5895,0.020781817
5896,0.0523056
5897,0.24645188
5898,0.029669955
5899,0.55978686
5900,0.023801185
5901,0.020781817
5902,0.02469268
5903,0.0237726
5904,0.020781817
5905,0.020781817
5906,0.021072546
5907,0.020781817
5908,0.020781817
5909,0.020781817
5910,0.020781817
5911,0.02383189
5912,0.4401252
5913,0.24423113
5914,0.5177931
5915,0.39750034
5916,0.025066392
5917,0.023111386
5918,0.24209028
5919,0.030425316
5920,0.020781817
5921,0.020781817
5922,0.51749516
5923,0.50727487
5924,0.020781817
5925,0.44210806
5926,0.5684252
5927,0.020781817
5928,0.021617634
5929,0.020781817
5930,0.020781817
5931,0.020781817
5932,0.020781817
5933,0.020781817
5934,0.026383875
5935,0.020781817
5936,0.020781817
5937,0.023347283
5938,0.24269418
5939,0.68599916
5940,0.43879768
5941,0.45151442
5942,0.44283128
5943,0.020781817
5944,0.020781817
5945,0.020781817
5946,0.02587107
5947,0.24380861
5948,0.020781817
5949,0.020781817
5950,0.027342081
5951,0.020781817
5952,0.02764271
5953,0.020781817
5954,0.020781817
5955,0.022572236
5956,0.020781817
5957,0.020781817
5958,0.020781817
5959,0.020781817
5960,0.020781817
5961,0.020781817
5962,0.020781817
5963,0.020781817
5964,0.24245773
5965,0.25112444
5966,0.50966793
5967,0.57269675
5968,0.54618096
5969,0.24445416
5970,0.020781817
5971,0.020781817
5972,0.020781817
5973,0.020781817
5974,0.020781817
5975,0.020781817
5976,0.020781817
5977,0.020781817
5978,0.53272146
5979,0.24653944
5980,0.020781817
5981,0.020781817
5982,0.020781817
5983,0.021878593
5984,0.020781817
5985,0.020781817
5986,0.020481499
5987,0.020781817
5988,0.020781817
5989,0.020781817
5990,0.020781817
5991,0.020781817
5992,0.020781817
5993,0.5121876
5994,0.42303044
5995,0.022188492
5996,0.6796334
5997,0.4090728
5998,0.4016696
5999,0.24323033
6000,0.020781817
6001,0.020781817
6002,0.020781817
6003,0.020781817
6004,0.020781817
6005,0.020781817
6006,0.020781817
6007,0.4876891
6008,0.24930933
6009,0.24869592
6010,0.020781817
6011,0.021078032
6012,0.02322607
6013,0.0225661
6014,0.023405077
6015,0.020781817
6016,0.020781817
6017,0.020781817
6018,0.020781817
6019,0.60695875
6020,0.53431904
6021,0.5267641
6022,0.026423952
6023,0.24238028
6024,0.029095631
6025,0.020781817
6026,0.020781817
6027,0.020781817
6028,0.02141837
6029,0.021104261
6030,0.020781817
6031,0.24539867
6032,0.020781817
6033,0.020781817
6034,0.2417198
6035,0.020781817
6036,0.020781817
6037,0.020781817
6038,0.037279617
6039,0.020781817
6040,0.011564023
6041,0.2471063
6042,0.025528053
6043,0.020781817
6044,0.020781817
6045,0.020781817
6046,0.020781817
6047,0.020781817
6048,0.020781817
6049,0.021335345
6050,0.020781817
6051,0.020781817
6052,0.020781817
6053,0.020781817
6054,0.4412175
6055,0.020781817
6056,0.020781817
6057,0.020781817
6058,0.020781817
6059,0.020781817
6060,0.023117732
6061,0.020781817
6062,0.020781817
6063,0.025639929
6064,0.020781817
6065,0.034472343
6066,0.46719348
6067,0.43843636
6068,0.020781817
6069,0.020781817
6070,0.020781817
6071,0.020781817
6072,0.020781817
6073,0.020781817
6074,0.029384814
6075,0.020781817
6076,0.020781817
6077,0.020781817
6078,0.020781817
6079,0.020781817
6080,0.020781817
6081,0.020781817
6082,0.4394468
6083,0.020781817
6084,0.020781817
6085,0.020781817
6086,0.020781817
6087,0.020781817
6088,0.4377597
6089,0.020781817
6090,0.02421289
6091,0.020781817
6092,0.020781817
6093,0.020781817
6094,0.027106678
6095,0.020781817
6096,0.020781817
6097,0.020781817
6098,0.248434
6099,0.020781817
6100,0.020781817
6101,0.020781817
6102,0.02416575
6103,0.020781817
6104,0.020781817
6105,0.020781817
6106,0.020781817
6107,0.020781817
6108,0.382275
6109,0.020781817
6110,0.011302888
6111,0.020781817
6112,0.020781817
6113,0.020781817
6114,0.020781817
6115,0.24994363
6116,0.020781817
6117,0.24297602
6118,0.020781817
6119,0.020781817
6120,0.020781817
6121,0.020781817
6122,0.020781817
6123,0.25216174
6124,0.023261307
6125,0.020781817
6126,0.020781817
6127,0.020781817
6128,0.020781817
6129,0.020781817
6130,0.26027447
6131,0.53109306
6132,0.029281652
6133,0.020781817
6134,0.020781817
6135,0.020781817
6136,0.020781817
6137,0.020781817
6138,0.020781817
6139,0.02142117
6140,0.5842965
6141,0.020781817
6142,0.020781817
6143,0.020781817
6144,0.020781817
6145,0.020781817
6146,0.020781817
6147,0.021447925
6148,0.42826676
6149,0.020781817
6150,0.027087858
6151,0.020781817
6152,0.02897811
6153,0.020781817
6154,0.020781817
6155,0.020781817
6156,0.020781817
6157,0.020781817
6158,0.020781817
6159,0.020781817
6160,0.020781817
6161,0.020781817
6162,0.020781817
6163,0.021144373
6164,0.020781817
6165,0.020781817
6166,0.020781817
6167,0.020781817
6168,0.020781817
6169,0.021509655
6170,0.020781817
6171,0.020781817
6172,0.41763446
6173,0.020781817
6174,0.02264885
6175,0.020781817
6176,0.020781817
6177,0.020781817
6178,0.5087683
6179,0.020781817
6180,0.0152352
6181,0.020781817
6182,0.028885426
6183,0.020781817
6184,0.022576198
6185,0.020781817
6186,0.020781817
6187,0.021669976
6188,0.020781817
6189,0.020781817
6190,0.44271454
6191,0.020781817
6192,0.025639929
6193,0.020781817
6194,0.020781817
6195,0.020781817
6196,0.020781817
6197,0.020781817
6198,0.026473457
6199,0.020781817
6200,0.020781817
6201,0.020781817
6202,0.020781817
6203,0.029997468
6204,0.020781817
6205,0.020781817
6206,0.020781817
6207,0.020781817
6208,0.020781817
6209,0.020781817
6210,0.020781817
6211,0.2482679
6212,0.020781817
6213,0.020781817
6214,0.020781817
6215,0.020781817
6216,0.020781817
6217,0.020781817
6218,0.020781817
6219,0.020781817
6220,0.026865978
6221,0.020781817
6222,0.020781817
6223,0.020781817
6224,0.020781817
6225,0.020781817
6226,0.023006745
6227,0.020781817
6228,0.020781817
6229,0.021788172
6230,0.020781817
6231,0.03069143
6232,0.031044746
6233,0.020781817
6234,0.020781817
6235,0.020781817
6236,0.020781817
6237,0.020781817
6238,0.020781817
6239,0.020781817
6240,0.020781817
6241,0.022940734
6242,0.020781817
6243,0.020781817
6244,0.020781817
6245,0.020781817
6246,0.020781817
6247,0.030360337
6248,0.020781817
6249,0.020781817
6250,0.020781817
6251,0.020781817
6252,0.020781817
6253,0.01463359
6254,0.020781817
6255,0.020781817
6256,0.020781817
6257,0.020781817
6258,0.020781817
6259,0.020781817
6260,0.020781817
6261,0.020781817
6262,0.020872382
6263,0.020781817
6264,0.020781817
6265,0.020781817
6266,0.020781817
6267,0.020781817
6268,0.020781817
6269,0.020781817
6270,0.020781817
6271,0.020781817
6272,0.020781817
6273,0.025434548
6274,0.020781817
6275,0.020781817
6276,0.020781817
6277,0.020781817
6278,0.020781817
6279,0.020781817
6280,0.020781817
6281,0.020781817
6282,0.020781817
6283,0.020781817
6284,0.020781817
6285,0.020010684
6286,0.020781817
6287,0.020781817
6288,0.020781817
6289,0.020781817
6290,0.037533153
6291,0.020781817
6292,0.028885426
6293,0.020781817
6294,0.020781817
6295,0.020781817
6296,0.020781817
6297,0.020781817
6298,0.020781817
6299,0.020781817
6300,0.020781817
6301,0.020781817
6302,0.020781817
6303,0.020781817
6304,0.020781817
6305,0.020781817
6306,0.020781817
6307,0.020781817
6308,0.032838624
6309,0.032838624
6310,0.032838624
6311,0.032838624
6312,0.032838624
6313,0.032838624
6314,0.032838624
6315,0.032838624
6316,0.032838624
6317,0.032838624
6318,0.032838624
6319,0.032838624
6320,0.032838624
6321,0.04033092
6322,0.032838624
6323,0.032838624
6324,0.5231529
6325,0.50510544
6326,0.032838624
6327,0.54487354
6328,0.032838624
6329,0.26151243
6330,0.25414386
6331,0.034685116
6332,0.032838624
6333,0.03265522
6334,0.032838624
6335,0.032838624
6336,0.032838624
6337,0.26838502
6338,0.032838624
6339,0.5688176
6340,0.032838624
6341,0.03337339
6342,0.032838624
6343,0.032838624
6344,0.032838624
6345,0.032838624
6346,0.032838624
6347,0.032838624
6348,0.032838624
6349,0.032838624
6350,0.5155141
6351,0.5108673
6352,0.032342013
6353,0.032838624
6354,0.038978778
6355,0.034883346
6356,0.032838624
6357,0.032838624
6358,0.032838624
6359,0.032838624
6360,0.032838624
6361,0.032838624
6362,0.033825908
6363,0.03714392
6364,0.50376683
6365,0.035860296
6366,0.25401187
6367,0.45412973
6368,0.032838624
6369,0.032838624
6370,0.4577344
6371,0.032838624
6372,0.032838624
6373,0.25936505
6374,0.032838624
6375,0.032838624
6376,0.032838624
6377,0.032838624
6378,0.032838624
6379,0.25696158
6380,0.04060598
6381,0.039149467
6382,0.03472576
6383,0.5576668
6384,0.032838624
6385,0.032838624
6386,0.032838624
6387,0.032838624
6388,0.032838624
6389,0.032838624
6390,0.032838624
6391,0.032838624
6392,0.032838624
6393,0.032838624
6394,0.05230466
6395,0.50925595
6396,0.032838624
6397,0.032838624
6398,0.032838624
6399,0.032838624
6400,0.032838624
6401,0.039450917
6402,0.4557167
6403,0.036708333
6404,0.032838624
6405,0.25514466
6406,0.4469609
6407,0.032838624
6408,0.032838624
6409,0.032838624
6410,0.032838624
6411,0.032838624
6412,0.032838624
6413,0.019204272
6414,0.032838624
6415,0.032838624
6416,0.034681354
6417,0.4494401
6418,0.46783423
6419,0.032838624
6420,0.50337416
6421,0.032838624
6422,0.032838624
6423,0.032838624
6424,0.032838624
6425,0.2586626
6426,0.032838624
6427,0.032838624
6428,0.032838624
6429,0.032838624
6430,0.032838624
6431,0.032838624
6432,0.446727
6433,0.03524946
6434,0.015740154
6435,0.032838624
6436,0.032838624
6437,0.032838624
6438,0.032838624
6439,0.032838624
6440,0.03766273
6441,0.041390598
6442,0.032838624
6443,0.03469926
6444,0.032838624
6445,0.032838624
6446,0.032838624
6447,0.032838624
6448,0.032838624
6449,0.032838624
6450,0.038309384
6451,0.2530238
6452,0.032838624
6453,0.032838624
6454,0.032838624
6455,0.032838624
6456,0.032838624
6457,0.032838624
6458,0.032838624
6459,0.034233753
6460,0.032838624
6461,0.032838624
6462,0.032838624
6463,0.032838624
6464,0.03424701
6465,0.042268388
6466,0.032838624
6467,0.032838624
6468,0.032838624
6469,0.032838624
6470,0.032838624
6471,0.032838624
6472,0.032838624
6473,0.032838624
6474,0.03534214
6475,0.032838624
6476,0.032838624
6477,0.032838624
6478,0.032838624
6479,0.032838624
6480,0.032838624
6481,0.032838624
6482,0.26309168
6483,0.25766093
6484,0.038522143
6485,0.032838624
6486,0.032838624
6487,0.032838624
6488,0.032838624
6489,0.032838624
6490,0.012930221
6491,0.016397182
6492,0.032855347
6493,0.032838624
6494,0.53737426
6495,0.035095025
6496,0.032838624
6497,0.032838624
6498,0.032838624
6499,0.032838624
6500,0.032838624
6501,0.032838624
6502,0.032838624
6503,0.032838624
6504,0.032838624
6505,0.032838624
6506,0.032838624
6507,0.032838624
6508,0.032838624
6509,0.032838624
6510,0.032838624
6511,0.032838624
6512,0.032838624
6513,0.26554245
6514,0.55624497
6515,0.032838624
6516,0.032838624
6517,0.032838624
6518,0.032838624
6519,0.032838624
6520,0.032838624
6521,0.032838624
6522,0.033847116
6523,0.032838624
6524,0.032838624
6525,0.032838624
6526,0.032838624
6527,0.032838624
6528,0.032838624
6529,0.032838624
6530,0.033916343
6531,0.032838624
6532,0.032838624
6533,0.032838624
6534,0.032838624
6535,0.032838624
6536,0.032838624
6537,0.032838624
6538,0.032838624
6539,0.032838624
6540,0.033305004
6541,0.032838624
6542,0.4670009
6543,0.034253392
6544,0.035732877
6545,0.032838624
6546,0.032838624
6547,0.032838624
6548,0.032838624
6549,0.032838624
6550,0.032838624
6551,0.032838624
6552,0.032838624
6553,0.032838624
6554,0.032838624
6555,0.032838624
6556,0.032838624
6557,0.032838624
6558,0.032838624
6559,0.032838624
6560,0.032838624
6561,0.032838624
6562,0.032838624
6563,0.032838624
6564,0.032838624
6565,0.032838624
6566,0.033898175
6567,0.41469714
6568,0.032838624
6569,0.03310942
6570,0.032838624
6571,0.032838624
6572,0.032838624
6573,0.032838624
6574,0.032838624
6575,0.032838624
6576,0.032838624
6577,0.2553026
6578,0.032838624
6579,0.038309384
6580,0.032838624
6581,0.032838624
6582,0.032838624
6583,0.032838624
6584,0.032838624
6585,0.032838624
6586,0.032838624
6587,0.032838624
6588,0.034789447
6589,0.45467243
6590,0.032838624
6591,0.032838624
6592,0.53964853
6593,0.032838624
6594,0.25402412
6595,0.2570568
6596,0.032838624
6597,0.032838624
6598,0.032838624
6599,0.04472571
6600,0.032838624
6601,0.06412201
6602,0.032838624
6603,0.032838624
6604,0.032838624
6605,0.032838624
6606,0.032838624
6607,0.032838624
6608,0.032838624
6609,0.032838624
6610,0.038132314
6611,0.03706634
6612,0.032838624
6613,0.032838624
6614,0.032838624
6615,0.032838624
6616,0.039645325
6617,0.24978094
6618,0.032838624
6619,0.032838624
6620,0.032838624
6621,0.032838624
6622,0.032838624
6623,0.032838624
6624,0.44244635
6625,0.032838624
6626,0.032509305
6627,0.44446206
6628,0.2460024
6629,0.032838624
6630,0.032838624
6631,0.032838624
6632,0.032838624
6633,0.032838624
6634,0.2647497
6635,0.26864958
6636,0.032838624
6637,0.032838624
6638,0.25354707
6639,0.043732338
6640,0.037106935
6641,0.049009904
6642,0.41416776
6643,0.032838624
6644,0.032838624
6645,0.032838624
6646,0.032838624
6647,0.032838624
6648,0.5269456
6649,0.5958566
6650,0.032838624
6651,0.032838624
6652,0.52833825
6653,0.032838624
6654,0.032838624
6655,0.26123822
6656,0.032838624
6657,0.032838624
6658,0.032838624
6659,0.032838624
6660,0.032838624
6661,0.5373162
6662,0.032838624
6663,0.032838624
6664,0.24517933
6665,0.037377547
6666,0.24484406
6667,0.52426213
6668,0.25702342
6669,0.0547082
6670,0.5527812
6671,0.263137
6672,0.47988194
6673,0.4199522
6674,0.41803783
6675,0.032838624
6676,0.032838624
6677,0.03899051
6678,0.032838624
6679,0.032838624
6680,0.032838624
6681,0.032838624
6682,0.032838624
6683,0.032838624
6684,0.032838624
6685,0.032838624
6686,0.032838624
6687,0.032838624
6688,0.032838624
6689,0.032838624
6690,0.032838624
6691,0.25889614
6692,0.032838624
6693,0.032838624
6694,0.032838624
6695,0.046653513
6696,0.032838624
6697,0.25414386
6698,0.48749506
6699,0.5354374
6700,0.43487224
6701,0.032838624
6702,0.032838624
6703,0.032838624
6704,0.032838624
6705,0.25923106
6706,0.032838624
6707,0.032838624
6708,0.038309384
6709,0.032838624
6710,0.032838624
6711,0.032838624
6712,0.032838624
6713,0.032838624
6714,0.25760856
6715,0.032838624
6716,0.032838624
6717,0.032838624
6718,0.032838624
6719,0.032838624
6720,0.032838624
6721,0.032838624
6722,0.25354707
6723,0.013089277
6724,0.032838624
6725,0.034933694
6726,0.032838624
6727,0.2543447
6728,0.56712174
6729,0.6210964
6730,0.56569797
6731,0.032838624
6732,0.25354707
6733,0.032838624
6734,0.25407758
6735,0.032838624
6736,0.26148927
6737,0.032838624
6738,0.032838624
6739,0.032838624
6740,0.032838624
6741,0.03389815
6742,0.26111746
6743,0.032838624
6744,0.52422917
6745,0.24056137
6746,0.032954656
6747,0.03415482
6748,0.032838624
6749,0.032838624
6750,0.032838624
6751,0.032838624
6752,0.032838624
6753,0.034609687
6754,0.036642198
6755,0.032838624
6756,0.032838624
6757,0.032838624
6758,0.5668177
6759,0.7469586
6760,0.71043587
6761,0.034728575
6762,0.032838624
6763,0.25584447
6764,0.032838624
6765,0.041857973
6766,0.032838624
6767,0.032838624
6768,0.032838624
6769,0.032838624
6770,0.032838624
6771,0.032838624
6772,0.032838624
6773,0.49446338
6774,0.5573592
6775,0.032838624
6776,0.032838624
6777,0.037261542
6778,0.032838624
6779,0.032838624
6780,0.5237199
6781,0.032838624
6782,0.032838624
6783,0.032838624
6784,0.032838624
6785,0.034318995
6786,0.032838624
6787,0.032838624
6788,0.45392904
6789,0.42567256
6790,0.2653891
6791,0.032838624
6792,0.032838624
6793,0.032838624
6794,0.032838624
6795,0.26068783
6796,0.032838624
6797,0.032838624
6798,0.032838624
6799,0.032838624
6800,0.032838624
6801,0.032838624
6802,0.26610148
6803,0.6479964
6804,0.45280695
6805,0.2647954
6806,0.032961585
6807,0.034211572
6808,0.25128877
6809,0.42894772
6810,0.2530238
6811,0.032838624
6812,0.032838624
6813,0.032838624
6814,0.043162756
6815,0.04297322
6816,0.032838624
6817,0.27761802
6818,0.26061416
6819,0.042223524
6820,0.62061495
6821,0.25758213
6822,0.032838624
6823,0.24755621
6824,0.0355729
6825,0.032838624
6826,0.032838624
6827,0.034090888
6828,0.032838624
6829,0.032838624
6830,0.032838624
6831,0.032838624
6832,0.040357746
6833,0.4308776
6834,0.25414386
6835,0.4265571
6836,0.5213832
6837,0.04365112
6838,0.033880368
6839,0.24437486
6840,0.04477966
6841,0.032838624
6842,0.032838624
6843,0.5759191
6844,0.25664335
6845,0.032838624
6846,0.4440032
6847,0.5211724
6848,0.015028227
6849,0.032838624
6850,0.033674438
6851,0.032838624
6852,0.032838624
6853,0.032838624
6854,0.032838624
6855,0.032838624
6856,0.032838624
6857,0.032838624
6858,0.032838624
6859,0.035404086
6860,0.5251521
6861,0.60572916
6862,0.4560106
6863,0.4319781
6864,0.52285606
6865,0.032838624
6866,0.032838624
6867,0.032838624
6868,0.04559514
6869,0.03641469
6870,0.032838624
6871,0.032838624
6872,0.032838624
6873,0.039699532
6874,0.032838624
6875,0.032838624
6876,0.034629036
6877,0.032838624
6878,0.032838624
6879,0.032838624
6880,0.032838624
6881,0.032838624
6882,0.032838624
6883,0.032838624
6884,0.032838624
6885,0.25863916
6886,0.25979173
6887,0.4442141
6888,0.59114665
6889,0.5732372
6890,0.4552404
6891,0.032838624
6892,0.032838624
6893,0.032838624
6894,0.032838624
6895,0.032838624
6896,0.032838624
6897,0.032838624
6898,0.45261374
6899,0.25270897
6900,0.032838624
6901,0.032838624
6902,0.032838624
6903,0.035902124
6904,0.032838624
6905,0.032838624
6906,0.032838624
6907,0.032838624
6908,0.032838624
6909,0.032838624
6910,0.032838624
6911,0.032838624
6912,0.5635445
6913,0.4522736
6914,0.041226987
6915,0.6386729
6916,0.5283427
6917,0.45114592
6918,0.032838624
6919,0.032838624
6920,0.032838624
6921,0.032838624
6922,0.032838624
6923,0.032838624
6924,0.032838624
6925,0.032838624
6926,0.551167
6927,0.25965133
6928,0.53049326
6929,0.032838624
6930,0.033332374
6931,0.035282876
6932,0.034622908
6933,0.03546188
6934,0.032838624
6935,0.032838624
6936,0.032838624
6937,0.23914556
6938,0.5074586
6939,0.5124833
6940,0.5781003
6941,0.26024
6942,0.5128379
6943,0.04352757
6944,0.032838624
6945,0.032838624
6946,0.032838624
6947,0.032838624
6948,0.032838624
6949,0.03347518
6950,0.03340722
6951,0.032838624
6952,0.52507216
6953,0.032838624
6954,0.032838624
6955,0.44000536
6956,0.032838624
6957,0.012090572
6958,0.032838624
6959,0.032838624
6960,0.27719507
6961,0.032838624
6962,0.25996456
6963,0.2570375
6964,0.032838624
6965,0.032838624
6966,0.04033092
6967,0.032838624
6968,0.032838624
6969,0.032838624
6970,0.03339215
6971,0.032838624
6972,0.032838624
6973,0.032838624
6974,0.032838624
6975,0.260041
6976,0.032838624
6977,0.032838624
6978,0.032838624
6979,0.032838624
6980,0.035174537
6981,0.032838624
6982,0.032838624
6983,0.032838624
6984,0.032838624
6985,0.045708597
6986,0.42624542
6987,0.45539245
6988,0.032838624
6989,0.013166226
6990,0.032838624
6991,0.032838624
6992,0.032838624
6993,0.032838624
6994,0.039588604
6995,0.032838624
6996,0.032838624
6997,0.032838624
6998,0.032838624
6999,0.032838624
7000,0.032838624
7001,0.032838624
7002,0.44355097
7003,0.032838624
7004,0.032838624
7005,0.032838624
7006,0.032838624
7007,0.43353435
7008,0.032838624
7009,0.032838624
7010,0.032838624
7011,0.036949772
7012,0.032838624
7013,0.032838624
7014,0.032838624
7015,0.26489815
7016,0.032838624
7017,0.032838624
7018,0.032838624
7019,0.26376703
7020,0.032838624
7021,0.032838624
7022,0.03647341
7023,0.032838624
7024,0.032838624
7025,0.032838624
7026,0.032838624
7027,0.032838624
7028,0.2706703
7029,0.032838624
7030,0.03524946
7031,0.032838624
7032,0.032838624
7033,0.032838624
7034,0.032838624
7035,0.27508768
7036,0.032838624
7037,0.2576106
7038,0.032838624
7039,0.032838624
7040,0.032838624
7041,0.032838624
7042,0.032838624
7043,0.27026266
7044,0.032838624
7045,0.03708254
7046,0.032838624
7047,0.032838624
7048,0.032838624
7049,0.032838624
7050,0.032838624
7051,0.26969913
7052,0.4924483
7053,0.26812965
7054,0.032838624
7055,0.032838624
7056,0.032838624
7057,0.032838624
7058,0.032838624
7059,0.032838624
7060,0.032838624
7061,0.03299177
7062,0.5378168
7063,0.032838624
7064,0.032838624
7065,0.032838624
7066,0.032838624
7067,0.032838624
7068,0.032838624
7069,0.033962775
7070,0.4237611
7071,0.032838624
7072,0.039824203
7073,0.032838624
7074,0.032838624
7075,0.032838624
7076,0.032838624
7077,0.032838624
7078,0.032838624
7079,0.032838624
7080,0.032838624
7081,0.032838624
7082,0.032838624
7083,0.032838624
7084,0.032838624
7085,0.03423492
7086,0.032838624
7087,0.032838624
7088,0.032838624
7089,0.032838624
7090,0.032838624
7091,0.033566464
7092,0.032838624
7093,0.032838624
7094,0.56213313
7095,0.039053332
7096,0.034618314
7097,0.032838624
7098,0.032838624
7099,0.032838624
7100,0.032838624
7101,0.25685304
7102,0.032838624
7103,0.032838624
7104,0.03534214
7105,0.032838624
7106,0.033991687
7107,0.032838624
7108,0.0330132
7109,0.032838624
7110,0.032838624
7111,0.032838624
7112,0.46179786
7113,0.032838624
7114,0.032838624
7115,0.032838624
7116,0.032838624
7117,0.032838624
7118,0.032838624
7119,0.016034484
7120,0.038530257
7121,0.032838624
7122,0.032838624
7123,0.032838624
7124,0.04417739
7125,0.032838624
7126,0.032838624
7127,0.032838624
7128,0.032838624
7129,0.032838624
7130,0.032838624
7131,0.25531408
7132,0.25857493
7133,0.032838624
7134,0.03524946
7135,0.032838624
7136,0.032838624
7137,0.032838624
7138,0.032838624
7139,0.032838624
7140,0.032838624
7141,0.032838624
7142,0.032838624
7143,0.032838624
7144,0.032838624
7145,0.032838624
7146,0.032838624
7147,0.032838624
7148,0.032838624
7149,0.036196783
7150,0.032838624
7151,0.035328563
7152,0.04273833
7153,0.032838624
7154,0.032838624
7155,0.032838624
7156,0.032838624
7157,0.032838624
7158,0.032838624
7159,0.032838624
7160,0.032838624
7161,0.032838624
7162,0.032838624
7163,0.032838624
7164,0.032838624
7165,0.03499754
7166,0.032838624
7167,0.032838624
7168,0.032838624
7169,0.032838624
7170,0.032838624
7171,0.032838624
7172,0.032838624
7173,0.032838624
7174,0.032838624
7175,0.032838624
7176,0.032838624
7177,0.03524946
7178,0.032838624
7179,0.032838624
7180,0.032838624
7181,0.032838624
7182,0.032838624
7183,0.03534214
7184,0.012249574
7185,0.032838624
7186,0.03292919
7187,0.032838624
7188,0.032838624
7189,0.032838624
7190,0.032838624
7191,0.032838624
7192,0.032838624
7193,0.032838624
7194,0.032838624
7195,0.032838624
7196,0.032838624
7197,0.03534214
7198,0.036385205
7199,0.032838624
7200,0.032838624
7201,0.032838624
7202,0.032838624
7203,0.032838624
7204,0.032838624
7205,0.032838624
7206,0.032838624
7207,0.032838624
7208,0.032838624
7209,0.032067493
7210,0.032838624
7211,0.032838624
7212,0.032838624
7213,0.032838624
7214,0.032838624
7215,0.032838624
7216,0.032838624
7217,0.032838624
7218,0.047670282
7219,0.032838624
7220,0.032838624
7221,0.032838624
7222,0.032838624
7223,0.032838624
7224,0.038309384
7225,0.032838624
7226,0.032838624
7227,0.032838624
7228,0.032838624
7229,0.032838624
7230,0.032838624
7231,0.032838624
7232,0.032838624
7233,0.032838624
7234,0.032838624
7235,0.032838624
7236,0.022339948
7237,0.022339948
7238,0.022339948
7239,0.022339948
7240,0.022339948
7241,0.022339948
7242,0.022339948
7243,0.022339948
7244,0.022339948
7245,0.022339948
7246,0.022339948
7247,0.023296578
7248,0.022339948
7249,0.022339948
7250,0.022339948
7251,0.030765532
7252,0.022339948
7253,0.022339948
7254,0.022339948
7255,0.24449167
7256,0.4876061
7257,0.022339948
7258,0.022339948
7259,0.24780086
7260,0.022339948
7261,0.5275815
7262,0.022339948
7263,0.024186434
7264,0.022339948
7265,0.022339948
7266,0.024428265
7267,0.022339948
7268,0.022339948
7269,0.022339948
7270,0.035697494
7271,0.022339948
7272,0.53742987
7273,0.022339948
7274,0.022339948
7275,0.03565795
7276,0.021970669
7277,0.022339948
7278,0.022339948
7279,0.022339948
7280,0.022339948
7281,0.022339948
7282,0.022339948
7283,0.022339948
7284,0.022339948
7285,0.022339948
7286,0.022339948
7287,0.45332736
7288,0.4266237
7289,0.020971997
7290,0.022339948
7291,0.2511584
7292,0.024384663
7293,0.022339948
7294,0.022339948
7295,0.022339948
7296,0.022339948
7297,0.023327217
7298,0.43805394
7299,0.025361605
7300,0.43940187
7301,0.5208925
7302,0.022339948
7303,0.022339948
7304,0.43907142
7305,0.022339948
7306,0.25245416
7307,0.022339948
7308,0.022339948
7309,0.022339948
7310,0.022339948
7311,0.2483321
7312,0.03010729
7313,0.024787132
7314,0.022339948
7315,0.024227079
7316,0.5551008
7317,0.022339948
7318,0.022339948
7319,0.022339948
7320,0.022339948
7321,0.022339948
7322,0.022339948
7323,0.022339948
7324,0.022339948
7325,0.022339948
7326,0.022339948
7327,0.25636888
7328,0.037426125
7329,0.022339948
7330,0.022339948
7331,0.022339948
7332,0.022339948
7333,0.41183338
7334,0.02620964
7335,0.022339948
7336,0.51399076
7337,0.43903488
7338,0.022339948
7339,0.022339948
7340,0.022339948
7341,0.022339948
7342,0.022339948
7343,0.028871091
7344,0.022339948
7345,0.022339948
7346,0.015205136
7347,0.024182683
7348,0.24465135
7349,0.5041538
7350,0.015935527
7351,0.022339948
7352,0.022339948
7353,0.031986047
7354,0.022339948
7355,0.022339948
7356,0.022339948
7357,0.022339948
7358,0.250629
7359,0.022339948
7360,0.022339948
7361,0.028871091
7362,0.022339948
7363,0.022339948
7364,0.022339948
7365,0.022339948
7366,0.42950463
7367,0.026825037
7368,0.022339948
7369,0.022339948
7370,0.022339948
7371,0.022339948
7372,0.022339948
7373,0.022339948
7374,0.022339948
7375,0.022339948
7376,0.025238022
7377,0.031582665
7378,0.022339948
7379,0.024200588
7380,0.022339948
7381,0.022339948
7382,0.022339948
7383,0.022339948
7384,0.022339948
7385,0.022339948
7386,0.022339948
7387,0.24730955
7388,0.022339948
7389,0.022339948
7390,0.022339948
7391,0.022339948
7392,0.022339948
7393,0.022339948
7394,0.022339948
7395,0.022339948
7396,0.022339948
7397,0.022339948
7398,0.023748338
7399,0.24970362
7400,0.022339948
7401,0.022339948
7402,0.022339948
7403,0.022339948
7404,0.022339948
7405,0.022339948
7406,0.022339948
7407,0.022339948
7408,0.022339948
7409,0.022339948
7410,0.022339948
7411,0.022339948
7412,0.022339948
7413,0.022339948
7414,0.022339948
7415,0.022339948
7416,0.02650421
7417,0.022339948
7418,0.25215995
7419,0.022339948
7420,0.022339948
7421,0.022339948
7422,0.022339948
7423,0.022339948
7424,0.029449511
7425,0.02235667
7426,0.022339948
7427,0.44060245
7428,0.024596343
7429,0.022339948
7430,0.022339948
7431,0.022339948
7432,0.022339948
7433,0.022339948
7434,0.022339948
7435,0.022339948
7436,0.022339948
7437,0.022339948
7438,0.022339948
7439,0.022339948
7440,0.022339948
7441,0.022339948
7442,0.022339948
7443,0.24528842
7444,0.022339948
7445,0.022339948
7446,0.50173235
7447,0.4928006
7448,0.022339948
7449,0.022339948
7450,0.022339948
7451,0.022339948
7452,0.022339948
7453,0.022339948
7454,0.022339948
7455,0.022339948
7456,0.0248032
7457,0.022339948
7458,0.022339948
7459,0.022339948
7460,0.022339948
7461,0.022339948
7462,0.022339948
7463,0.022339948
7464,0.023417672
7465,0.022339948
7466,0.022339948
7467,0.022339948
7468,0.022339948
7469,0.022339948
7470,0.022339948
7471,0.022339948
7472,0.022339948
7473,0.022339948
7474,0.022806328
7475,0.022339948
7476,0.2611064
7477,0.025721248
7478,0.025202334
7479,0.022339948
7480,0.022339948
7481,0.022339948
7482,0.031986047
7483,0.022339948
7484,0.022339948
7485,0.022339948
7486,0.022339948
7487,0.022339948
7488,0.022339948
7489,0.022339948
7490,0.022339948
7491,0.022339948
7492,0.022339948
7493,0.022339948
7494,0.028963774
7495,0.022339948
7496,0.022339948
7497,0.022339948
7498,0.022339948
7499,0.022339948
7500,0.023522006
7501,0.50415534
7502,0.022339948
7503,0.022610743
7504,0.022339948
7505,0.022339948
7506,0.022339948
7507,0.022339948
7508,0.022339948
7509,0.022339948
7510,0.24625987
7511,0.022339948
7512,0.022339948
7513,0.022339948
7514,0.022339948
7515,0.022339948
7516,0.022339948
7517,0.022339948
7518,0.022339948
7519,0.022339948
7520,0.022339948
7521,0.022339948
7522,0.024290772
7523,0.52138954
7524,0.022339948
7525,0.022339948
7526,0.4876061
7527,0.022339948
7528,0.24473552
7529,0.25047448
7530,0.022339948
7531,0.022339948
7532,0.022339948
7533,0.022339948
7534,0.036914885
7535,0.022339948
7536,0.054765426
7537,0.022339948
7538,0.022339948
7539,0.022339948
7540,0.022339948
7541,0.022339948
7542,0.022339948
7543,0.022339948
7544,0.027846543
7545,0.027809761
7546,0.022339948
7547,0.022339948
7548,0.022339948
7549,0.022339948
7550,0.029394649
7551,0.24209008
7552,0.022339948
7553,0.022339948
7554,0.022339948
7555,0.022339948
7556,0.022339948
7557,0.5025344
7558,0.022339948
7559,0.024918696
7560,0.45390895
7561,0.24242945
7562,0.022339948
7563,0.022339948
7564,0.022339948
7565,0.022339948
7566,0.022339948
7567,0.022339948
7568,0.032608327
7569,0.028210232
7570,0.249684
7571,0.022339948
7572,0.24528842
7573,0.2513763
7574,0.02494084
7575,0.26149285
7576,0.4101685
7577,0.022339948
7578,0.022339948
7579,0.022339948
7580,0.022339948
7581,0.24901254
7582,0.46020332
7583,0.022339948
7584,0.022339948
7585,0.43197045
7586,0.022339948
7587,0.022339948
7588,0.26544797
7589,0.022339948
7590,0.022339948
7591,0.022339948
7592,0.022339948
7593,0.022339948
7594,0.022339948
7595,0.24776313
7596,0.022339948
7597,0.022339948
7598,0.24131642
7599,0.026878878
7600,0.028138148
7601,0.50919956
7602,0.02261214
7603,0.022339948
7604,0.24807926
7605,0.5204384
7606,0.25604185
7607,0.44629025
7608,0.43754396
7609,0.26247227
7610,0.022339948
7611,0.031986047
7612,0.028597381
7613,0.022339948
7614,0.022339948
7615,0.022339948
7616,0.0118786665
7617,0.022339948
7618,0.022339948
7619,0.022339948
7620,0.022339948
7621,0.022339948
7622,0.022339948
7623,0.022339948
7624,0.022339948
7625,0.25415292
7626,0.022339948
7627,0.022339948
7628,0.022339948
7629,0.25547552
7630,0.022339948
7631,0.24740991
7632,0.47492513
7633,0.6066893
7634,0.56320447
7635,0.022339948
7636,0.022339948
7637,0.022339948
7638,0.25167233
7639,0.022339948
7640,0.022339948
7641,0.022339948
7642,0.022339948
7643,0.022339948
7644,0.022339948
7645,0.43542117
7646,0.022339948
7647,0.022339948
7648,0.022339948
7649,0.022339948
7650,0.022339948
7651,0.022339948
7652,0.24449167
7653,0.24555093
7654,0.028539702
7655,0.022339948
7656,0.24885888
7657,0.022339948
7658,0.022339948
7659,0.5388271
7660,0.5076813
7661,0.5304238
7662,0.022339948
7663,0.022339948
7664,0.24449167
7665,0.022339948
7666,0.022248019
7667,0.022339948
7668,0.25216937
7669,0.022339948
7670,0.022339948
7671,0.022339948
7672,0.022339948
7673,0.023399472
7674,0.026209906
7675,0.022339948
7676,0.4274842
7677,0.2359424
7678,0.24417965
7679,0.025054086
7680,0.022339948
7681,0.022339948
7682,0.022339948
7683,0.022339948
7684,0.022339948
7685,0.022339948
7686,0.02411101
7687,0.023787178
7688,0.022339948
7689,0.022339948
7690,0.022339948
7691,0.4738045
7692,0.7182929
7693,0.5500475
7694,0.0242299
7695,0.022339948
7696,0.5227358
7697,0.022339948
7698,0.02926245
7699,0.022339948
7700,0.022339948
7701,0.022339948
7702,0.022339948
7703,0.022339948
7704,0.022339948
7705,0.40927583
7706,0.4726981
7707,0.022339948
7708,0.022339948
7709,0.026814414
7710,0.24533285
7711,0.022339948
7712,0.4275154
7713,0.022339948
7714,0.022339948
7715,0.022339948
7716,0.022339948
7717,0.023121122
7718,0.022339948
7719,0.022339948
7720,0.417217
7721,0.3784792
7722,0.25884825
7723,0.022339948
7724,0.022339948
7725,0.022339948
7726,0.022339948
7727,0.25331146
7728,0.022339948
7729,0.022339948
7730,0.022339948
7731,0.022339948
7732,0.022339948
7733,0.022339948
7734,0.022339948
7735,0.25644955
7736,0.6541347
7737,0.5134375
7738,0.25587785
7739,0.022462906
7740,0.02884741
7741,0.24275978
7742,0.382898
7743,0.022339948
7744,0.022339948
7745,0.022339948
7746,0.022339948
7747,0.031210005
7748,0.030115942
7749,0.022339948
7750,0.5286
7751,0.25231406
7752,0.030894175
7753,0.6972128
7754,0.024608027
7755,0.022339948
7756,0.028182918
7757,0.02507422
7758,0.022339948
7759,0.022339948
7760,0.24621783
7761,0.022339948
7762,0.022339948
7763,0.022339948
7764,0.022339948
7765,0.2514553
7766,0.5178644
7767,0.2483321
7768,0.41378048
7769,0.53632945
7770,0.026624523
7771,0.023381693
7772,0.5116232
7773,0.022339948
7774,0.030245373
7775,0.022339948
7776,0.022339948
7777,0.5148883
7778,0.41054732
7779,0.022339948
7780,0.5088536
7781,0.5726645
7782,0.022339948
7783,0.02228863
7784,0.022339948
7785,0.022339948
7786,0.022339948
7787,0.022339948
7788,0.022339948
7789,0.022339948
7790,0.022339948
7791,0.022339948
7792,0.024905415
7793,0.41043967
7794,0.626204
7795,0.5020716
7796,0.5130649
7797,0.4532544
7798,0.022339948
7799,0.022339948
7800,0.022339948
7801,0.022339948
7802,0.035629094
7803,0.23170076
7804,0.022339948
7805,0.022339948
7806,0.022339948
7807,0.029200839
7808,0.022339948
7809,0.022339948
7810,0.024130367
7811,0.022339948
7812,0.022339948
7813,0.022339948
7814,0.022339948
7815,0.022339948
7816,0.022339948
7817,0.022339948
7818,0.022339948
7819,0.24636927
7820,0.2518181
7821,0.49642345
7822,0.56339896
7823,0.47787857
7824,0.24501428
7825,0.022339948
7826,0.022339948
7827,0.022339948
7828,0.022339948
7829,0.022339948
7830,0.022339948
7831,0.022339948
7832,0.022339948
7833,0.022339948
7834,0.45361704
7835,0.25057086
7836,0.022339948
7837,0.022339948
7838,0.022339948
7839,0.023436723
7840,0.022339948
7841,0.022339948
7842,0.02203963
7843,0.022339948
7844,0.022339948
7845,0.022339948
7846,0.022339948
7847,0.022339948
7848,0.47895682
7849,0.41790763
7850,0.2480277
7851,0.5730126
7852,0.42669097
7853,0.49822345
7854,0.022339948
7855,0.022339948
7856,0.022339948
7857,0.022339948
7858,0.022339948
7859,0.022339948
7860,0.022339948
7861,0.022339948
7862,0.4243117
7863,0.249684
7864,0.4411565
7865,0.022339948
7866,0.022636162
7867,0.023769379
7868,0.024124231
7869,0.034609307
7870,0.022339948
7871,0.022339948
7872,0.022339948
7873,0.23557973
7874,0.50041515
7875,0.55118674
7876,0.44972295
7877,0.028811255
7878,0.4279337
7879,0.029380733
7880,0.022339948
7881,0.022339948
7882,0.022339948
7883,0.022339948
7884,0.031099798
7885,0.022339948
7886,0.022339948
7887,0.022976497
7888,0.023558302
7889,0.022339948
7890,0.023379045
7891,0.022339948
7892,0.022339948
7893,0.43963706
7894,0.022339948
7895,0.026825037
7896,0.022339948
7897,0.022339948
7898,0.022339948
7899,0.26700735
7900,0.022339948
7901,0.42171073
7902,0.24917978
7903,0.022339948
7904,0.022339948
7905,0.022339948
7906,0.022339948
7907,0.022339948
7908,0.022339948
7909,0.022893475
7910,0.022339948
7911,0.022339948
7912,0.022339948
7913,0.43171746
7914,0.022339948
7915,0.022339948
7916,0.026825037
7917,0.022339948
7918,0.022339948
7919,0.024675863
7920,0.022339948
7921,0.022339948
7922,0.022339948
7923,0.022339948
7924,0.03559459
7925,0.48836592
7926,0.43953007
7927,0.022339948
7928,0.022339948
7929,0.022339948
7930,0.022339948
7931,0.022339948
7932,0.022339948
7933,0.02862415
7934,0.022339948
7935,0.022339948
7936,0.022339948
7937,0.022339948
7938,0.022339948
7939,0.022339948
7940,0.022339948
7941,0.022339948
7942,0.022339948
7943,0.4868296
7944,0.022339948
7945,0.022339948
7946,0.022339948
7947,0.022339948
7948,0.022339948
7949,0.51160747
7950,0.022339948
7951,0.022339948
7952,0.024822364
7953,0.022339948
7954,0.022339948
7955,0.25363457
7956,0.022339948
7957,0.022339948
7958,0.022339948
7959,0.028122846
7960,0.022339948
7961,0.022339948
7962,0.025974732
7963,0.022339948
7964,0.022339948
7965,0.022339948
7966,0.022339948
7967,0.022339948
7968,0.25940847
7969,0.022339948
7970,0.022339948
7971,0.022339948
7972,0.022339948
7973,0.022339948
7974,0.26311278
7975,0.022339948
7976,0.026292915
7977,0.022339948
7978,0.022339948
7979,0.022339948
7980,0.022339948
7981,0.022339948
7982,0.036456168
7983,0.022339948
7984,0.027641634
7985,0.022339948
7986,0.022339948
7987,0.022339948
7988,0.022339948
7989,0.022339948
7990,0.26464054
7991,0.53484863
7992,0.2604641
7993,0.022339948
7994,0.022339948
7995,0.022339948
7996,0.022339948
7997,0.022339948
7998,0.027474457
7999,0.022339948
8000,0.0229793
8001,0.46413118
8002,0.026825037
8003,0.022339948
8004,0.022339948
8005,0.022339948
8006,0.022339948
8007,0.022339948
8008,0.022339948
8009,0.023464104
8010,0.5370126
8011,0.022339948
8012,0.029536247
8013,0.022339948
8014,0.022339948
8015,0.022339948
8016,0.022339948
8017,0.022339948
8018,0.022339948
8019,0.022339948
8020,0.022339948
8021,0.022339948
8022,0.022339948
8023,0.022339948
8024,0.022339948
8025,0.02379598
8026,0.022339948
8027,0.022339948
8028,0.022339948
8029,0.022339948
8030,0.022339948
8031,0.023067785
8032,0.022339948
8033,0.017475154
8034,0.022339948
8035,0.5136472
8036,0.022339948
8037,0.024119638
8038,0.022339948
8039,0.022339948
8040,0.022339948
8041,0.022339948
8042,0.43303332
8043,0.022339948
8044,0.022339948
8045,0.022339948
8046,0.025692921
8047,0.022339948
8048,0.023228107
8049,0.022339948
8050,0.022339948
8051,0.022339948
8052,0.43295017
8053,0.022339948
8054,0.022339948
8055,0.022339948
8056,0.022339948
8057,0.022339948
8058,0.022339948
8059,0.022339948
8060,0.25234553
8061,0.022339948
8062,0.022339948
8063,0.03348782
8064,0.022339948
8065,0.022339948
8066,0.022339948
8067,0.022339948
8068,0.24501796
8069,0.25388035
8070,0.022339948
8071,0.022339948
8072,0.0118786665
8073,0.022339948
8074,0.022339948
8075,0.022339948
8076,0.022339948
8077,0.022339948
8078,0.022339948
8079,0.022339948
8080,0.022339948
8081,0.022339948
8082,0.022339948
8083,0.015371386
8084,0.022339948
8085,0.022339948
8086,0.022339948
8087,0.025698109
8088,0.022793485
8089,0.033168454
8090,0.022339948
8091,0.022339948
8092,0.022339948
8093,0.022339948
8094,0.022339948
8095,0.022339948
8096,0.022339948
8097,0.022339948
8098,0.022339948
8099,0.022339948
8100,0.022339948
8101,0.024498858
8102,0.022339948
8103,0.022339948
8104,0.022339948
8105,0.022339948
8106,0.022339948
8107,0.022339948
8108,0.022339948
8109,0.022339948
8110,0.022339948
8111,0.022339948
8112,0.022339948
8113,0.022339948
8114,0.022339948
8115,0.022339948
8116,0.022339948
8117,0.026984038
8118,0.022430513
8119,0.022339948
8120,0.022339948
8121,0.022339948
8122,0.013753536
8123,0.022339948
8124,0.022339948
8125,0.022339948
8126,0.022339948
8127,0.031986047
8128,0.022339948
8129,0.022339948
8130,0.026992688
8131,0.022339948
8132,0.022339948
8133,0.022339948
8134,0.022339948
8135,0.022339948
8136,0.022339948
8137,0.021568814
8138,0.022339948
8139,0.022339948
8140,0.022339948
8141,0.022339948
8142,0.022339948
8143,0.022339948
8144,0.039091278
8145,0.022339948
8146,0.022339948
8147,0.022339948
8148,0.022339948
8149,0.022339948
8150,0.022339948
8151,0.022339948
8152,0.022339948
8153,0.022339948
8154,0.022339948
8155,0.022339948
8156,0.022339948
8157,0.022339948
8158,0.022339948
8159,0.022339948
8160,0.022339948
8161,0.022339948
8162,0.020722805
8163,0.020722805
8164,0.020722805
8165,0.020722805
8166,0.021679457
8167,0.020722805
8168,0.020722805
8169,0.020722805
8170,0.020722805
8171,0.020722805
8172,0.020722805
8173,0.24639305
8174,0.5019692
8175,0.24474543
8176,0.020722805
8177,0.25393605
8178,0.24876747
8179,0.25064757
8180,0.020722805
8181,0.020722805
8182,0.03036493
8183,0.020539401
8184,0.020722805
8185,0.020722805
8186,0.020722805
8187,0.2483447
8188,0.020722805
8189,0.4657902
8190,0.24457607
8191,0.020722805
8192,0.03373606
8193,0.24692783
8194,0.020722805
8195,0.020722805
8196,0.020722805
8197,0.020722805
8198,0.020722805
8199,0.020722805
8200,0.020722805
8201,0.020722805
8202,0.020722805
8203,0.5338004
8204,0.44459072
8205,0.019354854
8206,0.020722805
8207,0.23969395
8208,0.24646121
8209,0.020722805
8210,0.020722805
8211,0.020722805
8212,0.020722805
8213,0.021710102
8214,0.020722805
8215,0.50545347
8216,0.023744475
8217,0.021187594
8218,0.4542396
8219,0.020722805
8220,0.020722805
8221,0.43234527
8222,0.020722805
8223,0.44871333
8224,0.020722805
8225,0.020722805
8226,0.020722805
8227,0.020722805
8228,0.020722805
8229,0.021406341
8230,0.028490176
8231,0.021564083
8232,0.020722805
8233,0.020722805
8234,0.02260994
8235,0.42565885
8236,0.020722805
8237,0.020722805
8238,0.020722805
8239,0.020722805
8240,0.020722805
8241,0.020722805
8242,0.020722805
8243,0.020722805
8244,0.020722805
8245,0.020722805
8246,0.03835378
8247,0.5461293
8248,0.020722805
8249,0.020722805
8250,0.020722805
8251,0.020722805
8252,0.49115613
8253,0.024592524
8254,0.020722805
8255,0.5291364
8256,0.029535033
8257,0.014574577
8258,0.020722805
8259,0.020722805
8260,0.020722805
8261,0.020722805
8262,0.020722805
8263,0.020722805
8264,0.020722805
8265,0.020722805
8266,0.020722805
8267,0.02256554
8268,0.019881582
8269,0.5344962
8270,0.020722805
8271,0.020722805
8272,0.020722805
8273,0.020722805
8274,0.020722805
8275,0.020722805
8276,0.24580365
8277,0.020722805
8278,0.020722805
8279,0.020722805
8280,0.020722805
8281,0.020722805
8282,0.020722805
8283,0.020722805
8284,0.50821096
8285,0.020722805
8286,0.020722805
8287,0.020722805
8288,0.020722805
8289,0.020722805
8290,0.020722805
8291,0.020722805
8292,0.020722805
8293,0.020722805
8294,0.022721665
8295,0.03019778
8296,0.020722805
8297,0.022583446
8298,0.020722805
8299,0.020722805
8300,0.020722805
8301,0.020722805
8302,0.020722805
8303,0.020722805
8304,0.020722805
8305,0.24639305
8306,0.020722805
8307,0.020722805
8308,0.020722805
8309,0.020722805
8310,0.020722805
8311,0.020722805
8312,0.020722805
8313,0.020722805
8314,0.020722805
8315,0.022131195
8316,0.030279057
8317,0.020722805
8318,0.020722805
8319,0.020722805
8320,0.020722805
8321,0.020722805
8322,0.020722805
8323,0.020722805
8324,0.020722805
8325,0.020722805
8326,0.020722805
8327,0.020722805
8328,0.020722805
8329,0.020722805
8330,0.020722805
8331,0.020722805
8332,0.020722805
8333,0.25132346
8334,0.24441639
8335,0.2489229
8336,0.020722805
8337,0.020722805
8338,0.020722805
8339,0.020722805
8340,0.020722805
8341,0.020722805
8342,0.021832863
8343,0.020722805
8344,0.43241295
8345,0.0229792
8346,0.020722805
8347,0.020722805
8348,0.020722805
8349,0.020722805
8350,0.020722805
8351,0.020722805
8352,0.020722805
8353,0.020722805
8354,0.020722805
8355,0.020722805
8356,0.020722805
8357,0.020722805
8358,0.020722805
8359,0.020722805
8360,0.020722805
8361,0.020722805
8362,0.50789416
8363,0.5217719
8364,0.020722805
8365,0.020722805
8366,0.020722805
8367,0.020722805
8368,0.020722805
8369,0.020722805
8370,0.02884971
8371,0.020722805
8372,0.020722805
8373,0.021731295
8374,0.020722805
8375,0.020722805
8376,0.020722805
8377,0.020722805
8378,0.020722805
8379,0.020722805
8380,0.02180053
8381,0.020722805
8382,0.020722805
8383,0.020722805
8384,0.020722805
8385,0.026324863
8386,0.020722805
8387,0.020722805
8388,0.020722805
8389,0.24540599
8390,0.020722805
8391,0.2606171
8392,0.022941612
8393,0.022332111
8394,0.020722805
8395,0.020722805
8396,0.020722805
8397,0.020722805
8398,0.020722805
8399,0.020722805
8400,0.020722805
8401,0.020722805
8402,0.020722805
8403,0.020722805
8404,0.020722805
8405,0.020722805
8406,0.020722805
8407,0.020722805
8408,0.020722805
8409,0.020722805
8410,0.020722805
8411,0.020722805
8412,0.020722805
8413,0.020722805
8414,0.020722805
8415,0.021500815
8416,0.4874199
8417,0.020722805
8418,0.0209936
8419,0.020722805
8420,0.24801134
8421,0.020722805
8422,0.020722805
8423,0.020722805
8424,0.020722805
8425,0.24256213
8426,0.020722805
8427,0.020722805
8428,0.020722805
8429,0.020722805
8430,0.020722805
8431,0.020722805
8432,0.020722805
8433,0.020722805
8434,0.020722805
8435,0.020729244
8436,0.020722805
8437,0.020722805
8438,0.02267363
8439,0.41924053
8440,0.020722805
8441,0.020722805
8442,0.2335538
8443,0.020722805
8444,0.24729186
8445,0.24386394
8446,0.020722805
8447,0.020722805
8448,0.020722805
8449,0.020722805
8450,0.020722805
8451,0.034976866
8452,0.020722805
8453,0.053148296
8454,0.020722805
8455,0.020722805
8456,0.020722805
8457,0.020722805
8458,0.020722805
8459,0.020722805
8460,0.020722805
8461,0.026742408
8462,0.02495052
8463,0.020722805
8464,0.020722805
8465,0.020722805
8466,0.020722805
8467,0.027257444
8468,0.24222302
8469,0.020722805
8470,0.020722805
8471,0.020722805
8472,0.020722805
8473,0.39650315
8474,0.020722805
8475,0.020034013
8476,0.4187752
8477,0.23669854
8478,0.020722805
8479,0.020722805
8480,0.020722805
8481,0.020722805
8482,0.020722805
8483,0.030991219
8484,0.24741668
8485,0.020722805
8486,0.020722805
8487,0.020722805
8488,0.2441015
8489,0.028258923
8490,0.023213586
8491,0.25803602
8492,0.49515703
8493,0.020722805
8494,0.020722805
8495,0.020722805
8496,0.020722805
8497,0.23741801
8498,0.5065787
8499,0.020722805
8500,0.020722805
8501,0.42229787
8502,0.020722805
8503,0.020722805
8504,0.42144433
8505,0.020722805
8506,0.020722805
8507,0.020722805
8508,0.020722805
8509,0.020722805
8510,0.52351266
8511,0.020722805
8512,0.020722805
8513,0.23573408
8514,0.031142302
8515,0.2234867
8516,0.4196269
8517,0.2439789
8518,0.020722805
8519,0.26062638
8520,0.24741566
8521,0.02830079
8522,0.4812617
8523,0.43524367
8524,0.42144102
8525,0.020722805
8526,0.020722805
8527,0.027921166
8528,0.020722805
8529,0.020722805
8530,0.020722805
8531,0.020722805
8532,0.020722805
8533,0.020722805
8534,0.027213681
8535,0.020722805
8536,0.020722805
8537,0.020722805
8538,0.020722805
8539,0.020722805
8540,0.020722805
8541,0.020722805
8542,0.020722805
8543,0.24815771
8544,0.24741566
8545,0.020722805
8546,0.020722805
8547,0.030959971
8548,0.020722805
8549,0.24457607
8550,0.5428719
8551,0.59399354
8552,0.5160034
8553,0.020722805
8554,0.020722805
8555,0.020722805
8556,0.020722805
8557,0.4267663
8558,0.020722805
8559,0.020722805
8560,0.020722805
8561,0.020722805
8562,0.020722805
8563,0.020722805
8564,0.020722805
8565,0.020722805
8566,0.42335278
8567,0.020722805
8568,0.020722805
8569,0.020722805
8570,0.020722805
8571,0.020722805
8572,0.020722805
8573,0.24493961
8574,0.24965432
8575,0.020722805
8576,0.24794245
8577,0.020722805
8578,0.24457607
8579,0.51300037
8580,0.44190016
8581,0.4220157
8582,0.020722805
8583,0.24357526
8584,0.020722805
8585,0.020630876
8586,0.020722805
8587,0.2519818
8588,0.020722805
8589,0.020722805
8590,0.020722805
8591,0.020722805
8592,0.02178233
8593,0.024592763
8594,0.020722805
8595,0.43544036
8596,0.4366136
8597,0.23943536
8598,0.022039006
8599,0.020722805
8600,0.020722805
8601,0.020722805
8602,0.020722805
8603,0.020722805
8604,0.024080627
8605,0.022170035
8606,0.020722805
8607,0.020722805
8608,0.020722805
8609,0.556626
8610,0.8243921
8611,0.60391986
8612,0.022612758
8613,0.020722805
8614,0.4266742
8615,0.25314903
8616,0.020722805
8617,0.020722805
8618,0.020722805
8619,0.020722805
8620,0.020722805
8621,0.4759808
8622,0.49729306
8623,0.020722805
8624,0.020722805
8625,0.025145708
8626,0.020722805
8627,0.020722805
8628,0.49369904
8629,0.24801134
8630,0.020722805
8631,0.020722805
8632,0.020722805
8633,0.02150398
8634,0.020722805
8635,0.020722805
8636,0.5177251
8637,0.24782415
8638,0.2546266
8639,0.020722805
8640,0.020722805
8641,0.020722805
8642,0.020722805
8643,0.034338363
8644,0.020722805
8645,0.020722805
8646,0.020722805
8647,0.020722805
8648,0.020722805
8649,0.020722805
8650,0.020722805
8651,0.2527879
8652,0.66529256
8653,0.50236976
8654,0.25384825
8655,0.020845763
8656,0.02209575
8657,0.022497015
8658,0.48615968
8659,0.020722805
8660,0.020722805
8661,0.020722805
8662,0.03278734
8663,0.029484546
8664,0.022972077
8665,0.26542222
8666,0.2479142
8667,0.25115615
8668,0.67483884
8669,0.022990884
8670,0.020722805
8671,0.027122183
8672,0.25142643
8673,0.020722805
8674,0.020722805
8675,0.2476933
8676,0.020722805
8677,0.020722805
8678,0.020722805
8679,0.020722805
8680,0.2510615
8681,0.42914414
8682,0.48594445
8683,0.51459116
8684,0.4267718
8685,0.02500738
8686,0.023052374
8687,0.24550705
8688,0.020722805
8689,0.020722805
8690,0.028858019
8691,0.020722805
8692,0.020722805
8693,0.2528942
8694,0.39715928
8695,0.020722805
8696,0.53619975
8697,0.42154065
8698,0.02884971
8699,0.020722805
8700,0.021558622
8701,0.020722805
8702,0.020722805
8703,0.020722805
8704,0.020722805
8705,0.020722805
8706,0.020722805
8707,0.020722805
8708,0.02328827
8709,0.40647417
8710,0.6537895
8711,0.55172247
8712,0.53966916
8713,0.44280496
8714,0.020722805
8715,0.020722805
8716,0.020722805
8717,0.020722805
8718,0.033092182
8719,0.24184999
8720,0.020722805
8721,0.020722805
8722,0.020722805
8723,0.25651526
8724,0.020722805
8725,0.027447639
8726,0.020722805
8727,0.022513224
8728,0.020722805
8729,0.020722805
8730,0.020722805
8731,0.020722805
8732,0.020722805
8733,0.020722805
8734,0.020722805
8735,0.020722805
8736,0.24927573
8737,0.2517852
8738,0.49657387
8739,0.5633281
8740,0.44783258
8741,0.3962697
8742,0.020722805
8743,0.020722805
8744,0.020722805
8745,0.020722805
8746,0.020722805
8747,0.020722805
8748,0.020722805
8749,0.020722805
8750,0.020722805
8751,0.4979263
8752,0.24493961
8753,0.020722805
8754,0.020722805
8755,0.020722805
8756,0.24551317
8757,0.020722805
8758,0.020722805
8759,0.020422487
8760,0.020722805
8761,0.020722805
8762,0.020722805
8763,0.020722805
8764,0.020722805
8765,0.020722805
8766,0.5125578
8767,0.4855482
8768,0.24634627
8769,0.65504736
8770,0.549161
8771,0.4173151
8772,0.030836465
8773,0.020722805
8774,0.020722805
8775,0.020722805
8776,0.020722805
8777,0.020722805
8778,0.028518321
8779,0.020722805
8780,0.020722805
8781,0.41612905
8782,0.24741566
8783,0.40886468
8784,0.020722805
8785,0.02101902
8786,0.023167057
8787,0.022507088
8788,0.02303124
8789,0.020722805
8790,0.020722805
8791,0.020722805
8792,0.020722805
8793,0.55756915
8794,0.51224256
8795,0.41376242
8796,0.25324094
8797,0.24744146
8798,0.030201092
8799,0.020722805
8800,0.020722805
8801,0.020722805
8802,0.020722805
8803,0.020722805
8804,0.020722805
8805,0.021359358
8806,0.021505471
8807,0.020722805
8808,0.25084922
8809,0.020722805
8810,0.020722805
8811,0.534676
8812,0.020722805
8813,0.020722805
8814,0.020722805
8815,0.020722805
8816,0.020722805
8817,0.26338238
8818,0.020722805
8819,0.24900503
8820,0.2477887
8821,0.020722805
8822,0.020722805
8823,0.020722805
8824,0.020722805
8825,0.020722805
8826,0.020722805
8827,0.021716079
8828,0.020722805
8829,0.020722805
8830,0.020722805
8831,0.5165527
8832,0.020722805
8833,0.020722805
8834,0.020722805
8835,0.020722805
8836,0.020722805
8837,0.020722805
8838,0.02305872
8839,0.020722805
8840,0.020722805
8841,0.020722805
8842,0.020722805
8843,0.034004074
8844,0.4729745
8845,0.529653
8846,0.020722805
8847,0.020722805
8848,0.020722805
8849,0.020722805
8850,0.020722805
8851,0.020722805
8852,0.020722805
8853,0.020722805
8854,0.027583642
8855,0.020722805
8856,0.020722805
8857,0.020722805
8858,0.020722805
8859,0.020722805
8860,0.020722805
8861,0.020722805
8862,0.020722805
8863,0.020722805
8864,0.40522957
8865,0.020722805
8866,0.020722805
8867,0.020722805
8868,0.020722805
8869,0.020722805
8870,0.4083935
8871,0.020722805
8872,0.020722805
8873,0.24850534
8874,0.020722805
8875,0.020722805
8876,0.020722805
8877,0.027047666
8878,0.020722805
8879,0.020722805
8880,0.020722805
8881,0.020722805
8882,0.025007445
8883,0.020722805
8884,0.020722805
8885,0.023012202
8886,0.020722805
8887,0.020722805
8888,0.020722805
8889,0.020722805
8890,0.020722805
8891,0.42818162
8892,0.020722805
8893,0.020722805
8894,0.020722805
8895,0.020722805
8896,0.020722805
8897,0.020722805
8898,0.26422977
8899,0.020722805
8900,0.24634182
8901,0.026324863
8902,0.020722805
8903,0.020722805
8904,0.020722805
8905,0.020722805
8906,0.037879247
8907,0.020722805
8908,0.023860574
8909,0.020722805
8910,0.020722805
8911,0.020722805
8912,0.020722805
8913,0.020722805
8914,0.2627582
8915,0.5222473
8916,0.25027207
8917,0.020722805
8918,0.020722805
8919,0.020722805
8920,0.020722805
8921,0.020722805
8922,0.020722805
8923,0.021594733
8924,0.53644717
8925,0.020722805
8926,0.020722805
8927,0.020722805
8928,0.020722805
8929,0.020722805
8930,0.020722805
8931,0.020722805
8932,0.021388913
8933,0.53824836
8934,0.020722805
8935,0.24988136
8936,0.020722805
8937,0.020722805
8938,0.020722805
8939,0.020722805
8940,0.020722805
8941,0.020722805
8942,0.020722805
8943,0.020722805
8944,0.020722805
8945,0.020722805
8946,0.020722805
8947,0.020722805
8948,0.020722805
8949,0.020722805
8950,0.020722805
8951,0.020981213
8952,0.020722805
8953,0.020722805
8954,0.020722805
8955,0.020722805
8956,0.020722805
8957,0.021450642
8958,0.020722805
8959,0.028043775
8960,0.020722805
8961,0.44847366
8962,0.020722805
8963,0.022502495
8964,0.020722805
8965,0.020722805
8966,0.020722805
8967,0.020722805
8968,0.020722805
8969,0.40052962
8970,0.020722805
8971,0.020722805
8972,0.020722805
8973,0.020722805
8974,0.020722805
8975,0.024267396
8976,0.020722805
8977,0.021610964
8978,0.020722805
8979,0.020722805
8980,0.020722805
8981,0.020722805
8982,0.52438784
8983,0.020722805
8984,0.020722805
8985,0.020722805
8986,0.020722805
8987,0.020722805
8988,0.020722805
8989,0.020722805
8990,0.020722805
8991,0.02892666
8992,0.2387187
8993,0.020722805
8994,0.027213681
8995,0.020722805
8996,0.020722805
8997,0.017116658
8998,0.020722805
8999,0.03004588
9000,0.020722805
9001,0.020722805
9002,0.020722805
9003,0.020722805
9004,0.020722805
9005,0.020722805
9006,0.020722805
9007,0.24836463
9008,0.020722805
9009,0.020722805
9010,0.026737578
9011,0.020722805
9012,0.020722805
9013,0.020722805
9014,0.020722805
9015,0.020722805
9016,0.020722805
9017,0.020722805
9018,0.020722805
9019,0.020722805
9020,0.020722805
9021,0.020722805
9022,0.020722805
9023,0.020722805
9024,0.024080966
9025,0.020722805
9026,0.021802766
9027,0.25475693
9028,0.020722805
9029,0.020722805
9030,0.030836465
9031,0.020722805
9032,0.020722805
9033,0.020722805
9034,0.020722805
9035,0.020722805
9036,0.020722805
9037,0.020722805
9038,0.022881722
9039,0.020722805
9040,0.020722805
9041,0.020722805
9042,0.020722805
9043,0.020722805
9044,0.020722805
9045,0.020722805
9046,0.020722805
9047,0.020722805
9048,0.020722805
9049,0.020722805
9050,0.020722805
9051,0.020722805
9052,0.020722805
9053,0.011015483
9054,0.020722805
9055,0.02081337
9056,0.020722805
9057,0.020722805
9058,0.020722805
9059,0.020722805
9060,0.020722805
9061,0.020722805
9062,0.020722805
9063,0.020722805
9064,0.020722805
9065,0.020722805
9066,0.025375536
9067,0.020722805
9068,0.020722805
9069,0.020722805
9070,0.020722805
9071,0.020722805
9072,0.020722805
9073,0.020722805
9074,0.020722805
9075,0.020722805
9076,0.019951671
9077,0.020722805
9078,0.020722805
9079,0.020722805
9080,0.020722805
9081,0.020722805
9082,0.020722805
9083,0.020722805
9084,0.03448911
9085,0.020722805
9086,0.020722805
9087,0.020722805
9088,0.020722805
9089,0.020722805
9090,0.020722805
9091,0.020722805
9092,0.020722805
9093,0.020722805
9094,0.020722805
9095,0.020722805
9096,0.020722805
9097,0.020722805
9098,0.020722805
9099,0.020722805
9100,0.020722805
9101,0.020722805
9102,0.020722805
9103,0.020722805
9104,0.020722805
9105,0.020722805
9106,0.020722805
9107,0.014121117
9108,0.021679457
9109,0.020722805
9110,0.014189609
9111,0.020722805
9112,0.020722805
9113,0.020722805
9114,0.020722805
9115,0.24876747
9116,0.4103508
9117,0.020722805
9118,0.24741566
9119,0.020722805
9120,0.030024495
9121,0.020722805
9122,0.022569302
9123,0.020722805
9124,0.020722805
9125,0.020539401
9126,0.020722805
9127,0.020722805
9128,0.020722805
9129,0.020722805
9130,0.02630673
9131,0.020722805
9132,0.4850495
9133,0.020722805
9134,0.020722805
9135,0.020722805
9136,0.021731284
9137,0.020722805
9138,0.020722805
9139,0.020722805
9140,0.020722805
9141,0.020722805
9142,0.020722805
9143,0.020722805
9144,0.020722805
9145,0.46710786
9146,0.52218693
9147,0.019354854
9148,0.020722805
9149,0.4936573
9150,0.02276753
9151,0.020722805
9152,0.020722805
9153,0.020722805
9154,0.021710102
9155,0.020722805
9156,0.50768805
9157,0.023744475
9158,0.24540439
9159,0.06389944
9160,0.020722805
9161,0.020722805
9162,0.49943247
9163,0.020722805
9164,0.020722805
9165,0.25588864
9166,0.020722805
9167,0.020722805
9168,0.020722805
9169,0.020722805
9170,0.026737578
9171,0.020722805
9172,0.021406341
9173,0.028490176
9174,0.020722805
9175,0.020722805
9176,0.55329204
9177,0.50975794
9178,0.020722805
9179,0.020722805
9180,0.020722805
9181,0.020722805
9182,0.020722805
9183,0.020722805
9184,0.020722805
9185,0.020722805
9186,0.020722805
9187,0.020722805
9188,0.03835378
9189,0.020722805
9190,0.43377528
9191,0.020722805
9192,0.020722805
9193,0.020722805
9194,0.020722805
9195,0.020722805
9196,0.020722805
9197,0.020722805
9198,0.020722805
9199,0.4364745
9200,0.024592524
9201,0.020722805
9202,0.43001342
9203,0.2506259
9204,0.020722805
9205,0.020722805
9206,0.020722805
9207,0.020722805
9208,0.020722805
9209,0.020722805
9210,0.020722805
9211,0.020722805
9212,0.020722805
9213,0.02256554
9214,0.5467173
9215,0.40762568
9216,0.020722805
9217,0.020722805
9218,0.020722805
9219,0.020722805
9220,0.0124503635
9221,0.020722805
9222,0.020722805
9223,0.020722805
9224,0.021586858
9225,0.020722805
9226,0.020722805
9227,0.020722805
9228,0.020722805
9229,0.020722805
9230,0.42673618
9231,0.020722805
9232,0.020722805
9233,0.020722805
9234,0.020722805
9235,0.020722805
9236,0.020722805
9237,0.020722805
9238,0.020722805
9239,0.023678532
9240,0.03019778
9241,0.020722805
9242,0.24699867
9243,0.020722805
9244,0.020722805
9245,0.020722805
9246,0.020722805
9247,0.020722805
9248,0.020722805
9249,0.020722805
9250,0.24493961
9251,0.020722805
9252,0.020722805
9253,0.020722805
9254,0.020722805
9255,0.020722805
9256,0.020722805
9257,0.020722805
9258,0.020722805
9259,0.020722805
9260,0.020722805
9261,0.020722805
9262,0.022452084
9263,0.030279057
9264,0.020722805
9265,0.020722805
9266,0.020722805
9267,0.020722805
9268,0.020722805
9269,0.020722805
9270,0.020722805
9271,0.020722805
9272,0.020722805
9273,0.020722805
9274,0.020722805
9275,0.020722805
9276,0.020722805
9277,0.020722805
9278,0.25004306
9279,0.020722805
9280,0.25224954
9281,0.020722805
9282,0.020722805
9283,0.020722805
9284,0.020722805
9285,0.020722805
9286,0.021832863
9287,0.020722805
9288,0.052306198
9289,0.0229792
9290,0.020722805
9291,0.020722805
9292,0.020722805
9293,0.020722805
9294,0.020722805
9295,0.020722805
9296,0.020722805
9297,0.020722805
9298,0.020722805
9299,0.020722805
9300,0.020722805
9301,0.020722805
9302,0.020722805
9303,0.020722805
9304,0.020722805
9305,0.020722805
9306,0.2491284
9307,0.49098086
9308,0.020722805
9309,0.020722805
9310,0.020722805
9311,0.020722805
9312,0.020722805
9313,0.020722805
9314,0.020722805
9315,0.020722805
9316,0.022724852
9317,0.020722805
9318,0.020722805
9319,0.020722805
9320,0.020722805
9321,0.020722805
9322,0.020722805
9323,0.020722805
9324,0.02180053
9325,0.020722805
9326,0.020722805
9327,0.020722805
9328,0.020722805
9329,0.020722805
9330,0.020722805
9331,0.020722805
9332,0.24923381
9333,0.020722805
9334,0.03321054
9335,0.022070497
9336,0.0244925
9337,0.020722805
9338,0.020722805
9339,0.020722805
9340,0.020722805
9341,0.020722805
9342,0.020722805
9343,0.020722805
9344,0.020722805
9345,0.020722805
9346,0.020722805
9347,0.020722805
9348,0.020722805
9349,0.020722805
9350,0.020722805
9351,0.020722805
9352,0.020722805
9353,0.020722805
9354,0.020722805
9355,0.020722805
9356,0.020722805
9357,0.020722805
9358,0.020722805
9359,0.021904863
9360,0.5084713
9361,0.020722805
9362,0.0209936
9363,0.020722805
9364,0.020722805
9365,0.020722805
9366,0.020722805
9367,0.020722805
9368,0.020722805
9369,0.020722805
9370,0.24150299
9371,0.020722805
9372,0.020722805
9373,0.020722805
9374,0.020722805
9375,0.020722805
9376,0.020722805
9377,0.020722805
9378,0.020722805
9379,0.022180699
9380,0.020722805
9381,0.020722805
9382,0.02267363
9383,0.5584498
9384,0.020722805
9385,0.020722805
9386,0.2441015
9387,0.020722805
9388,0.23243332
9389,0.24734993
9390,0.020722805
9391,0.020722805
9392,0.020722805
9393,0.020722805
9394,0.036089968
9395,0.020722805
9396,0.2729139
9397,0.020722805
9398,0.020722805
9399,0.020722805
9400,0.020722805
9401,0.020722805
9402,0.020722805
9403,0.020722805
9404,0.025175303
9405,0.026564317
9406,0.020722805
9407,0.020722805
9408,0.020722805
9409,0.020722805
9410,0.24083504
9411,0.24062034
9412,0.020722805
9413,0.020722805
9414,0.020722805
9415,0.020722805
9416,0.020722805
9417,0.025580917
9418,0.42024505
9419,0.020722805
9420,0.020034013
9421,0.4197646
9422,0.022616532
9423,0.020722805
9424,0.020722805
9425,0.020722805
9426,0.020722805
9427,0.020722805
9428,0.020722805
9429,0.031801242
9430,0.24771333
9431,0.020722805
9432,0.020722805
9433,0.24493961
9434,0.24901433
9435,0.024473373
9436,0.25294814
9437,0.49201602
9438,0.020722805
9439,0.020722805
9440,0.020722805
9441,0.020722805
9442,0.020722805
9443,0.24955367
9444,0.57576627
9445,0.020722805
9446,0.020722805
9447,0.4511156
9448,0.020722805
9449,0.020722805
9450,0.24950558
9451,0.020722805
9452,0.020722805
9453,0.020722805
9454,0.020722805
9455,0.020722805
9456,0.020722805
9457,0.24521083
9458,0.020722805
9459,0.020722805
9460,0.23600449
9461,0.025540255
9462,0.23469697
9463,0.40804937
9464,0.24261446
9465,0.020722805
9466,0.033447914
9467,0.24474543
9468,0.25889722
9469,0.5211543
9470,0.42380837
9471,0.2582572
9472,0.020722805
9473,0.026394436
9474,0.020722805
9475,0.020722805
9476,0.020722805
9477,0.020722805
9478,0.020722805
9479,0.020722805
9480,0.020722805
9481,0.020722805
9482,0.020722805
9483,0.020722805
9484,0.020722805
9485,0.020722805
9486,0.020722805
9487,0.020722805
9488,0.020722805
9489,0.023940824
9490,0.24493961
9491,0.020722805
9492,0.020722805
9493,0.25530145
9494,0.020722805
9495,0.020722805
9496,0.47028226
9497,0.49088585
9498,0.44825968
9499,0.020722805
9500,0.020722805
9501,0.020722805
9502,0.020722805
9503,0.48766845
9504,0.020722805
9505,0.020722805
9506,0.020722805
9507,0.020722805
9508,0.020722805
9509,0.020722805
9510,0.020722805
9511,0.020722805
9512,0.44396746
9513,0.020722805
9514,0.020722805
9515,0.020722805
9516,0.020722805
9517,0.020722805
9518,0.020722805
9519,0.24493961
9520,0.24965432
9521,0.5146436
9522,0.020722805
9523,0.020722805
9524,0.56960785
9525,0.5491763
9526,0.4163949
9527,0.020722805
9528,0.020722805
9529,0.020722805
9530,0.020722805
9531,0.24494691
9532,0.020722805
9533,0.2517278
9534,0.020722805
9535,0.020722805
9536,0.020722805
9537,0.020722805
9538,0.02178233
9539,0.024592763
9540,0.020722805
9541,0.41120914
9542,0.2319542
9543,0.020838834
9544,0.022039006
9545,0.020722805
9546,0.025580917
9547,0.020722805
9548,0.020722805
9549,0.020722805
9550,0.020722805
9551,0.023323812
9552,0.24432473
9553,0.020722805
9554,0.020722805
9555,0.020722805
9556,0.5785839
9557,0.7295158
9558,0.5321159
9559,0.022612758
9560,0.020722805
9561,0.24587266
9562,0.020722805
9563,0.25778696
9564,0.020722805
9565,0.020722805
9566,0.020722805
9567,0.020722805
9568,0.020722805
9569,0.020722805
9570,0.020722805
9571,0.44586703
9572,0.5641514
9573,0.020722805
9574,0.020722805
9575,0.025145708
9576,0.020722805
9577,0.020722805
9578,0.42742652
9579,0.020722805
9580,0.020722805
9581,0.020722805
9582,0.020722805
9583,0.02150398
9584,0.020722805
9585,0.020722805
9586,0.4456255
9587,0.40387678
9588,0.2539484
9589,0.020722805
9590,0.020722805
9591,0.020722805
9592,0.020722805
9593,0.25193337
9594,0.020722805
9595,0.020722805
9596,0.020722805
9597,0.020722805
9598,0.020722805
9599,0.020722805
9600,0.020722805
9601,0.43117264
9602,0.646846
9603,0.50722593
9604,0.25421178
9605,0.020845763
9606,0.02209575
9607,0.24782307
9608,0.391642
9609,0.020722805
9610,0.020722805
9611,0.020722805
9612,0.020722805
9613,0.25790676
9614,0.028498815
9615,0.022972077
9616,0.26823995
9617,0.025632568
9618,0.25258428
9619,0.68006706
9620,0.022990884
9621,0.25012204
9622,0.24966958
9623,0.020722805
9624,0.020722805
9625,0.51821625
9626,0.020722805
9627,0.020722805
9628,0.020722805
9629,0.020722805
9630,0.2510615
9631,0.5133743
9632,0.24493961
9633,0.5054031
9634,0.4245833
9635,0.02500738
9636,0.24583192
9637,0.5043164
9638,0.020722805
9639,0.020722805
9640,0.25951773
9641,0.020722805
9642,0.020722805
9643,0.43027753
9644,0.24563278
9645,0.020722805
9646,0.51006615
9647,0.5296744
9648,0.020722805
9649,0.020722805
9650,0.020671487
9651,0.020722805
9652,0.020722805
9653,0.020722805
9654,0.020722805
9655,0.020722805
9656,0.020722805
9657,0.020722805
9658,0.020722805
9659,0.02328827
9660,0.43969068
9661,0.5804111
9662,0.5524173
9663,0.5342801
9664,0.41140404
9665,0.020722805
9666,0.020722805
9667,0.020722805
9668,0.020722805
9669,0.24956743
9670,0.24390355
9671,0.020722805
9672,0.020722805
9673,0.020722805
9674,0.25043625
9675,0.026324863
9676,0.020722805
9677,0.020722805
9678,0.022513224
9679,0.020722805
9680,0.020722805
9681,0.020722805
9682,0.020722805
9683,0.020722805
9684,0.020722805
9685,0.020722805
9686,0.020722805
9687,0.020722805
9688,0.23419212
9689,0.23738605
9690,0.5150522
9691,0.65283114
9692,0.5450216
9693,0.43891975
9694,0.020722805
9695,0.020722805
9696,0.020722805
9697,0.020722805
9698,0.020722805
9699,0.020722805
9700,0.020722805
9701,0.43095696
9702,0.020722805
9703,0.020722805
9704,0.24357526
9705,0.020722805
9706,0.24519826
9707,0.020722805
9708,0.020422487
9709,0.020722805
9710,0.020722805
9711,0.020722805
9712,0.020722805
9713,0.020722805
9714,0.020722805
9715,0.52493346
9716,0.45721337
9717,0.24634627
9718,0.5776151
9719,0.43968138
9720,0.49214563
9721,0.020722805
9722,0.020722805
9723,0.020722805
9724,0.020722805
9725,0.020722805
9726,0.020722805
9727,0.020722805
9728,0.020722805
9729,0.48742178
9730,0.24688442
9731,0.44106764
9732,0.020722805
9733,0.02101902
9734,0.023167057
9735,0.022507088
9736,0.02266336
9737,0.020722805
9738,0.020722805
9739,0.020722805
9740,0.020722805
9741,0.55452317
9742,0.4094225
9743,0.4488132
9744,0.2492747
9745,0.54098576
9746,0.026165124
9747,0.020722805
9748,0.020722805
9749,0.020722805
9750,0.020722805
9751,0.020722805
9752,0.020722805
9753,0.020722805
9754,0.021359358
9755,0.022103392
9756,0.020722805
9757,0.24823228
9758,0.020722805
9759,0.020722805
9760,0.016121807
9761,0.24441318
9762,0.020722805
9763,0.020722805
9764,0.020722805
9765,0.020722805
9766,0.039647177
9767,0.020722805
9768,0.026737578
9769,0.2460869
9770,0.25030938
9771,0.020722805
9772,0.020722805
9773,0.020722805
9774,0.020722805
9775,0.020722805
9776,0.021716079
9777,0.020722805
9778,0.020722805
9779,0.020722805
9780,0.24731033
9781,0.020722805
9782,0.020722805
9783,0.020722805
9784,0.020722805
9785,0.020722805
9786,0.020722805
9787,0.02305872
9788,0.020722805
9789,0.020722805
9790,0.020722805
9791,0.020722805
9792,0.24961787
9793,0.4988159
9794,0.44241333
9795,0.020722805
9796,0.020722805
9797,0.020722805
9798,0.020722805
9799,0.020722805
9800,0.020722805
9801,0.020722805
9802,0.020722805
9803,0.031384375
9804,0.025580917
9805,0.020722805
9806,0.020722805
9807,0.020722805
9808,0.020722805
9809,0.020722805
9810,0.020722805
9811,0.020722805
9812,0.020722805
9813,0.5379752
9814,0.020722805
9815,0.020722805
9816,0.020722805
9817,0.020722805
9818,0.020722805
9819,0.23591566
9820,0.020722805
9821,0.020722805
9822,0.2502551
9823,0.020722805
9824,0.020722805
9825,0.027047666
9826,0.020722805
9827,0.020722805
9828,0.020722805
9829,0.020722805
9830,0.023994565
9831,0.020722805
9832,0.020722805
9833,0.024141047
9834,0.020722805
9835,0.020722805
9836,0.020722805
9837,0.020722805
9838,0.020722805
9839,0.4169483
9840,0.020722805
9841,0.020722805
9842,0.020722805
9843,0.020722805
9844,0.020722805
9845,0.26167458
9846,0.020722805
9847,0.24429397
9848,0.020722805
9849,0.020722805
9850,0.020722805
9851,0.020722805
9852,0.020722805
9853,0.2546604
9854,0.020722805
9855,0.023468507
9856,0.020722805
9857,0.020722805
9858,0.020722805
9859,0.020722805
9860,0.020722805
9861,0.45386264
9862,0.5417502
9863,0.25411236
9864,0.020722805
9865,0.020722805
9866,0.020722805
9867,0.020722805
9868,0.020722805
9869,0.020722805
9870,0.020722805
9871,0.021108532
9872,0.5853584
9873,0.020722805
9874,0.020722805
9875,0.020722805
9876,0.020722805
9877,0.020722805
9878,0.020722805
9879,0.021388913
9880,0.24457607
9881,0.020722805
9882,0.2512458
9883,0.020722805
9884,0.020722805
9885,0.020722805
9886,0.020722805
9887,0.020722805
9888,0.020722805
9889,0.020722805
9890,0.020722805
9891,0.020722805
9892,0.020722805
9893,0.020722805
9894,0.020722805
9895,0.021040952
9896,0.020722805
9897,0.020722805
9898,0.020722805
9899,0.020722805
9900,0.020722805
9901,0.021450642
9902,0.020722805
9903,0.55947924
9904,0.020722805
9905,0.02150876
9906,0.020722805
9907,0.020722805
9908,0.020722805
9909,0.020722805
9910,0.5135539
9911,0.020722805
9912,0.020722805
9913,0.020722805
9914,0.020722805
9915,0.024267396
9916,0.020722805
9917,0.020722805
9918,0.021610964
9919,0.020722805
9920,0.020722805
9921,0.020722805
9922,0.443359
9923,0.020722805
9924,0.020722805
9925,0.020722805
9926,0.020722805
9927,0.020722805
9928,0.020722805
9929,0.020722805
9930,0.2501082
9931,0.020722805
9932,0.020722805
9933,0.030836465
9934,0.02884971
9935,0.020722805
9936,0.031277668
9937,0.020722805
9938,0.020722805
9939,0.020722805
9940,0.020722805
9941,0.020722805
9942,0.020722805
9943,0.24736373
9944,0.020722805
9945,0.026737578
9946,0.020722805
9947,0.020722805
9948,0.020722805
9949,0.020722805
9950,0.020722805
9951,0.020722805
9952,0.020722805
9953,0.020722805
9954,0.028466485
9955,0.020722805
9956,0.020722805
9957,0.020722805
9958,0.022947732
9959,0.016572747
9960,0.020722805
9961,0.24653637
9962,0.030632418
9963,0.020722805
9964,0.02859527
9965,0.020722805
9966,0.020722805
9967,0.020722805
9968,0.020722805
9969,0.020722805
9970,0.020722805
9971,0.020722805
9972,0.020722805
9973,0.020722805
9974,0.020722805
9975,0.020722805
9976,0.020722805
9977,0.020722805
9978,0.020722805
9979,0.020722805
9980,0.020722805
9981,0.020722805
9982,0.020722805
9983,0.020722805
9984,0.020722805
9985,0.020722805
9986,0.020722805
9987,0.020722805
9988,0.020722805
9989,0.02081337
9990,0.020722805
9991,0.020722805
9992,0.020722805
9993,0.020722805
9994,0.020722805
9995,0.020722805
9996,0.020722805
9997,0.020722805
9998,0.020722805
9999,0.020722805
10000,0.020722805
10001,0.023993831
10002,0.020722805
10003,0.020722805
10004,0.020722805
10005,0.020722805
10006,0.020722805
10007,0.020722805
10008,0.020722805
10009,0.019951671
10010,0.020722805
10011,0.020722805
10012,0.020722805
10013,0.020722805
10014,0.020722805
10015,0.020722805
10016,0.03747414
10017,0.020722805
10018,0.020722805
10019,0.020722805
10020,0.020722805
10021,0.020722805
10022,0.020722805
10023,0.020722805
10024,0.020722805
10025,0.020722805
10026,0.020722805
10027,0.020722805
10028,0.020722805
10029,0.020722805
10030,0.020722805
10031,0.020722805
10032,0.020722805
10033,0.03277961
10034,0.03277961
10035,0.25731578
10036,0.03277961
10037,0.03277961
10038,0.03277961
10039,0.03277961
10040,0.03277961
10041,0.03277961
10042,0.03277961
10043,0.03277961
10044,0.03277961
10045,0.03277961
10046,0.03277961
10047,0.03277961
10048,0.4388329
10049,0.5124101
10050,0.03277961
10051,0.03277961
10052,0.03277961
10053,0.03277961
10054,0.2531245
10055,0.03277961
10056,0.2615321
10057,0.03277961
10058,0.2603028
10059,0.03277961
10060,0.03277961
10061,0.03259621
10062,0.03899432
10063,0.03277961
10064,0.036346175
10065,0.03277961
10066,0.56628454
10067,0.2576019
10068,0.03277961
10069,0.03277961
10070,0.25375354
10071,0.03277961
10072,0.03519045
10073,0.03277961
10074,0.03277961
10075,0.03277961
10076,0.03277961
10077,0.03277961
10078,0.2595923
10079,0.44140822
10080,0.49755368
10081,0.03277961
10082,0.038919766
10083,0.25996983
10084,0.03277961
10085,0.03277961
10086,0.03277961
10087,0.03277961
10088,0.03277961
10089,0.033766896
10090,0.42434523
10091,0.035801284
10092,0.2555504
10093,0.43289894
10094,0.03277961
10095,0.03277961
10096,0.4609038
10097,0.03277961
10098,0.2606091
10099,0.03277961
10100,0.03277961
10101,0.03277961
10102,0.03277961
10103,0.03277961
10104,0.25860867
10105,0.03600443
10106,0.03410445
10107,0.03277961
10108,0.2548519
10109,0.2541838
10110,0.03277961
10111,0.03277961
10112,0.03277961
10113,0.03277961
10114,0.03277961
10115,0.03277961
10116,0.03277961
10117,0.03277961
10118,0.03277961
10119,0.03277961
10120,0.03277961
10121,0.052245647
10122,0.03277961
10123,0.26660523
10124,0.03277961
10125,0.03277961
10126,0.03277961
10127,0.03277961
10128,0.03277961
10129,0.03277961
10130,0.03277961
10131,0.52857816
10132,0.03664932
10133,0.03277961
10134,0.44817108
10135,0.25976986
10136,0.03277961
10137,0.03277961
10138,0.03277961
10139,0.03277961
10140,0.03277961
10141,0.03277961
10142,0.03277961
10143,0.03277961
10144,0.037084907
10145,0.03277961
10146,0.03277961
10147,0.03462234
10148,0.25212356
10149,0.43645376
10150,0.03277961
10151,0.03277961
10152,0.03277961
10153,0.03277961
10154,0.03277961
10155,0.03277961
10156,0.03277961
10157,0.03277961
10158,0.25594965
10159,0.03277961
10160,0.03277961
10161,0.03277961
10162,0.03277961
10163,0.03277961
10164,0.4430497
10165,0.03277961
10166,0.03277961
10167,0.03277961
10168,0.03277961
10169,0.03277961
10170,0.03277961
10171,0.03277961
10172,0.03277961
10173,0.03277961
10174,0.037626896
10175,0.043917056
10176,0.03277961
10177,0.035032753
10178,0.03277961
10179,0.03277961
10180,0.03277961
10181,0.03277961
10182,0.03277961
10183,0.03277961
10184,0.03277961
10185,0.25739387
10186,0.03277961
10187,0.03277961
10188,0.03277961
10189,0.03277961
10190,0.03277961
10191,0.03825037
10192,0.03277961
10193,0.03277961
10194,0.03277961
10195,0.03277961
10196,0.03277961
10197,0.24547157
10198,0.25619847
10199,0.03277961
10200,0.03277961
10201,0.03277961
10202,0.03277961
10203,0.03277961
10204,0.03277961
10205,0.03277961
10206,0.03277961
10207,0.03277961
10208,0.03277961
10209,0.03277961
10210,0.03277961
10211,0.03277961
10212,0.25987166
10213,0.25348803
10214,0.26167476
10215,0.03277961
10216,0.03277961
10217,0.03277961
10218,0.03277961
10219,0.03277961
10220,0.032796334
10221,0.03277961
10222,0.43009198
10223,0.035036013
10224,0.03277961
10225,0.03277961
10226,0.03277961
10227,0.03277961
10228,0.03277961
10229,0.03277961
10230,0.03277961
10231,0.03277961
10232,0.03277961
10233,0.03277961
10234,0.03277961
10235,0.03277961
10236,0.03277961
10237,0.03277961
10238,0.03277961
10239,0.46196428
10240,0.52824205
10241,0.03277961
10242,0.03277961
10243,0.03277961
10244,0.03277961
10245,0.03277961
10246,0.03277961
10247,0.03277961
10248,0.03277961
10249,0.03277961
10250,0.035242867
10251,0.03277961
10252,0.03277961
10253,0.03277961
10254,0.03277961
10255,0.03277961
10256,0.03277961
10257,0.03277961
10258,0.03385733
10259,0.03277961
10260,0.03277961
10261,0.03277961
10262,0.03277961
10263,0.03277961
10264,0.03277961
10265,0.03277961
10266,0.03277961
10267,0.033245992
10268,0.03277961
10269,0.05599492
10270,0.03668723
10271,0.038114347
10272,0.03277961
10273,0.03277961
10274,0.03277961
10275,0.03277961
10276,0.03277961
10277,0.03277961
10278,0.03277961
10279,0.03277961
10280,0.03277961
10281,0.03277961
10282,0.03277961
10283,0.03277961
10284,0.03277961
10285,0.03277961
10286,0.03277961
10287,0.03277961
10288,0.03277961
10289,0.03277961
10290,0.03277961
10291,0.03277961
10292,0.03277961
10293,0.03277961
10294,0.03277961
10295,0.03277961
10296,0.03355762
10297,0.54005146
10298,0.03277961
10299,0.033050407
10300,0.03277961
10301,0.03277961
10302,0.03277961
10303,0.03277961
10304,0.03277961
10305,0.03277961
10306,0.5606197
10307,0.03277961
10308,0.03277961
10309,0.03277961
10310,0.03277961
10311,0.03277961
10312,0.03277961
10313,0.03277961
10314,0.03277961
10315,0.03277961
10316,0.25877368
10317,0.03277961
10318,0.03277961
10319,0.034730434
10320,0.09279005
10321,0.03277961
10322,0.03277961
10323,0.03277961
10324,0.03277961
10325,0.25542688
10326,0.2572975
10327,0.03277961
10328,0.03277961
10329,0.03277961
10330,0.03277961
10331,0.26844627
10332,0.03277961
10333,0.06498982
10334,0.03277961
10335,0.03277961
10336,0.03277961
10337,0.03277961
10338,0.03277961
10339,0.03277961
10340,0.03277961
10341,0.03277961
10342,0.03828621
10343,0.03862113
10344,0.03277961
10345,0.03277961
10346,0.03277961
10347,0.03277961
10348,0.24880593
10349,0.25100097
10350,0.03277961
10351,0.03277961
10352,0.03277961
10353,0.03277961
10354,0.03277961
10355,0.03277961
10356,0.43558946
10357,0.03277961
10358,0.035358366
10359,0.43282744
10360,0.24480118
10361,0.03277961
10362,0.03277961
10363,0.03277961
10364,0.03277961
10365,0.043952968
10366,0.2616258
10367,0.03277961
10368,0.03277961
10369,0.25408483
10370,0.043673325
10371,0.035057597
10372,0.26522237
10373,0.42140338
10374,0.03277961
10375,0.016659353
10376,0.03277961
10377,0.03277961
10378,0.03277961
10379,0.03277961
10380,0.03627756
10381,0.54734504
10382,0.03277961
10383,0.03277961
10384,0.43291074
10385,0.03277961
10386,0.03277961
10387,0.27553535
10388,0.03277961
10389,0.03277961
10390,0.03277961
10391,0.03277961
10392,0.03277961
10393,0.03277961
10394,0.44412217
10395,0.03277961
10396,0.03277961
10397,0.2481921
10398,0.036982298
10399,0.2466437
10400,0.5263201
10401,0.25863156
10402,0.03277961
10403,0.550282
10404,0.25296476
10405,0.27026647
10406,0.5670893
10407,0.27019215
10408,0.4530348
10409,0.03277961
10410,0.03777795
10411,0.03277961
10412,0.03277961
10413,0.03277961
10414,0.03277961
10415,0.03277961
10416,0.03277961
10417,0.03277961
10418,0.03277961
10419,0.03277961
10420,0.03277961
10421,0.03277961
10422,0.03277961
10423,0.03277961
10424,0.03277961
10425,0.26014176
10426,0.03277961
10427,0.03277961
10428,0.03277961
10429,0.2649216
10430,0.03277961
10431,0.03277961
10432,0.46608266
10433,0.6027156
10434,0.5448055
10435,0.03277961
10436,0.03277961
10437,0.03277961
10438,0.03277961
10439,0.5040329
10440,0.03277961
10441,0.03277961
10442,0.03277961
10443,0.03277961
10444,0.03277961
10445,0.03277961
10446,0.03277961
10447,0.46593106
10448,0.03277961
10449,0.03825037
10450,0.03277961
10451,0.03277961
10452,0.03277961
10453,0.03277961
10454,0.25731578
10455,0.25408483
10456,0.03277961
10457,0.03277961
10458,0.5290699
10459,0.03277961
10460,0.03277961
10461,0.51549643
10462,0.54809874
10463,0.4705339
10464,0.03277961
10465,0.03277961
10466,0.03277961
10467,0.033310123
10468,0.03277961
10469,0.2598011
10470,0.03277961
10471,0.03277961
10472,0.03277961
10473,0.03277961
10474,0.033839136
10475,0.03644418
10476,0.03277961
10477,0.5132685
10478,0.5685901
10479,0.23855893
10480,0.03409581
10481,0.03277961
10482,0.03277961
10483,0.03277961
10484,0.03277961
10485,0.03277961
10486,0.03578021
10487,0.2569864
10488,0.03277961
10489,0.03277961
10490,0.03277961
10491,0.55545115
10492,0.85144955
10493,0.60291874
10494,0.034669563
10495,0.03277961
10496,0.2618897
10497,0.2616693
10498,0.03277961
10499,0.03277961
10500,0.03277961
10501,0.03277961
10502,0.03277961
10503,0.03277961
10504,0.509571
10505,0.5588728
10506,0.03277961
10507,0.03277961
10508,0.03720253
10509,0.03277961
10510,0.03277961
10511,0.50789386
10512,0.03277961
10513,0.03277961
10514,0.03277961
10515,0.03277961
10516,0.033560783
10517,0.03277961
10518,0.03277961
10519,0.44761616
10520,0.508341
10521,0.26293552
10522,0.03277961
10523,0.03277961
10524,0.03277961
10525,0.03277961
10526,0.45652014
10527,0.03277961
10528,0.03277961
10529,0.03277961
10530,0.03277961
10531,0.03277961
10532,0.03277961
10533,0.4369003
10534,0.6662887
10535,0.45110166
10536,0.2679944
10537,0.032902572
10538,0.254861
10539,0.03455382
10540,0.43658927
10541,0.03277961
10542,0.03277961
10543,0.03277961
10544,0.03277961
10545,0.043103743
10546,0.03866874
10547,0.035028886
10548,0.27474415
10549,0.44540325
10550,0.25918236
10551,0.5885153
10552,0.2596619
10553,0.25895116
10554,0.2592569
10555,0.03277961
10556,0.25553635
10557,0.03277961
10558,0.03277961
10559,0.03277961
10560,0.03277961
10561,0.26016906
10562,0.52649873
10563,0.4523978
10564,0.4622025
10565,0.42121586
10566,0.03609981
10567,0.25483584
10568,0.25489017
10569,0.03277961
10570,0.041047115
10571,0.03277961
10572,0.03277961
10573,0.53155065
10574,0.03746904
10575,0.03277961
10576,0.4526777
10577,0.5353696
10578,0.040271908
10579,0.03277961
10580,0.032728292
10581,0.03277961
10582,0.03277961
10583,0.03277961
10584,0.03277961
10585,0.03277961
10586,0.03277961
10587,0.2599394
10588,0.5045603
10589,0.64269775
10590,0.5146214
10591,0.5113243
10592,0.53150207
10593,0.03277961
10594,0.03277961
10595,0.03277961
10596,0.03277961
10597,0.045574583
10598,0.25175884
10599,0.03277961
10600,0.03277961
10601,0.03277961
10602,0.03964052
10603,0.03277961
10604,0.03277961
10605,0.034570023
10606,0.03277961
10607,0.03277961
10608,0.03277961
10609,0.03277961
10610,0.03277961
10611,0.03277961
10612,0.03277961
10613,0.03277961
10614,0.03277961
10615,0.45144773
10616,0.26061425
10617,0.42843148
10618,0.5650655
10619,0.49854723
10620,0.4225076
10621,0.03277961
10622,0.03277961
10623,0.03277961
10624,0.03277961
10625,0.03277961
10626,0.03277961
10627,0.03277961
10628,0.03277961
10629,0.53662336
10630,0.03277961
10631,0.03277961
10632,0.25348803
10633,0.03277961
10634,0.03387639
10635,0.03277961
10636,0.03277961
10637,0.032479294
10638,0.03277961
10639,0.03277961
10640,0.03277961
10641,0.03277961
10642,0.03277961
10643,0.03277961
10644,0.48531106
10645,0.4119026
10646,0.042864166
10647,0.72075236
10648,0.55049264
10649,0.5065972
10650,0.2595923
10651,0.03277961
10652,0.03277961
10653,0.03277961
10654,0.03277961
10655,0.03277961
10656,0.03277961
10657,0.03277961
10658,0.5529989
10659,0.03277961
10660,0.48857412
10661,0.25792512
10662,0.034272045
10663,0.035223864
10664,0.034563895
10665,0.035088044
10666,0.03277961
10667,0.03277961
10668,0.03277961
10669,0.03277961
10670,0.5961775
10671,0.5515707
10672,0.5641615
10673,0.5333033
10674,0.2526779
10675,0.04132732
10676,0.03277961
10677,0.03277961
10678,0.03277961
10679,0.03277961
10680,0.03277961
10681,0.033416167
10682,0.033997964
10683,0.03277961
10684,0.449738
10685,0.03277961
10686,0.03277961
10687,0.037033625
10688,0.25111288
10689,0.03277961
10690,0.03277961
10691,0.055406846
10692,0.03277961
10693,0.25759727
10694,0.26195008
10695,0.03277961
10696,0.03277961
10697,0.03277961
10698,0.03277961
10699,0.03277961
10700,0.03277961
10701,0.033333138
10702,0.03277961
10703,0.03277961
10704,0.03277961
10705,0.25882074
10706,0.03277961
10707,0.040271908
10708,0.03277961
10709,0.03277961
10710,0.03277961
10711,0.03277961
10712,0.03277961
10713,0.035115525
10714,0.03277961
10715,0.03277961
10716,0.03277961
10717,0.03277961
10718,0.044090647
10719,0.39653364
10720,0.5300832
10721,0.03277961
10722,0.03277961
10723,0.03519045
10724,0.03277961
10725,0.03277961
10726,0.03277961
10727,0.03277961
10728,0.03277961
10729,0.04090611
10730,0.03277961
10731,0.03277961
10732,0.03277961
10733,0.03277961
10734,0.03277961
10735,0.03277961
10736,0.03277961
10737,0.03277961
10738,0.42197612
10739,0.03277961
10740,0.03277961
10741,0.25264993
10742,0.03277961
10743,0.03277961
10744,0.43127888
10745,0.03277961
10746,0.03277961
10747,0.038283296
10748,0.03277961
10749,0.03277961
10750,0.03277961
10751,0.03969353
10752,0.03277961
10753,0.03277961
10754,0.03277961
10755,0.03277961
10756,0.03277961
10757,0.03706427
10758,0.03277961
10759,0.03277961
10760,0.03506901
10761,0.03277961
10762,0.03277961
10763,0.03277961
10764,0.03277961
10765,0.03277961
10766,0.27120805
10767,0.03277961
10768,0.03277961
10769,0.03277961
10770,0.03277961
10771,0.03277961
10772,0.03277961
10773,0.27154163
10774,0.03277961
10775,0.25756258
10776,0.03277961
10777,0.03277961
10778,0.03277961
10779,0.03277961
10780,0.03277961
10781,0.46729127
10782,0.03702353
10783,0.03277961
10784,0.03277961
10785,0.03277961
10786,0.03277961
10787,0.03277961
10788,0.4627888
10789,0.55199957
10790,0.27026904
10791,0.03277961
10792,0.03277961
10793,0.03277961
10794,0.03277961
10795,0.03277961
10796,0.03277961
10797,0.033651534
10798,0.61963683
10799,0.03277961
10800,0.03277961
10801,0.03277961
10802,0.03277961
10803,0.03277961
10804,0.03277961
10805,0.033903763
10806,0.55050194
10807,0.03277961
10808,0.045331206
10809,0.03277961
10810,0.03277961
10811,0.03277961
10812,0.03277961
10813,0.03277961
10814,0.03277961
10815,0.03277961
10816,0.03277961
10817,0.03277961
10818,0.03277961
10819,0.034131497
10820,0.03277961
10821,0.03277961
10822,0.03277961
10823,0.03277961
10824,0.03277961
10825,0.03350745
10826,0.03277961
10827,0.03277961
10828,0.03277961
10829,0.5827028
10830,0.03277961
10831,0.033565566
10832,0.03277961
10833,0.03277961
10834,0.03277961
10835,0.03277961
10836,0.040271908
10837,0.03277961
10838,0.55293864
10839,0.03277961
10840,0.03277961
10841,0.03277961
10842,0.035321124
10843,0.033667773
10844,0.03277961
10845,0.03277961
10846,0.03277961
10847,0.4268942
10848,0.03277961
10849,0.03277961
10850,0.03277961
10851,0.03277961
10852,0.03277961
10853,0.03277961
10854,0.038471244
10855,0.03277961
10856,0.015681142
10857,0.03277961
10858,0.03277961
10859,0.043999244
10860,0.03277961
10861,0.03277961
10862,0.03277961
10863,0.03277961
10864,0.03277961
10865,0.03277961
10866,0.038803678
10867,0.03277961
10868,0.03277961
10869,0.03277961
10870,0.03277961
10871,0.03277961
10872,0.03277961
10873,0.03277961
10874,0.03277961
10875,0.03277961
10876,0.03277961
10877,0.03277961
10878,0.03277961
10879,0.03277961
10880,0.03277961
10881,0.03277961
10882,0.03277961
10883,0.03613777
10884,0.03277961
10885,0.03519045
10886,0.03526955
10887,0.2643166
10888,0.03277961
10889,0.03277961
10890,0.03277961
10891,0.03277961
10892,0.03277961
10893,0.03277961
10894,0.03277961
10895,0.03277961
10896,0.03277961
10897,0.03277961
10898,0.035283126
10899,0.03277961
10900,0.03277961
10901,0.03493853
10902,0.03277961
10903,0.03277961
10904,0.03277961
10905,0.03277961
10906,0.03277961
10907,0.03277961
10908,0.03277961
10909,0.03277961
10910,0.03277961
10911,0.03277961
10912,0.03277961
10913,0.03277961
10914,0.03277961
10915,0.03519045
10916,0.03519045
10917,0.03277961
10918,0.03277961
10919,0.2541754
10920,0.03277961
10921,0.03277961
10922,0.03277961
10923,0.03277961
10924,0.035283126
10925,0.03277961
10926,0.03277961
10927,0.03277961
10928,0.03277961
10929,0.03277961
10930,0.03277961
10931,0.03277961
10932,0.03277961
10933,0.2619685
10934,0.03277961
10935,0.03277961
10936,0.03277961
10937,0.03277961
10938,0.03277961
10939,0.03277961
10940,0.03277961
10941,0.03277961
10942,0.03200848
10943,0.03277961
10944,0.03277961
10945,0.03277961
10946,0.03277961
10947,0.03277961
10948,0.25889507
10949,0.03277961
10950,0.03277961
10951,0.03277961
10952,0.03277961
10953,0.03277961
10954,0.03277961
10955,0.03277961
10956,0.03277961
10957,0.03277961
10958,0.03277961
10959,0.03277961
10960,0.03277961
10961,0.03277961
10962,0.03277961
10963,0.03277961
10964,0.03277961
10965,0.027415445
10966,0.022280935
10967,0.022280935
10968,0.022280935
10969,0.022280935
10970,0.022280935
10971,0.022280935
10972,0.022280935
10973,0.022280935
10974,0.023237566
10975,0.022280935
10976,0.022280935
10977,0.022280935
10978,0.022280935
10979,0.022280935
10980,0.022280935
10981,0.24962497
10982,0.5014092
10983,0.022280935
10984,0.022280935
10985,0.022280935
10986,0.24827309
10987,0.022280935
10988,0.038424365
10989,0.022280935
10990,0.02636101
10991,0.022280935
10992,0.022280935
10993,0.022280935
10994,0.022280935
10995,0.03529009
10996,0.022280935
10997,0.55536056
10998,0.24579714
10999,0.022280935
11000,0.24794184
11001,0.022280935
11002,0.022280935
11003,0.022280935
11004,0.022280935
11005,0.022280935
11006,0.022280935
11007,0.022280935
11008,0.022280935
11009,0.022280935
11010,0.022280935
11011,0.52398884
11012,0.44870177
11013,0.021784319
11014,0.022280935
11015,0.022280935
11016,0.25339076
11017,0.02432565
11018,0.010884877
11019,0.022280935
11020,0.022280935
11021,0.022280935
11022,0.023268204
11023,0.41897824
11024,0.025302593
11025,0.24771532
11026,0.419814
11027,0.022280935
11028,0.50759566
11029,0.022280935
11030,0.5241429
11031,0.022280935
11032,0.022280935
11033,0.022280935
11034,0.022280935
11035,0.022280935
11036,0.022964472
11037,0.026262311
11038,0.023605775
11039,0.024168067
11040,0.24487449
11041,0.022280935
11042,0.022280935
11043,0.022280935
11044,0.022280935
11045,0.022280935
11046,0.022280935
11047,0.022280935
11048,0.022280935
11049,0.022280935
11050,0.022280935
11051,0.022280935
11052,0.25323817
11053,0.037367113
11054,0.022280935
11055,0.022280935
11056,0.022280935
11057,0.022280935
11058,0.022280935
11059,0.022280935
11060,0.41134658
11061,0.026150627
11062,0.022280935
11063,0.24527384
11064,0.5311939
11065,0.022280935
11066,0.022280935
11067,0.022280935
11068,0.022280935
11069,0.022280935
11070,0.022280935
11071,0.022280935
11072,0.022280935
11073,0.022280935
11074,0.02412367
11075,0.022346439
11076,0.41208443
11077,0.011819653
11078,0.24443266
11079,0.022280935
11080,0.022280935
11081,0.022280935
11082,0.022280935
11083,0.022280935
11084,0.022280935
11085,0.24613793
11086,0.022280935
11087,0.022280935
11088,0.022280935
11089,0.022280935
11090,0.022280935
11091,0.022280935
11092,0.022280935
11093,0.42757276
11094,0.031927034
11095,0.022280935
11096,0.022280935
11097,0.022280935
11098,0.022280935
11099,0.022280935
11100,0.022280935
11101,0.022280935
11102,0.022280935
11103,0.022280935
11104,0.024258863
11105,0.030139642
11106,0.022280935
11107,0.02453408
11108,0.022280935
11109,0.022280935
11110,0.022280935
11111,0.022280935
11112,0.022280935
11113,0.022280935
11114,0.022280935
11115,0.022280935
11116,0.022280935
11117,0.022280935
11118,0.022280935
11119,0.022280935
11120,0.022280935
11121,0.022280935
11122,0.022280935
11123,0.022280935
11124,0.023091318
11125,0.25431043
11126,0.022280935
11127,0.022280935
11128,0.022280935
11129,0.022280935
11130,0.022280935
11131,0.022280935
11132,0.022280935
11133,0.022280935
11134,0.24527384
11135,0.022280935
11136,0.022280935
11137,0.022280935
11138,0.022280935
11139,0.022280935
11140,0.25497428
11141,0.23441125
11142,0.24958856
11143,0.022280935
11144,0.022280935
11145,0.022280935
11146,0.022280935
11147,0.022280935
11148,0.022280935
11149,0.021772342
11150,0.022280935
11151,0.4613998
11152,0.02453733
11153,0.022280935
11154,0.022280935
11155,0.022280935
11156,0.022280935
11157,0.022280935
11158,0.022280935
11159,0.022280935
11160,0.022280935
11161,0.022280935
11162,0.022280935
11163,0.022280935
11164,0.022280935
11165,0.022280935
11166,0.022280935
11167,0.022280935
11168,0.022280935
11169,0.24841239
11170,0.40746036
11171,0.022280935
11172,0.022280935
11173,0.022280935
11174,0.022280935
11175,0.022280935
11176,0.022280935
11177,0.022280935
11178,0.022280935
11179,0.022280935
11180,0.022960784
11181,0.022280935
11182,0.022280935
11183,0.022280935
11184,0.022280935
11185,0.022280935
11186,0.022280935
11187,0.02335866
11188,0.022280935
11189,0.022280935
11190,0.022280935
11191,0.022280935
11192,0.022280935
11193,0.022280935
11194,0.022280935
11195,0.022280935
11196,0.022747315
11197,0.022280935
11198,0.26469138
11199,0.026188554
11200,0.025175184
11201,0.022280935
11202,0.022280935
11203,0.022280935
11204,0.022280935
11205,0.022280935
11206,0.022280935
11207,0.022280935
11208,0.022280935
11209,0.022280935
11210,0.022280935
11211,0.022280935
11212,0.022280935
11213,0.022280935
11214,0.022280935
11215,0.022280935
11216,0.022280935
11217,0.022280935
11218,0.022280935
11219,0.022280935
11220,0.022280935
11221,0.022280935
11222,0.022280935
11223,0.028879045
11224,0.2543381
11225,0.022280935
11226,0.02255173
11227,0.022280935
11228,0.022280935
11229,0.022280935
11230,0.022280935
11231,0.022280935
11232,0.022280935
11233,0.022280935
11234,0.022280935
11235,0.40483174
11236,0.022280935
11237,0.022280935
11238,0.022280935
11239,0.022280935
11240,0.022280935
11241,0.022280935
11242,0.022280935
11243,0.022280935
11244,0.24496539
11245,0.022280935
11246,0.022280935
11247,0.02423176
11248,0.5637959
11249,0.022280935
11250,0.022280935
11251,0.24852131
11252,0.022280935
11253,0.24511915
11254,0.24825026
11255,0.022280935
11256,0.022280935
11257,0.022280935
11258,0.022280935
11259,0.022280935
11260,0.033689853
11261,0.022280935
11262,0.0498142
11263,0.022280935
11264,0.022280935
11265,0.022280935
11266,0.022280935
11267,0.022280935
11268,0.022280935
11269,0.022280935
11270,0.022280935
11271,0.022280935
11272,0.027574625
11273,0.02650865
11274,0.022280935
11275,0.022280935
11276,0.022280935
11277,0.022280935
11278,0.2432717
11279,0.24361525
11280,0.022280935
11281,0.022280935
11282,0.022280935
11283,0.022280935
11284,0.022280935
11285,0.51062554
11286,0.022280935
11287,0.021951618
11288,0.49995935
11289,0.24070537
11290,0.022280935
11291,0.022280935
11292,0.022280935
11293,0.031448156
11294,0.25037715
11295,0.022280935
11296,0.022280935
11297,0.022280935
11298,0.022280935
11299,0.02819003
11300,0.0246615
11301,0.034904983
11302,0.3973697
11303,0.022280935
11304,0.022280935
11305,0.022280935
11306,0.022280935
11307,0.24895354
11308,0.46934712
11309,0.022280935
11310,0.022280935
11311,0.4306695
11312,0.022280935
11313,0.022280935
11314,0.2625995
11315,0.022280935
11316,0.022280935
11317,0.022280935
11318,0.022280935
11319,0.022280935
11320,0.022280935
11321,0.51141346
11322,0.022280935
11323,0.022280935
11324,0.22713552
11325,0.026483629
11326,0.23581225
11327,0.43651512
11328,0.24790812
11329,0.022280935
11330,0.043012086
11331,0.24579714
11332,0.2526222
11333,0.47533825
11334,0.26387516
11335,0.50196683
11336,0.022280935
11337,0.029035121
11338,0.022280935
11339,0.022280935
11340,0.022280935
11341,0.022280935
11342,0.022280935
11343,0.022280935
11344,0.022280935
11345,0.022280935
11346,0.022280935
11347,0.022280935
11348,0.022280935
11349,0.022280935
11350,0.022280935
11351,0.022280935
11352,0.030997518
11353,0.24579714
11354,0.022280935
11355,0.022280935
11356,0.2546883
11357,0.022280935
11358,0.022280935
11359,0.5366077
11360,0.5133429
11361,0.52943456
11362,0.022280935
11363,0.022280935
11364,0.022280935
11365,0.40276623
11366,0.022280935
11367,0.022280935
11368,0.022280935
11369,0.022280935
11370,0.022280935
11371,0.022280935
11372,0.39556947
11373,0.022280935
11374,0.022280935
11375,0.022280935
11376,0.022280935
11377,0.022280935
11378,0.022280935
11379,0.24579714
11380,0.24579714
11381,0.022280935
11382,0.024376009
11383,0.022280935
11384,0.022280935
11385,0.4675726
11386,0.45019925
11387,0.43631217
11388,0.022280935
11389,0.022280935
11390,0.022280935
11391,0.24632767
11392,0.022280935
11393,0.25511327
11394,0.022280935
11395,0.022280935
11396,0.022280935
11397,0.022280935
11398,0.02334046
11399,0.026150893
11400,0.022280935
11401,0.43222952
11402,0.43237224
11403,0.24412064
11404,0.023597136
11405,0.022280935
11406,0.022280935
11407,0.022280935
11408,0.022280935
11409,0.022280935
11410,0.022280935
11411,0.024051998
11412,0.024419576
11413,0.022280935
11414,0.022280935
11415,0.022280935
11416,0.47540212
11417,0.81257623
11418,0.62619233
11419,0.024170889
11420,0.022280935
11421,0.25003928
11422,0.25429344
11423,0.022280935
11424,0.022280935
11425,0.022280935
11426,0.022280935
11427,0.022280935
11428,0.022280935
11429,0.41859165
11430,0.5309341
11431,0.022280935
11432,0.022280935
11433,0.026755402
11434,0.022280935
11435,0.022280935
11436,0.5142282
11437,0.022280935
11438,0.022280935
11439,0.022280935
11440,0.022280935
11441,0.02306211
11442,0.022280935
11443,0.022280935
11444,0.26967022
11445,0.41139832
11446,0.032816682
11447,0.022280935
11448,0.022280935
11449,0.022280935
11450,0.022280935
11451,0.25325808
11452,0.022280935
11453,0.022280935
11454,0.022280935
11455,0.022280935
11456,0.022280935
11457,0.022280935
11458,0.022280935
11459,0.51783496
11460,0.6490368
11461,0.50243783
11462,0.031582326
11463,0.022403894
11464,0.02365388
11465,0.024055146
11466,0.46560833
11467,0.022280935
11468,0.022280935
11469,0.022280935
11470,0.022280935
11471,0.03260504
11472,0.031042658
11473,0.02453021
11474,0.41973954
11475,0.4383639
11476,0.25218824
11477,0.5734732
11478,0.24939483
11479,0.022280935
11480,0.02705592
11481,0.02966943
11482,0.022280935
11483,0.022280935
11484,0.023822635
11485,0.022280935
11486,0.022280935
11487,0.022280935
11488,0.022280935
11489,0.02480826
11490,0.40744588
11491,0.42572686
11492,0.52010894
11493,0.51166266
11494,0.025209453
11495,0.25021675
11496,0.24420671
11497,0.022280935
11498,0.022280935
11499,0.03422195
11500,0.022280935
11501,0.43755636
11502,0.02434996
11503,0.022280935
11504,0.48690528
11505,0.5357228
11506,0.022280935
11507,0.022280935
11508,0.022229617
11509,0.022280935
11510,0.022280935
11511,0.022280935
11512,0.022280935
11513,0.022280935
11514,0.022280935
11515,0.022280935
11516,0.24881329
11517,0.51967067
11518,0.5764506
11519,0.48967808
11520,0.4918739
11521,0.4505715
11522,0.022280935
11523,0.022280935
11524,0.022280935
11525,0.032505896
11526,0.02693443
11527,0.022280935
11528,0.022280935
11529,0.022280935
11530,0.029141827
11531,0.022280935
11532,0.022280935
11533,0.022280935
11534,0.024071354
11535,0.022280935
11536,0.022280935
11537,0.022280935
11538,0.022280935
11539,0.022280935
11540,0.022280935
11541,0.022280935
11542,0.24286337
11543,0.2510403
11544,0.50512886
11545,0.6548905
11546,0.48815113
11547,0.50893885
11548,0.022280935
11549,0.022280935
11550,0.022280935
11551,0.022280935
11552,0.022280935
11553,0.022280935
11554,0.022280935
11555,0.5305932
11556,0.022280935
11557,0.022280935
11558,0.022280935
11559,0.022280935
11560,0.025344431
11561,0.022280935
11562,0.022280935
11563,0.022280935
11564,0.022280935
11565,0.022280935
11566,0.022280935
11567,0.022280935
11568,0.54929745
11569,0.47943684
11570,0.024497706
11571,0.52086717
11572,0.43355995
11573,0.52415276
11574,0.022280935
11575,0.022280935
11576,0.022280935
11577,0.022280935
11578,0.022280935
11579,0.022280935
11580,0.022280935
11581,0.022280935
11582,0.5176303
11583,0.24827309
11584,0.42710382
11585,0.022280935
11586,0.02257715
11587,0.023710366
11588,0.024065219
11589,0.24773775
11590,0.022280935
11591,0.022280935
11592,0.022280935
11593,0.022280935
11594,0.022280935
11595,0.5047284
11596,0.5201896
11597,0.49823242
11598,0.25152808
11599,0.5070286
11600,0.030828625
11601,0.022280935
11602,0.022280935
11603,0.022280935
11604,0.022280935
11605,0.022280935
11606,0.022280935
11607,0.022917485
11608,0.023792425
11609,0.022280935
11610,0.02858883
11611,0.022280935
11612,0.022280935
11613,0.2425808
11614,0.022280935
11615,0.022280935
11616,0.022280935
11617,0.2617457
11618,0.022280935
11619,0.24830873
11620,0.026152542
11621,0.022280935
11622,0.022280935
11623,0.022280935
11624,0.022280935
11625,0.022280935
11626,0.022834463
11627,0.022280935
11628,0.022280935
11629,0.022280935
11630,0.25147706
11631,0.022280935
11632,0.022280935
11633,0.022280935
11634,0.022280935
11635,0.02461685
11636,0.022280935
11637,0.022280935
11638,0.022280935
11639,0.03344376
11640,0.39724976
11641,0.4246825
11642,0.022280935
11643,0.022280935
11644,0.022280935
11645,0.022280935
11646,0.022280935
11647,0.022280935
11648,0.022280935
11649,0.027991384
11650,0.022280935
11651,0.022280935
11652,0.022280935
11653,0.022280935
11654,0.022280935
11655,0.022280935
11656,0.022280935
11657,0.022280935
11658,0.48457396
11659,0.022280935
11660,0.022280935
11661,0.022280935
11662,0.022280935
11663,0.022280935
11664,0.50043327
11665,0.022280935
11666,0.022280935
11667,0.026999664
11668,0.022280935
11669,0.022280935
11670,0.022280935
11671,0.02745426
11672,0.022280935
11673,0.022280935
11674,0.022280935
11675,0.022280935
11676,0.022280935
11677,0.02478957
11678,0.022280935
11679,0.022280935
11680,0.02591572
11681,0.022280935
11682,0.022280935
11683,0.022280935
11684,0.022280935
11685,0.022280935
11686,0.4166926
11687,0.022280935
11688,0.022280935
11689,0.014927392
11690,0.022280935
11691,0.022280935
11692,0.022280935
11693,0.022280935
11694,0.26314023
11695,0.022280935
11696,0.24666055
11697,0.022280935
11698,0.022280935
11699,0.022280935
11700,0.022280935
11701,0.022280935
11702,0.022280935
11703,0.44646975
11704,0.026524855
11705,0.022280935
11706,0.022280935
11707,0.022280935
11708,0.022280935
11709,0.022280935
11710,0.44107303
11711,0.5390657
11712,0.03275725
11713,0.022280935
11714,0.022280935
11715,0.022280935
11716,0.022280935
11717,0.022280935
11718,0.022280935
11719,0.022666663
11720,0.45018947
11721,0.022280935
11722,0.022280935
11723,0.022280935
11724,0.022280935
11725,0.022280935
11726,0.023405092
11727,0.5103041
11728,0.022280935
11729,0.030538624
11730,0.022280935
11731,0.022280935
11732,0.022280935
11733,0.022280935
11734,0.022280935
11735,0.022280935
11736,0.022280935
11737,0.022280935
11738,0.022280935
11739,0.027415445
11740,0.022280935
11741,0.022280935
11742,0.024687683
11743,0.022280935
11744,0.022280935
11745,0.022280935
11746,0.022280935
11747,0.023008773
11748,0.022280935
11749,0.022280935
11750,0.45585757
11751,0.022280935
11752,0.024060626
11753,0.011490677
11754,0.022280935
11755,0.022280935
11756,0.022280935
11757,0.022280935
11758,0.022280935
11759,0.022280935
11760,0.2487413
11761,0.022280935
11762,0.022280935
11763,0.025221437
11764,0.022280935
11765,0.246162
11766,0.022280935
11767,0.022280935
11768,0.022280935
11769,0.4366458
11770,0.022280935
11771,0.022280935
11772,0.022280935
11773,0.022280935
11774,0.022280935
11775,0.022280935
11776,0.022280935
11777,0.022280935
11778,0.027972572
11779,0.022280935
11780,0.022280935
11781,0.022280935
11782,0.022280935
11783,0.029094776
11784,0.022280935
11785,0.022280935
11786,0.022280935
11787,0.022280935
11788,0.022280935
11789,0.24543357
11790,0.027138155
11791,0.022280935
11792,0.022280935
11793,0.022280935
11794,0.022280935
11795,0.022280935
11796,0.022280935
11797,0.022280935
11798,0.022280935
11799,0.022280935
11800,0.022280935
11801,0.022280935
11802,0.022280935
11803,0.022280935
11804,0.022280935
11805,0.022280935
11806,0.022280935
11807,0.025639096
11808,0.022280935
11809,0.02267869
11810,0.022280935
11811,0.033194985
11812,0.022280935
11813,0.022280935
11814,0.022280935
11815,0.022280935
11816,0.022280935
11817,0.022280935
11818,0.022280935
11819,0.022280935
11820,0.022280935
11821,0.022280935
11822,0.022280935
11823,0.022280935
11824,0.024439845
11825,0.022280935
11826,0.022280935
11827,0.022280935
11828,0.022280935
11829,0.022280935
11830,0.022280935
11831,0.022280935
11832,0.022280935
11833,0.022280935
11834,0.022280935
11835,0.022280935
11836,0.022280935
11837,0.022280935
11838,0.022280935
11839,0.022280935
11840,0.022280935
11841,0.022280935
11842,0.022280935
11843,0.24836366
11844,0.022280935
11845,0.022280935
11846,0.022280935
11847,0.022280935
11848,0.022280935
11849,0.022280935
11850,0.022280935
11851,0.022280935
11852,0.022280935
11853,0.022280935
11854,0.022280935
11855,0.024033591
11856,0.022280935
11857,0.022280935
11858,0.022280935
11859,0.022280935
11860,0.022280935
11861,0.022280935
11862,0.022280935
11863,0.022280935
11864,0.022280935
11865,0.022280935
11866,0.022280935
11867,0.022280935
11868,0.026671499
11869,0.022280935
11870,0.26202545
11871,0.022280935
11872,0.022280935
11873,0.022280935
11874,0.022280935
11875,0.022280935
11876,0.022280935
11877,0.022280935
11878,0.022280935
11879,0.022280935
11880,0.022280935
11881,0.022280935
11882,0.022280935
11883,0.022280935
11884,0.24886881
11885,0.022280935
11886,0.022280935
11887,0.022280935
11888,0.02073994
11889,0.02073994
11890,0.02073994
11891,0.02073994
11892,0.02073994
11893,0.02073994
11894,0.02073994
11895,0.02073994
11896,0.021696594
11897,0.02073994
11898,0.02073994
11899,0.02073994
11900,0.02073994
11901,0.02073994
11902,0.02073994
11903,0.02073994
11904,0.02073994
11905,0.43267626
11906,0.02073994
11907,0.02073994
11908,0.512176
11909,0.02073994
11910,0.25520006
11911,0.02073994
11912,0.25191158
11913,0.02073994
11914,0.02073994
11915,0.02073994
11916,0.024630437
11917,0.02073994
11918,0.54660255
11919,0.2348178
11920,0.02073994
11921,0.25249648
11922,0.02073994
11923,0.02073994
11924,0.02073994
11925,0.02073994
11926,0.02073994
11927,0.02073994
11928,0.02073994
11929,0.02073994
11930,0.02073994
11931,0.44283304
11932,0.53002596
11933,0.01937199
11934,0.02073994
11935,0.02073994
11936,0.25506812
11937,0.2474103
11938,0.02073994
11939,0.02073994
11940,0.02073994
11941,0.02073994
11942,0.02073994
11943,0.021727238
11944,0.44724652
11945,0.023761611
11946,0.2463049
11947,0.5097007
11948,0.02073994
11949,0.02073994
11950,0.44157156
11951,0.02073994
11952,0.4281461
11953,0.02073994
11954,0.02073994
11955,0.02073994
11956,0.02073994
11957,0.02073994
11958,0.021423478
11959,0.023964778
11960,0.02073994
11961,0.022627076
11962,0.42547116
11963,0.02073994
11964,0.02073994
11965,0.02073994
11966,0.02073994
11967,0.02073994
11968,0.02073994
11969,0.02073994
11970,0.02073994
11971,0.02073994
11972,0.02073994
11973,0.038370915
11974,0.02073994
11975,0.25511214
11976,0.02073994
11977,0.02073994
11978,0.02073994
11979,0.02073994
11980,0.02073994
11981,0.5187914
11982,0.02460966
11983,0.02073994
11984,0.2509184
11985,0.48829684
11986,0.02073994
11987,0.02073994
11988,0.02073994
11989,0.02073994
11990,0.02073994
11991,0.02073994
11992,0.02073994
11993,0.02073994
11994,0.02073994
11995,0.02073994
11996,0.02073994
11997,0.025598053
11998,0.02073994
11999,0.022582676
12000,0.019898718
12001,0.41182873
12002,0.02073994
12003,0.02073994
12004,0.02073994
12005,0.02073994
12006,0.02073994
12007,0.02073994
12008,0.02073994
12009,0.02073994
12010,0.24570328
12011,0.02073994
12012,0.02073994
12013,0.02073994
12014,0.02073994
12015,0.02073994
12016,0.02073994
12017,0.43362117
12018,0.02073994
12019,0.02073994
12020,0.02073994
12021,0.02073994
12022,0.02073994
12023,0.02073994
12024,0.02073994
12025,0.02073994
12026,0.02073994
12027,0.02073994
12028,0.023695668
12029,0.029711913
12030,0.02073994
12031,0.022993086
12032,0.02073994
12033,0.02073994
12034,0.02073994
12035,0.02073994
12036,0.02073994
12037,0.02073994
12038,0.02073994
12039,0.25003153
12040,0.02073994
12041,0.02073994
12042,0.02073994
12043,0.02073994
12044,0.02073994
12045,0.02073994
12046,0.02073994
12047,0.02073994
12048,0.02073994
12049,0.021550324
12050,0.25085536
12051,0.02073994
12052,0.02073994
12053,0.02073994
12054,0.02073994
12055,0.02073994
12056,0.02073994
12057,0.02073994
12058,0.02073994
12059,0.02073994
12060,0.02073994
12061,0.02073994
12062,0.02073994
12063,0.02073994
12064,0.02073994
12065,0.02073994
12066,0.25434247
12067,0.24867958
12068,0.25038123
12069,0.02073994
12070,0.02073994
12071,0.02073994
12072,0.02073994
12073,0.02073994
12074,0.02185
12075,0.02073994
12076,0.50243586
12077,0.022996336
12078,0.02073994
12079,0.02073994
12080,0.02073994
12081,0.02073994
12082,0.02073994
12083,0.02073994
12084,0.02073994
12085,0.02073994
12086,0.02073994
12087,0.02073994
12088,0.02073994
12089,0.02073994
12090,0.02073994
12091,0.02073994
12092,0.02073994
12093,0.2492612
12094,0.4275019
12095,0.02073994
12096,0.02073994
12097,0.02073994
12098,0.02073994
12099,0.02073994
12100,0.02073994
12101,0.02073994
12102,0.02073994
12103,0.02073994
12104,0.021748431
12105,0.02073994
12106,0.02073994
12107,0.02073994
12108,0.02073994
12109,0.02073994
12110,0.021817666
12111,0.02073994
12112,0.02073994
12113,0.02073994
12114,0.02073994
12115,0.011940788
12116,0.02073994
12117,0.02073994
12118,0.02073994
12119,0.02073994
12120,0.02073994
12121,0.021206321
12122,0.02073994
12123,0.26509795
12124,0.25106817
12125,0.024509637
12126,0.030853601
12127,0.02073994
12128,0.02073994
12129,0.02073994
12130,0.02073994
12131,0.02073994
12132,0.02073994
12133,0.02073994
12134,0.02073994
12135,0.02073994
12136,0.02073994
12137,0.02073994
12138,0.02073994
12139,0.02073994
12140,0.02073994
12141,0.02073994
12142,0.02073994
12143,0.02073994
12144,0.02073994
12145,0.02073994
12146,0.021922
12147,0.25104943
12148,0.02073994
12149,0.021010736
12150,0.02073994
12151,0.02073994
12152,0.02073994
12153,0.02073994
12154,0.02073994
12155,0.02073994
12156,0.5013275
12157,0.02073994
12158,0.02073994
12159,0.02073994
12160,0.02073994
12161,0.02073994
12162,0.02073994
12163,0.02073994
12164,0.02073994
12165,0.24584655
12166,0.02073994
12167,0.02073994
12168,0.022690766
12169,0.4194383
12170,0.02073994
12171,0.02073994
12172,0.24927539
12173,0.02073994
12174,0.021004958
12175,0.24497454
12176,0.02073994
12177,0.02073994
12178,0.02073994
12179,0.02073994
12180,0.031655163
12181,0.02073994
12182,0.053165432
12183,0.02073994
12184,0.02073994
12185,0.02073994
12186,0.02073994
12187,0.02073994
12188,0.02073994
12189,0.02073994
12190,0.02073994
12191,0.026246537
12192,0.025510782
12193,0.02073994
12194,0.02073994
12195,0.02073994
12196,0.02073994
12197,0.02740098
12198,0.24240758
12199,0.02073994
12200,0.02073994
12201,0.02073994
12202,0.02073994
12203,0.4858762
12204,0.02073994
12205,0.022959221
12206,0.50719625
12207,0.237517
12208,0.02073994
12209,0.02073994
12210,0.02073994
12211,0.25249943
12212,0.25022292
12213,0.02073994
12214,0.02073994
12215,0.24584012
12216,0.25337633
12217,0.02503216
12218,0.028186105
12219,0.40765733
12220,0.02073994
12221,0.02073994
12222,0.02073994
12223,0.02073994
12224,0.24697734
12225,0.46310058
12226,0.02073994
12227,0.02073994
12228,0.43797588
12229,0.02073994
12230,0.02073994
12231,0.2644644
12232,0.02073994
12233,0.02073994
12234,0.02073994
12235,0.02073994
12236,0.02073994
12237,0.02073994
12238,0.5024369
12239,0.02073994
12240,0.02073994
12241,0.23783615
12242,0.025221154
12243,0.23412961
12244,0.42391807
12245,0.2460406
12246,0.02073994
12247,0.26655412
12248,0.02073994
12249,0.25242224
12250,0.53527516
12251,0.50284106
12252,0.2564652
12253,0.02073994
12254,0.25363398
12255,0.026341999
12256,0.02073994
12257,0.02073994
12258,0.02073994
12259,0.02073994
12260,0.02073994
12261,0.02073994
12262,0.02073994
12263,0.02073994
12264,0.02073994
12265,0.02073994
12266,0.02073994
12267,0.24864453
12268,0.24765703
12269,0.02073994
12270,0.02073994
12271,0.034770112
12272,0.02073994
12273,0.5299968
12274,0.54967475
12275,0.51602286
12276,0.02073994
12277,0.02073994
12278,0.02073994
12279,0.39114544
12280,0.02073994
12281,0.02073994
12282,0.02073994
12283,0.02073994
12284,0.02073994
12285,0.02073994
12286,0.02073994
12287,0.5378404
12288,0.02073994
12289,0.02073994
12290,0.02073994
12291,0.02073994
12292,0.02073994
12293,0.02073994
12294,0.24568044
12295,0.25003153
12296,0.02073994
12297,0.24829876
12298,0.02073994
12299,0.02073994
12300,0.50176823
12301,0.49426964
12302,0.41766617
12303,0.02073994
12304,0.02073994
12305,0.02073994
12306,0.4120934
12307,0.02073994
12308,0.4140564
12309,0.02073994
12310,0.02073994
12311,0.02073994
12312,0.02073994
12313,0.022249758
12314,0.0246099
12315,0.02073994
12316,0.5181779
12317,0.4364259
12318,0.24069932
12319,0.24807964
12320,0.02073994
12321,0.02073994
12322,0.02073994
12323,0.02073994
12324,0.02073994
12325,0.02073994
12326,0.022511004
12327,0.021489423
12328,0.02073994
12329,0.02073994
12330,0.02073994
12331,0.5637673
12332,0.82261837
12333,0.6260423
12334,0.022629894
12335,0.02073994
12336,0.41727486
12337,0.02073994
12338,0.25602084
12339,0.02073994
12340,0.02073994
12341,0.02073994
12342,0.02073994
12343,0.02073994
12344,0.02073994
12345,0.46259987
12346,0.458501
12347,0.02073994
12348,0.02073994
12349,0.022682134
12350,0.02073994
12351,0.02073994
12352,0.5165424
12353,0.02073994
12354,0.02073994
12355,0.02073994
12356,0.02073994
12357,0.022220312
12358,0.02073994
12359,0.02073994
12360,0.43401796
12361,0.2485569
12362,0.2513003
12363,0.02073994
12364,0.02073994
12365,0.02073994
12366,0.25337917
12367,0.02073994
12368,0.02073994
12369,0.02073994
12370,0.02073994
12371,0.02073994
12372,0.02073994
12373,0.44277778
12374,0.7098627
12375,0.5382684
12376,0.2550671
12377,0.0208629
12378,0.24952134
12379,0.24659367
12380,0.47255158
12381,0.02073994
12382,0.02073994
12383,0.02073994
12384,0.025598053
12385,0.031064052
12386,0.027095025
12387,0.2499063
12388,0.2708861
12389,0.25028703
12390,0.2523847
12391,0.5578704
12392,0.24794854
12393,0.02073994
12394,0.25221816
12395,0.24845764
12396,0.02073994
12397,0.021076009
12398,0.02073994
12399,0.02073994
12400,0.02073994
12401,0.02073994
12402,0.25080758
12403,0.4088322
12404,0.24927539
12405,0.4451317
12406,0.24595758
12407,0.023668459
12408,0.02306951
12409,0.52542967
12410,0.02073994
12411,0.030614413
12412,0.02073994
12413,0.02073994
12414,0.4235825
12415,0.2527087
12416,0.02073994
12417,0.512073
12418,0.5271581
12419,0.02073994
12420,0.020688623
12421,0.02073994
12422,0.02073994
12423,0.02073994
12424,0.02073994
12425,0.02073994
12426,0.02073994
12427,0.02073994
12428,0.02073994
12429,0.024119647
12430,0.42805275
12431,0.5748277
12432,0.48937386
12433,0.49364465
12434,0.45068887
12435,0.02073994
12436,0.02073994
12437,0.02073994
12438,0.03445466
12439,0.025792178
12440,0.02073994
12441,0.02073994
12442,0.02073994
12443,0.027600834
12444,0.02073994
12445,0.02073994
12446,0.02253036
12447,0.02073994
12448,0.02073994
12449,0.02073994
12450,0.02073994
12451,0.029021194
12452,0.02073994
12453,0.02073994
12454,0.02073994
12455,0.02073994
12456,0.02073994
12457,0.24522631
12458,0.2514468
12459,0.5485287
12460,0.68921274
12461,0.558906
12462,0.5141764
12463,0.02073994
12464,0.02073994
12465,0.02073994
12466,0.02073994
12467,0.02073994
12468,0.02073994
12469,0.02073994
12470,0.5425432
12471,0.02073994
12472,0.02073994
12473,0.02073994
12474,0.021836717
12475,0.02073994
12476,0.02073994
12477,0.020439623
12478,0.02073994
12479,0.02073994
12480,0.02073994
12481,0.02073994
12482,0.02073994
12483,0.02073994
12484,0.451171
12485,0.46803036
12486,0.02316652
12487,0.6828348
12488,0.48636273
12489,0.49640653
12490,0.02073994
12491,0.012017738
12492,0.02073994
12493,0.02073994
12494,0.02073994
12495,0.02073994
12496,0.02073994
12497,0.02073994
12498,0.02073994
12499,0.4230826
12500,0.24600948
12501,0.54129964
12502,0.02073994
12503,0.021233683
12504,0.02216937
12505,0.022524225
12506,0.022680497
12507,0.02073994
12508,0.02073994
12509,0.02073994
12510,0.02073994
12511,0.02073994
12512,0.5844293
12513,0.0436863
12514,0.51704353
12515,0.4878578
12516,0.43312055
12517,0.24958101
12518,0.02073994
12519,0.02073994
12520,0.02073994
12521,0.02073994
12522,0.02073994
12523,0.02073994
12524,0.021376494
12525,0.022651883
12526,0.02073994
12527,0.4993115
12528,0.02073994
12529,0.02073994
12530,0.42588362
12531,0.02073994
12532,0.012377344
12533,0.02073994
12534,0.02073994
12535,0.02073994
12536,0.039664313
12537,0.02073994
12538,0.23732944
12539,0.2493867
12540,0.02073994
12541,0.02073994
12542,0.02073994
12543,0.02073994
12544,0.02073994
12545,0.02073994
12546,0.021293469
12547,0.02073994
12548,0.02073994
12549,0.02073994
12550,0.02073994
12551,0.24599406
12552,0.02073994
12553,0.02073994
12554,0.02073994
12555,0.02073994
12556,0.023075856
12557,0.02073994
12558,0.02073994
12559,0.02073994
12560,0.02073994
12561,0.24507594
12562,0.4842858
12563,0.42854795
12564,0.02073994
12565,0.02073994
12566,0.02073994
12567,0.02073994
12568,0.02073994
12569,0.029034207
12570,0.02073994
12571,0.02073994
12572,0.02073994
12573,0.02073994
12574,0.02073994
12575,0.02073994
12576,0.02073994
12577,0.40759403
12578,0.02073994
12579,0.02073994
12580,0.02073994
12581,0.02073994
12582,0.02073994
12583,0.52514005
12584,0.02073994
12585,0.02073994
12586,0.026539955
12587,0.02073994
12588,0.02073994
12589,0.02073994
12590,0.025913266
12591,0.02073994
12592,0.02073994
12593,0.02073994
12594,0.02073994
12595,0.02073994
12596,0.02652284
12597,0.02073994
12598,0.02073994
12599,0.024374725
12600,0.02073994
12601,0.02073994
12602,0.02073994
12603,0.02073994
12604,0.02073994
12605,0.46074146
12606,0.02073994
12607,0.02073994
12608,0.02073994
12609,0.02073994
12610,0.02073994
12611,0.02073994
12612,0.035907168
12613,0.02073994
12614,0.24692832
12615,0.02073994
12616,0.02073994
12617,0.02073994
12618,0.02073994
12619,0.02073994
12620,0.02073994
12621,0.25650838
12622,0.02073994
12623,0.023353953
12624,0.02073994
12625,0.02073994
12626,0.02073994
12627,0.02073994
12628,0.02073994
12629,0.43731165
12630,0.5216057
12631,0.025415251
12632,0.02073994
12633,0.02073994
12634,0.02073994
12635,0.02073994
12636,0.2453655
12637,0.02073994
12638,0.021125669
12639,0.54337764
12640,0.02073994
12641,0.02073994
12642,0.030853601
12643,0.02073994
12644,0.02073994
12645,0.02073994
12646,0.021864098
12647,0.49767056
12648,0.02073994
12649,0.027160378
12650,0.02073994
12651,0.02073994
12652,0.02073994
12653,0.02073994
12654,0.02073994
12655,0.02073994
12656,0.027230818
12657,0.02073994
12658,0.02073994
12659,0.02073994
12660,0.02073994
12661,0.02073994
12662,0.02073994
12663,0.02073994
12664,0.02099835
12665,0.02073994
12666,0.02073994
12667,0.02073994
12668,0.02073994
12669,0.021467779
12670,0.02073994
12671,0.02073994
12672,0.549696
12673,0.02073994
12674,0.022519631
12675,0.02073994
12676,0.02073994
12677,0.02073994
12678,0.02073994
12679,0.02073994
12680,0.02073994
12681,0.2527428
12682,0.02073994
12683,0.02073994
12684,0.02073994
12685,0.02073994
12686,0.02073994
12687,0.021716665
12688,0.02073994
12689,0.0216281
12690,0.02073994
12691,0.02073994
12692,0.02073994
12693,0.5023949
12694,0.02073994
12695,0.02073994
12696,0.02073994
12697,0.02073994
12698,0.02073994
12699,0.026431581
12700,0.02073994
12701,0.02073994
12702,0.02073994
12703,0.02073994
12704,0.02073994
12705,0.2565645
12706,0.02073994
12707,0.02073994
12708,0.02073994
12709,0.02073994
12710,0.02073994
12711,0.02073994
12712,0.24867958
12713,0.23860617
12714,0.02073994
12715,0.02073994
12716,0.02073994
12717,0.02073994
12718,0.02073994
12719,0.02073994
12720,0.02073994
12721,0.02073994
12722,0.02073994
12723,0.02073994
12724,0.02073994
12725,0.02073994
12726,0.02073994
12727,0.02073994
12728,0.02073994
12729,0.02073994
12730,0.02073994
12731,0.024098102
12732,0.02073994
12733,0.02073994
12734,0.02073994
12735,0.021507515
12736,0.030475704
12737,0.02073994
12738,0.02073994
12739,0.02073994
12740,0.02073994
12741,0.02073994
12742,0.02073994
12743,0.02073994
12744,0.02073994
12745,0.02073994
12746,0.02073994
12747,0.02073994
12748,0.026754715
12749,0.02073994
12750,0.02073994
12751,0.022898858
12752,0.02073994
12753,0.02073994
12754,0.02073994
12755,0.02073994
12756,0.02073994
12757,0.02073994
12758,0.02073994
12759,0.02073994
12760,0.02073994
12761,0.02073994
12762,0.02073994
12763,0.02073994
12764,0.02073994
12765,0.02073994
12766,0.02073994
12767,0.02073994
12768,0.02073994
12769,0.02073994
12770,0.020830506
12771,0.025598053
12772,0.02073994
12773,0.02073994
12774,0.02073994
12775,0.02073994
12776,0.02073994
12777,0.02073994
12778,0.02073994
12779,0.02073994
12780,0.02073994
12781,0.02073994
12782,0.024010967
12783,0.02073994
12784,0.02073994
12785,0.02073994
12786,0.02073994
12787,0.02073994
12788,0.02073994
12789,0.02073994
12790,0.02073994
12791,0.02073994
12792,0.02073994
12793,0.02073994
12794,0.02073994
12795,0.02073994
12796,0.037491277
12797,0.02073994
12798,0.02073994
12799,0.02073994
12800,0.02073994
12801,0.02073994
12802,0.02073994
12803,0.02073994
12804,0.02073994
12805,0.02073994
12806,0.02073994
12807,0.02073994
12808,0.02073994
12809,0.02073994
12810,0.02073994
12811,0.02073994
12812,0.02073994
12813,0.02073994
12814,0.02073994
12815,0.02073994
12816,0.02073994
12817,0.02073994
12818,0.02073994
12819,0.02073994
12820,0.02073994
12821,0.02073994
12822,0.02073994
12823,0.021696594
12824,0.02073994
12825,0.02073994
12826,0.02073994
12827,0.02073994
12828,0.02073994
12829,0.02073994
12830,0.40823704
12831,0.5088322
12832,0.02073994
12833,0.02073994
12834,0.2470014
12835,0.02073994
12836,0.515512
12837,0.02073994
12838,0.024820026
12839,0.020556537
12840,0.02073994
12841,0.024846738
12842,0.02073994
12843,0.46723333
12844,0.02073994
12845,0.02073994
12846,0.24972653
12847,0.02073994
12848,0.02073994
12849,0.02073994
12850,0.02073994
12851,0.02073994
12852,0.02073994
12853,0.02073994
12854,0.02073994
12855,0.02073994
12856,0.44149107
12857,0.4472941
12858,0.01937199
12859,0.02073994
12860,0.25379726
12861,0.022784667
12862,0.02073994
12863,0.02073994
12864,0.02073994
12865,0.02073994
12866,0.021727238
12867,0.43961155
12868,0.023761611
12869,0.24614522
12870,0.4361632
12871,0.02073994
12872,0.5103093
12873,0.02073994
12874,0.02073994
12875,0.2529613
12876,0.02073994
12877,0.02073994
12878,0.02073994
12879,0.02073994
12880,0.02073994
12881,0.021423478
12882,0.023964778
12883,0.019863496
12884,0.02073994
12885,0.02073994
12886,0.022627076
12887,0.24298964
12888,0.02073994
12889,0.02073994
12890,0.02073994
12891,0.02073994
12892,0.02073994
12893,0.02073994
12894,0.02073994
12895,0.02073994
12896,0.02073994
12897,0.02073994
12898,0.038370915
12899,0.02073994
12900,0.039171726
12901,0.02073994
12902,0.02073994
12903,0.02073994
12904,0.02073994
12905,0.02073994
12906,0.5308006
12907,0.02460966
12908,0.02073994
12909,0.50870836
12910,0.50109255
12911,0.02073994
12912,0.02073994
12913,0.02073994
12914,0.02073994
12915,0.02073994
12916,0.02073994
12917,0.02073994
12918,0.02073994
12919,0.02073994
12920,0.02073994
12921,0.02073994
12922,0.022582676
12923,0.2490713
12924,0.43921885
12925,0.02073994
12926,0.02073994
12927,0.02073994
12928,0.02073994
12929,0.02073994
12930,0.02073994
12931,0.24979195
12932,0.02073994
12933,0.02073994
12934,0.02073994
12935,0.02073994
12936,0.02073994
12937,0.02073994
12938,0.39884892
12939,0.02073994
12940,0.02073994
12941,0.02073994
12942,0.02073994
12943,0.02073994
12944,0.02073994
12945,0.02073994
12946,0.02073994
12947,0.02073994
12948,0.023695668
12949,0.0288827
12950,0.02073994
12951,0.022993086
12952,0.02073994
12953,0.02073994
12954,0.02073994
12955,0.02073994
12956,0.02073994
12957,0.02073994
12958,0.02073994
12959,0.24620366
12960,0.02073994
12961,0.02073994
12962,0.02073994
12963,0.02073994
12964,0.02073994
12965,0.02073994
12966,0.02073994
12967,0.02073994
12968,0.02073994
12969,0.021550324
12970,0.25637406
12971,0.02073994
12972,0.02073994
12973,0.02073994
12974,0.02073994
12975,0.02073994
12976,0.02073994
12977,0.02073994
12978,0.02073994
12979,0.02073994
12980,0.02073994
12981,0.02073994
12982,0.02073994
12983,0.02073994
12984,0.02073994
12985,0.02073994
12986,0.25613713
12987,0.24568044
12988,0.25241244
12989,0.02073994
12990,0.02073994
12991,0.02073994
12992,0.02073994
12993,0.02073994
12994,0.02073994
12995,0.02185
12996,0.02073994
12997,0.42677957
12998,0.022996336
12999,0.02073994
13000,0.02073994
13001,0.02073994
13002,0.02073994
13003,0.02073994
13004,0.02073994
13005,0.02073994
13006,0.02073994
13007,0.02073994
13008,0.02073994
13009,0.02073994
13010,0.02073994
13011,0.02073994
13012,0.02073994
13013,0.25123373
13014,0.5337276
13015,0.02073994
13016,0.02073994
13017,0.02073994
13018,0.02073994
13019,0.02073994
13020,0.02073994
13021,0.02073994
13022,0.02073994
13023,0.02073994
13024,0.020958584
13025,0.02073994
13026,0.02073994
13027,0.02073994
13028,0.02073994
13029,0.025598053
13030,0.02073994
13031,0.02073994
13032,0.021817666
13033,0.02073994
13034,0.02073994
13035,0.02073994
13036,0.02073994
13037,0.016718132
13038,0.02073994
13039,0.02073994
13040,0.02073994
13041,0.02073994
13042,0.02073994
13043,0.021206321
13044,0.02073994
13045,0.25753736
13046,0.2371424
13047,0.022069154
13048,0.02073994
13049,0.02073994
13050,0.02073994
13051,0.02073994
13052,0.02073994
13053,0.02073994
13054,0.02073994
13055,0.02073994
13056,0.02073994
13057,0.02073994
13058,0.02073994
13059,0.02073994
13060,0.02073994
13061,0.02073994
13062,0.02073994
13063,0.02073994
13064,0.02073994
13065,0.02073994
13066,0.02073994
13067,0.02073994
13068,0.02073994
13069,0.23599985
13070,0.25431532
13071,0.02073994
13072,0.021010736
13073,0.02073994
13074,0.02073994
13075,0.02073994
13076,0.02073994
13077,0.02073994
13078,0.02073994
13079,0.02073994
13080,0.5115449
13081,0.02073994
13082,0.02073994
13083,0.02073994
13084,0.02073994
13085,0.02073994
13086,0.02073994
13087,0.02073994
13088,0.02073994
13089,0.02073994
13090,0.022197835
13091,0.02073994
13092,0.02073994
13093,0.022690766
13094,0.44706905
13095,0.02073994
13096,0.02073994
13097,0.24927539
13098,0.02073994
13099,0.2466728
13100,0.020078538
13101,0.02073994
13102,0.02073994
13103,0.02073994
13104,0.02073994
13105,0.032647114
13106,0.02073994
13107,0.05256283
13108,0.02073994
13109,0.02073994
13110,0.02073994
13111,0.02073994
13112,0.02073994
13113,0.02073994
13114,0.02073994
13115,0.025705447
13116,0.023609363
13117,0.02073994
13118,0.02073994
13119,0.02073994
13120,0.02073994
13121,0.027474148
13122,0.2508263
13123,0.02073994
13124,0.02073994
13125,0.02073994
13126,0.02073994
13127,0.02073994
13128,0.43833613
13129,0.02073994
13130,0.02005115
13131,0.50393236
13132,0.022104882
13133,0.02073994
13134,0.02073994
13135,0.02073994
13136,0.25470367
13137,0.24874625
13138,0.02073994
13139,0.02073994
13140,0.02073994
13141,0.02846956
13142,0.023328831
13143,0.02779981
13144,0.5544743
13145,0.02073994
13146,0.02073994
13147,0.02073994
13148,0.02073994
13149,0.02073994
13150,0.24936005
13151,0.5930387
13152,0.02073994
13153,0.02073994
13154,0.4421567
13155,0.02073994
13156,0.02073994
13157,0.26203597
13158,0.030853601
13159,0.02073994
13160,0.02073994
13161,0.02073994
13162,0.02073994
13163,0.02073994
13164,0.52395076
13165,0.02073994
13166,0.02073994
13167,0.23747265
13168,0.025221154
13169,0.23838824
13170,0.4403282
13171,0.4278851
13172,0.2569284
13173,0.02073994
13174,0.02609863
13175,0.56158096
13176,0.49147636
13177,0.5466942
13178,0.02073994
13179,0.25172132
13180,0.02073994
13181,0.02073994
13182,0.02073994
13183,0.02073994
13184,0.02073994
13185,0.02073994
13186,0.02073994
13187,0.02073994
13188,0.02073994
13189,0.02073994
13190,0.02073994
13191,0.25248498
13192,0.02073994
13193,0.02073994
13194,0.02073994
13195,0.25584635
13196,0.02073994
13197,0.4320238
13198,0.46658185
13199,0.5333777
13200,0.02073994
13201,0.02073994
13202,0.02073994
13203,0.02073994
13204,0.547608
13205,0.02073994
13206,0.02073994
13207,0.02073994
13208,0.02073994
13209,0.02073994
13210,0.02073994
13211,0.02073994
13212,0.39630067
13213,0.02073994
13214,0.02073994
13215,0.02073994
13216,0.02073994
13217,0.02073994
13218,0.02073994
13219,0.2453655
13220,0.5209037
13221,0.02073994
13222,0.24777552
13223,0.02073994
13224,0.02073994
13225,0.5370917
13226,0.5174444
13227,0.4385608
13228,0.02073994
13229,0.02073994
13230,0.02073994
13231,0.02073994
13232,0.4260477
13233,0.02073994
13234,0.25606346
13235,0.02073994
13236,0.02073994
13237,0.02073994
13238,0.02073994
13239,0.022249758
13240,0.0246099
13241,0.02073994
13242,0.4220464
13243,0.23265055
13244,0.24017613
13245,0.022056142
13246,0.02073994
13247,0.02073994
13248,0.02073994
13249,0.02073994
13250,0.02073994
13251,0.02073994
13252,0.023740541
13253,0.021489423
13254,0.02073994
13255,0.02073994
13256,0.02073994
13257,0.47886115
13258,0.8223467
13259,0.5225147
13260,0.022629894
13261,0.02073994
13262,0.24742913
13263,0.25363356
13264,0.02073994
13265,0.02073994
13266,0.02073994
13267,0.02073994
13268,0.02073994
13269,0.02073994
13270,0.429135
13271,0.55983007
13272,0.02073994
13273,0.02073994
13274,0.022682134
13275,0.02073994
13276,0.02073994
13277,0.5228701
13278,0.02073994
13279,0.02073994
13280,0.02073994
13281,0.02073994
13282,0.024212234
13283,0.02073994
13284,0.02073994
13285,0.5208295
13286,0.48260292
13287,0.03095239
13288,0.02073994
13289,0.02073994
13290,0.02073994
13291,0.25051033
13292,0.02073994
13293,0.02073994
13294,0.02073994
13295,0.02073994
13296,0.02073994
13297,0.02073994
13298,0.02073994
13299,0.25281247
13300,0.6957613
13301,0.24805473
13302,0.25889486
13303,0.0208629
13304,0.022112885
13305,0.021087717
13306,0.40318155
13307,0.02073994
13308,0.02073994
13309,0.02073994
13310,0.02073994
13311,0.03370126
13312,0.02996762
13313,0.2499063
13314,0.2671789
13315,0.23678757
13316,0.25505477
13317,0.55466104
13318,0.24816659
13319,0.02073994
13320,0.2500792
13321,0.24836044
13322,0.02073994
13323,0.02073994
13324,0.021028893
13325,0.02073994
13326,0.02073994
13327,0.02073994
13328,0.02073994
13329,0.24868602
13330,0.5513829
13331,0.24620366
13332,0.5301062
13333,0.24729434
13334,0.023572559
13335,0.251447
13336,0.24471256
13337,0.02073994
13338,0.02073994
13339,0.032653958
13340,0.24568044
13341,0.02073994
13342,0.5192746
13343,0.2530424
13344,0.02073994
13345,0.5256125
13346,0.4298702
13347,0.02073994
13348,0.021575758
13349,0.02073994
13350,0.02073994
13351,0.02073994
13352,0.02073994
13353,0.02073994
13354,0.02073994
13355,0.02073994
13356,0.02073994
13357,0.02073994
13358,0.024119647
13359,0.40774572
13360,0.6551841
13361,0.50648046
13362,0.49014494
13363,0.4414234
13364,0.02073994
13365,0.02073994
13366,0.02073994
13367,0.03406502
13368,0.027493123
13369,0.02073994
13370,0.02073994
13371,0.02073994
13372,0.027600834
13373,0.02073994
13374,0.02073994
13375,0.02253036
13376,0.02073994
13377,0.02073994
13378,0.02073994
13379,0.02073994
13380,0.02073994
13381,0.02073994
13382,0.02073994
13383,0.02073994
13384,0.02073994
13385,0.02073994
13386,0.24934909
13387,0.25128713
13388,0.5359741
13389,0.6940797
13390,0.47875926
13391,0.4100477
13392,0.02073994
13393,0.02073994
13394,0.02073994
13395,0.02073994
13396,0.02073994
13397,0.02073994
13398,0.02073994
13399,0.44413415
13400,0.02073994
13401,0.02073994
13402,0.02073994
13403,0.02073994
13404,0.24673273
13405,0.02073994
13406,0.02073994
13407,0.02073994
13408,0.02073994
13409,0.02073994
13410,0.02073994
13411,0.02073994
13412,0.02073994
13413,0.45779216
13414,0.41501462
13415,0.02386982
13416,0.10960787
13417,0.40645906
13418,0.49441066
13419,0.24483922
13420,0.02073994
13421,0.02073994
13422,0.02073994
13423,0.02073994
13424,0.02073994
13425,0.02073994
13426,0.02073994
13427,0.40747902
13428,0.24620366
13429,0.48898178
13430,0.02073994
13431,0.021036156
13432,0.023184193
13433,0.022852743
13434,0.023619467
13435,0.02073994
13436,0.02073994
13437,0.02073994
13438,0.02073994
13439,0.02073994
13440,0.49496996
13441,0.49707347
13442,0.43442538
13443,0.5220499
13444,0.24677213
13445,0.2484985
13446,0.02073994
13447,0.02073994
13448,0.02073994
13449,0.02073994
13450,0.02073994
13451,0.021376494
13452,0.023112105
13453,0.02073994
13454,0.2495456
13455,0.02073994
13456,0.02073994
13457,0.02073994
13458,0.24398828
13459,0.02073994
13460,0.02073994
13461,0.02073994
13462,0.26512817
13463,0.02073994
13464,0.02073994
13465,0.02325158
13466,0.02461154
13467,0.02073994
13468,0.02073994
13469,0.02073994
13470,0.02073994
13471,0.02073994
13472,0.02073994
13473,0.021293469
13474,0.02073994
13475,0.02073994
13476,0.02073994
13477,0.5208577
13478,0.02073994
13479,0.02073994
13480,0.02073994
13481,0.02073994
13482,0.02073994
13483,0.023075856
13484,0.02073994
13485,0.02073994
13486,0.02073994
13487,0.02073994
13488,0.031391542
13489,0.48735097
13490,0.4304985
13491,0.02073994
13492,0.02073994
13493,0.02073994
13494,0.02073994
13495,0.02073994
13496,0.02073994
13497,0.031907074
13498,0.02073994
13499,0.02073994
13500,0.02073994
13501,0.02073994
13502,0.02073994
13503,0.02073994
13504,0.02073994
13505,0.02073994
13506,0.43860176
13507,0.02073994
13508,0.02073994
13509,0.02073994
13510,0.02073994
13511,0.02073994
13512,0.5086462
13513,0.02073994
13514,0.02073994
13515,0.025458671
13516,0.02073994
13517,0.02073994
13518,0.025913266
13519,0.02073994
13520,0.02073994
13521,0.02073994
13522,0.02073994
13523,0.024011701
13524,0.02073994
13525,0.02073994
13526,0.02073994
13527,0.02517849
13528,0.02073994
13529,0.02073994
13530,0.02073994
13531,0.02073994
13532,0.02073994
13533,0.42050734
13534,0.02073994
13535,0.02073994
13536,0.02073994
13537,0.02073994
13538,0.02073994
13539,0.034338083
13540,0.02073994
13541,0.024716059
13542,0.02073994
13543,0.02073994
13544,0.02073994
13545,0.030853601
13546,0.02073994
13547,0.02073994
13548,0.25422522
13549,0.025495254
13550,0.02073994
13551,0.02073994
13552,0.02073994
13553,0.02073994
13554,0.02073994
13555,0.4392622
13556,0.53185797
13557,0.027236113
13558,0.02073994
13559,0.02073994
13560,0.02073994
13561,0.02073994
13562,0.02073994
13563,0.25003153
13564,0.02073994
13565,0.02161187
13566,0.5858634
13567,0.02073994
13568,0.02073994
13569,0.02073994
13570,0.02073994
13571,0.02073994
13572,0.02073994
13573,0.02073994
13574,0.021864098
13575,0.4883225
13576,0.02073994
13577,0.25345778
13578,0.02073994
13579,0.02073994
13580,0.02073994
13581,0.02073994
13582,0.02073994
13583,0.02073994
13584,0.02073994
13585,0.02073994
13586,0.02073994
13587,0.02073994
13588,0.02073994
13589,0.02073994
13590,0.02073994
13591,0.026565688
13592,0.02073994
13593,0.02073994
13594,0.02073994
13595,0.02073994
13596,0.021467779
13597,0.02073994
13598,0.02073994
13599,0.4329283
13600,0.02073994
13601,0.24761981
13602,0.02073994
13603,0.02073994
13604,0.02073994
13605,0.4022925
13606,0.02073994
13607,0.028866846
13608,0.02073994
13609,0.02073994
13610,0.02073994
13611,0.021076208
13612,0.02073994
13613,0.0216281
13614,0.02073994
13615,0.02073994
13616,0.02073994
13617,0.44385657
13618,0.02073994
13619,0.02073994
13620,0.02073994
13621,0.02073994
13622,0.02073994
13623,0.02073994
13624,0.025904821
13625,0.02073994
13626,0.02073994
13627,0.02073994
13628,0.02073994
13629,0.02073994
13630,0.029012825
13631,0.02073994
13632,0.02073994
13633,0.02073994
13634,0.02073994
13635,0.02073994
13636,0.02073994
13637,0.24600948
13638,0.2528291
13639,0.02073994
13640,0.02073994
13641,0.02073994
13642,0.02073994
13643,0.02073994
13644,0.02073994
13645,0.02073994
13646,0.02073994
13647,0.02073994
13648,0.02073994
13649,0.02073994
13650,0.02073994
13651,0.02073994
13652,0.022964869
13653,0.02073994
13654,0.2494472
13655,0.02073994
13656,0.2567217
13657,0.02073994
13658,0.02073994
13659,0.02073994
13660,0.02073994
13661,0.02073994
13662,0.02073994
13663,0.02073994
13664,0.02073994
13665,0.02073994
13666,0.02073994
13667,0.02073994
13668,0.022898858
13669,0.02073994
13670,0.02073994
13671,0.02073994
13672,0.02073994
13673,0.02073994
13674,0.025598053
13675,0.02073994
13676,0.02073994
13677,0.02073994
13678,0.02073994
13679,0.02073994
13680,0.02073994
13681,0.012633189
13682,0.02073994
13683,0.02073994
13684,0.02073994
13685,0.02073994
13686,0.020830506
13687,0.02073994
13688,0.02073994
13689,0.02073994
13690,0.02073994
13691,0.02073994
13692,0.02073994
13693,0.02073994
13694,0.02073994
13695,0.02073994
13696,0.02073994
13697,0.025392672
13698,0.02073994
13699,0.02073994
13700,0.02073994
13701,0.02073994
13702,0.02073994
13703,0.02073994
13704,0.02073994
13705,0.019968808
13706,0.02073994
13707,0.02073994
13708,0.02073994
13709,0.02073994
13710,0.02073994
13711,0.034506246
13712,0.027230818
13713,0.02073994
13714,0.02073994
13715,0.02073994
13716,0.02073994
13717,0.02073994
13718,0.02073994
13719,0.02073994
13720,0.02073994
13721,0.02073994
13722,0.02073994
13723,0.02073994
13724,0.02073994
13725,0.02073994
13726,0.02073994
13727,0.02073994
13728,0.02073994
13729,0.02073994
13730,0.02073994
13731,0.02073994
13732,0.032796748
13733,0.032796748
13734,0.032796748
13735,0.032796748
13736,0.032796748
13737,0.032796748
13738,0.032796748
13739,0.032796748
13740,0.032796748
13741,0.032796748
13742,0.032796748
13743,0.032796748
13744,0.032796748
13745,0.047060106
13746,0.032796748
13747,0.032796748
13748,0.032796748
13749,0.032796748
13750,0.032796748
13751,0.49855098
13752,0.032796748
13753,0.032796748
13754,0.25350517
13755,0.032796748
13756,0.04894021
13757,0.032796748
13758,0.035421416
13759,0.032796748
13760,0.032796748
13761,0.03636331
13762,0.032796748
13763,0.47966316
13764,0.032796748
13765,0.032796748
13766,0.2584978
13767,0.032796748
13768,0.032796748
13769,0.032796748
13770,0.032796748
13771,0.032796748
13772,0.032796748
13773,0.032796748
13774,0.032796748
13775,0.032796748
13776,0.032796748
13777,0.5078741
13778,0.5724726
13779,0.032300137
13780,0.0389369
13781,0.25937763
13782,0.032796748
13783,0.032796748
13784,0.032796748
13785,0.032796748
13786,0.033784032
13787,0.4418795
13788,0.037395373
13789,0.5536241
13790,0.54118836
13791,0.032796748
13792,0.42961773
13793,0.032796748
13794,0.26062623
13795,0.032796748
13796,0.032796748
13797,0.032796748
13798,0.032796748
13799,0.032796748
13800,0.033480283
13801,0.036021568
13802,0.033526212
13803,0.039011456
13804,0.034683883
13805,0.25524312
13806,0.032796748
13807,0.032796748
13808,0.032796748
13809,0.032796748
13810,0.032796748
13811,0.032796748
13812,0.032796748
13813,0.032796748
13814,0.032796748
13815,0.032796748
13816,0.032796748
13817,0.053265303
13818,0.26874322
13819,0.032796748
13820,0.032796748
13821,0.032796748
13822,0.5024318
13823,0.036666457
13824,0.032796748
13825,0.25410196
13826,0.259787
13827,0.032796748
13828,0.032796748
13829,0.032796748
13830,0.032796748
13831,0.032796748
13832,0.032796748
13833,0.032796748
13834,0.032796748
13835,0.032796748
13836,0.032796748
13837,0.034639478
13838,0.03319118
13839,0.51606727
13840,0.032796748
13841,0.032796748
13842,0.032796748
13843,0.032796748
13844,0.032796748
13845,0.032796748
13846,0.032796748
13847,0.032796748
13848,0.5169219
13849,0.032796748
13850,0.032796748
13851,0.032796748
13852,0.032796748
13853,0.43957433
13854,0.032796748
13855,0.032796748
13856,0.032796748
13857,0.032796748
13858,0.032796748
13859,0.032796748
13860,0.032796748
13861,0.032796748
13862,0.032796748
13863,0.037644032
13864,0.043354724
13865,0.032796748
13866,0.03504989
13867,0.032796748
13868,0.03435088
13869,0.032796748
13870,0.032796748
13871,0.032796748
13872,0.032796748
13873,0.032796748
13874,0.032796748
13875,0.25527218
13876,0.032796748
13877,0.032796748
13878,0.032796748
13879,0.032796748
13880,0.032796748
13881,0.032796748
13882,0.032796748
13883,0.032796748
13884,0.032796748
13885,0.032796748
13886,0.25914028
13887,0.2660028
13888,0.032796748
13889,0.032796748
13890,0.032796748
13891,0.032796748
13892,0.032796748
13893,0.032796748
13894,0.032796748
13895,0.032796748
13896,0.032796748
13897,0.032796748
13898,0.032796748
13899,0.032796748
13900,0.032796748
13901,0.032796748
13902,0.032796748
13903,0.26360497
13904,0.25350517
13905,0.2616919
13906,0.032796748
13907,0.032796748
13908,0.032796748
13909,0.032796748
13910,0.032796748
13911,0.032796748
13912,0.032288153
13913,0.032796748
13914,0.4813198
13915,0.03505315
13916,0.032796748
13917,0.032796748
13918,0.032796748
13919,0.032796748
13920,0.032796748
13921,0.032796748
13922,0.032796748
13923,0.032796748
13924,0.032796748
13925,0.032796748
13926,0.032796748
13927,0.032796748
13928,0.032796748
13929,0.032796748
13930,0.032796748
13931,0.26441413
13932,0.0555683
13933,0.032796748
13934,0.032796748
13935,0.032796748
13936,0.032796748
13937,0.032796748
13938,0.032796748
13939,0.032796748
13940,0.032796748
13941,0.032796748
13942,0.035260003
13943,0.032796748
13944,0.032796748
13945,0.032796748
13946,0.032796748
13947,0.032796748
13948,0.032796748
13949,0.032796748
13950,0.033874467
13951,0.032796748
13952,0.032796748
13953,0.032796748
13954,0.032796748
13955,0.032796748
13956,0.032796748
13957,0.032796748
13958,0.032796748
13959,0.03326313
13960,0.032796748
13961,0.27349648
13962,0.26081032
13963,0.035659134
13964,0.032796748
13965,0.032796748
13966,0.032796748
13967,0.032796748
13968,0.032796748
13969,0.032796748
13970,0.032796748
13971,0.032796748
13972,0.032796748
13973,0.032796748
13974,0.032796748
13975,0.032796748
13976,0.032796748
13977,0.032796748
13978,0.032796748
13979,0.032796748
13980,0.032796748
13981,0.032796748
13982,0.032796748
13983,0.032796748
13984,0.032796748
13985,0.032796748
13986,0.034260347
13987,0.25800234
13988,0.032796748
13989,0.033067543
13990,0.032796748
13991,0.032796748
13992,0.032796748
13993,0.032796748
13994,0.032796748
13995,0.032796748
13996,0.032796748
13997,0.2505948
13998,0.032796748
13999,0.032796748
14000,0.032796748
14001,0.032796748
14002,0.032796748
14003,0.032796748
14004,0.032796748
14005,0.03425464
14006,0.032796748
14007,0.032796748
14008,0.03474757
14009,0.47288477
14010,0.032796748
14011,0.032796748
14012,0.25626397
14013,0.032796748
14014,0.25398222
14015,0.03291226
14016,0.032796748
14017,0.032796748
14018,0.032796748
14019,0.046234544
14020,0.032796748
14021,0.060114756
14022,0.032796748
14023,0.032796748
14024,0.032796748
14025,0.032796748
14026,0.032796748
14027,0.032796748
14028,0.032796748
14029,0.038090438
14030,0.037024464
14031,0.032796748
14032,0.032796748
14033,0.032796748
14034,0.032796748
14035,0.24770305
14036,0.25154614
14037,0.032796748
14038,0.032796748
14039,0.032796748
14040,0.032796748
14041,0.032796748
14042,0.032796748
14043,0.466461
14044,0.032796748
14045,0.03246743
14046,0.52115726
14047,0.24481831
14048,0.032796748
14049,0.032796748
14050,0.032796748
14051,0.032796748
14052,0.2637162
14053,0.26839966
14054,0.032796748
14055,0.032796748
14056,0.032796748
14057,0.04369046
14058,0.035385642
14059,0.047516316
14060,0.42127472
14061,0.040289044
14062,0.032796748
14063,0.032796748
14064,0.032796748
14065,0.2584897
14066,0.5698996
14067,0.032796748
14068,0.032796748
14069,0.432439
14070,0.032796748
14071,0.032796748
14072,0.27401644
14073,0.032796748
14074,0.032796748
14075,0.032796748
14076,0.032796748
14077,0.4425962
14078,0.032796748
14079,0.032796748
14080,0.24513745
14081,0.25830466
14082,0.24616939
14083,0.50474375
14084,0.45282075
14085,0.032796748
14086,0.44344267
14087,0.25350517
14088,0.26205152
14089,0.4604922
14090,0.4263958
14091,0.42640427
14092,0.032796748
14093,0.261857
14094,0.032796748
14095,0.032796748
14096,0.032796748
14097,0.032796748
14098,0.032796748
14099,0.032796748
14100,0.032796748
14101,0.032796748
14102,0.032796748
14103,0.032796748
14104,0.032796748
14105,0.032796748
14106,0.25824165
14107,0.032796748
14108,0.032796748
14109,0.032796748
14110,0.267434
14111,0.032796748
14112,0.032796748
14113,0.558939
14114,0.5437474
14115,0.53158927
14116,0.032796748
14117,0.032796748
14118,0.032796748
14119,0.032796748
14120,0.55008036
14121,0.032796748
14122,0.032796748
14123,0.032796748
14124,0.032796748
14125,0.032796748
14126,0.032796748
14127,0.032796748
14128,0.5222045
14129,0.032796748
14130,0.032796748
14131,0.032796748
14132,0.032796748
14133,0.032796748
14134,0.032796748
14135,0.25960943
14136,0.25657684
14137,0.032796748
14138,0.036006704
14139,0.032796748
14140,0.032796748
14141,0.6192539
14142,0.48584443
14143,0.56786036
14144,0.032796748
14145,0.032796748
14146,0.032796748
14147,0.032796748
14148,0.4304379
14149,0.032796748
14150,0.26282117
14151,0.032796748
14152,0.032796748
14153,0.032796748
14154,0.032796748
14155,0.03313539
14156,0.036461316
14157,0.032796748
14158,0.5242959
14159,0.53644353
14160,0.24800083
14161,0.035510883
14162,0.032796748
14163,0.032796748
14164,0.032796748
14165,0.032796748
14166,0.032796748
14167,0.032796748
14168,0.035797346
14169,0.03354623
14170,0.032796748
14171,0.032796748
14172,0.032796748
14173,0.50309867
14174,0.83111817
14175,0.67188734
14176,0.0346867
14177,0.032796748
14178,0.034022216
14179,0.4147359
14180,0.032796748
14181,0.032796748
14182,0.032796748
14183,0.032796748
14184,0.032796748
14185,0.032796748
14186,0.50418806
14187,0.60921437
14188,0.032796748
14189,0.032796748
14190,0.04192231
14191,0.032796748
14192,0.032796748
14193,0.52285177
14194,0.032796748
14195,0.032796748
14196,0.032796748
14197,0.032796748
14198,0.03357792
14199,0.032796748
14200,0.032796748
14201,0.46066934
14202,0.25698534
14203,0.04356097
14204,0.032796748
14205,0.032796748
14206,0.032796748
14207,0.26676744
14208,0.032796748
14209,0.032796748
14210,0.032796748
14211,0.032796748
14212,0.032796748
14213,0.032796748
14214,0.032796748
14215,0.44574007
14216,0.6450711
14217,0.2558795
14218,0.26047283
14219,0.03291971
14220,0.034169696
14221,0.25227067
14222,0.46675783
14223,0.032796748
14224,0.032796748
14225,0.032796748
14226,0.032796748
14227,0.2544524
14228,0.26220948
14229,0.035046022
14230,0.53516066
14231,0.25684324
14232,0.26542974
14233,0.7394066
14234,0.25906405
14235,0.032796748
14236,0.261959
14237,0.25566188
14238,0.032796748
14239,0.032796748
14240,0.2595534
14241,0.035207585
14242,0.032796748
14243,0.032796748
14244,0.032796748
14245,0.032796748
14246,0.04031587
14247,0.45325106
14248,0.2529819
14249,0.4373178
14250,0.52170557
14251,0.035554606
14252,0.25836787
14253,0.25157198
14254,0.032796748
14255,0.044737782
14256,0.032796748
14257,0.032796748
14258,0.42960143
14259,0.2570876
14260,0.032796748
14261,0.44608366
14262,0.51934296
14263,0.032796748
14264,0.032796748
14265,0.03363256
14266,0.032796748
14267,0.032796748
14268,0.032796748
14269,0.032796748
14270,0.032796748
14271,0.032796748
14272,0.032796748
14273,0.032796748
14274,0.03617645
14275,0.48673305
14276,0.63624966
14277,0.42400593
14278,0.2683743
14279,0.46859935
14280,0.032796748
14281,0.032796748
14282,0.032796748
14283,0.032796748
14284,0.04559172
14285,0.03709801
14286,0.032796748
14287,0.032796748
14288,0.032796748
14289,0.039657656
14290,0.032796748
14291,0.03458716
14292,0.032796748
14293,0.032796748
14294,0.032796748
14295,0.032796748
14296,0.032796748
14297,0.032796748
14298,0.032796748
14299,0.032796748
14300,0.25245154
14301,0.03840327
14302,0.4321397
14303,0.6628835
14304,0.54778486
14305,0.41147947
14306,0.032796748
14307,0.032796748
14308,0.032796748
14309,0.032796748
14310,0.032796748
14311,0.032796748
14312,0.45959905
14313,0.032796748
14314,0.032796748
14315,0.032796748
14316,0.032796748
14317,0.033893526
14318,0.032796748
14319,0.040289044
14320,0.03249643
14321,0.032796748
14322,0.032796748
14323,0.032796748
14324,0.032796748
14325,0.032796748
14326,0.032796748
14327,0.55726373
14328,0.49795303
14329,0.04118511
14330,0.6359573
14331,0.51687086
14332,0.5603467
14333,0.2532
14334,0.032796748
14335,0.032796748
14336,0.032796748
14337,0.032796748
14338,0.032796748
14339,0.032796748
14340,0.5422264
14341,0.032796748
14342,0.54765725
14343,0.032796748
14344,0.03309297
14345,0.034226175
14346,0.03458103
14347,0.25408056
14348,0.032796748
14349,0.032796748
14350,0.032796748
14351,0.032796748
14352,0.032796748
14353,0.5350732
14354,0.4661877
14355,0.4182964
14356,0.4345564
14357,0.4379137
14358,0.041344456
14359,0.032796748
14360,0.032796748
14361,0.032796748
14362,0.032796748
14363,0.032796748
14364,0.033433303
14365,0.035168912
14366,0.032796748
14367,0.2580103
14368,0.032796748
14369,0.032796748
14370,0.032796748
14371,0.25165322
14372,0.032796748
14373,0.032796748
14374,0.032796748
14375,0.032796748
14376,0.27767015
14377,0.032796748
14378,0.50270444
14379,0.25682878
14380,0.032796748
14381,0.032796748
14382,0.032796748
14383,0.032796748
14384,0.032796748
14385,0.032796748
14386,0.033790022
14387,0.032796748
14388,0.032796748
14389,0.032796748
14390,0.26050937
14391,0.032796748
14392,0.032796748
14393,0.032796748
14394,0.03513266
14395,0.032796748
14396,0.032796748
14397,0.032796748
14398,0.032796748
14399,0.04407121
14400,0.5277325
14401,0.43743762
14402,0.032796748
14403,0.032796748
14404,0.032796748
14405,0.032796748
14406,0.032796748
14407,0.03770508
14408,0.032796748
14409,0.032796748
14410,0.032796748
14411,0.032796748
14412,0.032796748
14413,0.032796748
14414,0.032796748
14415,0.032796748
14416,0.42762527
14417,0.032796748
14418,0.032796748
14419,0.032796748
14420,0.032796748
14421,0.032796748
14422,0.45225558
14423,0.032796748
14424,0.032796748
14425,0.25690162
14426,0.032796748
14427,0.032796748
14428,0.038559135
14429,0.032796748
14430,0.032796748
14431,0.2631158
14432,0.032796748
14433,0.032796748
14434,0.036431532
14435,0.032796748
14436,0.032796748
14437,0.032796748
14438,0.032796748
14439,0.032796748
14440,0.4901023
14441,0.032796748
14442,0.032796748
14443,0.032796748
14444,0.032796748
14445,0.2707091
14446,0.032796748
14447,0.035089727
14448,0.040289044
14449,0.032796748
14450,0.032796748
14451,0.032796748
14452,0.032796748
14453,0.032796748
14454,0.25970638
14455,0.032796748
14456,0.038098432
14457,0.032796748
14458,0.032796748
14459,0.032796748
14460,0.032796748
14461,0.5397311
14462,0.5453899
14463,0.2676968
14464,0.032796748
14465,0.032796748
14466,0.032796748
14467,0.032796748
14468,0.032796748
14469,0.032796748
14470,0.032796748
14471,0.03366867
14472,0.60783744
14473,0.032796748
14474,0.032796748
14475,0.032796748
14476,0.032796748
14477,0.0339209
14478,0.257411
14479,0.032796748
14480,0.04141514
14481,0.032796748
14482,0.032796748
14483,0.032796748
14484,0.032796748
14485,0.032796748
14486,0.032796748
14487,0.032796748
14488,0.032796748
14489,0.032796748
14490,0.032796748
14491,0.032796748
14492,0.032796748
14493,0.032796748
14494,0.036128387
14495,0.032796748
14496,0.032796748
14497,0.032796748
14498,0.032796748
14499,0.033524588
14500,0.032796748
14501,0.032796748
14502,0.032796748
14503,0.5315449
14504,0.032796748
14505,0.033582702
14506,0.032796748
14507,0.032796748
14508,0.032796748
14509,0.032796748
14510,0.032796748
14511,0.032796748
14512,0.25963682
14513,0.032796748
14514,0.032796748
14515,0.032796748
14516,0.2568666
14517,0.032796748
14518,0.032796748
14519,0.03368491
14520,0.032796748
14521,0.032796748
14522,0.032796748
14523,0.44657305
14524,0.032796748
14525,0.032796748
14526,0.032796748
14527,0.032796748
14528,0.032796748
14529,0.03848838
14530,0.032796748
14531,0.032796748
14532,0.032796748
14533,0.032796748
14534,0.04284076
14535,0.032796748
14536,0.032796748
14537,0.032796748
14538,0.032796748
14539,0.032796748
14540,0.032796748
14541,0.26088652
14542,0.032796748
14543,0.032796748
14544,0.032796748
14545,0.032796748
14546,0.032796748
14547,0.032796748
14548,0.032796748
14549,0.032796748
14550,0.032796748
14551,0.032796748
14552,0.032796748
14553,0.032796748
14554,0.032796748
14555,0.036154907
14556,0.032796748
14557,0.035286687
14558,0.032796748
14559,0.043710824
14560,0.032796748
14561,0.032796748
14562,0.032796748
14563,0.032796748
14564,0.032796748
14565,0.032796748
14566,0.032796748
14567,0.032796748
14568,0.032796748
14569,0.032796748
14570,0.032796748
14571,0.032796748
14572,0.034955665
14573,0.032796748
14574,0.032796748
14575,0.032796748
14576,0.032796748
14577,0.039011456
14578,0.032796748
14579,0.032796748
14580,0.032796748
14581,0.032796748
14582,0.032796748
14583,0.032796748
14584,0.032796748
14585,0.032796748
14586,0.032796748
14587,0.032796748
14588,0.032887314
14589,0.032796748
14590,0.032796748
14591,0.032796748
14592,0.032796748
14593,0.032796748
14594,0.032796748
14595,0.032796748
14596,0.032796748
14597,0.032796748
14598,0.032796748
14599,0.03634333
14600,0.032796748
14601,0.032796748
14602,0.032796748
14603,0.032796748
14604,0.032796748
14605,0.032796748
14606,0.032796748
14607,0.032025617
14608,0.032796748
14609,0.032796748
14610,0.032796748
14611,0.032796748
14612,0.032796748
14613,0.032796748
14614,0.047628406
14615,0.032796748
14616,0.032796748
14617,0.032796748
14618,0.032796748
14619,0.032796748
14620,0.032796748
14621,0.032796748
14622,0.032796748
14623,0.032796748
14624,0.032796748
14625,0.032796748
14626,0.032796748
14627,0.032796748
14628,0.032796748
14629,0.032796748
14630,0.032796748
14631,0.032796748
14632,0.032796748
14633,0.022298072
14634,0.022298072
14635,0.030723656
14636,0.022298072
14637,0.022298072
14638,0.022298072
14639,0.022298072
14640,0.022298072
14641,0.25302503
14642,0.022298072
14643,0.022298072
14644,0.022298072
14645,0.022298072
14646,0.022298072
14647,0.022298072
14648,0.022298072
14649,0.24740243
14650,0.42525512
14651,0.022298072
14652,0.022298072
14653,0.24787693
14654,0.022298072
14655,0.034261115
14656,0.25096482
14657,0.024144558
14658,0.022298072
14659,0.022298072
14660,0.022298072
14661,0.022298072
14662,0.025864627
14663,0.4673885
14664,0.24767283
14665,0.022298072
14666,0.40637207
14667,0.022298072
14668,0.022298072
14669,0.022298072
14670,0.022298072
14671,0.022298072
14672,0.022298072
14673,0.022298072
14674,0.022298072
14675,0.022298072
14676,0.022298072
14677,0.42804587
14678,0.5159187
14679,0.022298072
14680,0.25354266
14681,0.024342787
14682,0.022298072
14683,0.022298072
14684,0.022298072
14685,0.022298072
14686,0.02328534
14687,0.5390858
14688,0.026896691
14689,0.022762861
14690,0.43777996
14691,0.022298072
14692,0.022298072
14693,0.4376059
14694,0.022298072
14695,0.25918943
14696,0.022298072
14697,0.022298072
14698,0.022298072
14699,0.022298072
14700,0.022981608
14701,0.025522884
14702,0.023027532
14703,0.024185203
14704,0.24969241
14705,0.022298072
14706,0.038669635
14707,0.022298072
14708,0.022298072
14709,0.022298072
14710,0.022298072
14711,0.022298072
14712,0.022298072
14713,0.022298072
14714,0.022298072
14715,0.022298072
14716,0.039929032
14717,0.26158503
14718,0.022298072
14719,0.022298072
14720,0.022298072
14721,0.022298072
14722,0.39524418
14723,0.026167763
14724,0.022298072
14725,0.50585973
14726,0.25016546
14727,0.022298072
14728,0.022298072
14729,0.022298072
14730,0.022298072
14731,0.022298072
14732,0.022298072
14733,0.022298072
14734,0.022298072
14735,0.022298072
14736,0.024140807
14737,0.022692507
14738,0.44043288
14739,0.48615605
14740,0.022298072
14741,0.022298072
14742,0.022298072
14743,0.022298072
14744,0.022298072
14745,0.42401475
14746,0.022298072
14747,0.022298072
14748,0.022298072
14749,0.022298072
14750,0.022298072
14751,0.4092171
14752,0.022298072
14753,0.022298072
14754,0.022298072
14755,0.022298072
14756,0.022298072
14757,0.022298072
14758,0.022298072
14759,0.022298072
14760,0.022298072
14761,0.022860726
14762,0.028739246
14763,0.022298072
14764,0.024551217
14765,0.022298072
14766,0.022298072
14767,0.022298072
14768,0.022298072
14769,0.022298072
14770,0.022298072
14771,0.022298072
14772,0.022298072
14773,0.24824052
14774,0.022298072
14775,0.022298072
14776,0.022298072
14777,0.022298072
14778,0.022298072
14779,0.022298072
14780,0.022298072
14781,0.022298072
14782,0.022298072
14783,0.022298072
14784,0.2546845
14785,0.2589421
14786,0.022298072
14787,0.022298072
14788,0.022298072
14789,0.022298072
14790,0.022298072
14791,0.022298072
14792,0.022298072
14793,0.022298072
14794,0.022298072
14795,0.022298072
14796,0.022298072
14797,0.022298072
14798,0.022298072
14799,0.022298072
14800,0.022298072
14801,0.022298072
14802,0.2563793
14803,0.022298072
14804,0.2525996
14805,0.022298072
14806,0.022298072
14807,0.022298072
14808,0.022298072
14809,0.022298072
14810,0.027493222
14811,0.022298072
14812,0.021789478
14813,0.022298072
14814,0.43787524
14815,0.024554467
14816,0.022298072
14817,0.022298072
14818,0.022298072
14819,0.022298072
14820,0.022298072
14821,0.022298072
14822,0.022298072
14823,0.022298072
14824,0.022298072
14825,0.022298072
14826,0.022298072
14827,0.022298072
14828,0.022298072
14829,0.022298072
14830,0.2500593
14831,0.44806948
14832,0.022298072
14833,0.022298072
14834,0.022298072
14835,0.03194417
14836,0.022298072
14837,0.022298072
14838,0.022298072
14839,0.022298072
14840,0.022298072
14841,0.022325996
14842,0.022298072
14843,0.022298072
14844,0.022298072
14845,0.022298072
14846,0.022298072
14847,0.023375796
14848,0.022298072
14849,0.022298072
14850,0.022298072
14851,0.02859051
14852,0.022298072
14853,0.022298072
14854,0.022298072
14855,0.022298072
14856,0.022298072
14857,0.2481392
14858,0.022298072
14859,0.25665575
14860,0.02620569
14861,0.02519232
14862,0.022298072
14863,0.022298072
14864,0.022298072
14865,0.022298072
14866,0.022298072
14867,0.022298072
14868,0.022298072
14869,0.022298072
14870,0.022298072
14871,0.022298072
14872,0.022298072
14873,0.022298072
14874,0.022298072
14875,0.022298072
14876,0.022298072
14877,0.022298072
14878,0.022298072
14879,0.022298072
14880,0.022298072
14881,0.022298072
14882,0.022298072
14883,0.25149456
14884,0.25648063
14885,0.022298072
14886,0.022568867
14887,0.022298072
14888,0.022298072
14889,0.022298072
14890,0.022298072
14891,0.022298072
14892,0.022298072
14893,0.42397305
14894,0.022298072
14895,0.022298072
14896,0.022298072
14897,0.022298072
14898,0.022298072
14899,0.022298072
14900,0.022298072
14901,0.021854049
14902,0.022298072
14903,0.022298072
14904,0.024248896
14905,0.45315218
14906,0.022298072
14907,0.022298072
14908,0.24787693
14909,0.022298072
14910,0.2464598
14911,0.022413587
14912,0.022298072
14913,0.022298072
14914,0.022298072
14915,0.26266497
14916,0.022298072
14917,0.05472355
14918,0.022298072
14919,0.022298072
14920,0.022298072
14921,0.022298072
14922,0.022298072
14923,0.022298072
14924,0.022298072
14925,0.027804667
14926,0.027068917
14927,0.022298072
14928,0.022298072
14929,0.022298072
14930,0.022298072
14931,0.029390024
14932,0.24605867
14933,0.022298072
14934,0.022298072
14935,0.022298072
14936,0.022298072
14937,0.022298072
14938,0.3951016
14939,0.022298072
14940,0.021968754
14941,0.48808256
14942,0.24159704
14943,0.022298072
14944,0.022298072
14945,0.022298072
14946,0.022298072
14947,0.022298072
14948,0.25888723
14949,0.25717145
14950,0.022298072
14951,0.022298072
14952,0.25206837
14953,0.031306162
14954,0.025440544
14955,0.034853023
14956,0.39522648
14957,0.022298072
14958,0.022298072
14959,0.022298072
14960,0.022298072
14961,0.25312647
14962,0.50452626
14963,0.022298072
14964,0.026688635
14965,0.40974468
14966,0.022298072
14967,0.022298072
14968,0.2637321
14969,0.022298072
14970,0.022298072
14971,0.022298072
14972,0.022298072
14973,0.022298072
14974,0.022298072
14975,0.52767247
14976,0.022298072
14977,0.022298072
14978,0.24370085
14979,0.026500765
14980,0.24029766
14981,0.5130692
14982,0.50984174
14983,0.022298072
14984,0.25938016
14985,0.022298072
14986,0.028295746
14987,0.43734726
14988,0.26286492
14989,0.2576381
14990,0.022298072
14991,0.25463134
14992,0.022298072
14993,0.022298072
14994,0.022298072
14995,0.022298072
14996,0.022298072
14997,0.022298072
14998,0.022298072
14999,0.022298072
15000,0.022298072
15001,0.022298072
15002,0.022298072
15003,0.022298072
15004,0.25425032
15005,0.022298072
15006,0.022298072
15007,0.022298072
15008,0.2623848
15009,0.022298072
15010,0.022298072
15011,0.46367636
15012,0.5926322
15013,0.41642144
15014,0.022298072
15015,0.022298072
15016,0.022298072
15017,0.5039184
15018,0.022298072
15019,0.022298072
15020,0.01787158
15021,0.022298072
15022,0.022298072
15023,0.022298072
15024,0.022298072
15025,0.022298072
15026,0.51007545
15027,0.022298072
15028,0.022298072
15029,0.022298072
15030,0.022298072
15031,0.022298072
15032,0.022298072
15033,0.24687622
15034,0.23685466
15035,0.022298072
15036,0.2534872
15037,0.022298072
15038,0.022298072
15039,0.48112598
15040,0.506348
15041,0.5302951
15042,0.022298072
15043,0.24787693
15044,0.022298072
15045,0.022298072
15046,0.24877101
15047,0.022298072
15048,0.41493896
15049,0.022298072
15050,0.022298072
15051,0.022298072
15052,0.022298072
15053,0.023807889
15054,0.02616803
15055,0.022298072
15056,0.42572367
15057,0.4227153
15058,0.24609295
15059,0.023614272
15060,0.022298072
15061,0.022298072
15062,0.022298072
15063,0.022298072
15064,0.022298072
15065,0.022298072
15066,0.024069134
15067,0.024258042
15068,0.022298072
15069,0.022298072
15070,0.022298072
15071,0.59124964
15072,0.7246578
15073,0.6533532
15074,0.024188025
15075,0.022298072
15076,0.2521903
15077,0.5036549
15078,0.022298072
15079,0.022298072
15080,0.022298072
15081,0.022298072
15082,0.022298072
15083,0.022298072
15084,0.3897489
15085,0.62489635
15086,0.022298072
15087,0.022298072
15088,0.023931332
15089,0.23685466
15090,0.022298072
15091,0.43781742
15092,0.24824052
15093,0.027432581
15094,0.022298072
15095,0.022298072
15096,0.023079246
15097,0.022298072
15098,0.022298072
15099,0.2690419
15100,0.25059384
15101,0.034431573
15102,0.022298072
15103,0.022298072
15104,0.022298072
15105,0.022298072
15106,0.25851914
15107,0.022298072
15108,0.022298072
15109,0.022298072
15110,0.022298072
15111,0.022298072
15112,0.022298072
15113,0.022298072
15114,0.45671353
15115,0.6472583
15116,0.49851826
15117,0.03221612
15118,0.02242103
15119,0.023671016
15120,0.24514697
15121,0.38401064
15122,0.022298072
15123,0.022298072
15124,0.022298072
15125,0.03351896
15126,0.25647372
15127,0.024547346
15128,0.26970142
15129,0.25121516
15130,0.25307393
15131,0.5546456
15132,0.026259383
15133,0.022298072
15134,0.25204012
15135,0.25297052
15136,0.022298072
15137,0.43703604
15138,0.022298072
15139,0.022298072
15140,0.022298072
15141,0.022298072
15142,0.024825396
15143,0.517282
15144,0.24793528
15145,0.5170649
15146,0.25290045
15147,0.02513069
15148,0.24906507
15149,0.25162727
15150,0.022298072
15151,0.030203497
15152,0.022298072
15153,0.022298072
15154,0.4272057
15155,0.2511506
15156,0.022298072
15157,0.42839053
15158,0.43822756
15159,0.022298072
15160,0.022298072
15161,0.023133889
15162,0.022298072
15163,0.022298072
15164,0.022298072
15165,0.022298072
15166,0.022298072
15167,0.022298072
15168,0.022298072
15169,0.022298072
15170,0.02567778
15171,0.40607044
15172,0.6204811
15173,0.40695632
15174,0.4101678
15175,0.42157587
15176,0.022298072
15177,0.022298072
15178,0.022298072
15179,0.022298072
15180,0.035587218
15181,0.025888646
15182,0.022298072
15183,0.022298072
15184,0.022298072
15185,0.25757742
15186,0.022298072
15187,0.02408849
15188,0.022298072
15189,0.022298072
15190,0.022298072
15191,0.022298072
15192,0.022298072
15193,0.022298072
15194,0.022298072
15195,0.022298072
15196,0.022298072
15197,0.022298072
15198,0.2472631
15199,0.025390113
15200,0.40607044
15201,0.57890964
15202,0.5427784
15203,0.24977106
15204,0.022298072
15205,0.022298072
15206,0.022298072
15207,0.022298072
15208,0.022298072
15209,0.022298072
15210,0.022298072
15211,0.47245112
15212,0.022298072
15213,0.022298072
15214,0.24824052
15215,0.022298072
15216,0.023394847
15217,0.022298072
15218,0.022298072
15219,0.021997754
15220,0.022298072
15221,0.022298072
15222,0.027432581
15223,0.022298072
15224,0.022298072
15225,0.022298072
15226,0.5425759
15227,0.4862303
15228,0.25045744
15229,0.5104896
15230,0.50419384
15231,0.43210712
15232,0.24787693
15233,0.022298072
15234,0.022298072
15235,0.022298072
15236,0.022298072
15237,0.022298072
15238,0.022298072
15239,0.022298072
15240,0.43254554
15241,0.022298072
15242,0.55070317
15243,0.022298072
15244,0.02326611
15245,0.023727503
15246,0.024082355
15247,0.024606511
15248,0.022298072
15249,0.022298072
15250,0.022298072
15251,0.022298072
15252,0.5198632
15253,0.5339732
15254,0.5165458
15255,0.43549365
15256,0.24634793
15257,0.25696564
15258,0.022298072
15259,0.022298072
15260,0.022298072
15261,0.022298072
15262,0.022934621
15263,0.024670236
15264,0.022298072
15265,0.023508254
15266,0.022298072
15267,0.022298072
15268,0.24586539
15269,0.022298072
15270,0.022298072
15271,0.022298072
15272,0.022298072
15273,0.267165
15274,0.022298072
15275,0.022298072
15276,0.25038874
15277,0.25156423
15278,0.022298072
15279,0.022298072
15280,0.022298072
15281,0.022298072
15282,0.022298072
15283,0.022298072
15284,0.02231365
15285,0.022298072
15286,0.022298072
15287,0.022298072
15288,0.2477761
15289,0.022298072
15290,0.022298072
15291,0.022298072
15292,0.024633987
15293,0.022298072
15294,0.022298072
15295,0.022298072
15296,0.03315671
15297,0.40515116
15298,0.5106688
15299,0.022298072
15300,0.022298072
15301,0.022298072
15302,0.022298072
15303,0.022298072
15304,0.022298072
15305,0.022298072
15306,0.02616688
15307,0.022298072
15308,0.022298072
15309,0.022298072
15310,0.022298072
15311,0.022298072
15312,0.022298072
15313,0.022298072
15314,0.022298072
15315,0.4251013
15316,0.022298072
15317,0.022298072
15318,0.022298072
15319,0.022298072
15320,0.022298072
15321,0.4977319
15322,0.022298072
15323,0.022298072
15324,0.022298072
15325,0.02724247
15326,0.022298072
15327,0.022298072
15328,0.027471397
15329,0.022298072
15330,0.022298072
15331,0.022298072
15332,0.022298072
15333,0.022298072
15334,0.25212926
15335,0.022298072
15336,0.022298072
15337,0.02458747
15338,0.022298072
15339,0.022298072
15340,0.022298072
15341,0.022298072
15342,0.022298072
15343,0.41750294
15344,0.022298072
15345,0.022298072
15346,0.022298072
15347,0.022298072
15348,0.022298072
15349,0.26356375
15350,0.022298072
15351,0.02895111
15352,0.022298072
15353,0.022298072
15354,0.022298072
15355,0.022298072
15356,0.022298072
15357,0.036069136
15358,0.022298072
15359,0.022298072
15360,0.027599758
15361,0.022298072
15362,0.022298072
15363,0.022298072
15364,0.022298072
15365,0.43171746
15366,0.5123935
15367,0.26139328
15368,0.022298072
15369,0.022298072
15370,0.022298072
15371,0.022298072
15372,0.022298072
15373,0.24771732
15374,0.022298072
15375,0.0226838
15376,0.5505879
15377,0.022298072
15378,0.022298072
15379,0.022298072
15380,0.022298072
15381,0.022298072
15382,0.022298072
15383,0.022298072
15384,0.023422228
15385,0.2480463
15386,0.022298072
15387,0.031442728
15388,0.022298072
15389,0.022298072
15390,0.022298072
15391,0.022298072
15392,0.022298072
15393,0.022298072
15394,0.022298072
15395,0.022298072
15396,0.022298072
15397,0.022298072
15398,0.022298072
15399,0.025629707
15400,0.022298072
15401,0.022298072
15402,0.022298072
15403,0.022298072
15404,0.02302591
15405,0.022298072
15406,0.022298072
15407,0.022298072
15408,0.53407973
15409,0.022298072
15410,0.024077762
15411,0.022298072
15412,0.022298072
15413,0.022298072
15414,0.022298072
15415,0.022298072
15416,0.022298072
15417,0.52743214
15418,0.022298072
15419,0.022298072
15420,0.022298072
15421,0.022298072
15422,0.023591753
15423,0.022298072
15424,0.023186231
15425,0.022298072
15426,0.022298072
15427,0.022298072
15428,0.41934502
15429,0.022298072
15430,0.022298072
15431,0.022298072
15432,0.022298072
15433,0.022298072
15434,0.022298072
15435,0.027462948
15436,0.022298072
15437,0.022298072
15438,0.022298072
15439,0.022298072
15440,0.03304362
15441,0.022298072
15442,0.022298072
15443,0.022298072
15444,0.022298072
15445,0.022298072
15446,0.24824052
15447,0.251271
15448,0.022298072
15449,0.022298072
15450,0.022298072
15451,0.022298072
15452,0.022298072
15453,0.022298072
15454,0.022298072
15455,0.022298072
15456,0.022298072
15457,0.022298072
15458,0.022298072
15459,0.022298072
15460,0.022298072
15461,0.022298072
15462,0.022298072
15463,0.022298072
15464,0.025656233
15465,0.022298072
15466,0.023065645
15467,0.022298072
15468,0.5175799
15469,0.022298072
15470,0.022298072
15471,0.022298072
15472,0.022298072
15473,0.022298072
15474,0.022298072
15475,0.022298072
15476,0.022298072
15477,0.022298072
15478,0.024456982
15479,0.022298072
15480,0.026688635
15481,0.022298072
15482,0.022298072
15483,0.022298072
15484,0.022298072
15485,0.022298072
15486,0.022298072
15487,0.022298072
15488,0.022298072
15489,0.022298072
15490,0.022298072
15491,0.022298072
15492,0.022298072
15493,0.022298072
15494,0.022298072
15495,0.2479675
15496,0.022298072
15497,0.022298072
15498,0.022298072
15499,0.022298072
15500,0.022298072
15501,0.022298072
15502,0.022298072
15503,0.022298072
15504,0.022298072
15505,0.022298072
15506,0.026950812
15507,0.022298072
15508,0.022298072
15509,0.022298072
15510,0.022298072
15511,0.022298072
15512,0.022298072
15513,0.022298072
15514,0.021526938
15515,0.022298072
15516,0.022298072
15517,0.022298072
15518,0.022298072
15519,0.022298072
15520,0.022298072
15521,0.03851565
15522,0.022298072
15523,0.022298072
15524,0.022298072
15525,0.022298072
15526,0.022298072
15527,0.022298072
15528,0.022298072
15529,0.022298072
15530,0.022298072
15531,0.022298072
15532,0.022298072
15533,0.022298072
15534,0.24824052
15535,0.022298072
15536,0.022298072
15537,0.02073994
15538,0.02073994
15539,0.02073994
15540,0.02073994
15541,0.02073994
15542,0.02073994
15543,0.021696594
15544,0.02073994
15545,0.02073994
15546,0.02073994
15547,0.02073994
15548,0.2504549
15549,0.02073994
15550,0.49804962
15551,0.5023688
15552,0.02073994
15553,0.25121093
15554,0.02073994
15555,0.4281627
15556,0.02073994
15557,0.023364617
15558,0.02073994
15559,0.02073994
15560,0.020556537
15561,0.02073994
15562,0.02073994
15563,0.25091013
15564,0.02073994
15565,0.5466679
15566,0.02073994
15567,0.02073994
15568,0.23757532
15569,0.02073994
15570,0.02073994
15571,0.02073994
15572,0.02073994
15573,0.02073994
15574,0.02073994
15575,0.02073994
15576,0.02073994
15577,0.43312827
15578,0.5169084
15579,0.01937199
15580,0.0268801
15581,0.022784667
15582,0.02073994
15583,0.02073994
15584,0.02073994
15585,0.02073994
15586,0.021727238
15587,0.49844226
15588,0.025338572
15589,0.02120473
15590,0.50486326
15591,0.02073994
15592,0.02073994
15593,0.5172272
15594,0.02073994
15595,0.02073994
15596,0.2585652
15597,0.02073994
15598,0.02073994
15599,0.02073994
15600,0.02073994
15601,0.021423478
15602,0.023964778
15603,0.019863496
15604,0.02073994
15605,0.022627076
15606,0.43698433
15607,0.02073994
15608,0.02073994
15609,0.026341999
15610,0.02073994
15611,0.02073994
15612,0.02073994
15613,0.02073994
15614,0.02073994
15615,0.02073994
15616,0.02073994
15617,0.02073994
15618,0.02073994
15619,0.038370915
15620,0.02073994
15621,0.26072758
15622,0.02073994
15623,0.02073994
15624,0.02073994
15625,0.02073994
15626,0.02073994
15627,0.51394105
15628,0.02460966
15629,0.02073994
15630,0.24601872
15631,0.42585745
15632,0.02073994
15633,0.02073994
15634,0.02073994
15635,0.02073994
15636,0.02073994
15637,0.02073994
15638,0.02073994
15639,0.028943796
15640,0.02073994
15641,0.02073994
15642,0.022582676
15643,0.25025353
15644,0.44082823
15645,0.026754715
15646,0.02073994
15647,0.24883643
15648,0.02073994
15649,0.02073994
15650,0.02073994
15651,0.02073994
15652,0.24740905
15653,0.02073994
15654,0.02073994
15655,0.02073994
15656,0.02073994
15657,0.24932778
15658,0.5122711
15659,0.02073994
15660,0.02073994
15661,0.02073994
15662,0.02073994
15663,0.02073994
15664,0.02073994
15665,0.02073994
15666,0.02073994
15667,0.02073994
15668,0.023695668
15669,0.028918365
15670,0.02073994
15671,0.022993086
15672,0.02073994
15673,0.02073994
15674,0.02073994
15675,0.02073994
15676,0.02073994
15677,0.02073994
15678,0.02073994
15679,0.02073994
15680,0.02073994
15681,0.02073994
15682,0.02073994
15683,0.02073994
15684,0.02073994
15685,0.02073994
15686,0.02073994
15687,0.02073994
15688,0.02073994
15689,0.24842794
15690,0.25136968
15691,0.02073994
15692,0.02073994
15693,0.02073994
15694,0.02073994
15695,0.02073994
15696,0.02073994
15697,0.02073994
15698,0.02073994
15699,0.02073994
15700,0.02073994
15701,0.02073994
15702,0.02073994
15703,0.02073994
15704,0.24718894
15705,0.02073994
15706,0.257912
15707,0.2504549
15708,0.024917359
15709,0.02073994
15710,0.02073994
15711,0.02073994
15712,0.02073994
15713,0.02073994
15714,0.02073994
15715,0.24818796
15716,0.02073994
15717,0.5602811
15718,0.022996336
15719,0.02073994
15720,0.02073994
15721,0.02073994
15722,0.02073994
15723,0.02073994
15724,0.02073994
15725,0.02073994
15726,0.02073994
15727,0.02073994
15728,0.02073994
15729,0.02073994
15730,0.02073994
15731,0.02073994
15732,0.2499035
15733,0.43696275
15734,0.02073994
15735,0.02073994
15736,0.02073994
15737,0.02073994
15738,0.030853601
15739,0.02073994
15740,0.02073994
15741,0.02073994
15742,0.021748431
15743,0.02073994
15744,0.02073994
15745,0.02073994
15746,0.02073994
15747,0.02073994
15748,0.02073994
15749,0.021817666
15750,0.02073994
15751,0.02073994
15752,0.02073994
15753,0.02073994
15754,0.02073994
15755,0.02073994
15756,0.02073994
15757,0.02073994
15758,0.02073994
15759,0.021206321
15760,0.02073994
15761,0.5447961
15762,0.023200097
15763,0.024509637
15764,0.02073994
15765,0.02073994
15766,0.02073994
15767,0.02073994
15768,0.02073994
15769,0.02073994
15770,0.02073994
15771,0.02073994
15772,0.02073994
15773,0.02073994
15774,0.02073994
15775,0.02073994
15776,0.02073994
15777,0.02073994
15778,0.02073994
15779,0.02073994
15780,0.02073994
15781,0.02073994
15782,0.02073994
15783,0.02073994
15784,0.021922
15785,0.39815152
15786,0.02073994
15787,0.021010736
15788,0.02073994
15789,0.02073994
15790,0.02073994
15791,0.02073994
15792,0.02073994
15793,0.02073994
15794,0.02073994
15795,0.52099466
15796,0.02073994
15797,0.02073994
15798,0.02073994
15799,0.02073994
15800,0.02073994
15801,0.02073994
15802,0.02073994
15803,0.02073994
15804,0.020295918
15805,0.02073994
15806,0.02073994
15807,0.022690766
15808,0.44263884
15809,0.02073994
15810,0.02073994
15811,0.4292486
15812,0.02073994
15813,0.24533977
15814,0.020502385
15815,0.02073994
15816,0.02073994
15817,0.02073994
15818,0.02073994
15819,0.033334684
15820,0.02073994
15821,0.05223861
15822,0.02073994
15823,0.02073994
15824,0.02073994
15825,0.02073994
15826,0.02073994
15827,0.02073994
15828,0.02073994
15829,0.02073994
15830,0.02073994
15831,0.02603363
15832,0.026581453
15833,0.02073994
15834,0.02073994
15835,0.02073994
15836,0.02073994
15837,0.027831886
15838,0.24358697
15839,0.02073994
15840,0.02073994
15841,0.02073994
15842,0.2468599
15843,0.53497493
15844,0.02073994
15845,0.021469045
15846,0.41443783
15847,0.022552833
15848,0.02073994
15849,0.02073994
15850,0.2580298
15851,0.2499702
15852,0.02073994
15853,0.02073994
15854,0.02073994
15855,0.2468599
15856,0.02827606
15857,0.024013925
15858,0.03448094
15859,0.51721436
15860,0.02073994
15861,0.02073994
15862,0.02073994
15863,0.02073994
15864,0.25053957
15865,0.570488
15866,0.02073994
15867,0.025598053
15868,0.41673625
15869,0.02073994
15870,0.26129285
15871,0.02073994
15872,0.02073994
15873,0.02073994
15874,0.02073994
15875,0.02073994
15876,0.02073994
15877,0.02073994
15878,0.5147969
15879,0.02073994
15880,0.02073994
15881,0.02073994
15882,0.025221154
15883,0.026328288
15884,0.4074996
15885,0.5337395
15886,0.02073994
15887,0.26120076
15888,0.24718894
15889,0.027826054
15890,0.4489754
15891,0.54347575
15892,0.25753447
15893,0.02073994
15894,0.25290072
15895,0.02073994
15896,0.02073994
15897,0.02073994
15898,0.02073994
15899,0.02073994
15900,0.02073994
15901,0.02073994
15902,0.02073994
15903,0.02073994
15904,0.02073994
15905,0.02073994
15906,0.25419122
15907,0.02073994
15908,0.02073994
15909,0.02073994
15910,0.52443105
15911,0.02073994
15912,0.02073994
15913,0.5242325
15914,0.4853088
15915,0.5325593
15916,0.02073994
15917,0.02073994
15918,0.02073994
15919,0.52399975
15920,0.02073994
15921,0.02073994
15922,0.02073994
15923,0.02073994
15924,0.02073994
15925,0.02073994
15926,0.50783473
15927,0.02073994
15928,0.02073994
15929,0.02073994
15930,0.02073994
15931,0.02073994
15932,0.02073994
15933,0.42291266
15934,0.5518277
15935,0.02073994
15936,0.021797977
15937,0.02073994
15938,0.02073994
15939,0.5874011
15940,0.50622207
15941,0.5311705
15942,0.02073994
15943,0.02073994
15944,0.02073994
15945,0.49617842
15946,0.02073994
15947,0.44494164
15948,0.02073994
15949,0.02073994
15950,0.02073994
15951,0.02073994
15952,0.022249758
15953,0.0246099
15954,0.02073994
15955,0.5237821
15956,0.49804962
15957,0.2457067
15958,0.022056142
15959,0.02073994
15960,0.02073994
15961,0.02073994
15962,0.02073994
15963,0.02073994
15964,0.02073994
15965,0.023740541
15966,0.022699913
15967,0.02073994
15968,0.02073994
15969,0.02073994
15970,0.57768434
15971,0.81188715
15972,0.50349087
15973,0.022629894
15974,0.02073994
15975,0.25350833
15976,0.43120903
15977,0.02073994
15978,0.02073994
15979,0.02073994
15980,0.02073994
15981,0.02073994
15982,0.02073994
15983,0.4017046
15984,0.5255823
15985,0.02073994
15986,0.02073994
15987,0.022682134
15988,0.02073994
15989,0.02073994
15990,0.5192913
15991,0.24654496
15992,0.02073994
15993,0.02073994
15994,0.02073994
15995,0.021521116
15996,0.030853601
15997,0.52394265
15998,0.021148436
15999,0.03127571
16000,0.02073994
16001,0.02073994
16002,0.02073994
16003,0.24654496
16004,0.25861007
16005,0.02073994
16006,0.02073994
16007,0.02073994
16008,0.02073994
16009,0.02073994
16010,0.02073994
16011,0.02073994
16012,0.25291038
16013,0.65509456
16014,0.2513112
16015,0.2562465
16016,0.0208629
16017,0.022112885
16018,0.24428676
16019,0.46882597
16020,0.02073994
16021,0.02073994
16022,0.02073994
16023,0.02073994
16024,0.031064052
16025,0.25621408
16026,0.022989213
16027,0.26884398
16028,0.2495607
16029,0.027115077
16030,0.60456073
16031,0.02300802
16032,0.02073994
16033,0.25118268
16034,0.24975783
16035,0.02073994
16036,0.0235091
16037,0.02073994
16038,0.02073994
16039,0.02073994
16040,0.02073994
16041,0.023790015
16042,0.5076283
16043,0.24893676
16044,0.44201526
16045,0.24970418
16046,0.023572559
16047,0.022422062
16048,0.24681523
16049,0.029269343
16050,0.02073994
16051,0.02073994
16052,0.5477723
16053,0.2553464
16054,0.02073994
16055,0.015852507
16056,0.39461708
16057,0.526874
16058,0.02073994
16059,0.020688623
16060,0.02073994
16061,0.02073994
16062,0.02073994
16063,0.02073994
16064,0.02073994
16065,0.02073994
16066,0.02073994
16067,0.02073994
16068,0.02073994
16069,0.024119647
16070,0.49564794
16071,0.57676506
16072,0.42502102
16073,0.4443613
16074,0.52291125
16075,0.02073994
16076,0.02073994
16077,0.02073994
16078,0.02073994
16079,0.025188169
16080,0.24672088
16081,0.02073994
16082,0.02073994
16083,0.02073994
16084,0.027600834
16085,0.02073994
16086,0.02073994
16087,0.02253036
16088,0.02073994
16089,0.02073994
16090,0.02073994
16091,0.02073994
16092,0.02073994
16093,0.02073994
16094,0.02073994
16095,0.02073994
16096,0.2369287
16097,0.022909064
16098,0.44343093
16099,0.5676071
16100,0.5393721
16101,0.51370263
16102,0.02073994
16103,0.02073994
16104,0.02073994
16105,0.02073994
16106,0.02073994
16107,0.519583
16108,0.02073994
16109,0.02073994
16110,0.02073994
16111,0.02073994
16112,0.021836717
16113,0.02073994
16114,0.02073994
16115,0.020439623
16116,0.02073994
16117,0.02073994
16118,0.02073994
16119,0.02073994
16120,0.02073994
16121,0.02073994
16122,0.51120585
16123,0.3857196
16124,0.25261763
16125,0.16649242
16126,0.41629398
16127,0.48715797
16128,0.24601872
16129,0.02073994
16130,0.02073994
16131,0.02073994
16132,0.02073994
16133,0.02073994
16134,0.02073994
16135,0.4232619
16136,0.24738309
16137,0.51009285
16138,0.02073994
16139,0.021036156
16140,0.023184193
16141,0.022524225
16142,0.023048377
16143,0.02073994
16144,0.02073994
16145,0.02073994
16146,0.02073994
16147,0.46391448
16148,0.5398744
16149,0.5167128
16150,0.24894725
16151,0.44908068
16152,0.24967808
16153,0.02073994
16154,0.02073994
16155,0.02073994
16156,0.02073994
16157,0.02073994
16158,0.02073994
16159,0.02073994
16160,0.021376494
16161,0.023112105
16162,0.02073994
16163,0.02239015
16164,0.02073994
16165,0.02073994
16166,0.54217595
16167,0.02073994
16168,0.02073994
16169,0.02073994
16170,0.02073994
16171,0.26955986
16172,0.02073994
16173,0.02073994
16174,0.50394285
16175,0.02540507
16176,0.02073994
16177,0.02073994
16178,0.02073994
16179,0.02073994
16180,0.02073994
16181,0.02073994
16182,0.021733215
16183,0.02073994
16184,0.02073994
16185,0.02073994
16186,0.02073994
16187,0.24998066
16188,0.02073994
16189,0.02073994
16190,0.02073994
16191,0.02073994
16192,0.02073994
16193,0.023075856
16194,0.02073994
16195,0.02073994
16196,0.02073994
16197,0.02073994
16198,0.032425698
16199,0.39770854
16200,0.5110641
16201,0.02073994
16202,0.02073994
16203,0.02073994
16204,0.02073994
16205,0.02073994
16206,0.029034207
16207,0.02073994
16208,0.02073994
16209,0.02073994
16210,0.02073994
16211,0.02073994
16212,0.02073994
16213,0.02073994
16214,0.02073994
16215,0.02073994
16216,0.51340353
16217,0.02073994
16218,0.02073994
16219,0.02073994
16220,0.02073994
16221,0.02073994
16222,0.5149353
16223,0.02073994
16224,0.02073994
16225,0.027021028
16226,0.02073994
16227,0.02073994
16228,0.02073994
16229,0.025913266
16230,0.02073994
16231,0.02073994
16232,0.02073994
16233,0.024998583
16234,0.02073994
16235,0.02073994
16236,0.023029339
16237,0.02073994
16238,0.02073994
16239,0.02073994
16240,0.02073994
16241,0.02073994
16242,0.45999905
16243,0.02073994
16244,0.02073994
16245,0.02073994
16246,0.02073994
16247,0.02073994
16248,0.037058648
16249,0.02073994
16250,0.24833997
16251,0.02073994
16252,0.02073994
16253,0.02073994
16254,0.025598053
16255,0.02073994
16256,0.02073994
16257,0.2553399
16258,0.024549287
16259,0.02073994
16260,0.02073994
16261,0.02073994
16262,0.02073994
16263,0.43956742
16264,0.5349729
16265,0.024555854
16266,0.02073994
16267,0.02073994
16268,0.02073994
16269,0.02073994
16270,0.02073994
16271,0.02073994
16272,0.02161187
16273,0.45900774
16274,0.02073994
16275,0.02073994
16276,0.02073994
16277,0.02073994
16278,0.02073994
16279,0.02073994
16280,0.021864098
16281,0.24985904
16282,0.02073994
16283,0.028997649
16284,0.02073994
16285,0.02073994
16286,0.02073994
16287,0.02073994
16288,0.02073994
16289,0.02073994
16290,0.02073994
16291,0.02073994
16292,0.02073994
16293,0.02073994
16294,0.02073994
16295,0.02073994
16296,0.02073994
16297,0.024071576
16298,0.02073994
16299,0.02073994
16300,0.02073994
16301,0.02073994
16302,0.02073994
16303,0.021467779
16304,0.02073994
16305,0.5421001
16306,0.02073994
16307,0.022519631
16308,0.02073994
16309,0.02073994
16310,0.02073994
16311,0.02073994
16312,0.45177668
16313,0.02073994
16314,0.02073994
16315,0.02073994
16316,0.02073994
16317,0.022948142
16318,0.02073994
16319,0.020914517
16320,0.02073994
16321,0.02073994
16322,0.4217834
16323,0.02073994
16324,0.02073994
16325,0.02073994
16326,0.02073994
16327,0.02073994
16328,0.02073994
16329,0.02073994
16330,0.02073994
16331,0.026431581
16332,0.02073994
16333,0.02073994
16334,0.02073994
16335,0.02073994
16336,0.2610024
16337,0.02073994
16338,0.02073994
16339,0.02073994
16340,0.02073994
16341,0.02073994
16342,0.25010738
16343,0.24980715
16344,0.2465679
16345,0.02073994
16346,0.02073994
16347,0.02073994
16348,0.02073994
16349,0.02073994
16350,0.02073994
16351,0.02073994
16352,0.02073994
16353,0.02073994
16354,0.02073994
16355,0.02073994
16356,0.02073994
16357,0.02073994
16358,0.02073994
16359,0.024098102
16360,0.02073994
16361,0.021507515
16362,0.02073994
16363,0.25981438
16364,0.02073994
16365,0.02073994
16366,0.02073994
16367,0.02073994
16368,0.02073994
16369,0.02073994
16370,0.02073994
16371,0.02073994
16372,0.02073994
16373,0.02073994
16374,0.022898858
16375,0.02073994
16376,0.02073994
16377,0.02073994
16378,0.02073994
16379,0.02073994
16380,0.02073994
16381,0.02073994
16382,0.02073994
16383,0.026341999
16384,0.02073994
16385,0.02073994
16386,0.02073994
16387,0.02073994
16388,0.02073994
16389,0.020830506
16390,0.02073994
16391,0.02073994
16392,0.02073994
16393,0.02073994
16394,0.02073994
16395,0.02073994
16396,0.02073994
16397,0.02073994
16398,0.02073994
16399,0.02073994
16400,0.02073994
16401,0.025392672
16402,0.02073994
16403,0.02073994
16404,0.02073994
16405,0.02073994
16406,0.02073994
16407,0.02073994
16408,0.02073994
16409,0.019968808
16410,0.02073994
16411,0.02073994
16412,0.02073994
16413,0.02073994
16414,0.02073994
16415,0.037518352
16416,0.02073994
16417,0.02073994
16418,0.02073994
16419,0.02073994
16420,0.02073994
16421,0.02073994
16422,0.02073994
16423,0.02073994
16424,0.02073994
16425,0.02073994
16426,0.02073994
16427,0.02073994
16428,0.02073994
16429,0.02073994
16430,0.02073994
16431,0.02073994
16432,0.02073994
16433,0.02073994
16434,0.02073994
16435,0.02073994
16436,0.02073994
16437,0.02073994
16438,0.021696594
16439,0.02073994
16440,0.02073994
16441,0.02073994
16442,0.02073994
16443,0.02073994
16444,0.02073994
16445,0.02073994
16446,0.25121093
16447,0.02073994
16448,0.02073994
16449,0.24883643
16450,0.02073994
16451,0.2552872
16452,0.02073994
16453,0.2528427
16454,0.02073994
16455,0.02073994
16456,0.019959517
16457,0.02073994
16458,0.02073994
16459,0.02073994
16460,0.025120143
16461,0.02073994
16462,0.55620927
16463,0.24932778
16464,0.018954022
16465,0.02073994
16466,0.02073994
16467,0.02073994
16468,0.02073994
16469,0.02073994
16470,0.02073994
16471,0.25363314
16472,0.426451
16473,0.02073994
16474,0.0268801
16475,0.022784667
16476,0.02073994
16477,0.02073994
16478,0.02073994
16479,0.02073994
16480,0.02073994
16481,0.021727238
16482,0.42527452
16483,0.025338572
16484,0.02120473
16485,0.45793223
16486,0.02073994
16487,0.02073994
16488,0.5200426
16489,0.02073994
16490,0.26147196
16491,0.02073994
16492,0.02073994
16493,0.02073994
16494,0.02073994
16495,0.021423478
16496,0.023964778
16497,0.019863496
16498,0.02073994
16499,0.02073994
16500,0.022627076
16501,0.5141265
16502,0.02073994
16503,0.02073994
16504,0.02073994
16505,0.02073994
16506,0.02073994
16507,0.02073994
16508,0.02073994
16509,0.02073994
16510,0.25482407
16511,0.25960058
16512,0.026341999
16513,0.02073994
16514,0.02073994
16515,0.02073994
16516,0.52972406
16517,0.02460966
16518,0.02073994
16519,0.2468599
16520,0.4293498
16521,0.02073994
16522,0.02073994
16523,0.02073994
16524,0.02073994
16525,0.02073994
16526,0.02073994
16527,0.02073994
16528,0.02073994
16529,0.02073994
16530,0.02073994
16531,0.02073994
16532,0.24830604
16533,0.4479116
16534,0.02073994
16535,0.24932778
16536,0.02073994
16537,0.02073994
16538,0.02073994
16539,0.2509714
16540,0.02073994
16541,0.02073994
16542,0.02073994
16543,0.02073994
16544,0.02073994
16545,0.41902637
16546,0.41625047
16547,0.02073994
16548,0.02073994
16549,0.02073994
16550,0.02073994
16551,0.02073994
16552,0.02073994
16553,0.023695668
16554,0.030462904
16555,0.02073994
16556,0.022993086
16557,0.02073994
16558,0.02073994
16559,0.02073994
16560,0.02073994
16561,0.02073994
16562,0.02073994
16563,0.02073994
16564,0.24738309
16565,0.02073994
16566,0.02073994
16567,0.02073994
16568,0.02073994
16569,0.02073994
16570,0.02073994
16571,0.02073994
16572,0.02073994
16573,0.02073994
16574,0.02073994
16575,0.021341437
16576,0.2548923
16577,0.02073994
16578,0.02073994
16579,0.02073994
16580,0.02073994
16581,0.02073994
16582,0.02073994
16583,0.02073994
16584,0.02073994
16585,0.02073994
16586,0.02073994
16587,0.02073994
16588,0.02073994
16589,0.25121093
16590,0.02073994
16591,0.25291488
16592,0.25121093
16593,0.25434786
16594,0.02073994
16595,0.02073994
16596,0.02073994
16597,0.02073994
16598,0.02073994
16599,0.021772893
16600,0.02073994
16601,0.5278532
16602,0.022996336
16603,0.02073994
16604,0.02073994
16605,0.02073994
16606,0.02073994
16607,0.02073994
16608,0.02073994
16609,0.02073994
16610,0.02073994
16611,0.02073994
16612,0.02073994
16613,0.02073994
16614,0.02073994
16615,0.02073994
16616,0.02073994
16617,0.02073994
16618,0.02073994
16619,0.25293636
16620,0.44643882
16621,0.02073994
16622,0.02073994
16623,0.02073994
16624,0.02073994
16625,0.02073994
16626,0.02073994
16627,0.02073994
16628,0.02073994
16629,0.02073994
16630,0.022741988
16631,0.02073994
16632,0.02073994
16633,0.02073994
16634,0.02073994
16635,0.02073994
16636,0.021817666
16637,0.02073994
16638,0.02073994
16639,0.02073994
16640,0.02073994
16641,0.025598053
16642,0.02073994
16643,0.02073994
16644,0.02073994
16645,0.02073994
16646,0.021206321
16647,0.02073994
16648,0.26627734
16649,0.022087634
16650,0.022069154
16651,0.02073994
16652,0.02073994
16653,0.02073994
16654,0.02073994
16655,0.02073994
16656,0.02073994
16657,0.02073994
16658,0.02073994
16659,0.02073994
16660,0.02073994
16661,0.02073994
16662,0.02073994
16663,0.02073994
16664,0.02073994
16665,0.02073994
16666,0.02073994
16667,0.02073994
16668,0.02073994
16669,0.02073994
16670,0.02073994
16671,0.02073994
16672,0.021922
16673,0.52725893
16674,0.02073994
16675,0.021010736
16676,0.02073994
16677,0.02073994
16678,0.02073994
16679,0.02073994
16680,0.02073994
16681,0.02073994
16682,0.24531078
16683,0.02073994
16684,0.02073994
16685,0.02073994
16686,0.02073994
16687,0.02073994
16688,0.02073994
16689,0.02073994
16690,0.02073994
16691,0.02073994
16692,0.022197835
16693,0.02073994
16694,0.02073994
16695,0.022690766
16696,0.54525703
16697,0.02073994
16698,0.02073994
16699,0.24738309
16700,0.02073994
16701,0.24589899
16702,0.020078538
16703,0.02073994
16704,0.02073994
16705,0.02073994
16706,0.02073994
16707,0.02073994
16708,0.24973598
16709,0.02073994
16710,0.27158526
16711,0.02073994
16712,0.02073994
16713,0.02073994
16714,0.02073994
16715,0.02073994
16716,0.02073994
16717,0.02073994
16718,0.02073994
16719,0.024979534
16720,0.024967656
16721,0.2504549
16722,0.02073994
16723,0.02073994
16724,0.02073994
16725,0.028725116
16726,0.5338586
16727,0.02073994
16728,0.02073994
16729,0.02073994
16730,0.02073994
16731,0.5372095
16732,0.02073994
16733,0.022959221
16734,0.4391643
16735,0.022919599
16736,0.02073994
16737,0.02073994
16738,0.02073994
16739,0.02073994
16740,0.02073994
16741,0.25588307
16742,0.2519468
16743,0.02073994
16744,0.02073994
16745,0.02073994
16746,0.24718894
16747,0.026085228
16748,0.024013925
16749,0.2508565
16750,0.51532584
16751,0.02073994
16752,0.02073994
16753,0.02073994
16754,0.02073994
16755,0.02332763
16756,0.48064572
16757,0.02073994
16758,0.02073994
16759,0.43708557
16760,0.02073994
16761,0.2653054
16762,0.02073994
16763,0.02073994
16764,0.02073994
16765,0.02073994
16766,0.02073994
16767,0.48770058
16768,0.02073994
16769,0.02073994
16770,0.025598053
16771,0.025221154
16772,0.026328288
16773,0.4368847
16774,0.42742172
16775,0.02073994
16776,0.25847134
16777,0.02073994
16778,0.2536634
16779,0.45382655
16780,0.26153162
16781,0.24575818
16782,0.02073994
16783,0.252851
16784,0.02073994
16785,0.02073994
16786,0.02073994
16787,0.02073994
16788,0.02073994
16789,0.02073994
16790,0.02073994
16791,0.02073994
16792,0.02073994
16793,0.02073994
16794,0.02073994
16795,0.02073994
16796,0.25195396
16797,0.02073994
16798,0.02073994
16799,0.25466287
16800,0.02073994
16801,0.02073994
16802,0.480048
16803,0.60677046
16804,0.56196123
16805,0.02073994
16806,0.02073994
16807,0.02073994
16808,0.42841482
16809,0.02073994
16810,0.02073994
16811,0.02073994
16812,0.02073994
16813,0.02073994
16814,0.02073994
16815,0.02073994
16816,0.02073994
16817,0.44349572
16818,0.02073994
16819,0.02073994
16820,0.02073994
16821,0.02073994
16822,0.02073994
16823,0.02073994
16824,0.24932778
16825,0.50636965
16826,0.02073994
16827,0.023949899
16828,0.02073994
16829,0.24718894
16830,0.5634382
16831,0.4487038
16832,0.4383527
16833,0.02073994
16834,0.02073994
16835,0.02073994
16836,0.42991138
16837,0.02073994
16838,0.2557704
16839,0.02073994
16840,0.02073994
16841,0.02073994
16842,0.02073994
16843,0.021799466
16844,0.0246099
16845,0.02073994
16846,0.49874106
16847,0.4069145
16848,0.24187878
16849,0.02345408
16850,0.02073994
16851,0.02073994
16852,0.24701957
16853,0.02073994
16854,0.02073994
16855,0.02073994
16856,0.022511004
16857,0.023809638
16858,0.02073994
16859,0.02073994
16860,0.02073994
16861,0.53575456
16862,0.7233326
16863,0.54836375
16864,0.022629894
16865,0.02073994
16866,0.24968049
16867,0.25438136
16868,0.02073994
16869,0.02073994
16870,0.02073994
16871,0.02073994
16872,0.02073994
16873,0.02073994
16874,0.49546883
16875,0.6051852
16876,0.02073994
16877,0.02073994
16878,0.022321645
16879,0.02073994
16880,0.02073994
16881,0.43512797
16882,0.25010738
16883,0.02073994
16884,0.02073994
16885,0.02073994
16886,0.021521116
16887,0.02073994
16888,0.02073994
16889,0.26787928
16890,0.2492449
16891,0.035680514
16892,0.02073994
16893,0.02073994
16894,0.02073994
16895,0.02073994
16896,0.2518314
16897,0.02073994
16898,0.02073994
16899,0.025598053
16900,0.02073994
16901,0.02073994
16902,0.02073994
16903,0.02073994
16904,0.49452892
16905,0.6245438
16906,0.25351325
16907,0.2524349
16908,0.0208629
16909,0.022112885
16910,0.24412547
16911,0.50213915
16912,0.02073994
16913,0.02073994
16914,0.02073994
16915,0.031064052
16916,0.2551915
16917,0.022989213
16918,0.26786563
16919,0.2510546
16920,0.25735614
16921,0.70540804
16922,0.24965113
16923,0.02073994
16924,0.025514925
16925,0.24927348
16926,0.02073994
16927,0.02073994
16928,0.022053245
16929,0.02073994
16930,0.02073994
16931,0.02073994
16932,0.02073994
16933,0.023790015
16934,0.43376425
16935,0.25010738
16936,0.41879982
16937,0.24683796
16938,0.022461489
16939,0.022482464
16940,0.4876231
16941,0.02073994
16942,0.031548895
16943,0.02073994
16944,0.02073994
16945,0.5451213
16946,0.25066605
16947,0.02073994
16948,0.026899429
16949,0.44016114
16950,0.52013576
16951,0.02073994
16952,0.020688623
16953,0.02073994
16954,0.02073994
16955,0.02073994
16956,0.02073994
16957,0.02073994
16958,0.02073994
16959,0.02073994
16960,0.024119647
16961,0.4999346
16962,0.63877505
16963,0.55149156
16964,0.503202
16965,0.55822617
16966,0.02073994
16967,0.02073994
16968,0.02073994
16969,0.26389498
16970,0.026395803
16971,0.02073994
16972,0.02073994
16973,0.02073994
16974,0.027600834
16975,0.02073994
16976,0.02073994
16977,0.02253036
16978,0.02073994
16979,0.02073994
16980,0.02073994
16981,0.02073994
16982,0.02073994
16983,0.02073994
16984,0.02073994
16985,0.02073994
16986,0.2458141
16987,0.25298974
16988,0.5143162
16989,0.58197784
16990,0.5567133
16991,0.246876
16992,0.02073994
16993,0.02073994
16994,0.02073994
16995,0.02073994
16996,0.02073994
16997,0.02073994
16998,0.02073994
16999,0.02073994
17000,0.41254404
17001,0.02073994
17002,0.02073994
17003,0.02073994
17004,0.02073994
17005,0.021836717
17006,0.02073994
17007,0.02073994
17008,0.020439623
17009,0.02073994
17010,0.02073994
17011,0.02073994
17012,0.02073994
17013,0.02073994
17014,0.02073994
17015,0.43346092
17016,0.42211202
17017,0.24886711
17018,0.70020866
17019,0.5504699
17020,0.49441066
17021,0.2504549
17022,0.02073994
17023,0.02073994
17024,0.02073994
17025,0.02073994
17026,0.02073994
17027,0.02073994
17028,0.025598053
17029,0.52668095
17030,0.2468599
17031,0.50974584
17032,0.02073994
17033,0.021036156
17034,0.023184193
17035,0.022524225
17036,0.023048377
17037,0.02073994
17038,0.02073994
17039,0.02073994
17040,0.02073994
17041,0.02073994
17042,0.5798104
17043,0.5262868
17044,0.51558304
17045,0.25122124
17046,0.5099284
17047,0.024773898
17048,0.02073994
17049,0.02073994
17050,0.02073994
17051,0.02073994
17052,0.02073994
17053,0.021376494
17054,0.021660306
17055,0.02073994
17056,0.2483555
17057,0.02073994
17058,0.02073994
17059,0.4886594
17060,0.02073994
17061,0.02073994
17062,0.02073994
17063,0.26582578
17064,0.02073994
17065,0.02073994
17066,0.4111366
17067,0.02540507
17068,0.02073994
17069,0.02073994
17070,0.02073994
17071,0.02073994
17072,0.02073994
17073,0.02073994
17074,0.021733215
17075,0.02073994
17076,0.02073994
17077,0.02073994
17078,0.25076857
17079,0.02073994
17080,0.02073994
17081,0.02073994
17082,0.022564821
17083,0.02073994
17084,0.02073994
17085,0.02073994
17086,0.02073994
17087,0.031834725
17088,0.39110535
17089,0.43003514
17090,0.02073994
17091,0.02073994
17092,0.02073994
17093,0.02073994
17094,0.02073994
17095,0.028192565
17096,0.02073994
17097,0.02073994
17098,0.02073994
17099,0.02073994
17100,0.02073994
17101,0.02073994
17102,0.02073994
17103,0.02073994
17104,0.49537486
17105,0.02073994
17106,0.02073994
17107,0.02073994
17108,0.02073994
17109,0.02073994
17110,0.5061063
17111,0.02073994
17112,0.02073994
17113,0.030240923
17114,0.02073994
17115,0.02073994
17116,0.025913266
17117,0.02073994
17118,0.02073994
17119,0.025480542
17120,0.026754715
17121,0.02073994
17122,0.02073994
17123,0.023833103
17124,0.02073994
17125,0.02073994
17126,0.02073994
17127,0.02073994
17128,0.02073994
17129,0.2594867
17130,0.02073994
17131,0.02073994
17132,0.02073994
17133,0.02073994
17134,0.02073994
17135,0.037622165
17136,0.02073994
17137,0.24833997
17138,0.02073994
17139,0.02073994
17140,0.02073994
17141,0.02073994
17142,0.02073994
17143,0.02073994
17144,0.25743362
17145,0.023891008
17146,0.02073994
17147,0.02073994
17148,0.02073994
17149,0.02073994
17150,0.4329182
17151,0.44907045
17152,0.25271547
17153,0.02073994
17154,0.02073994
17155,0.02073994
17156,0.02073994
17157,0.030853601
17158,0.02073994
17159,0.021125669
17160,0.45500237
17161,0.02073994
17162,0.02073994
17163,0.02073994
17164,0.02073994
17165,0.02073994
17166,0.02073994
17167,0.021169268
17168,0.50030947
17169,0.02073994
17170,0.029887915
17171,0.02073994
17172,0.02073994
17173,0.02073994
17174,0.02073994
17175,0.02073994
17176,0.02073994
17177,0.02073994
17178,0.02073994
17179,0.02073994
17180,0.02073994
17181,0.02073994
17182,0.02073994
17183,0.02073994
17184,0.024071576
17185,0.02073994
17186,0.02073994
17187,0.02073994
17188,0.02073994
17189,0.02073994
17190,0.021467779
17191,0.02073994
17192,0.02073994
17193,0.45537138
17194,0.02073994
17195,0.021525897
17196,0.02073994
17197,0.02073994
17198,0.02073994
17199,0.02073994
17200,0.02073994
17201,0.02073994
17202,0.25050116
17203,0.02073994
17204,0.02073994
17205,0.02073994
17206,0.02073994
17207,0.02073994
17208,0.02073994
17209,0.02073994
17210,0.022213738
17211,0.02073994
17212,0.02073994
17213,0.0216281
17214,0.02073994
17215,0.02073994
17216,0.02073994
17217,0.5152952
17218,0.02073994
17219,0.02073994
17220,0.02073994
17221,0.02073994
17222,0.02073994
17223,0.02073994
17224,0.026431581
17225,0.02073994
17226,0.02073994
17227,0.02073994
17228,0.02073994
17229,0.034359094
17230,0.02073994
17231,0.02073994
17232,0.02073994
17233,0.02073994
17234,0.02073994
17235,0.02073994
17236,0.24818075
17237,0.25041357
17238,0.02073994
17239,0.02073994
17240,0.02073994
17241,0.02073994
17242,0.02073994
17243,0.02073994
17244,0.02073994
17245,0.02073994
17246,0.02073994
17247,0.02073994
17248,0.02073994
17249,0.02073994
17250,0.02073994
17251,0.02073994
17252,0.02073994
17253,0.022964869
17254,0.02073994
17255,0.022700232
17256,0.02073994
17257,0.030735096
17258,0.02073994
17259,0.02073994
17260,0.02073994
17261,0.02073994
17262,0.02073994
17263,0.02073994
17264,0.02073994
17265,0.02073994
17266,0.02073994
17267,0.02073994
17268,0.022898858
17269,0.02073994
17270,0.02073994
17271,0.02073994
17272,0.02073994
17273,0.02073994
17274,0.02073994
17275,0.02073994
17276,0.02073994
17277,0.02073994
17278,0.02073994
17279,0.02073994
17280,0.02073994
17281,0.02073994
17282,0.02073994
17283,0.02073994
17284,0.020830506
17285,0.02073994
17286,0.030853601
17287,0.02073994
17288,0.02073994
17289,0.02073994
17290,0.02073994
17291,0.02073994
17292,0.02073994
17293,0.02073994
17294,0.02073994
17295,0.02073994
17296,0.02428652
17297,0.02073994
17298,0.02073994
17299,0.02073994
17300,0.02073994
17301,0.02073994
17302,0.02073994
17303,0.02073994
17304,0.019968808
17305,0.02073994
17306,0.02073994
17307,0.02073994
17308,0.02073994
17309,0.02073994
17310,0.26098245
17311,0.02073994
17312,0.02073994
17313,0.02073994
17314,0.02073994
17315,0.02073994
17316,0.02073994
17317,0.02073994
17318,0.02073994
17319,0.02073994
17320,0.02073994
17321,0.02073994
17322,0.02073994
17323,0.02073994
17324,0.02073994
17325,0.02073994
17326,0.02073994
17327,0.02073994
17328,0.032796748
17329,0.032796748
17330,0.032796748
17331,0.25350517
17332,0.032796748
17333,0.032796748
17334,0.032796748
17335,0.032796748
17336,0.032796748
17337,0.032796748
17338,0.032796748
17339,0.032796748
17340,0.032796748
17341,0.51388615
17342,0.032796748
17343,0.032796748
17344,0.034191877
17345,0.25527218
17346,0.032796748
17347,0.26071113
17348,0.032796748
17349,0.036876827
17350,0.032796748
17351,0.032796748
17352,0.032796748
17353,0.032796748
17354,0.032796748
17355,0.4579738
17356,0.032796748
17357,0.44272733
17358,0.25266707
17359,0.032796748
17360,0.2559327
17361,0.032796748
17362,0.032796748
17363,0.032796748
17364,0.032796748
17365,0.032796748
17366,0.032796748
17367,0.25733292
17368,0.5313367
17369,0.4289068
17370,0.0389369
17371,0.2550266
17372,0.032796748
17373,0.032796748
17374,0.032796748
17375,0.032796748
17376,0.033784032
17377,0.032796748
17378,0.52282685
17379,0.037395373
17380,0.2534467
17381,0.570539
17382,0.032796748
17383,0.032796748
17384,0.42841998
17385,0.032796748
17386,0.2676384
17387,0.032796748
17388,0.032796748
17389,0.032796748
17390,0.032796748
17391,0.032796748
17392,0.033480283
17393,0.036021568
17394,0.034121588
17395,0.032796748
17396,0.032796748
17397,0.034683883
17398,0.42169702
17399,0.032796748
17400,0.032796748
17401,0.032796748
17402,0.032796748
17403,0.032796748
17404,0.032796748
17405,0.032796748
17406,0.032796748
17407,0.032796748
17408,0.032796748
17409,0.032796748
17410,0.052262783
17411,0.2667821
17412,0.032796748
17413,0.032796748
17414,0.032796748
17415,0.039011456
17416,0.032796748
17417,0.4337981
17418,0.036666457
17419,0.032796748
17420,0.45070252
17421,0.259787
17422,0.03524843
17423,0.032796748
17424,0.032796748
17425,0.032796748
17426,0.032796748
17427,0.032796748
17428,0.032796748
17429,0.032796748
17430,0.032796748
17431,0.032796748
17432,0.032796748
17433,0.032796748
17434,0.034639478
17435,0.25337633
17436,0.5356695
17437,0.032796748
17438,0.25960943
17439,0.032796748
17440,0.032796748
17441,0.032796748
17442,0.032796748
17443,0.032796748
17444,0.25384593
17445,0.032796748
17446,0.032796748
17447,0.032796748
17448,0.032796748
17449,0.25350517
17450,0.5261109
17451,0.032796748
17452,0.032796748
17453,0.032796748
17454,0.032796748
17455,0.032796748
17456,0.032796748
17457,0.032796748
17458,0.032796748
17459,0.036666233
17460,0.04383857
17461,0.032796748
17462,0.03504989
17463,0.032796748
17464,0.032796748
17465,0.032796748
17466,0.032796748
17467,0.032796748
17468,0.032796748
17469,0.032796748
17470,0.25410196
17471,0.032796748
17472,0.032796748
17473,0.032796748
17474,0.032796748
17475,0.032796748
17476,0.032796748
17477,0.032796748
17478,0.032796748
17479,0.032796748
17480,0.032796748
17481,0.033398237
17482,0.25996011
17483,0.032796748
17484,0.032796748
17485,0.032796748
17486,0.032796748
17487,0.032796748
17488,0.032796748
17489,0.032796748
17490,0.032796748
17491,0.032796748
17492,0.032796748
17493,0.032796748
17494,0.032796748
17495,0.032796748
17496,0.032796748
17497,0.032796748
17498,0.26197326
17499,0.25733292
17500,0.25846094
17501,0.032796748
17502,0.032796748
17503,0.032796748
17504,0.032796748
17505,0.032796748
17506,0.032796748
17507,0.03281347
17508,0.032796748
17509,0.5415888
17510,0.03505315
17511,0.032796748
17512,0.032796748
17513,0.032796748
17514,0.032796748
17515,0.032796748
17516,0.032796748
17517,0.032796748
17518,0.032796748
17519,0.032796748
17520,0.032796748
17521,0.032796748
17522,0.032796748
17523,0.032796748
17524,0.26550055
17525,0.25144017
17526,0.032796748
17527,0.032796748
17528,0.032796748
17529,0.032796748
17530,0.032796748
17531,0.032796748
17532,0.032796748
17533,0.03380524
17534,0.032796748
17535,0.032796748
17536,0.032796748
17537,0.032796748
17538,0.032796748
17539,0.032796748
17540,0.033874467
17541,0.032796748
17542,0.032796748
17543,0.032796748
17544,0.039011456
17545,0.032796748
17546,0.032796748
17547,0.032796748
17548,0.032796748
17549,0.032796748
17550,0.03326313
17551,0.032796748
17552,0.27174836
17553,0.26081032
17554,0.035691
17555,0.032796748
17556,0.032796748
17557,0.032796748
17558,0.032796748
17559,0.032796748
17560,0.032796748
17561,0.032796748
17562,0.032796748
17563,0.032796748
17564,0.032796748
17565,0.032796748
17566,0.032796748
17567,0.032796748
17568,0.032796748
17569,0.032796748
17570,0.032796748
17571,0.032796748
17572,0.032796748
17573,0.032796748
17574,0.032796748
17575,0.033574756
17576,0.25862056
17577,0.032796748
17578,0.033067543
17579,0.032796748
17580,0.032796748
17581,0.032796748
17582,0.032796748
17583,0.032796748
17584,0.032796748
17585,0.032796748
17586,0.2505948
17587,0.032796748
17588,0.032796748
17589,0.032796748
17590,0.032796748
17591,0.032796748
17592,0.032796748
17593,0.032796748
17594,0.032796748
17595,0.03425464
17596,0.032796748
17597,0.032796748
17598,0.03474757
17599,0.57619137
17600,0.032796748
17601,0.032796748
17602,0.45197827
17603,0.032796748
17604,0.2526263
17605,0.032178164
17606,0.032796748
17607,0.032796748
17608,0.032796748
17609,0.032796748
17610,0.04685658
17611,0.032796748
17612,0.28346413
17613,0.032796748
17614,0.032796748
17615,0.032796748
17616,0.032796748
17617,0.032796748
17618,0.032796748
17619,0.032796748
17620,0.032796748
17621,0.038303345
17622,0.037567597
17623,0.032796748
17624,0.032796748
17625,0.032796748
17626,0.032796748
17627,0.25164095
17628,0.42191178
17629,0.032796748
17630,0.032796748
17631,0.032796748
17632,0.032796748
17633,0.032796748
17634,0.5127198
17635,0.03246743
17636,0.41359887
17637,0.24526387
17638,0.032796748
17639,0.032796748
17640,0.032796748
17641,0.032796748
17642,0.032796748
17643,0.26578748
17644,0.26832157
17645,0.032796748
17646,0.032796748
17647,0.032796748
17648,0.04623899
17649,0.0356157
17650,0.04682536
17651,0.44681868
17652,0.032796748
17653,0.032796748
17654,0.032796748
17655,0.032796748
17656,0.25874078
17657,0.4629595
17658,0.032796748
17659,0.44340774
17660,0.032796748
17661,0.2689966
17662,0.032796748
17663,0.032796748
17664,0.032796748
17665,0.032796748
17666,0.032796748
17667,0.032796748
17668,0.43225402
17669,0.032796748
17670,0.032796748
17671,0.2485521
17672,0.036999434
17673,0.042154804
17674,0.44259617
17675,0.43262818
17676,0.045641433
17677,0.25410196
17678,0.26144055
17679,0.5855204
17680,0.2766565
17681,0.46794268
17682,0.032796748
17683,0.26409665
17684,0.032796748
17685,0.032796748
17686,0.032796748
17687,0.032796748
17688,0.032796748
17689,0.032796748
17690,0.032796748
17691,0.032796748
17692,0.032796748
17693,0.032796748
17694,0.032796748
17695,0.032796748
17696,0.26152432
17697,0.25350517
17698,0.032796748
17699,0.45059863
17700,0.032796748
17701,0.032796748
17702,0.5435473
17703,0.54348224
17704,0.45203906
17705,0.032796748
17706,0.032796748
17707,0.032796748
17708,0.032796748
17709,0.45050412
17710,0.032796748
17711,0.032796748
17712,0.032796748
17713,0.032796748
17714,0.032796748
17715,0.032796748
17716,0.032796748
17717,0.032796748
17718,0.43871745
17719,0.032796748
17720,0.032796748
17721,0.25960943
17722,0.032796748
17723,0.032796748
17724,0.032796748
17725,0.25657684
17726,0.5114844
17727,0.032796748
17728,0.034891818
17729,0.032796748
17730,0.032796748
17731,0.6132861
17732,0.5567553
17733,0.5269996
17734,0.032796748
17735,0.032796748
17736,0.032796748
17737,0.25705835
17738,0.032796748
17739,0.25165248
17740,0.032796748
17741,0.032796748
17742,0.032796748
17743,0.033856273
17744,0.036461316
17745,0.032796748
17746,0.44010064
17747,0.5245524
17748,0.24747764
17749,0.034112945
17750,0.032796748
17751,0.032796748
17752,0.032796748
17753,0.032796748
17754,0.032796748
17755,0.03456781
17756,0.035708167
17757,0.032796748
17758,0.032796748
17759,0.032796748
17760,0.48974848
17761,0.73660505
17762,0.56466234
17763,0.0346867
17764,0.032796748
17765,0.25496447
17766,0.26200128
17767,0.032796748
17768,0.032796748
17769,0.032796748
17770,0.032796748
17771,0.032796748
17772,0.48114347
17773,0.5606783
17774,0.032796748
17775,0.032796748
17776,0.034430012
17777,0.032796748
17778,0.032796748
17779,0.54172873
17780,0.032796748
17781,0.032796748
17782,0.032796748
17783,0.032796748
17784,0.03357792
17785,0.032796748
17786,0.032796748
17787,0.27535173
17788,0.5399062
17789,0.03957197
17790,0.032796748
17791,0.032796748
17792,0.032796748
17793,0.26186436
17794,0.032796748
17795,0.032796748
17796,0.032796748
17797,0.032796748
17798,0.032796748
17799,0.032796748
17800,0.032796748
17801,0.42812547
17802,0.14402603
17803,0.25551596
17804,0.26453125
17805,0.03291971
17806,0.034169696
17807,0.035494484
17808,0.4704475
17809,0.032796748
17810,0.032796748
17811,0.032796748
17812,0.032796748
17813,0.042439964
17814,0.042024408
17815,0.035046022
17816,0.44608614
17817,0.24833025
17818,0.26245534
17819,0.736761
17820,0.036758058
17821,0.032796748
17822,0.037731312
17823,0.25566188
17824,0.032796748
17825,0.032796748
17826,0.03846685
17827,0.032796748
17828,0.032796748
17829,0.032796748
17830,0.032796748
17831,0.260501
17832,0.44403544
17833,0.25691968
17834,0.5359983
17835,0.4236086
17836,0.036187682
17837,0.034553915
17838,0.256487
17839,0.032796748
17840,0.041303303
17841,0.032796748
17842,0.032796748
17843,0.5238273
17844,0.26001003
17845,0.032796748
17846,0.032796748
17847,0.50369996
17848,0.42697868
17849,0.032796748
17850,0.03363256
17851,0.032796748
17852,0.032796748
17853,0.032796748
17854,0.032796748
17855,0.032796748
17856,0.032796748
17857,0.032796748
17858,0.035720486
17859,0.42169702
17860,0.5496543
17861,0.5053138
17862,0.5069569
17863,0.46109477
17864,0.032796748
17865,0.032796748
17866,0.032796748
17867,0.04559172
17868,0.03709801
17869,0.032796748
17870,0.032796748
17871,0.032796748
17872,0.039657656
17873,0.032796748
17874,0.032796748
17875,0.03458716
17876,0.032796748
17877,0.032796748
17878,0.032796748
17879,0.032796748
17880,0.032796748
17881,0.032796748
17882,0.032796748
17883,0.032796748
17884,0.25584176
17885,0.039326128
17886,0.5114844
17887,0.6094407
17888,0.557104
17889,0.2532897
17890,0.032796748
17891,0.032796748
17892,0.032796748
17893,0.032796748
17894,0.032796748
17895,0.032796748
17896,0.032796748
17897,0.032796748
17898,0.4497812
17899,0.032796748
17900,0.032796748
17901,0.032796748
17902,0.032796748
17903,0.033893526
17904,0.032796748
17905,0.032796748
17906,0.03249643
17907,0.032796748
17908,0.032796748
17909,0.032796748
17910,0.032796748
17911,0.032796748
17912,0.032796748
17913,0.45585284
17914,0.42657158
17915,0.26148307
17916,0.61662656
17917,0.5368221
17918,0.51942784
17919,0.25733292
17920,0.032796748
17921,0.032796748
17922,0.032796748
17923,0.032796748
17924,0.032796748
17925,0.032796748
17926,0.032796748
17927,0.4198382
17928,0.25657684
17929,0.42461726
17930,0.032796748
17931,0.04050389
17932,0.034226175
17933,0.03458103
17934,0.03510518
17935,0.032796748
17936,0.032796748
17937,0.032796748
17938,0.032796748
17939,0.50606227
17940,0.54845494
17941,0.44878814
17942,0.51089674
17943,0.25652277
17944,0.26267755
17945,0.032796748
17946,0.032796748
17947,0.032796748
17948,0.032796748
17949,0.032796748
17950,0.032796748
17951,0.033433303
17952,0.033365343
17953,0.032796748
17954,0.03479225
17955,0.032796748
17956,0.032796748
17957,0.032796748
17958,0.52767783
17959,0.032796748
17960,0.032796748
17961,0.032796748
17962,0.032796748
17963,0.2761951
17964,0.032796748
17965,0.032796748
17966,0.2566136
17967,0.2587899
17968,0.032796748
17969,0.032796748
17970,0.032796748
17971,0.032796748
17972,0.032796748
17973,0.032796748
17974,0.032812327
17975,0.032796748
17976,0.032796748
17977,0.032796748
17978,0.036531847
17979,0.032796748
17980,0.032796748
17981,0.034621626
17982,0.032796748
17983,0.032796748
17984,0.032796748
17985,0.032796748
17986,0.044897687
17987,0.50376666
17988,0.5313606
17989,0.032796748
17990,0.032796748
17991,0.032796748
17992,0.032796748
17993,0.032796748
17994,0.032796748
17995,0.040648125
17996,0.032796748
17997,0.032796748
17998,0.032796748
17999,0.032796748
18000,0.032796748
18001,0.032796748
18002,0.032796748
18003,0.032796748
18004,0.42801318
18005,0.032796748
18006,0.032796748
18007,0.25314164
18008,0.032796748
18009,0.032796748
18010,0.44182345
18011,0.032796748
18012,0.032796748
18013,0.03734585
18014,0.032796748
18015,0.032796748
18016,0.038559135
18017,0.032796748
18018,0.037081406
18019,0.032796748
18020,0.035086147
18021,0.032796748
18022,0.032796748
18023,0.032796748
18024,0.032796748
18025,0.032796748
18026,0.26812562
18027,0.032796748
18028,0.032796748
18029,0.032796748
18030,0.032796748
18031,0.032796748
18032,0.04791517
18033,0.032796748
18034,0.2569432
18035,0.032796748
18036,0.032796748
18037,0.032796748
18038,0.032796748
18039,0.032796748
18040,0.032796748
18041,0.2744534
18042,0.037040666
18043,0.032796748
18044,0.032796748
18045,0.032796748
18046,0.032796748
18047,0.032796748
18048,0.53913647
18049,0.5533974
18050,0.26811296
18051,0.032796748
18052,0.032796748
18053,0.032796748
18054,0.032796748
18055,0.032796748
18056,0.032796748
18057,0.03366867
18058,0.52949214
18059,0.032796748
18060,0.039011456
18061,0.032796748
18062,0.032796748
18063,0.032796748
18064,0.032796748
18065,0.033226073
18066,0.45197827
18067,0.032796748
18068,0.2628341
18069,0.032796748
18070,0.032796748
18071,0.032796748
18072,0.032796748
18073,0.032796748
18074,0.032796748
18075,0.032796748
18076,0.032796748
18077,0.032796748
18078,0.032796748
18079,0.032796748
18080,0.032796748
18081,0.032796748
18082,0.037567634
18083,0.032796748
18084,0.032796748
18085,0.032796748
18086,0.032796748
18087,0.032796748
18088,0.033524588
18089,0.032796748
18090,0.032796748
18091,0.52091974
18092,0.032796748
18093,0.25476158
18094,0.032796748
18095,0.032796748
18096,0.032796748
18097,0.032796748
18098,0.032796748
18099,0.2569321
18100,0.032796748
18101,0.032796748
18102,0.032796748
18103,0.032796748
18104,0.03562008
18105,0.032796748
18106,0.03368491
18107,0.032796748
18108,0.032796748
18109,0.032796748
18110,0.44702625
18111,0.032796748
18112,0.032796748
18113,0.032796748
18114,0.032796748
18115,0.032796748
18116,0.032796748
18117,0.032796748
18118,0.037961625
18119,0.032796748
18120,0.032796748
18121,0.032796748
18122,0.044806544
18123,0.032796748
18124,0.032796748
18125,0.032796748
18126,0.032796748
18127,0.032796748
18128,0.25733292
18129,0.26088652
18130,0.032796748
18131,0.032796748
18132,0.032796748
18133,0.032796748
18134,0.032796748
18135,0.032796748
18136,0.032796748
18137,0.032796748
18138,0.032796748
18139,0.032796748
18140,0.032796748
18141,0.032796748
18142,0.036154907
18143,0.032796748
18144,0.033864353
18145,0.032796748
18146,0.04379213
18147,0.032796748
18148,0.032796748
18149,0.032796748
18150,0.032796748
18151,0.032796748
18152,0.032796748
18153,0.032796748
18154,0.032796748
18155,0.034955665
18156,0.032796748
18157,0.032796748
18158,0.032796748
18159,0.032796748
18160,0.032796748
18161,0.032796748
18162,0.015698278
18163,0.032796748
18164,0.032796748
18165,0.032796748
18166,0.032796748
18167,0.032796748
18168,0.032796748
18169,0.032796748
18170,0.032796748
18171,0.25419253
18172,0.032796748
18173,0.032796748
18174,0.032796748
18175,0.032796748
18176,0.032796748
18177,0.032796748
18178,0.032796748
18179,0.032796748
18180,0.032796748
18181,0.0387211
18182,0.032796748
18183,0.032796748
18184,0.032796748
18185,0.032796748
18186,0.032796748
18187,0.032796748
18188,0.032796748
18189,0.040289044
18190,0.032796748
18191,0.032796748
18192,0.032796748
18193,0.032796748
18194,0.032796748
18195,0.032796748
18196,0.032796748
18197,0.032796748
18198,0.032796748
18199,0.2682346
18200,0.032796748
18201,0.032796748
18202,0.032796748
18203,0.032796748
18204,0.032796748
18205,0.032796748
18206,0.032796748
18207,0.032796748
18208,0.032796748
18209,0.032796748
18210,0.032796748
18211,0.032796748
18212,0.032796748
18213,0.032796748
18214,0.032796748
18215,0.032796748
18216,0.032796748
18217,0.032796748
18218,0.032796748
18219,0.032796748
18220,0.032796748
18221,0.022298072
18222,0.022298072
18223,0.25131235
18224,0.022298072
18225,0.022298072
18226,0.023254698
18227,0.022298072
18228,0.022298072
18229,0.022298072
18230,0.022298072
18231,0.022298072
18232,0.022298072
18233,0.41257924
18234,0.5373907
18235,0.022298072
18236,0.022298072
18237,0.022298072
18238,0.25544995
18239,0.022298072
18240,0.026378145
18241,0.022298072
18242,0.022114668
18243,0.022298072
18244,0.022298072
18245,0.2556349
18246,0.022298072
18247,0.5355968
18248,0.24687622
18249,0.022298072
18250,0.02330655
18251,0.022298072
18252,0.022298072
18253,0.022298072
18254,0.022298072
18255,0.022298072
18256,0.022298072
18257,0.022298072
18258,0.022298072
18259,0.022298072
18260,0.24824052
18261,0.51892555
18262,0.52636844
18263,0.022298072
18264,0.2494471
18265,0.022298072
18266,0.022298072
18267,0.022298072
18268,0.022298072
18269,0.02328534
18270,0.53420025
18271,0.026896691
18272,0.022762861
18273,0.5507428
18274,0.022298072
18275,0.022298072
18276,0.42695346
18277,0.022298072
18278,0.4335834
18279,0.022298072
18280,0.022298072
18281,0.022298072
18282,0.022298072
18283,0.022981608
18284,0.25146544
18285,0.023027532
18286,0.022298072
18287,0.022298072
18288,0.024185203
18289,0.24893631
18290,0.022298072
18291,0.022298072
18292,0.022298072
18293,0.022298072
18294,0.022298072
18295,0.022298072
18296,0.022298072
18297,0.022298072
18298,0.022298072
18299,0.039929032
18300,0.25814977
18301,0.022298072
18302,0.022298072
18303,0.022298072
18304,0.022298072
18305,0.51612735
18306,0.026167763
18307,0.022298072
18308,0.24979427
18309,0.2530482
18310,0.022298072
18311,0.022298072
18312,0.022298072
18313,0.022298072
18314,0.022298072
18315,0.022298072
18316,0.022298072
18317,0.022298072
18318,0.027432581
18319,0.022298072
18320,0.022298072
18321,0.024140807
18322,0.022692507
18323,0.4517072
18324,0.022298072
18325,0.24787693
18326,0.022298072
18327,0.022298072
18328,0.022298072
18329,0.022298072
18330,0.023162125
18331,0.022298072
18332,0.022298072
18333,0.022298072
18334,0.022298072
18335,0.022298072
18336,0.022298072
18337,0.498959
18338,0.022298072
18339,0.022298072
18340,0.022298072
18341,0.022298072
18342,0.022298072
18343,0.022298072
18344,0.022298072
18345,0.022298072
18346,0.022298072
18347,0.025253799
18348,0.032469187
18349,0.022298072
18350,0.023613198
18351,0.022298072
18352,0.022298072
18353,0.022298072
18354,0.022298072
18355,0.022298072
18356,0.022298072
18357,0.022298072
18358,0.2480463
18359,0.022298072
18360,0.022298072
18361,0.022298072
18362,0.022298072
18363,0.022298072
18364,0.022298072
18365,0.022298072
18366,0.022298072
18367,0.022298072
18368,0.024346981
18369,0.4029479
18370,0.022298072
18371,0.022298072
18372,0.022298072
18373,0.022298072
18374,0.022298072
18375,0.022298072
18376,0.022298072
18377,0.022298072
18378,0.022298072
18379,0.022298072
18380,0.022298072
18381,0.022298072
18382,0.24824052
18383,0.022298072
18384,0.25378615
18385,0.23685466
18386,0.2520764
18387,0.022298072
18388,0.022298072
18389,0.022298072
18390,0.022298072
18391,0.022298072
18392,0.022298072
18393,0.022314794
18394,0.022298072
18395,0.4417518
18396,0.024554467
18397,0.022298072
18398,0.022298072
18399,0.022298072
18400,0.022298072
18401,0.022298072
18402,0.022298072
18403,0.022298072
18404,0.022298072
18405,0.022298072
18406,0.022298072
18407,0.022298072
18408,0.24771732
18409,0.022298072
18410,0.022298072
18411,0.25376606
18412,0.4363532
18413,0.022298072
18414,0.022298072
18415,0.022298072
18416,0.022298072
18417,0.022298072
18418,0.022298072
18419,0.022298072
18420,0.022298072
18421,0.022298072
18422,0.022298072
18423,0.024761325
18424,0.022298072
18425,0.022298072
18426,0.022298072
18427,0.022298072
18428,0.022298072
18429,0.023375796
18430,0.022298072
18431,0.022298072
18432,0.022298072
18433,0.022298072
18434,0.022298072
18435,0.022298072
18436,0.022298072
18437,0.022764452
18438,0.022298072
18439,0.26322496
18440,0.025834402
18441,0.02519232
18442,0.022298072
18443,0.022298072
18444,0.022298072
18445,0.022298072
18446,0.022298072
18447,0.027432581
18448,0.022298072
18449,0.022298072
18450,0.022298072
18451,0.022298072
18452,0.022298072
18453,0.022298072
18454,0.022298072
18455,0.022298072
18456,0.022298072
18457,0.022298072
18458,0.022298072
18459,0.022298072
18460,0.022298072
18461,0.022298072
18462,0.022298072
18463,0.023761671
18464,0.25076085
18465,0.022298072
18466,0.022568867
18467,0.022298072
18468,0.022298072
18469,0.022298072
18470,0.022298072
18471,0.022298072
18472,0.022298072
18473,0.022298072
18474,0.022298072
18475,0.022298072
18476,0.022298072
18477,0.022298072
18478,0.022298072
18479,0.022298072
18480,0.022298072
18481,0.022298072
18482,0.022298072
18483,0.023755966
18484,0.022298072
18485,0.022298072
18486,0.024248896
18487,0.44107014
18488,0.022298072
18489,0.022298072
18490,0.53869313
18491,0.022298072
18492,0.24624176
18493,0.021679489
18494,0.022298072
18495,0.022298072
18496,0.022298072
18497,0.022298072
18498,0.022298072
18499,0.022298072
18500,0.036722433
18501,0.022298072
18502,0.27664024
18503,0.022298072
18504,0.022298072
18505,0.022298072
18506,0.022298072
18507,0.022298072
18508,0.022298072
18509,0.022298072
18510,0.022298072
18511,0.027591761
18512,0.027767885
18513,0.24824052
18514,0.022298072
18515,0.022298072
18516,0.022298072
18517,0.028459532
18518,0.5161646
18519,0.022298072
18520,0.022298072
18521,0.022298072
18522,0.022298072
18523,0.022298072
18524,0.4242161
18525,0.022298072
18526,0.024913847
18527,0.4964168
18528,0.024363128
18529,0.022298072
18530,0.022298072
18531,0.022298072
18532,0.022298072
18533,0.022298072
18534,0.25640762
18535,0.25216588
18536,0.022298072
18537,0.022298072
18538,0.022298072
18539,0.0307557
18540,0.024728676
18541,0.034522455
18542,0.5172824
18543,0.022298072
18544,0.022298072
18545,0.022298072
18546,0.022298072
18547,0.022298072
18548,0.5296671
18549,0.49671853
18550,0.022298072
18551,0.022298072
18552,0.52215755
18553,0.022298072
18554,0.447844
18555,0.022298072
18556,0.022298072
18557,0.022298072
18558,0.022298072
18559,0.40541106
18560,0.022298072
18561,0.022298072
18562,0.24234895
18563,0.026500765
18564,0.2372901
18565,0.43731913
18566,0.4047479
18567,0.022298072
18568,0.26059854
18569,0.24903816
18570,0.026741266
18571,0.4715225
18572,0.25836295
18573,0.4458019
18574,0.022298072
18575,0.030389154
18576,0.027432581
18577,0.022298072
18578,0.022298072
18579,0.022298072
18580,0.022298072
18581,0.022298072
18582,0.022298072
18583,0.022298072
18584,0.022298072
18585,0.24771732
18586,0.022298072
18587,0.022298072
18588,0.022298072
18589,0.022298072
18590,0.2514586
18591,0.24787693
18592,0.022298072
18593,0.022298072
18594,0.25610447
18595,0.022298072
18596,0.560715
18597,0.5573886
18598,0.5288789
18599,0.022298072
18600,0.022298072
18601,0.42378098
18602,0.022298072
18603,0.022298072
18604,0.022298072
18605,0.022298072
18606,0.022298072
18607,0.022298072
18608,0.022298072
18609,0.022298072
18610,0.50443685
18611,0.022298072
18612,0.022298072
18613,0.022298072
18614,0.022298072
18615,0.022298072
18616,0.022298072
18617,0.24824052
18618,0.42525512
18619,0.022298072
18620,0.024393145
18621,0.022298072
18622,0.24740243
18623,0.50183797
18624,0.5751481
18625,0.42903543
18626,0.022298072
18627,0.022298072
18628,0.022298072
18629,0.24793287
18630,0.022298072
18631,0.25755668
18632,0.022298072
18633,0.022298072
18634,0.022298072
18635,0.023357596
18636,0.02616803
18637,0.022298072
18638,0.5071288
18639,0.5172334
18640,0.24273619
18641,0.02501221
18642,0.022298072
18643,0.022298072
18644,0.022298072
18645,0.022298072
18646,0.022298072
18647,0.024069134
18648,0.028402496
18649,0.022298072
18650,0.022298072
18651,0.022298072
18652,0.5712102
18653,0.81992537
18654,0.53735024
18655,0.024188025
18656,0.022298072
18657,0.024595466
18658,0.52934027
18659,0.022298072
18660,0.022298072
18661,0.022298072
18662,0.022298072
18663,0.022298072
18664,0.022298072
18665,0.42733553
18666,0.52777153
18667,0.022298072
18668,0.022298072
18669,0.024240265
18670,0.022298072
18671,0.022298072
18672,0.53486556
18673,0.2496939
18674,0.022298072
18675,0.022298072
18676,0.022298072
18677,0.023079246
18678,0.022298072
18679,0.022298072
18680,0.2690419
18681,0.24845485
18682,0.033323687
18683,0.022298072
18684,0.022298072
18685,0.022298072
18686,0.022298072
18687,0.25967076
18688,0.022298072
18689,0.022298072
18690,0.022298072
18691,0.022298072
18692,0.022298072
18693,0.022298072
18694,0.022298072
18695,0.44256175
18696,0.642986
18697,0.25061494
18698,0.03221612
18699,0.02242103
18700,0.023671016
18701,0.022645848
18702,0.395605
18703,0.022298072
18704,0.022298072
18705,0.03194417
18706,0.022298072
18707,0.032622177
18708,0.03089479
18709,0.024547346
18710,0.52215976
18711,0.25561035
18712,0.25340703
18713,0.6946795
18714,0.024566151
18715,0.022298072
18716,0.029171815
18717,0.2509252
18718,0.022298072
18719,0.022298072
18720,0.43751994
18721,0.022298072
18722,0.022298072
18723,0.022298072
18724,0.022298072
18725,0.25024477
18726,0.42615882
18727,0.46964857
18728,0.4950077
18729,0.5318531
18730,0.02401962
18731,0.024396537
18732,0.495716
18733,0.029964447
18734,0.022298072
18735,0.022298072
18736,0.50165457
18737,0.25194582
18738,0.022298072
18739,0.022298072
18740,0.43541294
18741,0.2528195
18742,0.022298072
18743,0.022298072
18744,0.022246754
18745,0.022298072
18746,0.022298072
18747,0.022298072
18748,0.022298072
18749,0.022298072
18750,0.022298072
18751,0.022298072
18752,0.022298072
18753,0.022298072
18754,0.024407575
18755,0.4302388
18756,0.64738023
18757,0.51868093
18758,0.51431274
18759,0.52699333
18760,0.022298072
18761,0.022298072
18762,0.022298072
18763,0.022298072
18764,0.036012784
18765,0.026393939
18766,0.022298072
18767,0.022298072
18768,0.022298072
18769,0.029158963
18770,0.022298072
18771,0.022298072
18772,0.022298072
18773,0.02408849
18774,0.022298072
18775,0.022298072
18776,0.022298072
18777,0.022298072
18778,0.022298072
18779,0.022298072
18780,0.022298072
18781,0.022298072
18782,0.022298072
18783,0.4385344
18784,0.027622368
18785,0.4047479
18786,0.5919931
18787,0.54342127
18788,0.24819207
18789,0.022298072
18790,0.022298072
18791,0.022298072
18792,0.022298072
18793,0.022298072
18794,0.022298072
18795,0.022298072
18796,0.022298072
18797,0.5407798
18798,0.022298072
18799,0.022298072
18800,0.022298072
18801,0.022298072
18802,0.025361568
18803,0.022298072
18804,0.022298072
18805,0.022298072
18806,0.022298072
18807,0.022298072
18808,0.022298072
18809,0.022298072
18810,0.022298072
18811,0.48142102
18812,0.4785113
18813,0.24972469
18814,0.54287565
18815,0.4349428
18816,0.50665283
18817,0.25131235
18818,0.028829215
18819,0.022298072
18820,0.022298072
18821,0.022298072
18822,0.022298072
18823,0.022298072
18824,0.022298072
18825,0.022298072
18826,0.022298072
18827,0.4215845
18828,0.022298072
18829,0.43860036
18830,0.022298072
18831,0.02326611
18832,0.023727503
18833,0.024082355
18834,0.034252603
18835,0.022298072
18836,0.022298072
18837,0.022298072
18838,0.022298072
18839,0.4577679
18840,0.5114709
18841,0.5149738
18842,0.2570045
18843,0.4965769
18844,0.030109325
18845,0.022298072
18846,0.022298072
18847,0.022298072
18848,0.022298072
18849,0.022298072
18850,0.022934621
18851,0.023809562
18852,0.022298072
18853,0.2470481
18854,0.022298072
18855,0.022298072
18856,0.022298072
18857,0.24586539
18858,0.022298072
18859,0.026927875
18860,0.022298072
18861,0.022298072
18862,0.27058962
18863,0.022298072
18864,0.022298072
18865,0.43034837
18866,0.25061104
18867,0.022298072
18868,0.022298072
18869,0.022298072
18870,0.022298072
18871,0.022298072
18872,0.022298072
18873,0.023291346
18874,0.022298072
18875,0.022298072
18876,0.022298072
18877,0.25197574
18878,0.022298072
18879,0.022298072
18880,0.024122952
18881,0.022298072
18882,0.022298072
18883,0.022298072
18884,0.022298072
18885,0.036167067
18886,0.47583205
18887,0.503072
18888,0.022298072
18889,0.022298072
18890,0.022298072
18891,0.022298072
18892,0.022298072
18893,0.028365985
18894,0.022298072
18895,0.022298072
18896,0.022298072
18897,0.022298072
18898,0.022298072
18899,0.022298072
18900,0.022298072
18901,0.022298072
18902,0.49992913
18903,0.022298072
18904,0.022298072
18905,0.24824052
18906,0.022298072
18907,0.022298072
18908,0.43521142
18909,0.022298072
18910,0.022298072
18911,0.022298072
18912,0.25087425
18913,0.022298072
18914,0.022298072
18915,0.022298072
18916,0.027471397
18917,0.022298072
18918,0.022298072
18919,0.027617905
18920,0.022298072
18921,0.022298072
18922,0.02458747
18923,0.022298072
18924,0.022298072
18925,0.022298072
18926,0.022298072
18927,0.26179278
18928,0.022298072
18929,0.022298072
18930,0.022298072
18931,0.022298072
18932,0.022298072
18933,0.040351685
18934,0.022298072
18935,0.24830633
18936,0.022298072
18937,0.022298072
18938,0.022298072
18939,0.022298072
18940,0.022298072
18941,0.022298072
18942,0.25854522
18943,0.026712377
18944,0.022298072
18945,0.022298072
18946,0.022298072
18947,0.022298072
18948,0.43325603
18949,0.43965536
18950,0.034778032
18951,0.022298072
18952,0.022298072
18953,0.022298072
18954,0.022298072
18955,0.022298072
18956,0.022298072
18957,0.022298072
18958,0.02317
18959,0.5261286
18960,0.022298072
18961,0.022298072
18962,0.022298072
18963,0.026688635
18964,0.022298072
18965,0.022727398
18966,0.24824052
18967,0.022298072
18968,0.029256264
18969,0.022298072
18970,0.022298072
18971,0.022298072
18972,0.022298072
18973,0.022298072
18974,0.022298072
18975,0.022298072
18976,0.022298072
18977,0.022298072
18978,0.022298072
18979,0.022298072
18980,0.022298072
18981,0.02835387
18982,0.022298072
18983,0.022298072
18984,0.022298072
18985,0.02302591
18986,0.022298072
18987,0.022298072
18988,0.5428313
18989,0.022298072
18990,0.024077762
18991,0.022298072
18992,0.022298072
18993,0.022298072
18994,0.022298072
18995,0.022298072
18996,0.022298072
18997,0.52663153
18998,0.022298072
18999,0.022298072
19000,0.022298072
19001,0.022298072
19002,0.022298072
19003,0.022298072
19004,0.022298072
19005,0.025121402
19006,0.022298072
19007,0.022298072
19008,0.023186231
19009,0.022298072
19010,0.022298072
19011,0.022298072
19012,0.25225687
19013,0.022298072
19014,0.022298072
19015,0.022298072
19016,0.022298072
19017,0.022298072
19018,0.022298072
19019,0.022298072
19020,0.022298072
19021,0.027462948
19022,0.022298072
19023,0.022298072
19024,0.022298072
19025,0.022298072
19026,0.022298072
19027,0.022298072
19028,0.03430785
19029,0.022298072
19030,0.022298072
19031,0.022298072
19032,0.022298072
19033,0.022298072
19034,0.24903816
19035,0.25179422
19036,0.2470618
19037,0.022298072
19038,0.022298072
19039,0.022298072
19040,0.022298072
19041,0.022298072
19042,0.022298072
19043,0.022298072
19044,0.022298072
19045,0.022298072
19046,0.022298072
19047,0.022298072
19048,0.022298072
19049,0.022298072
19050,0.022298072
19051,0.025656233
19052,0.022298072
19053,0.022298072
19054,0.022751609
19055,0.022298072
19056,0.259236
19057,0.022298072
19058,0.022298072
19059,0.022298072
19060,0.022298072
19061,0.022298072
19062,0.022298072
19063,0.022298072
19064,0.022298072
19065,0.022298072
19066,0.024456982
19067,0.022298072
19068,0.022298072
19069,0.022298072
19070,0.022298072
19071,0.022298072
19072,0.022298072
19073,0.022298072
19074,0.022298072
19075,0.022298072
19076,0.022298072
19077,0.022298072
19078,0.022298072
19079,0.022298072
19080,0.022298072
19081,0.022298072
19082,0.022298072
19083,0.022298072
19084,0.24833108
19085,0.022298072
19086,0.022298072
19087,0.022298072
19088,0.022298072
19089,0.022298072
19090,0.022298072
19091,0.022298072
19092,0.027432581
19093,0.022298072
19094,0.022298072
19095,0.02452575
19096,0.022298072
19097,0.022298072
19098,0.022298072
19099,0.022298072
19100,0.022298072
19101,0.022298072
19102,0.022298072
19103,0.021526938
19104,0.022298072
19105,0.022298072
19106,0.022298072
19107,0.022298072
19108,0.022298072
19109,0.0356382
19110,0.022298072
19111,0.022298072
19112,0.022298072
19113,0.022298072
19114,0.022298072
19115,0.022298072
19116,0.022298072
19117,0.022298072
19118,0.022298072
19119,0.022298072
19120,0.022298072
19121,0.022298072
19122,0.022298072
19123,0.022298072
19124,0.02073994
19125,0.02073994
19126,0.02073994
19127,0.02073994
19128,0.02073994
19129,0.02073994
19130,0.02073994
19131,0.021696594
19132,0.02073994
19133,0.02073994
19134,0.02073994
19135,0.02073994
19136,0.02073994
19137,0.02073994
19138,0.42565048
19139,0.24738309
19140,0.02073994
19141,0.034600906
19142,0.02073994
19143,0.25260037
19144,0.02073994
19145,0.020556537
19146,0.02073994
19147,0.02073994
19148,0.03332327
19149,0.02073994
19150,0.5430262
19151,0.24701957
19152,0.014622474
19153,0.020799752
19154,0.02073994
19155,0.02073994
19156,0.02073994
19157,0.02073994
19158,0.02073994
19159,0.02073994
19160,0.2504549
19161,0.2536592
19162,0.41307032
19163,0.02073994
19164,0.0268801
19165,0.022784667
19166,0.02073994
19167,0.02073994
19168,0.02073994
19169,0.02073994
19170,0.021727238
19171,0.02073994
19172,0.540784
19173,0.025338572
19174,0.02120473
19175,0.53408545
19176,0.02073994
19177,0.43033278
19178,0.02073994
19179,0.02073994
19180,0.46027368
19181,0.02073994
19182,0.02073994
19183,0.02073994
19184,0.02073994
19185,0.021423478
19186,0.023964778
19187,0.019863496
19188,0.02073994
19189,0.02073994
19190,0.022627076
19191,0.24748316
19192,0.02073994
19193,0.02073994
19194,0.02073994
19195,0.02073994
19196,0.02073994
19197,0.02073994
19198,0.02073994
19199,0.02073994
19200,0.038370915
19201,0.03582613
19202,0.02073994
19203,0.02073994
19204,0.02073994
19205,0.02073994
19206,0.4303076
19207,0.02460966
19208,0.02073994
19209,0.42556164
19210,0.48763114
19211,0.02073994
19212,0.02073994
19213,0.02073994
19214,0.02073994
19215,0.02073994
19216,0.02073994
19217,0.02073994
19218,0.02073994
19219,0.02073994
19220,0.02073994
19221,0.028184734
19222,0.021134377
19223,0.46614426
19224,0.02073994
19225,0.24654496
19226,0.02073994
19227,0.02073994
19228,0.02073994
19229,0.02073994
19230,0.02073994
19231,0.25019193
19232,0.02073994
19233,0.02073994
19234,0.02073994
19235,0.02073994
19236,0.02073994
19237,0.2468599
19238,0.5244384
19239,0.02073994
19240,0.02073994
19241,0.02073994
19242,0.02073994
19243,0.02073994
19244,0.02073994
19245,0.02073994
19246,0.023695668
19247,0.029366551
19248,0.02073994
19249,0.022993086
19250,0.02073994
19251,0.02073994
19252,0.02073994
19253,0.02073994
19254,0.02073994
19255,0.02073994
19256,0.02073994
19257,0.2468599
19258,0.02073994
19259,0.02073994
19260,0.02073994
19261,0.02073994
19262,0.02073994
19263,0.02073994
19264,0.02073994
19265,0.02073994
19266,0.02073994
19267,0.021341437
19268,0.5262978
19269,0.02073994
19270,0.02073994
19271,0.02073994
19272,0.02073994
19273,0.02073994
19274,0.02073994
19275,0.02073994
19276,0.02073994
19277,0.02073994
19278,0.02073994
19279,0.02073994
19280,0.02073994
19281,0.02073994
19282,0.24818075
19283,0.02073994
19284,0.2537668
19285,0.24654496
19286,0.25113907
19287,0.02073994
19288,0.02073994
19289,0.02073994
19290,0.02073994
19291,0.02073994
19292,0.02073994
19293,0.02185
19294,0.02073994
19295,0.5181594
19296,0.022996336
19297,0.02073994
19298,0.02073994
19299,0.02073994
19300,0.02073994
19301,0.02073994
19302,0.02073994
19303,0.02073994
19304,0.02073994
19305,0.02073994
19306,0.02073994
19307,0.02073994
19308,0.02073994
19309,0.2520978
19310,0.02073994
19311,0.02073994
19312,0.25449008
19313,0.452566
19314,0.02073994
19315,0.02073994
19316,0.02073994
19317,0.02073994
19318,0.02073994
19319,0.02073994
19320,0.02073994
19321,0.02073994
19322,0.02073994
19323,0.02073994
19324,0.019992284
19325,0.02073994
19326,0.02073994
19327,0.02073994
19328,0.02073994
19329,0.02073994
19330,0.021817666
19331,0.02073994
19332,0.02073994
19333,0.02073994
19334,0.02073994
19335,0.02073994
19336,0.02073994
19337,0.02073994
19338,0.02073994
19339,0.021206321
19340,0.02073994
19341,0.26147452
19342,0.022958748
19343,0.024509637
19344,0.02073994
19345,0.02073994
19346,0.02073994
19347,0.02073994
19348,0.02073994
19349,0.02073994
19350,0.026341999
19351,0.02073994
19352,0.02073994
19353,0.02073994
19354,0.02073994
19355,0.02073994
19356,0.02073994
19357,0.02073994
19358,0.02073994
19359,0.02073994
19360,0.02073994
19361,0.02073994
19362,0.02073994
19363,0.021517951
19364,0.25185528
19365,0.02073994
19366,0.24729037
19367,0.02073994
19368,0.02073994
19369,0.02073994
19370,0.02073994
19371,0.02073994
19372,0.02073994
19373,0.02073994
19374,0.24494727
19375,0.02073994
19376,0.02073994
19377,0.02073994
19378,0.02073994
19379,0.02073994
19380,0.02073994
19381,0.02073994
19382,0.2483178
19383,0.02073994
19384,0.02073994
19385,0.022690766
19386,0.45013335
19387,0.02073994
19388,0.02073994
19389,0.43440273
19390,0.02073994
19391,0.24590743
19392,0.020502385
19393,0.02073994
19394,0.02073994
19395,0.02073994
19396,0.02073994
19397,0.02073994
19398,0.03533713
19399,0.02073994
19400,0.03849839
19401,0.02073994
19402,0.02073994
19403,0.02073994
19404,0.02073994
19405,0.02073994
19406,0.02073994
19407,0.02073994
19408,0.02603363
19409,0.023609363
19410,0.02073994
19411,0.02073994
19412,0.02073994
19413,0.02073994
19414,0.026166098
19415,0.41713986
19416,0.02073994
19417,0.02073994
19418,0.02073994
19419,0.02073994
19420,0.02073994
19421,0.02073994
19422,0.5064557
19423,0.02073994
19424,0.02005115
19425,0.44307297
19426,0.24149565
19427,0.02073994
19428,0.02073994
19429,0.02073994
19430,0.02073994
19431,0.2550588
19432,0.4310655
19433,0.02073994
19434,0.02073994
19435,0.2359972
19436,0.027073825
19437,0.023882413
19438,0.26284596
19439,0.44685555
19440,0.02073994
19441,0.02073994
19442,0.02073994
19443,0.02073994
19444,0.24902378
19445,0.55346996
19446,0.02073994
19447,0.25415453
19448,0.02073994
19449,0.031849567
19450,0.02073994
19451,0.02073994
19452,0.02073994
19453,0.02073994
19454,0.02073994
19455,0.507707
19456,0.24701957
19457,0.02073994
19458,0.2376512
19459,0.025221154
19460,0.23643264
19461,0.4074996
19462,0.5171653
19463,0.02073994
19464,0.031486996
19465,0.24932778
19466,0.027826054
19467,0.5805044
19468,0.5221556
19469,0.41633198
19470,0.02073994
19471,0.25393245
19472,0.02073994
19473,0.02073994
19474,0.02073994
19475,0.02073994
19476,0.02073994
19477,0.02073994
19478,0.02073994
19479,0.030853601
19480,0.02073994
19481,0.02073994
19482,0.02073994
19483,0.5381199
19484,0.5061343
19485,0.02073994
19486,0.02073994
19487,0.4264457
19488,0.02073994
19489,0.02073994
19490,0.4410273
19491,0.6010373
19492,0.54525435
19493,0.02073994
19494,0.02073994
19495,0.02073994
19496,0.4034194
19497,0.02073994
19498,0.02073994
19499,0.02073994
19500,0.028535457
19501,0.02073994
19502,0.02073994
19503,0.02073994
19504,0.02073994
19505,0.02073994
19506,0.40662408
19507,0.02073994
19508,0.02073994
19509,0.02073994
19510,0.02073994
19511,0.02073994
19512,0.02073994
19513,0.4881862
19514,0.4348661
19515,0.02073994
19516,0.022835013
19517,0.02073994
19518,0.02073994
19519,0.4997455
19520,0.57679975
19521,0.41611895
19522,0.02073994
19523,0.02073994
19524,0.02073994
19525,0.24999774
19526,0.02073994
19527,0.035444748
19528,0.02073994
19529,0.02073994
19530,0.02073994
19531,0.02073994
19532,0.021799466
19533,0.0246099
19534,0.02073994
19535,0.4247276
19536,0.48435697
19537,0.23049302
19538,0.022056142
19539,0.02073994
19540,0.02073994
19541,0.02073994
19542,0.02073994
19543,0.02073994
19544,0.02073994
19545,0.022511004
19546,0.025479957
19547,0.02073994
19548,0.02073994
19549,0.02073994
19550,0.46756992
19551,0.7287349
19552,0.5372002
19553,0.022629894
19554,0.02073994
19555,0.24968049
19556,0.02073994
19557,0.4935832
19558,0.02073994
19559,0.02073994
19560,0.02073994
19561,0.02073994
19562,0.02073994
19563,0.02073994
19564,0.48425397
19565,0.584013
19566,0.02073994
19567,0.02073994
19568,0.022321645
19569,0.02073994
19570,0.02073994
19571,0.5437205
19572,0.24601872
19573,0.02073994
19574,0.02073994
19575,0.02073994
19576,0.021521116
19577,0.02073994
19578,0.02073994
19579,0.2692964
19580,0.24742807
19581,0.03127571
19582,0.02073994
19583,0.02073994
19584,0.02073994
19585,0.25546142
19586,0.02073994
19587,0.02073994
19588,0.02073994
19589,0.02073994
19590,0.02073994
19591,0.02073994
19592,0.02073994
19593,0.42990366
19594,0.61086535
19595,0.2494522
19596,0.029603224
19597,0.0208629
19598,0.022112885
19599,0.021087717
19600,0.45973885
19601,0.02073994
19602,0.02073994
19603,0.02073994
19604,0.02073994
19605,0.029610056
19606,0.02996762
19607,0.248268
19608,0.087189026
19609,0.42824477
19610,0.028757531
19611,0.5539936
19612,0.02300802
19613,0.02073994
19614,0.027421443
19615,0.23825118
19616,0.02073994
19617,0.02073994
19618,0.25371933
19619,0.02073994
19620,0.02073994
19621,0.02073994
19622,0.02073994
19623,0.25350496
19624,0.44193107
19625,0.25121093
19626,0.54001486
19627,0.506875
19628,0.022461489
19629,0.023478782
19630,0.4350546
19631,0.02073994
19632,0.03225261
19633,0.02073994
19634,0.02073994
19635,0.5100853
19636,0.2538881
19637,0.02073994
19638,0.5021912
19639,0.4505492
19640,0.02073994
19641,0.020688623
19642,0.02073994
19643,0.02073994
19644,0.02073994
19645,0.02073994
19646,0.02073994
19647,0.02073994
19648,0.02073994
19649,0.02073994
19650,0.022849442
19651,0.4323922
19652,0.6456904
19653,0.4376226
19654,0.5098312
19655,0.49992877
19656,0.02073994
19657,0.02073994
19658,0.02073994
19659,0.03406502
19660,0.24545212
19661,0.02073994
19662,0.02073994
19663,0.02073994
19664,0.027600834
19665,0.02073994
19666,0.02073994
19667,0.02073994
19668,0.02253036
19669,0.02073994
19670,0.02073994
19671,0.02073994
19672,0.02073994
19673,0.02073994
19674,0.02073994
19675,0.02073994
19676,0.02073994
19677,0.02073994
19678,0.2458141
19679,0.02214555
19680,0.5171653
19681,0.646524
19682,0.46988615
19683,0.24771406
19684,0.02073994
19685,0.02073994
19686,0.02073994
19687,0.02073994
19688,0.02073994
19689,0.02073994
19690,0.02073994
19691,0.5290607
19692,0.02073994
19693,0.02073994
19694,0.02073994
19695,0.02073994
19696,0.023803439
19697,0.02073994
19698,0.02073994
19699,0.02073994
19700,0.02073994
19701,0.02073994
19702,0.02073994
19703,0.02073994
19704,0.02073994
19705,0.54291856
19706,0.46146122
19707,0.25222474
19708,0.69527864
19709,0.5182922
19710,0.4243113
19711,0.24601872
19712,0.02073994
19713,0.02073994
19714,0.02073994
19715,0.02073994
19716,0.02073994
19717,0.02073994
19718,0.02073994
19719,0.40269595
19720,0.02073994
19721,0.4888663
19722,0.02073994
19723,0.021036156
19724,0.02216937
19725,0.022524225
19726,0.023048377
19727,0.02073994
19728,0.02073994
19729,0.02073994
19730,0.02073994
19731,0.02073994
19732,0.4948794
19733,0.5016109
19734,0.41453186
19735,0.4333024
19736,0.24853298
19737,0.036215425
19738,0.02073994
19739,0.02073994
19740,0.02073994
19741,0.02073994
19742,0.02073994
19743,0.02073994
19744,0.021376494
19745,0.021522608
19746,0.02073994
19747,0.2529992
19748,0.02073994
19749,0.02073994
19750,0.24553114
19751,0.02073994
19752,0.02073994
19753,0.02073994
19754,0.02073994
19755,0.26564455
19756,0.02073994
19757,0.02073994
19758,0.24989477
19759,0.25410455
19760,0.02073994
19761,0.02073994
19762,0.02073994
19763,0.02073994
19764,0.02073994
19765,0.02073994
19766,0.02075552
19767,0.02073994
19768,0.02073994
19769,0.02073994
19770,0.2505506
19771,0.02073994
19772,0.02073994
19773,0.02073994
19774,0.022564821
19775,0.02073994
19776,0.02073994
19777,0.02073994
19778,0.02073994
19779,0.033252176
19780,0.39671
19781,0.4394477
19782,0.02073994
19783,0.02073994
19784,0.02073994
19785,0.02073994
19786,0.02073994
19787,0.02073994
19788,0.026450409
19789,0.02073994
19790,0.02073994
19791,0.02073994
19792,0.02073994
19793,0.02073994
19794,0.02073994
19795,0.02073994
19796,0.02073994
19797,0.43424892
19798,0.02073994
19799,0.02073994
19800,0.02073994
19801,0.02073994
19802,0.02073994
19803,0.48463428
19804,0.02073994
19805,0.025607744
19806,0.02073994
19807,0.02073994
19808,0.025913266
19809,0.02073994
19810,0.02073994
19811,0.02073994
19812,0.25788066
19813,0.02073994
19814,0.02073994
19815,0.023029339
19816,0.02073994
19817,0.02073994
19818,0.02073994
19819,0.02073994
19820,0.02073994
19821,0.24219114
19822,0.02073994
19823,0.02073994
19824,0.02073994
19825,0.02073994
19826,0.02073994
19827,0.037908312
19828,0.02073994
19829,0.248729
19830,0.02073994
19831,0.02073994
19832,0.02073994
19833,0.02073994
19834,0.02073994
19835,0.2546448
19836,0.026493363
19837,0.02073994
19838,0.02073994
19839,0.02073994
19840,0.02073994
19841,0.02073994
19842,0.5150495
19843,0.5328337
19844,0.25388563
19845,0.02073994
19846,0.02073994
19847,0.02073994
19848,0.02073994
19849,0.02073994
19850,0.02073994
19851,0.02161187
19852,0.5746342
19853,0.02073994
19854,0.02073994
19855,0.02073994
19856,0.02073994
19857,0.02073994
19858,0.02073994
19859,0.02073994
19860,0.021406049
19861,0.24985904
19862,0.02073994
19863,0.029361632
19864,0.02073994
19865,0.02073994
19866,0.026341999
19867,0.02073994
19868,0.02073994
19869,0.02073994
19870,0.02073994
19871,0.02073994
19872,0.02073994
19873,0.02073994
19874,0.02073994
19875,0.02073994
19876,0.02073994
19877,0.02073994
19878,0.02679574
19879,0.02073994
19880,0.02073994
19881,0.02073994
19882,0.021467779
19883,0.02073994
19884,0.02073994
19885,0.51586175
19886,0.02073994
19887,0.021525897
19888,0.02073994
19889,0.02073994
19890,0.02073994
19891,0.02073994
19892,0.02073994
19893,0.02073994
19894,0.25441104
19895,0.02073994
19896,0.02073994
19897,0.02073994
19898,0.02073994
19899,0.02073994
19900,0.022213738
19901,0.02073994
19902,0.02073994
19903,0.0216281
19904,0.02073994
19905,0.02073994
19906,0.02073994
19907,0.02073994
19908,0.41222805
19909,0.02073994
19910,0.02073994
19911,0.02073994
19912,0.02073994
19913,0.02073994
19914,0.02073994
19915,0.025904821
19916,0.02073994
19917,0.02073994
19918,0.02073994
19919,0.02073994
19920,0.26126805
19921,0.02073994
19922,0.02073994
19923,0.02073994
19924,0.02073994
19925,0.02073994
19926,0.02073994
19927,0.24932778
19928,0.025217682
19929,0.52099466
19930,0.02073994
19931,0.02073994
19932,0.02073994
19933,0.02073994
19934,0.02073994
19935,0.02073994
19936,0.02073994
19937,0.02073994
19938,0.02073994
19939,0.02073994
19940,0.02073994
19941,0.02073994
19942,0.02073994
19943,0.024098102
19944,0.022700232
19945,0.25720027
19946,0.02073994
19947,0.02073994
19948,0.02073994
19949,0.02073994
19950,0.02073994
19951,0.02073994
19952,0.02073994
19953,0.02073994
19954,0.02073994
19955,0.02073994
19956,0.02073994
19957,0.022898858
19958,0.02073994
19959,0.02073994
19960,0.02073994
19961,0.02073994
19962,0.02073994
19963,0.02073994
19964,0.02073994
19965,0.02073994
19966,0.02073994
19967,0.02073994
19968,0.02073994
19969,0.02073994
19970,0.02073994
19971,0.02073994
19972,0.02073994
19973,0.02073994
19974,0.24610929
19975,0.02073994
19976,0.02073994
19977,0.02073994
19978,0.02073994
19979,0.02073994
19980,0.02073994
19981,0.02073994
19982,0.02073994
19983,0.02073994
19984,0.024485987
19985,0.02073994
19986,0.02073994
19987,0.02073994
19988,0.02073994
19989,0.02073994
19990,0.02073994
19991,0.02073994
19992,0.02073994
19993,0.02073994
19994,0.02073994
19995,0.025598053
19996,0.02073994
19997,0.02073994
19998,0.02073994
19999,0.03542549
20000,0.02073994
20001,0.02073994
20002,0.02073994
20003,0.02073994
20004,0.02073994
20005,0.02073994
20006,0.02073994
20007,0.02073994
20008,0.02073994
20009,0.02073994
20010,0.02073994
20011,0.02073994
20012,0.02073994
20013,0.02073994
20014,0.02073994
20015,0.02073994
20016,0.020763123
20017,0.020763123
20018,0.020763123
20019,0.020763123
20020,0.020763123
20021,0.020763123
20022,0.021719776
20023,0.020763123
20024,0.020763123
20025,0.020763123
20026,0.020763123
20027,0.020763123
20028,0.020763123
20029,0.020763123
20030,0.2504781
20031,0.2512341
20032,0.5181168
20033,0.020763123
20034,0.25510457
20035,0.020763123
20036,0.02057972
20037,0.020763123
20038,0.020763123
20039,0.025372658
20040,0.020763123
20041,0.46082786
20042,0.020763123
20043,0.020763123
20044,0.020822935
20045,0.020763123
20046,0.020763123
20047,0.020763123
20048,0.020763123
20049,0.020763123
20050,0.020763123
20051,0.020763123
20052,0.4192715
20053,0.42943874
20054,0.020266507
20055,0.026903283
20056,0.24892773
20057,0.020763123
20058,0.020763123
20059,0.020763123
20060,0.020763123
20061,0.02175042
20062,0.5092481
20063,0.025361754
20064,0.021227913
20065,0.53001434
20066,0.43852827
20067,0.020763123
20068,0.2658906
20069,0.020763123
20070,0.020763123
20071,0.020763123
20072,0.020763123
20073,0.020763123
20074,0.02398796
20075,0.020763123
20076,0.020763123
20077,0.022650259
20078,0.40610796
20079,0.020763123
20080,0.020763123
20081,0.020763123
20082,0.020763123
20083,0.020763123
20084,0.020763123
20085,0.020763123
20086,0.020763123
20087,0.020763123
20088,0.25791898
20089,0.03584931
20090,0.020763123
20091,0.020763123
20092,0.020763123
20093,0.020763123
20094,0.020763123
20095,0.4335062
20096,0.024632843
20097,0.020763123
20098,0.2512341
20099,0.51418376
20100,0.020763123
20101,0.020763123
20102,0.020763123
20103,0.020763123
20104,0.020763123
20105,0.020763123
20106,0.020763123
20107,0.020763123
20108,0.020763123
20109,0.020763123
20110,0.022605859
20111,0.24780603
20112,0.54553246
20113,0.25212097
20114,0.020763123
20115,0.020763123
20116,0.020763123
20117,0.020763123
20118,0.24827032
20119,0.020763123
20120,0.020763123
20121,0.020763123
20122,0.24688308
20123,0.25134346
20124,0.025621235
20125,0.020763123
20126,0.020763123
20127,0.020763123
20128,0.020763123
20129,0.020763123
20130,0.020763123
20131,0.024618065
20132,0.030321235
20133,0.020763123
20134,0.023016268
20135,0.020763123
20136,0.020763123
20137,0.020763123
20138,0.020763123
20139,0.020763123
20140,0.020763123
20141,0.020763123
20142,0.24721213
20143,0.020763123
20144,0.020763123
20145,0.020763123
20146,0.020763123
20147,0.020763123
20148,0.020763123
20149,0.020763123
20150,0.020763123
20151,0.020763123
20152,0.02136462
20153,0.23956649
20154,0.020763123
20155,0.020763123
20156,0.020763123
20157,0.020763123
20158,0.020763123
20159,0.020763123
20160,0.020763123
20161,0.020763123
20162,0.020763123
20163,0.020763123
20164,0.020763123
20165,0.020763123
20166,0.020763123
20167,0.020763123
20168,0.25031653
20169,0.24688308
20170,0.25010937
20171,0.020763123
20172,0.020763123
20173,0.020763123
20174,0.020763123
20175,0.020763123
20176,0.020763123
20177,0.021873182
20178,0.020763123
20179,0.44006503
20180,0.023019519
20181,0.020763123
20182,0.020763123
20183,0.020763123
20184,0.020763123
20185,0.020763123
20186,0.020763123
20187,0.020763123
20188,0.020763123
20189,0.020763123
20190,0.020763123
20191,0.020763123
20192,0.020763123
20193,0.020763123
20194,0.020763123
20195,0.020763123
20196,0.52413607
20197,0.438543
20198,0.23602039
20199,0.020763123
20200,0.020763123
20201,0.020763123
20202,0.020763123
20203,0.020763123
20204,0.020763123
20205,0.020763123
20206,0.020763123
20207,0.021310408
20208,0.020763123
20209,0.020763123
20210,0.020763123
20211,0.020763123
20212,0.020763123
20213,0.020763123
20214,0.020763123
20215,0.021840848
20216,0.020763123
20217,0.020763123
20218,0.020763123
20219,0.020763123
20220,0.020763123
20221,0.020763123
20222,0.020763123
20223,0.020763123
20224,0.020763123
20225,0.021229504
20226,0.020763123
20227,0.034571
20228,0.25235835
20229,0.24873547
20230,0.020763123
20231,0.020763123
20232,0.020763123
20233,0.020763123
20234,0.020763123
20235,0.020763123
20236,0.020763123
20237,0.020763123
20238,0.020763123
20239,0.020763123
20240,0.020763123
20241,0.020763123
20242,0.020763123
20243,0.020763123
20244,0.020763123
20245,0.020763123
20246,0.020763123
20247,0.020763123
20248,0.020763123
20249,0.022226723
20250,0.25337344
20251,0.020763123
20252,0.24631271
20253,0.025621235
20254,0.020763123
20255,0.020763123
20256,0.020763123
20257,0.020763123
20258,0.020763123
20259,0.24396956
20260,0.020763123
20261,0.020763123
20262,0.020763123
20263,0.020763123
20264,0.020763123
20265,0.020763123
20266,0.020763123
20267,0.020763123
20268,0.24740627
20269,0.020763123
20270,0.020763123
20271,0.022713948
20272,0.51662654
20273,0.020763123
20274,0.020763123
20275,0.39736748
20276,0.020763123
20277,0.24628572
20278,0.020525567
20279,0.020763123
20280,0.01428259
20281,0.020763123
20282,0.020763123
20283,0.020763123
20284,0.020763123
20285,0.036473405
20286,0.020763123
20287,0.27417842
20288,0.020763123
20289,0.020763123
20290,0.020763123
20291,0.020763123
20292,0.020763123
20293,0.020763123
20294,0.020763123
20295,0.025215622
20296,0.025533965
20297,0.24988222
20298,0.020763123
20299,0.020763123
20300,0.020763123
20301,0.24341261
20302,0.44416305
20303,0.020763123
20304,0.020763123
20305,0.020763123
20306,0.020763123
20307,0.020763123
20308,0.5408158
20309,0.020763123
20310,0.022414519
20311,0.51518023
20312,0.23916513
20313,0.020763123
20314,0.020763123
20315,0.020763123
20316,0.020763123
20317,0.020763123
20318,0.25805297
20319,0.5116888
20320,0.020763123
20321,0.020763123
20322,0.24740627
20323,0.025031848
20324,0.0229734
20325,0.25886783
20326,0.43831
20327,0.020763123
20328,0.020763123
20329,0.020763123
20330,0.020763123
20331,0.25048327
20332,0.5173345
20333,0.020763123
20334,0.020763123
20335,0.2520448
20336,0.020763123
20337,0.031218488
20338,0.020763123
20339,0.020763123
20340,0.020763123
20341,0.020763123
20342,0.020763123
20343,0.4285542
20344,0.24740627
20345,0.020763123
20346,0.020763123
20347,0.025244337
20348,0.24017903
20349,0.5120829
20350,0.4274449
20351,0.020763123
20352,0.03041769
20353,0.24656814
20354,0.027849237
20355,0.48404673
20356,0.44996977
20357,0.5081344
20358,0.020763123
20359,0.020763123
20360,0.25704342
20361,0.020763123
20362,0.020763123
20363,0.020763123
20364,0.020763123
20365,0.020763123
20366,0.020763123
20367,0.020763123
20368,0.020763123
20369,0.020763123
20370,0.020763123
20371,0.020763123
20372,0.020763123
20373,0.020763123
20374,0.49211445
20375,0.25013056
20376,0.020763123
20377,0.020763123
20378,0.03479329
20379,0.020763123
20380,0.020763123
20381,0.5213003
20382,0.10421874
20383,0.5210903
20384,0.020763123
20385,0.020763123
20386,0.40504426
20387,0.020763123
20388,0.020763123
20389,0.020763123
20390,0.020763123
20391,0.020763123
20392,0.020763123
20393,0.020763123
20394,0.020763123
20395,0.42639658
20396,0.020763123
20397,0.020763123
20398,0.020763123
20399,0.020763123
20400,0.020763123
20401,0.020763123
20402,0.48661447
20403,0.5159453
20404,0.020763123
20405,0.02182116
20406,0.020763123
20407,0.020763123
20408,0.55981654
20409,0.5735205
20410,0.42898053
20411,0.020763123
20412,0.020763123
20413,0.020763123
20414,0.4397507
20415,0.020763123
20416,0.2536711
20417,0.020763123
20418,0.020763123
20419,0.020763123
20420,0.020763123
20421,0.021822648
20422,0.024633082
20423,0.020763123
20424,0.43568668
20425,0.43839964
20426,0.24137875
20427,0.022079324
20428,0.020763123
20429,0.020763123
20430,0.020763123
20431,0.020763123
20432,0.020763123
20433,0.022534186
20434,0.026867548
20435,0.020763123
20436,0.24688308
20437,0.020763123
20438,0.56804866
20439,0.70086366
20440,0.53687334
20441,0.022653077
20442,0.020763123
20443,0.2511571
20444,0.020763123
20445,0.44268245
20446,0.020763123
20447,0.020763123
20448,0.020763123
20449,0.020763123
20450,0.020763123
20451,0.020763123
20452,0.45331627
20453,0.556589
20454,0.020763123
20455,0.020763123
20456,0.022344828
20457,0.25212097
20458,0.020763123
20459,0.4348858
20460,0.24820393
20461,0.020763123
20462,0.020763123
20463,0.020763123
20464,0.024235416
20465,0.020763123
20466,0.020763123
20467,0.26736954
20468,0.23642889
20469,0.026548762
20470,0.020763123
20471,0.020763123
20472,0.020763123
20473,0.020763123
20474,0.025394194
20475,0.020763123
20476,0.020763123
20477,0.020763123
20478,0.020763123
20479,0.020763123
20480,0.020763123
20481,0.020763123
20482,0.5057768
20483,0.6618025
20484,0.5039858
20485,0.25463438
20486,0.020886082
20487,0.022136068
20488,0.0211109
20489,0.41392395
20490,0.020763123
20491,0.020763123
20492,0.020763123
20493,0.03108723
20494,0.02935986
20495,0.023012396
20496,0.26833552
20497,0.40938926
20498,0.026559815
20499,0.6616377
20500,0.023031203
20501,0.020763123
20502,0.02708046
20503,0.24929667
20504,0.020763123
20505,0.020763123
20506,0.25386417
20507,0.020763123
20508,0.020763123
20509,0.020763123
20510,0.020763123
20511,0.029415255
20512,0.41995326
20513,0.24740627
20514,0.4979457
20515,0.2542776
20516,0.02307786
20517,0.02258793
20518,0.4373124
20519,0.26245245
20520,0.020763123
20521,0.020763123
20522,0.4387504
20523,0.022409827
20524,0.020763123
20525,0.4095321
20526,0.26612508
20527,0.020763123
20528,0.020763123
20529,0.020711806
20530,0.020763123
20531,0.020763123
20532,0.020763123
20533,0.020763123
20534,0.020763123
20535,0.020763123
20536,0.020763123
20537,0.022872625
20538,0.51203144
20539,0.6195734
20540,0.50707775
20541,0.49147582
20542,0.5543752
20543,0.020763123
20544,0.020763123
20545,0.020763123
20546,0.033785578
20547,0.026260419
20548,0.020763123
20549,0.020763123
20550,0.020763123
20551,0.027624017
20552,0.020763123
20553,0.020763123
20554,0.020763123
20555,0.022553543
20556,0.020763123
20557,0.020763123
20558,0.020763123
20559,0.020763123
20560,0.020763123
20561,0.020763123
20562,0.020763123
20563,0.43739736
20564,0.2527307
20565,0.4300265
20566,0.6606362
20567,0.55331
20568,0.24932058
20569,0.020763123
20570,0.020763123
20571,0.020763123
20572,0.020763123
20573,0.020763123
20574,0.020763123
20575,0.020763123
20576,0.020763123
20577,0.5243728
20578,0.020763123
20579,0.020763123
20580,0.020763123
20581,0.020763123
20582,0.0218599
20583,0.020763123
20584,0.020763123
20585,0.020462805
20586,0.020763123
20587,0.020763123
20588,0.020763123
20589,0.020763123
20590,0.020763123
20591,0.020763123
20592,0.51359946
20593,0.4883078
20594,0.25019303
20595,0.66413605
20596,0.44881836
20597,0.4067564
20598,0.2512341
20599,0.020763123
20600,0.020763123
20601,0.020763123
20602,0.020763123
20603,0.020763123
20604,0.020763123
20605,0.020763123
20606,0.507029
20607,0.020763123
20608,0.43527424
20609,0.020763123
20610,0.021256866
20611,0.022192553
20612,0.022547407
20613,0.024386687
20614,0.020763123
20615,0.020763123
20616,0.020763123
20617,0.020763123
20618,0.5932726
20619,0.4234899
20620,0.43621445
20621,0.25293207
20622,0.395751
20623,0.02530275
20624,0.020763123
20625,0.020763123
20626,0.020763123
20627,0.020763123
20628,0.020763123
20629,0.021399677
20630,0.02154579
20631,0.020763123
20632,0.39652967
20633,0.020763123
20634,0.020763123
20635,0.020763123
20636,0.43919122
20637,0.020763123
20638,0.020763123
20639,0.020763123
20640,0.026365181
20641,0.42685768
20642,0.020763123
20643,0.020763123
20644,0.24991795
20645,0.2527759
20646,0.020763123
20647,0.020763123
20648,0.020763123
20649,0.020763123
20650,0.020763123
20651,0.020763123
20652,0.021756398
20653,0.020763123
20654,0.020763123
20655,0.020763123
20656,0.020763123
20657,0.024498219
20658,0.020763123
20659,0.020763123
20660,0.011055747
20661,0.020763123
20662,0.022588003
20663,0.020763123
20664,0.020763123
20665,0.020763123
20666,0.020763123
20667,0.03437614
20668,0.4060832
20669,0.4224173
20670,0.020763123
20671,0.020763123
20672,0.020763123
20673,0.020763123
20674,0.020763123
20675,0.020763123
20676,0.028789496
20677,0.020763123
20678,0.020763123
20679,0.020763123
20680,0.020763123
20681,0.020763123
20682,0.020763123
20683,0.020763123
20684,0.020763123
20685,0.5134376
20686,0.020763123
20687,0.020763123
20688,0.24740627
20689,0.020763123
20690,0.020763123
20691,0.498183
20692,0.020763123
20693,0.020763123
20694,0.025962923
20695,0.020763123
20696,0.020763123
20697,0.020763123
20698,0.025936449
20699,0.020763123
20700,0.020763123
20701,0.020763123
20702,0.2573246
20703,0.020763123
20704,0.020763123
20705,0.020763123
20706,0.023856286
20707,0.020763123
20708,0.020763123
20709,0.020763123
20710,0.020763123
20711,0.020763123
20712,0.26096323
20713,0.020763123
20714,0.020763123
20715,0.020763123
20716,0.020763123
20717,0.020763123
20718,0.020763123
20719,0.2645747
20720,0.020763123
20721,0.24596398
20722,0.020763123
20723,0.020763123
20724,0.020763123
20725,0.020763123
20726,0.020763123
20727,0.020763123
20728,0.029779531
20729,0.020763123
20730,0.024476638
20731,0.020763123
20732,0.020763123
20733,0.020763123
20734,0.020763123
20735,0.4216315
20736,0.5417272
20737,0.024579037
20738,0.020763123
20739,0.020763123
20740,0.020763123
20741,0.020763123
20742,0.020763123
20743,0.020763123
20744,0.020763123
20745,0.021635052
20746,0.45906657
20747,0.020763123
20748,0.020763123
20749,0.020763123
20750,0.020763123
20751,0.020763123
20752,0.020763123
20753,0.02026014
20754,0.43839964
20755,0.020763123
20756,0.029384814
20757,0.020763123
20758,0.020763123
20759,0.020763123
20760,0.020763123
20761,0.020763123
20762,0.020763123
20763,0.020763123
20764,0.020763123
20765,0.020763123
20766,0.020763123
20767,0.020763123
20768,0.020763123
20769,0.030876778
20770,0.026347507
20771,0.020763123
20772,0.020763123
20773,0.020763123
20774,0.020763123
20775,0.020763123
20776,0.021490961
20777,0.020763123
20778,0.020763123
20779,0.50819033
20780,0.020763123
20781,0.022630157
20782,0.020763123
20783,0.020763123
20784,0.020763123
20785,0.020763123
20786,0.020763123
20787,0.4435983
20788,0.020763123
20789,0.020763123
20790,0.020763123
20791,0.020763123
20792,0.023472024
20793,0.020763123
20794,0.020763123
20795,0.021651283
20796,0.020763123
20797,0.020763123
20798,0.020763123
20799,0.4115213
20800,0.020763123
20801,0.020763123
20802,0.020763123
20803,0.020763123
20804,0.020763123
20805,0.020763123
20806,0.026454763
20807,0.020763123
20808,0.020763123
20809,0.020763123
20810,0.020763123
20811,0.020763123
20812,0.2573871
20813,0.020763123
20814,0.020763123
20815,0.020763123
20816,0.020763123
20817,0.020763123
20818,0.020763123
20819,0.2504781
20820,0.25752234
20821,0.40864813
20822,0.020763123
20823,0.020763123
20824,0.020763123
20825,0.020763123
20826,0.020763123
20827,0.020763123
20828,0.020763123
20829,0.020763123
20830,0.020763123
20831,0.020763123
20832,0.020763123
20833,0.020763123
20834,0.020763123
20835,0.022988051
20836,0.020763123
20837,0.021160878
20838,0.020763123
20839,0.25549465
20840,0.020763123
20841,0.020763123
20842,0.020763123
20843,0.020763123
20844,0.020763123
20845,0.020763123
20846,0.020763123
20847,0.020763123
20848,0.02292204
20849,0.020763123
20850,0.020763123
20851,0.020763123
20852,0.020763123
20853,0.020763123
20854,0.020763123
20855,0.020763123
20856,0.020763123
20857,0.020763123
20858,0.020763123
20859,0.020763123
20860,0.020763123
20861,0.020763123
20862,0.020763123
20863,0.020763123
20864,0.020763123
20865,0.51825947
20866,0.020763123
20867,0.020763123
20868,0.020763123
20869,0.020763123
20870,0.020763123
20871,0.020763123
20872,0.020763123
20873,0.020763123
20874,0.025949897
20875,0.020763123
20876,0.020763123
20877,0.020763123
20878,0.020763123
20879,0.020763123
20880,0.020763123
20881,0.020763123
20882,0.020763123
20883,0.020763123
20884,0.020763123
20885,0.020763123
20886,0.020763123
20887,0.020763123
20888,0.020763123
20889,0.034103252
20890,0.020763123
20891,0.020763123
20892,0.020763123
20893,0.020763123
20894,0.020763123
20895,0.020763123
20896,0.020763123
20897,0.020763123
20898,0.026365181
20899,0.020763123
20900,0.020763123
20901,0.020763123
20902,0.020763123
20903,0.020763123
20904,0.020763123
20905,0.032819927
20906,0.032819927
20907,0.032819927
20908,0.032819927
20909,0.032819927
20910,0.032819927
20911,0.032819927
20912,0.032819927
20913,0.032819927
20914,0.032819927
20915,0.032819927
20916,0.032819927
20917,0.032819927
20918,0.2573561
20919,0.45220223
20920,0.032819927
20921,0.032819927
20922,0.26317
20923,0.032819927
20924,0.25874555
20925,0.032819927
20926,0.032819927
20927,0.032636523
20928,0.032819927
20929,0.032819927
20930,0.032819927
20931,0.037978966
20932,0.032819927
20933,0.545813
20934,0.032819927
20935,0.03287974
20936,0.032819927
20937,0.032819927
20938,0.032819927
20939,0.032819927
20940,0.032819927
20941,0.032819927
20942,0.032819927
20943,0.032819927
20944,0.41706812
20945,0.43686423
20946,0.031451978
20947,0.032819927
20948,0.03896008
20949,0.52281904
20950,0.032819927
20951,0.032819927
20952,0.032819927
20953,0.032819927
20954,0.55946815
20955,0.03741855
20956,0.033284716
20957,0.5400933
20958,0.032819927
20959,0.45418385
20960,0.032819927
20961,0.49173576
20962,0.032819927
20963,0.032819927
20964,0.032819927
20965,0.032819927
20966,0.032819927
20967,0.036044747
20968,0.034144767
20969,0.032819927
20970,0.034707062
20971,0.45220223
20972,0.032819927
20973,0.032819927
20974,0.032819927
20975,0.032819927
20976,0.032819927
20977,0.032819927
20978,0.032819927
20979,0.032819927
20980,0.032819927
20981,0.032819927
20982,0.26487514
20983,0.032819927
20984,0.054304957
20985,0.032819927
20986,0.032819927
20987,0.032819927
20988,0.032819927
20989,0.525058
20990,0.036689635
20991,0.032819927
20992,0.032819927
20993,0.52519876
20994,0.032819927
20995,0.032819927
20996,0.032819927
20997,0.032819927
20998,0.032819927
20999,0.032819927
21000,0.032819927
21001,0.032819927
21002,0.032819927
21003,0.032819927
21004,0.034662656
21005,0.03321436
21006,0.266814
21007,0.2530051
21008,0.032819927
21009,0.032819927
21010,0.032819927
21011,0.032819927
21012,0.25882947
21013,0.032819927
21014,0.032819927
21015,0.032819927
21016,0.032819927
21017,0.032819927
21018,0.032819927
21019,0.53359646
21020,0.032819927
21021,0.032819927
21022,0.032819927
21023,0.032819927
21024,0.032819927
21025,0.032819927
21026,0.032819927
21027,0.040312223
21028,0.037644032
21029,0.04144654
21030,0.032819927
21031,0.035073068
21032,0.032819927
21033,0.032819927
21034,0.032819927
21035,0.032819927
21036,0.032819927
21037,0.032819927
21038,0.032819927
21039,0.032819927
21040,0.2573561
21041,0.032819927
21042,0.032819927
21043,0.032819927
21044,0.032819927
21045,0.032819927
21046,0.032819927
21047,0.032819927
21048,0.032819927
21049,0.032819927
21050,0.033421416
21051,0.45340803
21052,0.032819927
21053,0.032819927
21054,0.032819927
21055,0.032819927
21056,0.032819927
21057,0.032819927
21058,0.032819927
21059,0.032819927
21060,0.032819927
21061,0.032819927
21062,0.032819927
21063,0.032819927
21064,0.032819927
21065,0.25352836
21066,0.032819927
21067,0.26017153
21068,0.25796545
21069,0.5270359
21070,0.032819927
21071,0.032819927
21072,0.032819927
21073,0.032819927
21074,0.032819927
21075,0.032819927
21076,0.03283665
21077,0.032819927
21078,0.45560673
21079,0.035076328
21080,0.032819927
21081,0.032819927
21082,0.032819927
21083,0.032819927
21084,0.032819927
21085,0.032819927
21086,0.032819927
21087,0.032819927
21088,0.032819927
21089,0.032819927
21090,0.032819927
21091,0.032819927
21092,0.032819927
21093,0.032819927
21094,0.032819927
21095,0.032819927
21096,0.26987475
21097,0.4236463
21098,0.032819927
21099,0.032819927
21100,0.032819927
21101,0.032819927
21102,0.032819927
21103,0.032819927
21104,0.032819927
21105,0.032819927
21106,0.032819927
21107,0.03382842
21108,0.032819927
21109,0.032819927
21110,0.032819927
21111,0.032819927
21112,0.032819927
21113,0.032819927
21114,0.032819927
21115,0.25277954
21116,0.032819927
21117,0.032819927
21118,0.032819927
21119,0.032819927
21120,0.032819927
21121,0.032819927
21122,0.032819927
21123,0.032819927
21124,0.033286307
21125,0.032819927
21126,0.26867133
21127,0.25670117
21128,0.03571418
21129,0.032819927
21130,0.032819927
21131,0.032819927
21132,0.032819927
21133,0.032819927
21134,0.032819927
21135,0.032819927
21136,0.032819927
21137,0.032819927
21138,0.032819927
21139,0.032819927
21140,0.032819927
21141,0.032819927
21142,0.032819927
21143,0.032819927
21144,0.032819927
21145,0.032819927
21146,0.032819927
21147,0.032819927
21148,0.032819927
21149,0.034001984
21150,0.42173776
21151,0.032819927
21152,0.03309072
21153,0.032819927
21154,0.032819927
21155,0.032819927
21156,0.039034635
21157,0.032819927
21158,0.032819927
21159,0.032819927
21160,0.032819927
21161,0.032819927
21162,0.032819927
21163,0.032819927
21164,0.032819927
21165,0.032819927
21166,0.032819927
21167,0.032819927
21168,0.032819927
21169,0.2573561
21170,0.032819927
21171,0.032819927
21172,0.03477075
21173,0.5875705
21174,0.032819927
21175,0.032819927
21176,0.5362129
21177,0.032819927
21178,0.25240776
21179,0.25778475
21180,0.032819927
21181,0.032819927
21182,0.032819927
21183,0.032819927
21184,0.044556428
21185,0.032819927
21186,0.27511647
21187,0.032819927
21188,0.032819927
21189,0.032819927
21190,0.032819927
21191,0.032819927
21192,0.032819927
21193,0.032819927
21194,0.038113616
21195,0.038661446
21196,0.032819927
21197,0.032819927
21198,0.032819927
21199,0.032819927
21200,0.03862364
21201,0.54749227
21202,0.032819927
21203,0.032819927
21204,0.032819927
21205,0.032819927
21206,0.032819927
21207,0.032819927
21208,0.44884554
21209,0.032819927
21210,0.035662085
21211,0.5034146
21212,0.2448415
21213,0.032819927
21214,0.032819927
21215,0.032819927
21216,0.032819927
21217,0.25374314
21218,0.43932772
21219,0.032819927
21220,0.032819927
21221,0.032819927
21222,0.25963262
21223,0.04583738
21224,0.03602082
21225,0.048211657
21226,0.44112882
21227,0.032819927
21228,0.032819927
21229,0.032819927
21230,0.032819927
21231,0.25762364
21232,0.57672024
21233,0.032819927
21234,0.032819927
21235,0.57197005
21236,0.032819927
21237,0.032819927
21238,0.04485712
21239,0.032819927
21240,0.032819927
21241,0.032819927
21242,0.032819927
21243,0.032819927
21244,0.5144025
21245,0.25412515
21246,0.032819927
21247,0.24463744
21248,0.037022613
21249,0.2460039
21250,0.4314085
21251,0.5410501
21252,0.032819927
21253,0.043773625
21254,0.25316483
21255,0.037187755
21256,0.55811834
21257,0.45250097
21258,0.44936293
21259,0.032819927
21260,0.032819927
21261,0.2601576
21262,0.032819927
21263,0.032819927
21264,0.032819927
21265,0.032819927
21266,0.032819927
21267,0.032819927
21268,0.032819927
21269,0.032819927
21270,0.032819927
21271,0.032819927
21272,0.032819927
21273,0.032819927
21274,0.5027924
21275,0.25352836
21276,0.032819927
21277,0.032819927
21278,0.26001382
21279,0.032819927
21280,0.032819927
21281,0.56480896
21282,0.61650807
21283,0.58028865
21284,0.032819927
21285,0.038290687
21286,0.032819927
21287,0.5220716
21288,0.032819927
21289,0.032819927
21290,0.032819927
21291,0.032819927
21292,0.032819927
21293,0.032819927
21294,0.032819927
21295,0.032819927
21296,0.45031774
21297,0.032819927
21298,0.032819927
21299,0.25352836
21300,0.032819927
21301,0.032819927
21302,0.032819927
21303,0.4194517
21304,0.42041537
21305,0.032819927
21306,0.036029883
21307,0.032819927
21308,0.032819927
21309,0.5170183
21310,0.6169584
21311,0.494784
21312,0.032819927
21313,0.032819927
21314,0.032819927
21315,0.43191773
21316,0.032819927
21317,0.43088278
21318,0.032819927
21319,0.032819927
21320,0.032819927
21321,0.032819927
21322,0.03387945
21323,0.036484495
21324,0.032819927
21325,0.52469206
21326,0.41067708
21327,0.2486208
21328,0.03553406
21329,0.032819927
21330,0.032819927
21331,0.032819927
21332,0.032819927
21333,0.25316483
21334,0.2587139
21335,0.03755994
21336,0.032819927
21337,0.032819927
21338,0.032819927
21339,0.59802175
21340,0.84924215
21341,0.613695
21342,0.03470988
21343,0.032819927
21344,0.26193002
21345,0.4443087
21346,0.032819927
21347,0.032819927
21348,0.032819927
21349,0.032819927
21350,0.48900014
21351,0.55940455
21352,0.032819927
21353,0.032819927
21354,0.034401633
21355,0.032819927
21356,0.032819927
21357,0.5769831
21358,0.2530051
21359,0.032819927
21360,0.032819927
21361,0.032819927
21362,0.033601098
21363,0.032819927
21364,0.032819927
21365,0.2778106
21366,0.25553444
21367,0.042700816
21368,0.032819927
21369,0.032819927
21370,0.032819927
21371,0.26521528
21372,0.032819927
21373,0.032819927
21374,0.032819927
21375,0.032819927
21376,0.032819927
21377,0.032819927
21378,0.4440293
21379,0.68766814
21380,0.49997488
21381,0.2633013
21382,0.032942887
21383,0.034192875
21384,0.03497359
21385,0.39819688
21386,0.032819927
21387,0.032819927
21388,0.032819927
21389,0.04169001
21390,0.042954523
21391,0.0350692
21392,0.28141117
21393,0.26092365
21394,0.26744333
21395,0.6543272
21396,0.25991026
21397,0.032819927
21398,0.039137267
21399,0.25737992
21400,0.032819927
21401,0.032819927
21402,0.5151479
21403,0.032819927
21404,0.032819927
21405,0.032819927
21406,0.032819927
21407,0.04033905
21408,0.5353952
21409,0.4762708
21410,0.4423524
21411,0.26212946
21412,0.03621086
21413,0.034577094
21414,0.05236867
21415,0.032819927
21416,0.2699911
21417,0.032819927
21418,0.032819927
21419,0.5282089
21420,0.25696155
21421,0.032819927
21422,0.4439288
21423,0.27189994
21424,0.032819927
21425,0.032819927
21426,0.03365574
21427,0.032819927
21428,0.032819927
21429,0.032819927
21430,0.032819927
21431,0.032819927
21432,0.032819927
21433,0.032819927
21434,0.034929425
21435,0.42160824
21436,0.6296092
21437,0.51425886
21438,0.4276787
21439,0.5182247
21440,0.032819927
21441,0.032819927
21442,0.032819927
21443,0.032819927
21444,0.03917738
21445,0.24845023
21446,0.032819927
21447,0.032819927
21448,0.032819927
21449,0.039680835
21450,0.032819927
21451,0.032819927
21452,0.03461034
21453,0.032819927
21454,0.032819927
21455,0.032819927
21456,0.032819927
21457,0.032819927
21458,0.032819927
21459,0.032819927
21460,0.032819927
21461,0.032819927
21462,0.5000608
21463,0.03523068
21464,0.5323833
21465,0.6891314
21466,0.5541961
21467,0.4300002
21468,0.032819927
21469,0.032819927
21470,0.032819927
21471,0.032819927
21472,0.032819927
21473,0.032819927
21474,0.032819927
21475,0.032819927
21476,0.5812763
21477,0.032819927
21478,0.032819927
21479,0.032819927
21480,0.032819927
21481,0.26072937
21482,0.032819927
21483,0.03251961
21484,0.032819927
21485,0.032819927
21486,0.032819927
21487,0.032819927
21488,0.032819927
21489,0.032819927
21490,0.48571557
21491,0.49351117
21492,0.26294205
21493,0.6127133
21494,0.51664025
21495,0.4601834
21496,0.25963262
21497,0.032819927
21498,0.032819927
21499,0.032819927
21500,0.032819927
21501,0.032819927
21502,0.032819927
21503,0.51426095
21504,0.25660002
21505,0.50579435
21506,0.032819927
21507,0.033116147
21508,0.034249354
21509,0.03460421
21510,0.037014585
21511,0.032819927
21512,0.032819927
21513,0.032819927
21514,0.032819927
21515,0.032819927
21516,0.50662804
21517,0.46853155
21518,0.5474992
21519,0.26302835
21520,0.25411168
21521,0.26416337
21522,0.032819927
21523,0.032819927
21524,0.032819927
21525,0.032819927
21526,0.032819927
21527,0.033456482
21528,0.03338852
21529,0.032819927
21530,0.2605832
21531,0.032819927
21532,0.032819927
21533,0.032819927
21534,0.4378143
21535,0.032819927
21536,0.032819927
21537,0.032819927
21538,0.032819927
21539,0.27800348
21540,0.032819927
21541,0.032819927
21542,0.2566368
21543,0.043237302
21544,0.032819927
21545,0.032819927
21546,0.032819927
21547,0.032819927
21548,0.032819927
21549,0.032819927
21550,0.0338132
21551,0.032819927
21552,0.032819927
21553,0.032819927
21554,0.036555026
21555,0.032819927
21556,0.032819927
21557,0.032819927
21558,0.032819927
21559,0.034644805
21560,0.032819927
21561,0.032819927
21562,0.032819927
21563,0.032819927
21564,0.25108021
21565,0.527114
21566,0.5183648
21567,0.032819927
21568,0.032819927
21569,0.032819927
21570,0.039569907
21571,0.032819927
21572,0.032819927
21573,0.032819927
21574,0.032819927
21575,0.032819927
21576,0.032819927
21577,0.53940094
21578,0.032819927
21579,0.032819927
21580,0.25352836
21581,0.032819927
21582,0.032819927
21583,0.44219995
21584,0.032819927
21585,0.032819927
21586,0.04161235
21587,0.032819927
21588,0.032819927
21589,0.032819927
21590,0.038582314
21591,0.032819927
21592,0.032819927
21593,0.032819927
21594,0.032819927
21595,0.26602483
21596,0.032819927
21597,0.032819927
21598,0.035109326
21599,0.032819927
21600,0.032819927
21601,0.032819927
21602,0.032819927
21603,0.032819927
21604,0.27017695
21605,0.032819927
21606,0.032819927
21607,0.032819927
21608,0.032819927
21609,0.032819927
21610,0.27489322
21611,0.032819927
21612,0.035112906
21613,0.032819927
21614,0.032819927
21615,0.032819927
21616,0.032819927
21617,0.032819927
21618,0.2588164
21619,0.032819927
21620,0.039007917
21621,0.032819927
21622,0.032819927
21623,0.032819927
21624,0.032819927
21625,0.032819927
21626,0.5179879
21627,0.42849636
21628,0.2645412
21629,0.032819927
21630,0.032819927
21631,0.032819927
21632,0.032819927
21633,0.032819927
21634,0.032819927
21635,0.032819927
21636,0.03320565
21637,0.64847994
21638,0.032819927
21639,0.032819927
21640,0.032819927
21641,0.032819927
21642,0.032819927
21643,0.032819927
21644,0.03324925
21645,0.51602143
21646,0.032819927
21647,0.042221665
21648,0.032819927
21649,0.032819927
21650,0.032819927
21651,0.032819927
21652,0.032819927
21653,0.032819927
21654,0.032819927
21655,0.032819927
21656,0.032819927
21657,0.032819927
21658,0.038875725
21659,0.032819927
21660,0.032819927
21661,0.032819927
21662,0.032819927
21663,0.032819927
21664,0.033547767
21665,0.032819927
21666,0.032819927
21667,0.032819927
21668,0.5401986
21669,0.032819927
21670,0.25590482
21671,0.032819927
21672,0.039034635
21673,0.032819927
21674,0.032819927
21675,0.032819927
21676,0.032819927
21677,0.26034087
21678,0.032819927
21679,0.032819927
21680,0.032819927
21681,0.032819927
21682,0.032819927
21683,0.25808984
21684,0.032819927
21685,0.032819927
21686,0.033708088
21687,0.032819927
21688,0.032819927
21689,0.032819927
21690,0.46363586
21691,0.032819927
21692,0.032819927
21693,0.032819927
21694,0.032819927
21695,0.03851156
21696,0.032819927
21697,0.032819927
21698,0.032819927
21699,0.032819927
21700,0.032819927
21701,0.044829722
21702,0.032819927
21703,0.032819927
21704,0.032819927
21705,0.032819927
21706,0.032819927
21707,0.032819927
21708,0.2573561
21709,0.038789365
21710,0.25271314
21711,0.032819927
21712,0.032819927
21713,0.032819927
21714,0.032819927
21715,0.032819927
21716,0.032819927
21717,0.032819927
21718,0.032819927
21719,0.032819927
21720,0.032819927
21721,0.032819927
21722,0.032819927
21723,0.036178086
21724,0.032819927
21725,0.032819927
21726,0.033812225
21727,0.5140927
21728,0.032819927
21729,0.032819927
21730,0.032819927
21731,0.032819927
21732,0.032819927
21733,0.032819927
21734,0.032819927
21735,0.032819927
21736,0.032819927
21737,0.032819927
21738,0.032819927
21739,0.032819927
21740,0.032819927
21741,0.034978844
21742,0.032819927
21743,0.032819927
21744,0.032819927
21745,0.032819927
21746,0.032819927
21747,0.032819927
21748,0.032819927
21749,0.032819927
21750,0.032819927
21751,0.032819927
21752,0.032819927
21753,0.032819927
21754,0.032819927
21755,0.032819927
21756,0.032819927
21757,0.032819927
21758,0.52556837
21759,0.032819927
21760,0.032819927
21761,0.032819927
21762,0.032819927
21763,0.032819927
21764,0.032819927
21765,0.032819927
21766,0.032819927
21767,0.032819927
21768,0.03730356
21769,0.032819927
21770,0.032819927
21771,0.032819927
21772,0.032819927
21773,0.032819927
21774,0.032819927
21775,0.032819927
21776,0.032819927
21777,0.032819927
21778,0.032819927
21779,0.032819927
21780,0.032819927
21781,0.032819927
21782,0.032819927
21783,0.049967397
21784,0.032819927
21785,0.032819927
21786,0.032819927
21787,0.032819927
21788,0.032819927
21789,0.032819927
21790,0.032819927
21791,0.032819927
21792,0.032819927
21793,0.032819927
21794,0.032819927
21795,0.032819927
21796,0.032819927
21797,0.032819927
21798,0.032819927
21799,0.032819927
21800,0.022321254
21801,0.03196735
21802,0.022321254
21803,0.022321254
21804,0.022321254
21805,0.022321254
21806,0.02327788
21807,0.022321254
21808,0.022321254
21809,0.022321254
21810,0.022321254
21811,0.022321254
21812,0.022321254
21813,0.022321254
21814,0.25133553
21815,0.3942455
21816,0.022321254
21817,0.022321254
21818,0.42463663
21819,0.022321254
21820,0.2518782
21821,0.022321254
21822,0.24988303
21823,0.022321254
21824,0.02213785
21825,0.022321254
21826,0.022321254
21827,0.26374888
21828,0.022321254
21829,0.5113111
21830,0.022321254
21831,0.022381065
21832,0.022321254
21833,0.022321254
21834,0.022321254
21835,0.022321254
21836,0.50435376
21837,0.51635796
21838,0.021824637
21839,0.022321254
21840,0.028461413
21841,0.024365969
21842,0.022321254
21843,0.022321254
21844,0.022321254
21845,0.023308523
21846,0.022321254
21847,0.50915253
21848,0.026919873
21849,0.2534432
21850,0.43708912
21851,0.022321254
21852,0.53911555
21853,0.022321254
21854,0.26599202
21855,0.022321254
21856,0.022321254
21857,0.022321254
21858,0.022321254
21859,0.2482637
21860,0.02630263
21861,0.022321254
21862,0.022321254
21863,0.024208385
21864,0.42236215
21865,0.022321254
21866,0.022321254
21867,0.022321254
21868,0.022321254
21869,0.022321254
21870,0.022321254
21871,0.022321254
21872,0.022321254
21873,0.022321254
21874,0.25764942
21875,0.022321254
21876,0.037407428
21877,0.022321254
21878,0.022321254
21879,0.022321254
21880,0.022321254
21881,0.24999924
21882,0.026190946
21883,0.022321254
21884,0.022321254
21885,0.2482637
21886,0.5147413
21887,0.022321254
21888,0.022321254
21889,0.022321254
21890,0.022321254
21891,0.022321254
21892,0.022321254
21893,0.022321254
21894,0.022321254
21895,0.022321254
21896,0.02416399
21897,0.25172997
21898,0.2651701
21899,0.029099429
21900,0.51661485
21901,0.022321254
21902,0.022321254
21903,0.022321254
21904,0.022321254
21905,0.022321254
21906,0.25219956
21907,0.022321254
21908,0.022321254
21909,0.022321254
21910,0.022321254
21911,0.022321254
21912,0.022321254
21913,0.4247371
21914,0.022321254
21915,0.022321254
21916,0.022321254
21917,0.022321254
21918,0.022321254
21919,0.022321254
21920,0.022321254
21921,0.025219329
21922,0.033363048
21923,0.022321254
21924,0.024574399
21925,0.022321254
21926,0.022321254
21927,0.022321254
21928,0.022321254
21929,0.022321254
21930,0.026711818
21931,0.022321254
21932,0.2482637
21933,0.022321254
21934,0.022321254
21935,0.022321254
21936,0.022321254
21937,0.022321254
21938,0.022321254
21939,0.022321254
21940,0.022321254
21941,0.022321254
21942,0.02292275
21943,0.25291538
21944,0.022321254
21945,0.022321254
21946,0.022321254
21947,0.022321254
21948,0.022321254
21949,0.022321254
21950,0.022321254
21951,0.022321254
21952,0.2482637
21953,0.022321254
21954,0.022321254
21955,0.022321254
21956,0.022321254
21957,0.24981746
21958,0.022321254
21959,0.4219676
21960,0.24742562
21961,0.4219248
21962,0.022321254
21963,0.022321254
21964,0.022321254
21965,0.022321254
21966,0.022321254
21967,0.022321254
21968,0.022337977
21969,0.022321254
21970,0.45405892
21971,0.02457765
21972,0.022321254
21973,0.022321254
21974,0.022321254
21975,0.022321254
21976,0.022321254
21977,0.022321254
21978,0.022321254
21979,0.022321254
21980,0.022321254
21981,0.022321254
21982,0.022321254
21983,0.24790011
21984,0.022321254
21985,0.022321254
21986,0.4106382
21987,0.43815917
21988,0.022321254
21989,0.022321254
21990,0.022321254
21991,0.022321254
21992,0.022321254
21993,0.022321254
21994,0.023001103
21995,0.022321254
21996,0.022321254
21997,0.022321254
21998,0.022321254
21999,0.022321254
22000,0.023398979
22001,0.022321254
22002,0.022321254
22003,0.022321254
22004,0.022321254
22005,0.022321254
22006,0.022321254
22007,0.022321254
22008,0.022787634
22009,0.022321254
22010,0.26382744
22011,0.25360778
22012,0.2517747
22013,0.022321254
22014,0.022321254
22015,0.022321254
22016,0.022321254
22017,0.022321254
22018,0.022321254
22019,0.022321254
22020,0.022321254
22021,0.022321254
22022,0.022321254
22023,0.022321254
22024,0.022321254
22025,0.022321254
22026,0.022321254
22027,0.022321254
22028,0.022321254
22029,0.022321254
22030,0.022321254
22031,0.022321254
22032,0.022321254
22033,0.023099264
22034,0.38255525
22035,0.022321254
22036,0.02259205
22037,0.022321254
22038,0.022321254
22039,0.022321254
22040,0.022321254
22041,0.022321254
22042,0.022321254
22043,0.022321254
22044,0.022321254
22045,0.022321254
22046,0.022321254
22047,0.022321254
22048,0.022321254
22049,0.022321254
22050,0.022321254
22051,0.022321254
22052,0.022321254
22053,0.022321254
22054,0.024272079
22055,0.5035346
22056,0.022321254
22057,0.022321254
22058,0.4825525
22059,0.03196735
22060,0.022586271
22061,0.24892522
22062,0.022321254
22063,0.028945081
22064,0.022321254
22065,0.022321254
22066,0.022321254
22067,0.022321254
22068,0.0354097
22069,0.022321254
22070,0.26531264
22071,0.022321254
22072,0.022321254
22073,0.022321254
22074,0.022321254
22075,0.022321254
22076,0.022321254
22077,0.022321254
22078,0.022321254
22079,0.027614944
22080,0.027148753
22081,0.022321254
22082,0.022321254
22083,0.022321254
22084,0.022321254
22085,0.028855916
22086,0.42703208
22087,0.022321254
22088,0.022321254
22089,0.022321254
22090,0.022321254
22091,0.022321254
22092,0.39548093
22093,0.022321254
22094,0.024332128
22095,0.5082116
22096,0.24002258
22097,0.022321254
22098,0.022321254
22099,0.022321254
22100,0.2581544
22101,0.5315166
22102,0.022321254
22103,0.022321254
22104,0.022321254
22105,0.022321254
22106,0.02951408
22107,0.025595238
22108,0.034987703
22109,0.5157599
22110,0.022321254
22111,0.022321254
22112,0.022321254
22113,0.022321254
22114,0.25066927
22115,0.5856463
22116,0.022321254
22117,0.022321254
22118,0.5017602
22119,0.022321254
22120,0.022321254
22121,0.26773617
22122,0.022321254
22123,0.022321254
22124,0.022321254
22125,0.022321254
22126,0.022321254
22127,0.44398975
22128,0.5153608
22129,0.022321254
22130,0.23937297
22131,0.026523948
22132,0.027909588
22133,0.5215535
22134,0.54769415
22135,0.022321254
22136,0.04580447
22137,0.2482637
22138,0.030943953
22139,0.48969984
22140,0.25888616
22141,0.48884878
22142,0.022321254
22143,0.022321254
22144,0.030274808
22145,0.022321254
22146,0.022321254
22147,0.022321254
22148,0.022321254
22149,0.022321254
22150,0.022321254
22151,0.022321254
22152,0.022321254
22153,0.25133553
22154,0.022321254
22155,0.022321254
22156,0.022321254
22157,0.022321254
22158,0.435417
22159,0.2482637
22160,0.022321254
22161,0.25810105
22162,0.022321254
22163,0.022321254
22164,0.5389104
22165,0.5757062
22166,0.43144438
22167,0.022321254
22168,0.022321254
22169,0.5075166
22170,0.022321254
22171,0.022321254
22172,0.022321254
22173,0.022321254
22174,0.022321254
22175,0.022321254
22176,0.022321254
22177,0.49533123
22178,0.022321254
22179,0.022321254
22180,0.24790011
22181,0.022321254
22182,0.022321254
22183,0.022321254
22184,0.5153608
22185,0.24742562
22186,0.022321254
22187,0.024416327
22188,0.027455764
22189,0.022321254
22190,0.53319454
22191,0.56299466
22192,0.47901562
22193,0.022321254
22194,0.022321254
22195,0.022321254
22196,0.5041151
22197,0.022321254
22198,0.2551835
22199,0.022321254
22200,0.022321254
22201,0.022321254
22202,0.022321254
22203,0.023380779
22204,0.026191212
22205,0.022321254
22206,0.49595588
22207,0.49683622
22208,0.24139506
22209,0.025035392
22210,0.022321254
22211,0.022321254
22212,0.022321254
22213,0.022321254
22214,0.022321254
22215,0.022321254
22216,0.024092317
22217,0.025844699
22218,0.022321254
22219,0.022321254
22220,0.47158465
22221,0.815063
22222,0.5578804
22223,0.024211207
22224,0.022321254
22225,0.249723
22226,0.010925193
22227,0.5547176
22228,0.022321254
22229,0.022321254
22230,0.022321254
22231,0.022321254
22232,0.41980812
22233,0.46091387
22234,0.022321254
22235,0.022321254
22236,0.023954514
22237,0.022321254
22238,0.022321254
22239,0.43212083
22240,0.24742562
22241,0.022321254
22242,0.022321254
22243,0.022321254
22244,0.023102429
22245,0.022321254
22246,0.022321254
22247,0.4423687
22248,0.505452
22249,0.25844297
22250,0.022321254
22251,0.022321254
22252,0.022321254
22253,0.022321254
22254,0.029370425
22255,0.022321254
22256,0.022321254
22257,0.022321254
22258,0.022321254
22259,0.022321254
22260,0.5194667
22261,0.64129186
22262,0.25063813
22263,0.25724402
22264,0.022444213
22265,0.023694199
22266,0.24546154
22267,0.41111568
22268,0.022321254
22269,0.022321254
22270,0.022321254
22271,0.030703392
22272,0.032455854
22273,0.024570528
22274,0.27250582
22275,0.25146782
22276,0.0279464
22277,0.55246
22278,0.024589334
22279,0.022321254
22280,0.029002756
22281,0.025312036
22282,0.022321254
22283,0.022321254
22284,0.25310323
22285,0.022321254
22286,0.022321254
22287,0.022321254
22288,0.022321254
22289,0.024848578
22290,0.5302897
22291,0.25073972
22292,0.4218296
22293,0.25228927
22294,0.023454214
22295,0.02407842
22296,0.507818
22297,0.022321254
22298,0.022321254
22299,0.25774488
22300,0.022321254
22301,0.022321254
22302,0.5079724
22303,0.251969
22304,0.022321254
22305,0.4343318
22306,0.4504256
22307,0.022321254
22308,0.022269936
22309,0.022321254
22310,0.022321254
22311,0.022321254
22312,0.022321254
22313,0.022321254
22314,0.022321254
22315,0.022321254
22316,0.022321254
22317,0.028821321
22318,0.39490864
22319,0.6154885
22320,0.50596136
22321,0.42901912
22322,0.5429134
22323,0.022321254
22324,0.022321254
22325,0.022321254
22326,0.034690622
22327,0.2436962
22328,0.022321254
22329,0.022321254
22330,0.022321254
22331,0.029182145
22332,0.022321254
22333,0.024111673
22334,0.022321254
22335,0.022321254
22336,0.022321254
22337,0.022321254
22338,0.022321254
22339,0.022321254
22340,0.022321254
22341,0.022321254
22342,0.022321254
22343,0.022321254
22344,0.24766561
22345,0.25358814
22346,0.43385226
22347,0.65782297
22348,0.54298407
22349,0.2502546
22350,0.022321254
22351,0.022321254
22352,0.022321254
22353,0.022321254
22354,0.022321254
22355,0.022321254
22356,0.51578164
22357,0.022321254
22358,0.022321254
22359,0.022321254
22360,0.022321254
22361,0.02341803
22362,0.022321254
22363,0.022321254
22364,0.022321254
22365,0.022321254
22366,0.022321254
22367,0.022321254
22368,0.022321254
22369,0.022321254
22370,0.4792537
22371,0.4000736
22372,0.25257418
22373,0.6067892
22374,0.2482544
22375,0.43102527
22376,0.2477405
22377,0.022321254
22378,0.022321254
22379,0.022321254
22380,0.022321254
22381,0.022321254
22382,0.022321254
22383,0.022321254
22384,0.40377226
22385,0.022321254
22386,0.5404651
22387,0.022321254
22388,0.02381369
22389,0.024765506
22390,0.024105538
22391,0.25169328
22392,0.022321254
22393,0.022321254
22394,0.022321254
22395,0.022321254
22396,0.5878213
22397,0.512269
22398,0.43424705
22399,0.25120172
22400,0.24904108
22401,0.030881865
22402,0.022321254
22403,0.022321254
22404,0.022321254
22405,0.022321254
22406,0.022321254
22407,0.022321254
22408,0.022957804
22409,0.023832744
22410,0.022321254
22411,0.2493391
22412,0.022321254
22413,0.022321254
22414,0.24641186
22415,0.022321254
22416,0.022321254
22417,0.26943114
22418,0.022321254
22419,0.25325137
22420,0.02619286
22421,0.022321254
22422,0.022321254
22423,0.022321254
22424,0.022321254
22425,0.022321254
22426,0.022336833
22427,0.022321254
22428,0.022321254
22429,0.022321254
22430,0.25355265
22431,0.022321254
22432,0.022321254
22433,0.022321254
22434,0.022321254
22435,0.024146134
22436,0.022321254
22437,0.022321254
22438,0.022321254
22439,0.036445495
22440,0.5240944
22441,0.49528545
22442,0.022321254
22443,0.022321254
22444,0.022321254
22445,0.022321254
22446,0.026711818
22447,0.022321254
22448,0.028031703
22449,0.022321254
22450,0.022321254
22451,0.022321254
22452,0.022321254
22453,0.022321254
22454,0.022321254
22455,0.022321254
22456,0.022321254
22457,0.4365619
22458,0.022321254
22459,0.022321254
22460,0.24790011
22461,0.022321254
22462,0.022321254
22463,0.4879132
22464,0.022321254
22465,0.022321254
22466,0.25162366
22467,0.022321254
22468,0.022321254
22469,0.022321254
22470,0.022321254
22471,0.02785219
22472,0.022321254
22473,0.022321254
22474,0.022321254
22475,0.25295013
22476,0.022321254
22477,0.022321254
22478,0.022321254
22479,0.025956038
22480,0.022321254
22481,0.022321254
22482,0.022321254
22483,0.022321254
22484,0.022321254
22485,0.26097786
22486,0.022321254
22487,0.022321254
22488,0.022321254
22489,0.022321254
22490,0.022321254
22491,0.2663174
22492,0.022321254
22493,0.24920651
22494,0.022321254
22495,0.022321254
22496,0.022321254
22497,0.022321254
22498,0.022321254
22499,0.25712335
22500,0.022321254
22501,0.028509254
22502,0.022321254
22503,0.022321254
22504,0.022321254
22505,0.022321254
22506,0.4471879
22507,0.43262368
22508,0.25837284
22509,0.022321254
22510,0.022321254
22511,0.022321254
22512,0.022321254
22513,0.022321254
22514,0.022321254
22515,0.022321254
22516,0.023193182
22517,0.5467018
22518,0.022321254
22519,0.022321254
22520,0.022321254
22521,0.022321254
22522,0.022321254
22523,0.022321254
22524,0.02275058
22525,0.25209156
22526,0.022321254
22527,0.03160595
22528,0.022321254
22529,0.022321254
22530,0.022321254
22531,0.022321254
22532,0.022321254
22533,0.022321254
22534,0.022321254
22535,0.022321254
22536,0.022321254
22537,0.022321254
22538,0.022321254
22539,0.02646639
22540,0.022321254
22541,0.022321254
22542,0.022321254
22543,0.022321254
22544,0.022321254
22545,0.023049092
22546,0.022321254
22547,0.022321254
22548,0.022321254
22549,0.44200933
22550,0.022321254
22551,0.024188288
22552,0.022321254
22553,0.022321254
22554,0.022321254
22555,0.022321254
22556,0.022321254
22557,0.022321254
22558,0.25221995
22559,0.022321254
22560,0.022321254
22561,0.022321254
22562,0.024324695
22563,0.022321254
22564,0.022321254
22565,0.023209414
22566,0.022321254
22567,0.022321254
22568,0.022321254
22569,0.48904973
22570,0.022321254
22571,0.022321254
22572,0.022321254
22573,0.022321254
22574,0.022321254
22575,0.03196735
22576,0.022321254
22577,0.02748613
22578,0.022321254
22579,0.022321254
22580,0.022321254
22581,0.022321254
22582,0.03280627
22583,0.022321254
22584,0.022321254
22585,0.022321254
22586,0.022321254
22587,0.022321254
22588,0.25133553
22589,0.25233135
22590,0.24744856
22591,0.022321254
22592,0.022321254
22593,0.022321254
22594,0.022321254
22595,0.022321254
22596,0.022321254
22597,0.022321254
22598,0.022321254
22599,0.022321254
22600,0.022321254
22601,0.022321254
22602,0.022321254
22603,0.022321254
22604,0.022321254
22605,0.022321254
22606,0.025679415
22607,0.021591181
22608,0.033149756
22609,0.022321254
22610,0.022321254
22611,0.022321254
22612,0.022321254
22613,0.022321254
22614,0.022321254
22615,0.022321254
22616,0.022321254
22617,0.022321254
22618,0.022321254
22619,0.022321254
22620,0.022321254
22621,0.024480164
22622,0.022321254
22623,0.022321254
22624,0.022321254
22625,0.022321254
22626,0.022321254
22627,0.022321254
22628,0.022321254
22629,0.022321254
22630,0.022321254
22631,0.022321254
22632,0.022321254
22633,0.022321254
22634,0.022321254
22635,0.022321254
22636,0.022321254
22637,0.4132498
22638,0.022321254
22639,0.022321254
22640,0.022321254
22641,0.027516404
22642,0.022321254
22643,0.022321254
22644,0.022321254
22645,0.022321254
22646,0.022321254
22647,0.028245607
22648,0.022321254
22649,0.022321254
22650,0.022321254
22651,0.022321254
22652,0.022321254
22653,0.022321254
22654,0.022321254
22655,0.022321254
22656,0.022321254
22657,0.022321254
22658,0.022321254
22659,0.022321254
22660,0.037006795
22661,0.022321254
22662,0.022321254
22663,0.022321254
22664,0.022321254
22665,0.022321254
22666,0.022321254
22667,0.022321254
22668,0.022321254
22669,0.022321254
22670,0.022321254
22671,0.022321254
22672,0.022321254
22673,0.022321254
22674,0.022321254
22675,0.022321254
22676,0.022321254
22677,0.022321254
22678,0.022321254
22679,0.022321254
22680,0.022321254
22681,0.020763123
22682,0.020763123
22683,0.020763123
22684,0.020763123
22685,0.021719776
22686,0.020763123
22687,0.020763123
22688,0.020763123
22689,0.020763123
22690,0.020763123
22691,0.24656814
22692,0.5121048
22693,0.020763123
22694,0.020763123
22695,0.25104922
22696,0.020763123
22697,0.022609621
22698,0.020763123
22699,0.02057972
22700,0.020763123
22701,0.020763123
22702,0.020763123
22703,0.25236443
22704,0.030876778
22705,0.47560477
22706,0.24721213
22707,0.020763123
22708,0.02029105
22709,0.020763123
22710,0.020763123
22711,0.020763123
22712,0.020763123
22713,0.020763123
22714,0.020763123
22715,0.2512341
22716,0.4542522
22717,0.42980513
22718,0.019395173
22719,0.020763123
22720,0.026903283
22721,0.24945095
22722,0.020763123
22723,0.020763123
22724,0.020763123
22725,0.020763123
22726,0.020763123
22727,0.50655013
22728,0.025361754
22729,0.021227913
22730,0.42126158
22731,0.020763123
22732,0.49978042
22733,0.020763123
22734,0.26206285
22735,0.020763123
22736,0.020763123
22737,0.020763123
22738,0.020763123
22739,0.024744526
22740,0.020763123
22741,0.020763123
22742,0.022650259
22743,0.2450303
22744,0.020763123
22745,0.020763123
22746,0.020763123
22747,0.020763123
22748,0.020763123
22749,0.020763123
22750,0.020763123
22751,0.020763123
22752,0.020763123
22753,0.038394094
22754,0.020763123
22755,0.03584931
22756,0.020763123
22757,0.020763123
22758,0.2504287
22759,0.024632843
22760,0.020763123
22761,0.24721213
22762,0.25206986
22763,0.020763123
22764,0.020763123
22765,0.020763123
22766,0.020763123
22767,0.020763123
22768,0.020763123
22769,0.020763123
22770,0.020763123
22771,0.022605859
22772,0.021157559
22773,0.26431265
22774,0.020763123
22775,0.020763123
22776,0.24656814
22777,0.020763123
22778,0.020763123
22779,0.020763123
22780,0.020763123
22781,0.020763123
22782,0.24743223
22783,0.020763123
22784,0.020763123
22785,0.020763123
22786,0.020763123
22787,0.020763123
22788,0.4373868
22789,0.020763123
22790,0.020763123
22791,0.020763123
22792,0.020763123
22793,0.020763123
22794,0.020763123
22795,0.020763123
22796,0.020763123
22797,0.023640266
22798,0.030934263
22799,0.020763123
22800,0.023016268
22801,0.020763123
22802,0.020763123
22803,0.020763123
22804,0.020763123
22805,0.020763123
22806,0.020763123
22807,0.020763123
22808,0.020763123
22809,0.020763123
22810,0.24895994
22811,0.020763123
22812,0.020763123
22813,0.020763123
22814,0.020763123
22815,0.020763123
22816,0.020763123
22817,0.020763123
22818,0.020763123
22819,0.021685509
22820,0.50619143
22821,0.020763123
22822,0.020763123
22823,0.020763123
22824,0.020763123
22825,0.020763123
22826,0.020763123
22827,0.020763123
22828,0.020763123
22829,0.020763123
22830,0.24604191
22831,0.020763123
22832,0.020763123
22833,0.030876778
22834,0.020763123
22835,0.25212097
22836,0.020763123
22837,0.25586933
22838,0.42293584
22839,0.4315478
22840,0.020763123
22841,0.020763123
22842,0.020763123
22843,0.020763123
22844,0.020763123
22845,0.02133088
22846,0.020763123
22847,0.4687599
22848,0.023019519
22849,0.020763123
22850,0.020763123
22851,0.020763123
22852,0.020763123
22853,0.020763123
22854,0.020763123
22855,0.020763123
22856,0.020763123
22857,0.020763123
22858,0.020763123
22859,0.020763123
22860,0.020763123
22861,0.24740627
22862,0.020763123
22863,0.020763123
22864,0.51254576
22865,0.5113838
22866,0.020763123
22867,0.020763123
22868,0.020763123
22869,0.020763123
22870,0.020763123
22871,0.020763123
22872,0.020763123
22873,0.021771614
22874,0.020763123
22875,0.020763123
22876,0.020763123
22877,0.020763123
22878,0.020763123
22879,0.021840848
22880,0.020763123
22881,0.020763123
22882,0.020763123
22883,0.020763123
22884,0.020763123
22885,0.020763123
22886,0.020763123
22887,0.020763123
22888,0.021229504
22889,0.020763123
22890,0.25908938
22891,0.022964928
22892,0.25068027
22893,0.020763123
22894,0.020763123
22895,0.020763123
22896,0.020763123
22897,0.020763123
22898,0.020763123
22899,0.020763123
22900,0.020763123
22901,0.020763123
22902,0.020763123
22903,0.020763123
22904,0.020763123
22905,0.020763123
22906,0.020763123
22907,0.020763123
22908,0.020763123
22909,0.020763123
22910,0.020763123
22911,0.020763123
22912,0.020763123
22913,0.020763123
22914,0.022226723
22915,0.25564748
22916,0.020763123
22917,0.021033918
22918,0.020763123
22919,0.020763123
22920,0.020763123
22921,0.020763123
22922,0.020763123
22923,0.020763123
22924,0.5265182
22925,0.020763123
22926,0.020763123
22927,0.020763123
22928,0.020763123
22929,0.020763123
22930,0.020763123
22931,0.020763123
22932,0.020763123
22933,0.020763123
22934,0.020763123
22935,0.020763123
22936,0.022713948
22937,0.44789857
22938,0.020763123
22939,0.020763123
22940,0.4506701
22941,0.020763123
22942,0.02102814
22943,0.020815527
22944,0.020763123
22945,0.020763123
22946,0.020763123
22947,0.020763123
22948,0.020763123
22949,0.03198473
22950,0.020763123
22951,0.045432743
22952,0.020763123
22953,0.020763123
22954,0.020763123
22955,0.020763123
22956,0.020763123
22957,0.020763123
22958,0.025862558
22959,0.025590621
22960,0.24704276
22961,0.020763123
22962,0.025621235
22963,0.020763123
22964,0.027297763
22965,0.43657905
22966,0.020763123
22967,0.020763123
22968,0.020763123
22969,0.4281133
22970,0.020763123
22971,0.02436245
22972,0.3986541
22973,0.022695784
22974,0.020763123
22975,0.020763123
22976,0.020763123
22977,0.020763123
22978,0.020763123
22979,0.25805297
22980,0.25054172
22981,0.020763123
22982,0.020763123
22983,0.020763123
22984,0.020763123
22985,0.028843094
22986,0.0229734
22987,0.03461562
22988,0.413247
22989,0.020763123
22990,0.020763123
22991,0.020763123
22992,0.020763123
22993,0.023268605
22994,0.53301823
22995,0.020763123
22996,0.020763123
22997,0.4309529
22998,0.020763123
22999,0.020763123
23000,0.25143528
23001,0.020763123
23002,0.020763123
23003,0.020763123
23004,0.020763123
23005,0.020763123
23006,0.020763123
23007,0.020763123
23008,0.48760825
23009,0.24935097
23010,0.020763123
23011,0.24286653
23012,0.025244337
23013,0.02635147
23014,0.51829773
23015,0.43442592
23016,0.036186926
23017,0.020763123
23018,0.25192916
23019,0.4861668
23020,0.25495934
23021,0.25802198
23022,0.020763123
23023,0.25234565
23024,0.020763123
23025,0.020763123
23026,0.020763123
23027,0.020763123
23028,0.020763123
23029,0.020763123
23030,0.020763123
23031,0.020763123
23032,0.020763123
23033,0.020763123
23034,0.020763123
23035,0.020763123
23036,0.25561452
23037,0.5093335
23038,0.020763123
23039,0.020763123
23040,0.26230657
23041,0.020763123
23042,0.020763123
23043,0.44638044
23044,0.4952172
23045,0.5320949
23046,0.020763123
23047,0.020763123
23048,0.020763123
23049,0.5065767
23050,0.020763123
23051,0.020763123
23052,0.020763123
23053,0.026922612
23054,0.020763123
23055,0.020763123
23056,0.020763123
23057,0.020763123
23058,0.020763123
23059,0.40449068
23060,0.020763123
23061,0.020763123
23062,0.24604191
23063,0.020763123
23064,0.020763123
23065,0.020763123
23066,0.5014545
23067,0.2512341
23068,0.020763123
23069,0.022181958
23070,0.020763123
23071,0.020763123
23072,0.45532864
23073,0.43781433
23074,0.54005456
23075,0.020763123
23076,0.020763123
23077,0.020763123
23078,0.5097049
23079,0.020763123
23080,0.25432605
23081,0.020763123
23082,0.020763123
23083,0.020763123
23084,0.020763123
23085,0.021822648
23086,0.024633082
23087,0.020763123
23088,0.44795713
23089,0.50615746
23090,0.2449737
23091,0.032192983
23092,0.020763123
23093,0.020763123
23094,0.020763123
23095,0.020763123
23096,0.24935097
23097,0.022534186
23098,0.02367454
23099,0.020763123
23100,0.020763123
23101,0.020763123
23102,0.46387124
23103,0.72343355
23104,0.49398738
23105,0.022653077
23106,0.020763123
23107,0.24913599
23108,0.4937462
23109,0.020763123
23110,0.020763123
23111,0.020763123
23112,0.020763123
23113,0.39096373
23114,0.58030206
23115,0.020763123
23116,0.020763123
23117,0.022396384
23118,0.020763123
23119,0.020763123
23120,0.44293743
23121,0.24721213
23122,0.020763123
23123,0.020763123
23124,0.020763123
23125,0.021544298
23126,0.020763123
23127,0.020763123
23128,0.27145848
23129,0.24729158
23130,0.029576378
23131,0.020763123
23132,0.020763123
23133,0.020763123
23134,0.020763123
23135,0.029035509
23136,0.020763123
23137,0.020763123
23138,0.020763123
23139,0.020763123
23140,0.020763123
23141,0.020763123
23142,0.020763123
23143,0.5016695
23144,0.7049007
23145,0.2528524
23146,0.2553318
23147,0.020886082
23148,0.022136068
23149,0.022129185
23150,0.47272235
23151,0.020763123
23152,0.020763123
23153,0.020763123
23154,0.030885696
23155,0.029279834
23156,0.023012396
23157,0.2674464
23158,0.25061038
23159,0.02713826
23160,0.56459427
23161,0.023031203
23162,0.020763123
23163,0.027636867
23164,0.24829592
23165,0.020763123
23166,0.020763123
23167,0.25166446
23168,0.020763123
23169,0.020763123
23170,0.020763123
23171,0.020763123
23172,0.023813197
23173,0.40560678
23174,0.020763123
23175,0.49013677
23176,0.2526555
23177,0.021896083
23178,0.022388145
23179,0.24299808
23180,0.020763123
23181,0.029366473
23182,0.020763123
23183,0.020763123
23184,0.5315663
23185,0.2515951
23186,0.020763123
23187,0.48440433
23188,0.26497805
23189,0.020763123
23190,0.020763123
23191,0.02159894
23192,0.020763123
23193,0.020763123
23194,0.020763123
23195,0.020763123
23196,0.020763123
23197,0.020763123
23198,0.020763123
23199,0.020763123
23200,0.022872625
23201,0.5093335
23202,0.64772606
23203,0.4085535
23204,0.51632446
23205,0.4611298
23206,0.020763123
23207,0.020763123
23208,0.020763123
23209,0.020763123
23210,0.26010334
23211,0.24266161
23212,0.020763123
23213,0.020763123
23214,0.020763123
23215,0.027624017
23216,0.020763123
23217,0.020763123
23218,0.022553543
23219,0.020763123
23220,0.026365181
23221,0.020763123
23222,0.020763123
23223,0.020763123
23224,0.020763123
23225,0.020763123
23226,0.020763123
23227,0.020763123
23228,0.24791943
23229,0.25014794
23230,0.50873905
23231,0.5683652
23232,0.47505203
23233,0.24594061
23234,0.24604191
23235,0.020763123
23236,0.020763123
23237,0.020763123
23238,0.020763123
23239,0.020763123
23240,0.44304916
23241,0.020763123
23242,0.020763123
23243,0.020763123
23244,0.020763123
23245,0.0218599
23246,0.020763123
23247,0.020763123
23248,0.020462805
23249,0.020763123
23250,0.020763123
23251,0.020763123
23252,0.020763123
23253,0.020763123
23254,0.020763123
23255,0.4534949
23256,0.408084
23257,0.2518848
23258,0.60934746
23259,0.24749553
23260,0.52318215
23261,0.24935097
23262,0.020763123
23263,0.020763123
23264,0.020763123
23265,0.020763123
23266,0.020763123
23267,0.020763123
23268,0.020763123
23269,0.43461895
23270,0.24895994
23271,0.24943326
23272,0.020763123
23273,0.021059338
23274,0.022192553
23275,0.022547407
23276,0.2505068
23277,0.020763123
23278,0.011804915
23279,0.020763123
23280,0.020763123
23281,0.020763123
23282,0.020763123
23283,0.47023413
23284,0.5285357
23285,0.515089
23286,0.25143668
23287,0.24588604
23288,0.023945278
23289,0.2512341
23290,0.020763123
23291,0.020763123
23292,0.020763123
23293,0.020763123
23294,0.020763123
23295,0.021399677
23296,0.02214611
23297,0.020763123
23298,0.021777647
23299,0.020763123
23300,0.020763123
23301,0.020763123
23302,0.4323645
23303,0.020763123
23304,0.020763123
23305,0.26633573
23306,0.020763123
23307,0.24991795
23308,0.024098879
23309,0.020763123
23310,0.020763123
23311,0.020763123
23312,0.020763123
23313,0.020763123
23314,0.020763123
23315,0.02221793
23316,0.020763123
23317,0.020763123
23318,0.020763123
23319,0.024498219
23320,0.020763123
23321,0.020763123
23322,0.020763123
23323,0.020763123
23324,0.020763123
23325,0.022588003
23326,0.020763123
23327,0.020763123
23328,0.020763123
23329,0.020763123
23330,0.033275355
23331,0.24774663
23332,0.44070998
23333,0.020763123
23334,0.020763123
23335,0.020763123
23336,0.020763123
23337,0.03089903
23338,0.020763123
23339,0.020763123
23340,0.020763123
23341,0.020763123
23342,0.020763123
23343,0.020763123
23344,0.020763123
23345,0.020763123
23346,0.020763123
23347,0.41648048
23348,0.020763123
23349,0.030876778
23350,0.020763123
23351,0.020763123
23352,0.020763123
23353,0.43728483
23354,0.020763123
23355,0.2539805
23356,0.020763123
23357,0.020763123
23358,0.020763123
23359,0.026294058
23360,0.020763123
23361,0.020763123
23362,0.020763123
23363,0.020763123
23364,0.2480036
23365,0.020763123
23366,0.020763123
23367,0.020763123
23368,0.020763123
23369,0.023052521
23370,0.020763123
23371,0.020763123
23372,0.020763123
23373,0.020763123
23374,0.020763123
23375,0.4632595
23376,0.020763123
23377,0.020763123
23378,0.020763123
23379,0.020763123
23380,0.020763123
23381,0.2645747
23382,0.020763123
23383,0.020319132
23384,0.020763123
23385,0.020763123
23386,0.020763123
23387,0.020763123
23388,0.020763123
23389,0.020763123
23390,0.54106957
23391,0.25395536
23392,0.020763123
23393,0.020763123
23394,0.020763123
23395,0.020763123
23396,0.020763123
23397,0.5223573
23398,0.44291613
23399,0.2538908
23400,0.020763123
23401,0.020763123
23402,0.020763123
23403,0.020763123
23404,0.020763123
23405,0.020763123
23406,0.021635052
23407,0.45512635
23408,0.020763123
23409,0.020763123
23410,0.020763123
23411,0.020763123
23412,0.020763123
23413,0.020763123
23414,0.02119245
23415,0.4980728
23416,0.020763123
23417,0.030047832
23418,0.020763123
23419,0.020763123
23420,0.020763123
23421,0.020763123
23422,0.020763123
23423,0.020763123
23424,0.020763123
23425,0.020763123
23426,0.020763123
23427,0.020763123
23428,0.020763123
23429,0.026818922
23430,0.020763123
23431,0.020763123
23432,0.020763123
23433,0.020763123
23434,0.020763123
23435,0.021490961
23436,0.020763123
23437,0.020763123
23438,0.52596855
23439,0.020763123
23440,0.022542814
23441,0.020763123
23442,0.020763123
23443,0.020763123
23444,0.020763123
23445,0.020763123
23446,0.020763123
23447,0.024002787
23448,0.020763123
23449,0.020763123
23450,0.020763123
23451,0.022766564
23452,0.020763123
23453,0.021651283
23454,0.020763123
23455,0.020763123
23456,0.020763123
23457,0.5006529
23458,0.020763123
23459,0.020763123
23460,0.020763123
23461,0.020763123
23462,0.025928004
23463,0.020763123
23464,0.020763123
23465,0.020763123
23466,0.020763123
23467,0.03246866
23468,0.020763123
23469,0.020763123
23470,0.020763123
23471,0.020763123
23472,0.020763123
23473,0.020763123
23474,0.24820393
23475,0.02634807
23476,0.24606787
23477,0.020763123
23478,0.026365181
23479,0.020763123
23480,0.020763123
23481,0.020763123
23482,0.020763123
23483,0.020763123
23484,0.020763123
23485,0.020763123
23486,0.020763123
23487,0.020763123
23488,0.020763123
23489,0.020763123
23490,0.020763123
23491,0.024121284
23492,0.020763123
23493,0.24698858
23494,0.030413345
23495,0.020763123
23496,0.020763123
23497,0.020763123
23498,0.020763123
23499,0.020763123
23500,0.020763123
23501,0.020763123
23502,0.020763123
23503,0.020763123
23504,0.020763123
23505,0.020763123
23506,0.020763123
23507,0.02292204
23508,0.020763123
23509,0.020763123
23510,0.020763123
23511,0.020763123
23512,0.020763123
23513,0.020763123
23514,0.020763123
23515,0.020763123
23516,0.020763123
23517,0.020763123
23518,0.020763123
23519,0.020763123
23520,0.020763123
23521,0.020763123
23522,0.40551186
23523,0.020763123
23524,0.020763123
23525,0.020763123
23526,0.020763123
23527,0.020763123
23528,0.020763123
23529,0.020763123
23530,0.020763123
23531,0.020763123
23532,0.02622545
23533,0.020763123
23534,0.020763123
23535,0.020763123
23536,0.020763123
23537,0.020763123
23538,0.020763123
23539,0.020763123
23540,0.020763123
23541,0.020763123
23542,0.020763123
23543,0.020763123
23544,0.020763123
23545,0.25938222
23546,0.020763123
23547,0.020763123
23548,0.020763123
23549,0.020763123
23550,0.020763123
23551,0.020763123
23552,0.020763123
23553,0.020763123
23554,0.020763123
23555,0.020763123
23556,0.020763123
23557,0.020763123
23558,0.020763123
23559,0.020763123
23560,0.020763123
23561,0.020763123
23562,0.020763123
23563,0.020763123
23564,0.020763123
23565,0.020763123
23566,0.020763123
23567,0.020763123
23568,0.020763123
23569,0.020763123
23570,0.020763123
23571,0.020763123
23572,0.021719776
23573,0.020763123
23574,0.020763123
23575,0.020763123
23576,0.020763123
23577,0.020763123
23578,0.020763123
23579,0.24988222
23580,0.2512341
23581,0.020763123
23582,0.020763123
23583,0.020763123
23584,0.5067873
23585,0.020763123
23586,0.023387799
23587,0.020763123
23588,0.02057972
23589,0.020763123
23590,0.020763123
23591,0.027022958
23592,0.020763123
23593,0.57793665
23594,0.020763123
23595,0.020763123
23596,0.020763123
23597,0.021771602
23598,0.020763123
23599,0.020763123
23600,0.020763123
23601,0.020763123
23602,0.020763123
23603,0.23602039
23604,0.51099473
23605,0.42647418
23606,0.020763123
23607,0.03250533
23608,0.2510048
23609,0.020763123
23610,0.020763123
23611,0.020763123
23612,0.020763123
23613,0.02175042
23614,0.020763123
23615,0.5198157
23616,0.025361754
23617,0.021227913
23618,0.45038652
23619,0.020763123
23620,0.41924068
23621,0.020763123
23622,0.020763123
23623,0.26206285
23624,0.020763123
23625,0.020763123
23626,0.020763123
23627,0.020763123
23628,0.020763123
23629,0.024744526
23630,0.022135802
23631,0.020763123
23632,0.022650259
23633,0.020763123
23634,0.020763123
23635,0.020763123
23636,0.020763123
23637,0.020763123
23638,0.020763123
23639,0.020763123
23640,0.020763123
23641,0.020763123
23642,0.020763123
23643,0.020763123
23644,0.020763123
23645,0.038394094
23646,0.020763123
23647,0.25631472
23648,0.020763123
23649,0.020763123
23650,0.020763123
23651,0.020763123
23652,0.5214931
23653,0.024632843
23654,0.020763123
23655,0.24704276
23656,0.50200206
23657,0.020763123
23658,0.020763123
23659,0.020763123
23660,0.020763123
23661,0.020763123
23662,0.020763123
23663,0.020763123
23664,0.022605859
23665,0.021686068
23666,0.25709167
23667,0.020763123
23668,0.5227678
23669,0.020763123
23670,0.020763123
23671,0.020763123
23672,0.43670222
23673,0.020763123
23674,0.020763123
23675,0.020763123
23676,0.020763123
23677,0.020763123
23678,0.41907072
23679,0.020763123
23680,0.020763123
23681,0.020763123
23682,0.020763123
23683,0.020763123
23684,0.020763123
23685,0.020763123
23686,0.020763123
23687,0.020763123
23688,0.024618065
23689,0.0311919
23690,0.020763123
23691,0.023016268
23692,0.020763123
23693,0.020763123
23694,0.020763123
23695,0.020763123
23696,0.020763123
23697,0.020763123
23698,0.020763123
23699,0.020763123
23700,0.020763123
23701,0.24885961
23702,0.020763123
23703,0.020763123
23704,0.020763123
23705,0.020763123
23706,0.020763123
23707,0.020763123
23708,0.020763123
23709,0.020763123
23710,0.020763123
23711,0.020763123
23712,0.02136462
23713,0.42528972
23714,0.020763123
23715,0.020763123
23716,0.020763123
23717,0.020763123
23718,0.020763123
23719,0.020763123
23720,0.020763123
23721,0.020763123
23722,0.2512341
23723,0.020763123
23724,0.020763123
23725,0.020763123
23726,0.020763123
23727,0.24604191
23728,0.020763123
23729,0.25090334
23730,0.24688308
23731,0.44146004
23732,0.020763123
23733,0.020763123
23734,0.020763123
23735,0.020763123
23736,0.026365181
23737,0.02133088
23738,0.020763123
23739,0.41594866
23740,0.023019519
23741,0.020763123
23742,0.020763123
23743,0.020763123
23744,0.020763123
23745,0.020763123
23746,0.020763123
23747,0.020763123
23748,0.020763123
23749,0.020763123
23750,0.020763123
23751,0.020763123
23752,0.020763123
23753,0.020763123
23754,0.020763123
23755,0.020763123
23756,0.4320878
23757,0.4325943
23758,0.020763123
23759,0.020763123
23760,0.020763123
23761,0.020763123
23762,0.020763123
23763,0.020763123
23764,0.020763123
23765,0.020763123
23766,0.020763123
23767,0.021310408
23768,0.020763123
23769,0.020763123
23770,0.020763123
23771,0.020763123
23772,0.020763123
23773,0.020763123
23774,0.021840848
23775,0.020763123
23776,0.020763123
23777,0.020763123
23778,0.020763123
23779,0.020763123
23780,0.020763123
23781,0.020763123
23782,0.020763123
23783,0.021229504
23784,0.020763123
23785,0.26128218
23786,0.25182578
23787,0.023116061
23788,0.020763123
23789,0.020763123
23790,0.020763123
23791,0.020763123
23792,0.020763123
23793,0.020763123
23794,0.020763123
23795,0.020763123
23796,0.020763123
23797,0.020763123
23798,0.020763123
23799,0.020763123
23800,0.020763123
23801,0.020763123
23802,0.020763123
23803,0.020763123
23804,0.020763123
23805,0.020763123
23806,0.020763123
23807,0.020763123
23808,0.020763123
23809,0.020763123
23810,0.020763123
23811,0.020763123
23812,0.021822674
23813,0.25376445
23814,0.020763123
23815,0.021033918
23816,0.020763123
23817,0.020763123
23818,0.020763123
23819,0.020763123
23820,0.020763123
23821,0.020763123
23822,0.020763123
23823,0.020763123
23824,0.020763123
23825,0.020763123
23826,0.020763123
23827,0.020763123
23828,0.020763123
23829,0.020763123
23830,0.020763123
23831,0.020763123
23832,0.020763123
23833,0.24704276
23834,0.020763123
23835,0.020763123
23836,0.022713948
23837,0.4307786
23838,0.020763123
23839,0.020763123
23840,0.42368886
23841,0.020763123
23842,0.02102814
23843,0.23649664
23844,0.020763123
23845,0.020763123
23846,0.020763123
23847,0.020763123
23848,0.020763123
23849,0.033470403
23850,0.020763123
23851,0.045436595
23852,0.020763123
23853,0.020763123
23854,0.020763123
23855,0.020763123
23856,0.020763123
23857,0.020763123
23858,0.020763123
23859,0.025002716
23860,0.0253167
23861,0.24988222
23862,0.020763123
23863,0.020763123
23864,0.020763123
23865,0.027510203
23866,0.418217
23867,0.020763123
23868,0.020763123
23869,0.020763123
23870,0.020763123
23871,0.020763123
23872,0.020763123
23873,0.5008796
23874,0.020763123
23875,0.024066698
23876,0.42948064
23877,0.02201635
23878,0.020763123
23879,0.020763123
23880,0.020763123
23881,0.25227937
23882,0.25489268
23883,0.020763123
23884,0.020763123
23885,0.020763123
23886,0.020763123
23887,0.25543472
23888,0.023352014
23889,0.03292766
23890,0.5107274
23891,0.020763123
23892,0.020763123
23893,0.020763123
23894,0.020763123
23895,0.020763123
23896,0.023837285
23897,0.4332912
23898,0.020763123
23899,0.49083948
23900,0.020763123
23901,0.020763123
23902,0.26173365
23903,0.020763123
23904,0.020763123
23905,0.020763123
23906,0.020763123
23907,0.020763123
23908,0.020763123
23909,0.39681584
23910,0.24688308
23911,0.020763123
23912,0.24286653
23913,0.025244337
23914,0.02635147
23915,0.42479813
23916,0.519423
23917,0.27452508
23918,0.24656814
23919,0.025476597
23920,0.46764097
23921,0.2625542
23922,0.42765057
23923,0.020763123
23924,0.020763123
23925,0.028130887
23926,0.020763123
23927,0.020763123
23928,0.020763123
23929,0.020763123
23930,0.020763123
23931,0.020763123
23932,0.020763123
23933,0.020763123
23934,0.020763123
23935,0.020763123
23936,0.020763123
23937,0.020763123
23938,0.25368756
23939,0.50839204
23940,0.020763123
23941,0.020763123
23942,0.25830373
23943,0.020763123
23944,0.020763123
23945,0.46600044
23946,0.5835121
23947,0.46022716
23948,0.020763123
23949,0.020763123
23950,0.49052688
23951,0.020763123
23952,0.020763123
23953,0.020763123
23954,0.020763123
23955,0.020763123
23956,0.020763123
23957,0.020763123
23958,0.020763123
23959,0.43174013
23960,0.020763123
23961,0.020763123
23962,0.020763123
23963,0.020763123
23964,0.020763123
23965,0.020763123
23966,0.4979057
23967,0.39705378
23968,0.020763123
23969,0.023973081
23970,0.020763123
23971,0.020763123
23972,0.45910078
23973,0.45470598
23974,0.5129602
23975,0.020763123
23976,0.24740627
23977,0.020763123
23978,0.4959621
23979,0.020763123
23980,0.25457457
23981,0.020763123
23982,0.020763123
23983,0.020763123
23984,0.020763123
23985,0.021822648
23986,0.024633082
23987,0.020763123
23988,0.4862188
23989,0.4300265
23990,0.5085081
23991,0.023477262
23992,0.020763123
23993,0.020763123
23994,0.030876778
23995,0.020763123
23996,0.020763123
23997,0.022534186
23998,0.026867548
23999,0.020763123
24000,0.020763123
24001,0.020763123
24002,0.4908887
24003,0.8383528
24004,0.65229315
24005,0.022653077
24006,0.020763123
24007,0.24970368
24008,0.40993187
24009,0.020763123
24010,0.020763123
24011,0.020763123
24012,0.020763123
24013,0.020763123
24014,0.020763123
24015,0.40521652
24016,0.556589
24017,0.020763123
24018,0.020763123
24019,0.022396384
24020,0.020763123
24021,0.020763123
24022,0.44922283
24023,0.24604191
24024,0.020763123
24025,0.020763123
24026,0.020763123
24027,0.021544298
24028,0.020763123
24029,0.020763123
24030,0.2678441
24031,0.38926372
24032,0.2617419
24033,0.020763123
24034,0.020763123
24035,0.020763123
24036,0.020763123
24037,0.025220567
24038,0.020763123
24039,0.020763123
24040,0.020763123
24041,0.020763123
24042,0.020763123
24043,0.020763123
24044,0.41275668
24045,0.6368614
24046,0.25275695
24047,0.25585502
24048,0.020886082
24049,0.021644317
24050,0.24424045
24051,0.47108376
24052,0.020763123
24053,0.020763123
24054,0.020763123
24055,0.020763123
24056,0.035909556
24057,0.029279834
24058,0.23826966
24059,0.5527659
24060,0.25020114
24061,0.028780714
24062,0.6223365
24063,0.023031203
24064,0.020763123
24065,0.25258863
24066,0.24882215
24067,0.020763123
24068,0.020763123
24069,0.5296633
24070,0.020763123
24071,0.020763123
24072,0.020763123
24073,0.020763123
24074,0.023813197
24075,0.44014582
24076,0.24688308
24077,0.50300443
24078,0.25239268
24079,0.021896083
24080,0.022046847
24081,0.2441683
24082,0.020763123
24083,0.03196345
24084,0.020763123
24085,0.020763123
24086,0.40253484
24087,0.25121492
24088,0.020763123
24089,0.40651572
24090,0.2663116
24091,0.020763123
24092,0.020763123
24093,0.02159894
24094,0.020763123
24095,0.020763123
24096,0.020763123
24097,0.020763123
24098,0.020763123
24099,0.020763123
24100,0.022872625
24101,0.41856107
24102,0.54085094
24103,0.4079942
24104,0.5055894
24105,0.52487963
24106,0.020763123
24107,0.020763123
24108,0.020763123
24109,0.028695635
24110,0.023690887
24111,0.020763123
24112,0.020763123
24113,0.020763123
24114,0.027624017
24115,0.020763123
24116,0.020763123
24117,0.020763123
24118,0.022553543
24119,0.020763123
24120,0.020763123
24121,0.020763123
24122,0.020763123
24123,0.030876778
24124,0.020763123
24125,0.020763123
24126,0.020763123
24127,0.020763123
24128,0.24643458
24129,0.024027891
24130,0.51203144
24131,0.63968533
24132,0.45865113
24133,0.25002924
24134,0.24604191
24135,0.020763123
24136,0.020763123
24137,0.020763123
24138,0.020763123
24139,0.41942257
24140,0.020763123
24141,0.020763123
24142,0.020763123
24143,0.020763123
24144,0.0218599
24145,0.020763123
24146,0.020763123
24147,0.020462805
24148,0.020763123
24149,0.011055747
24150,0.020763123
24151,0.020763123
24152,0.020763123
24153,0.020763123
24154,0.020763123
24155,0.44120634
24156,0.39985105
24157,0.2518848
24158,0.65736806
24159,0.4390121
24160,0.4177438
24161,0.24683858
24162,0.020763123
24163,0.020763123
24164,0.020763123
24165,0.020763123
24166,0.020763123
24167,0.020763123
24168,0.020763123
24169,0.43669218
24170,0.25013056
24171,0.5432733
24172,0.020763123
24173,0.021059338
24174,0.022192553
24175,0.022547407
24176,0.25027174
24177,0.020763123
24178,0.020763123
24179,0.020763123
24180,0.51582205
24181,0.5293282
24182,0.50009966
24183,0.25694972
24184,0.24991864
24185,0.02405036
24186,0.020763123
24187,0.020763123
24188,0.020763123
24189,0.020763123
24190,0.021399677
24191,0.02214611
24192,0.020763123
24193,0.022413332
24194,0.020763123
24195,0.020763123
24196,0.020763123
24197,0.24503107
24198,0.020763123
24199,0.020763123
24200,0.020763123
24201,0.26860714
24202,0.020763123
24203,0.2490797
24204,0.024634723
24205,0.020763123
24206,0.020763123
24207,0.020763123
24208,0.020763123
24209,0.020763123
24210,0.020763123
24211,0.02221793
24212,0.020763123
24213,0.020763123
24214,0.020763123
24215,0.022801792
24216,0.020763123
24217,0.24656814
24218,0.020763123
24219,0.020763123
24220,0.022588003
24221,0.020763123
24222,0.020763123
24223,0.020763123
24224,0.03437614
24225,0.39322588
24226,0.4376444
24227,0.020763123
24228,0.020763123
24229,0.020763123
24230,0.020763123
24231,0.020763123
24232,0.020763123
24233,0.033434074
24234,0.020763123
24235,0.020763123
24236,0.020763123
24237,0.020763123
24238,0.020763123
24239,0.020763123
24240,0.020763123
24241,0.020763123
24242,0.020763123
24243,0.020763123
24244,0.39729515
24245,0.020763123
24246,0.020763123
24247,0.020763123
24248,0.020763123
24249,0.020763123
24250,0.5006607
24251,0.020763123
24252,0.026365181
24253,0.020763123
24254,0.25108728
24255,0.020763123
24256,0.020763123
24257,0.020763123
24258,0.020763123
24259,0.2529373
24260,0.020763123
24261,0.020763123
24262,0.020763123
24263,0.25467268
24264,0.020763123
24265,0.020763123
24266,0.020763123
24267,0.023856286
24268,0.020763123
24269,0.020763123
24270,0.020763123
24271,0.020763123
24272,0.020763123
24273,0.47991642
24274,0.020763123
24275,0.020763123
24276,0.020763123
24277,0.020763123
24278,0.020763123
24279,0.2626939
24280,0.020763123
24281,0.25250646
24282,0.020763123
24283,0.020763123
24284,0.020763123
24285,0.020763123
24286,0.020763123
24287,0.25573722
24288,0.024476638
24289,0.020763123
24290,0.020763123
24291,0.020763123
24292,0.020763123
24293,0.4496676
24294,0.41228706
24295,0.25510836
24296,0.020763123
24297,0.020763123
24298,0.020763123
24299,0.020763123
24300,0.020763123
24301,0.020763123
24302,0.020763123
24303,0.021635052
24304,0.54549164
24305,0.020763123
24306,0.020763123
24307,0.020763123
24308,0.020763123
24309,0.020763123
24310,0.020763123
24311,0.020763123
24312,0.021992864
24313,0.24740627
24314,0.020763123
24315,0.25585288
24316,0.020763123
24317,0.020763123
24318,0.020763123
24319,0.020763123
24320,0.020763123
24321,0.020763123
24322,0.020763123
24323,0.020763123
24324,0.020763123
24325,0.020763123
24326,0.020763123
24327,0.023834491
24328,0.020763123
24329,0.020763123
24330,0.020763123
24331,0.020763123
24332,0.021490961
24333,0.020763123
24334,0.020763123
24335,0.5356981
24336,0.020763123
24337,0.02301205
24338,0.020763123
24339,0.020763123
24340,0.020763123
24341,0.020763123
24342,0.020763123
24343,0.02258319
24344,0.020763123
24345,0.020763123
24346,0.020763123
24347,0.2515791
24348,0.020763123
24349,0.020763123
24350,0.25077045
24351,0.020763123
24352,0.020763123
24353,0.55505085
24354,0.020763123
24355,0.020763123
24356,0.020763123
24357,0.020763123
24358,0.020763123
24359,0.020763123
24360,0.020763123
24361,0.025928004
24362,0.020763123
24363,0.020763123
24364,0.020763123
24365,0.03157623
24366,0.020763123
24367,0.020763123
24368,0.020763123
24369,0.020763123
24370,0.020763123
24371,0.24688308
24372,0.02634807
24373,0.24855916
24374,0.020763123
24375,0.020763123
24376,0.020763123
24377,0.020763123
24378,0.020763123
24379,0.020763123
24380,0.020763123
24381,0.030876778
24382,0.020763123
24383,0.020763123
24384,0.020763123
24385,0.020763123
24386,0.020763123
24387,0.020763123
24388,0.020763123
24389,0.022988051
24390,0.020763123
24391,0.021234758
24392,0.020763123
24393,0.25616598
24394,0.020763123
24395,0.020763123
24396,0.020763123
24397,0.020763123
24398,0.020763123
24399,0.020763123
24400,0.020763123
24401,0.020763123
24402,0.020763123
24403,0.020763123
24404,0.020763123
24405,0.02292204
24406,0.020763123
24407,0.020763123
24408,0.020763123
24409,0.020763123
24410,0.020763123
24411,0.020763123
24412,0.020763123
24413,0.020763123
24414,0.020763123
24415,0.020763123
24416,0.020763123
24417,0.020763123
24418,0.020763123
24419,0.020763123
24420,0.020763123
24421,0.020763123
24422,0.020763123
24423,0.020763123
24424,0.020763123
24425,0.020763123
24426,0.020763123
24427,0.49919477
24428,0.020763123
24429,0.020763123
24430,0.020763123
24431,0.020763123
24432,0.020763123
24433,0.020763123
24434,0.020763123
24435,0.020763123
24436,0.025246754
24437,0.020763123
24438,0.020763123
24439,0.020763123
24440,0.020763123
24441,0.020763123
24442,0.020763123
24443,0.020763123
24444,0.020763123
24445,0.020763123
24446,0.020763123
24447,0.020763123
24448,0.020763123
24449,0.020763123
24450,0.03544867
24451,0.020763123
24452,0.020763123
24453,0.020763123
24454,0.020763123
24455,0.020763123
24456,0.020763123
24457,0.020763123
24458,0.020763123
24459,0.020763123
24460,0.020763123
24461,0.25156832
24462,0.020763123
24463,0.020763123
24464,0.020763123
24465,0.020763123
24466,0.032819927
24467,0.032819927
24468,0.032819927
24469,0.032819927
24470,0.032819927
24471,0.032819927
24472,0.032819927
24473,0.032819927
24474,0.032819927
24475,0.032819927
24476,0.25704324
24477,0.032819927
24478,0.032819927
24479,0.2574342
24480,0.032819927
24481,0.2612089
24482,0.032819927
24483,0.03466642
24484,0.032819927
24485,0.032819927
24486,0.035032526
24487,0.032819927
24488,0.032819927
24489,0.032819927
24490,0.0383589
24491,0.032819927
24492,0.5586734
24493,0.24410348
24494,0.032819927
24495,0.035373487
24496,0.032819927
24497,0.032819927
24498,0.032819927
24499,0.032819927
24500,0.032819927
24501,0.032819927
24502,0.45753083
24503,0.5355603
24504,0.44930646
24505,0.032323316
24506,0.032819927
24507,0.03896008
24508,0.03486465
24509,0.032819927
24510,0.040312223
24511,0.032819927
24512,0.032819927
24513,0.032819927
24514,0.03380721
24515,0.032819927
24516,0.45904145
24517,0.03741855
24518,0.43958774
24519,0.41882712
24520,0.032819927
24521,0.032819927
24522,0.44110456
24523,0.032819927
24524,0.032819927
24525,0.26766157
24526,0.032819927
24527,0.032819927
24528,0.032819927
24529,0.032819927
24530,0.032819927
24531,0.036044747
24532,0.03723672
24533,0.032819927
24534,0.032819927
24535,0.034707062
24536,0.032819927
24537,0.032819927
24538,0.032819927
24539,0.032819927
24540,0.032819927
24541,0.032819927
24542,0.032819927
24543,0.032819927
24544,0.032819927
24545,0.032819927
24546,0.032819927
24547,0.032819927
24548,0.052973256
24549,0.032819927
24550,0.2687664
24551,0.032819927
24552,0.032819927
24553,0.032819927
24554,0.032819927
24555,0.032819927
24556,0.032819927
24557,0.5285674
24558,0.036689635
24559,0.032819927
24560,0.032819927
24561,0.03564403
24562,0.032819927
24563,0.032819927
24564,0.032819927
24565,0.032819927
24566,0.032819927
24567,0.03321436
24568,0.26632833
24569,0.032819927
24570,0.44086838
24571,0.032819927
24572,0.032819927
24573,0.032819927
24574,0.2543924
24575,0.032819927
24576,0.032819927
24577,0.032819927
24578,0.032819927
24579,0.032819927
24580,0.032819927
24581,0.032819927
24582,0.44149607
24583,0.032819927
24584,0.032819927
24585,0.032819927
24586,0.032819927
24587,0.032819927
24588,0.032819927
24589,0.032819927
24590,0.032819927
24591,0.032819927
24592,0.037644032
24593,0.04386175
24594,0.032819927
24595,0.035073068
24596,0.032819927
24597,0.032819927
24598,0.032819927
24599,0.032819927
24600,0.032819927
24601,0.032819927
24602,0.032819927
24603,0.032819927
24604,0.5245285
24605,0.032819927
24606,0.032819927
24607,0.032819927
24608,0.032819927
24609,0.032819927
24610,0.032819927
24611,0.032819927
24612,0.032819927
24613,0.032819927
24614,0.032819927
24615,0.2575224
24616,0.5087941
24617,0.032819927
24618,0.032819927
24619,0.032819927
24620,0.032819927
24621,0.032819927
24622,0.032819927
24623,0.032819927
24624,0.032819927
24625,0.032819927
24626,0.25694287
24627,0.032819927
24628,0.032819927
24629,0.032819927
24630,0.032819927
24631,0.25660002
24632,0.032819927
24633,0.47065446
24634,0.5724402
24635,0.44608852
24636,0.032819927
24637,0.032819927
24638,0.032819927
24639,0.038290687
24640,0.032819927
24641,0.03283665
24642,0.032819927
24643,0.5335508
24644,0.035076328
24645,0.032819927
24646,0.032819927
24647,0.032819927
24648,0.032819927
24649,0.032819927
24650,0.032819927
24651,0.032819927
24652,0.032819927
24653,0.032819927
24654,0.032819927
24655,0.032819927
24656,0.032819927
24657,0.032819927
24658,0.032819927
24659,0.032819927
24660,0.032819927
24661,0.032819927
24662,0.032819927
24663,0.44863722
24664,0.42417604
24665,0.032819927
24666,0.032819927
24667,0.032819927
24668,0.032819927
24669,0.032819927
24670,0.032819927
24671,0.032819927
24672,0.032819927
24673,0.03528318
24674,0.032819927
24675,0.032819927
24676,0.032819927
24677,0.032819927
24678,0.032819927
24679,0.032819927
24680,0.033897646
24681,0.032819927
24682,0.032819927
24683,0.032819927
24684,0.032819927
24685,0.032819927
24686,0.032819927
24687,0.032819927
24688,0.032819927
24689,0.033286307
24690,0.032819927
24691,0.55171233
24692,0.25801578
24693,0.2575117
24694,0.032819927
24695,0.032819927
24696,0.032819927
24697,0.032819927
24698,0.032819927
24699,0.032819927
24700,0.032819927
24701,0.032819927
24702,0.032819927
24703,0.032819927
24704,0.032819927
24705,0.032819927
24706,0.032819927
24707,0.032819927
24708,0.032819927
24709,0.032819927
24710,0.032819927
24711,0.032819927
24712,0.032819927
24713,0.032819927
24714,0.032819927
24715,0.032819927
24716,0.033597935
24717,0.26160812
24718,0.032819927
24719,0.03309072
24720,0.032819927
24721,0.2574342
24722,0.032819927
24723,0.032819927
24724,0.032819927
24725,0.032819927
24726,0.032819927
24727,0.032819927
24728,0.2548706
24729,0.032819927
24730,0.032819927
24731,0.032819927
24732,0.032819927
24733,0.032819927
24734,0.032819927
24735,0.032819927
24736,0.032819927
24737,0.25412515
24738,0.032819927
24739,0.032819927
24740,0.03477075
24741,0.42681584
24742,0.032819927
24743,0.032819927
24744,0.5245285
24745,0.032819927
24746,0.25815696
24747,0.25778475
24748,0.032819927
24749,0.032819927
24750,0.032819927
24751,0.032819927
24752,0.043677
24753,0.032819927
24754,0.056347467
24755,0.032819927
24756,0.032819927
24757,0.032819927
24758,0.032819927
24759,0.032819927
24760,0.032819927
24761,0.032819927
24762,0.038326524
24763,0.037316862
24764,0.2573561
24765,0.032819927
24766,0.032819927
24767,0.032819927
24768,0.039890416
24769,0.45888942
24770,0.032819927
24771,0.032819927
24772,0.032819927
24773,0.032819927
24774,0.032819927
24775,0.032819927
24776,0.54294866
24777,0.032819927
24778,0.037978277
24779,0.5027876
24780,0.03499958
24781,0.032819927
24782,0.032819927
24783,0.032819927
24784,0.032819927
24785,0.2650158
24786,0.53280437
24787,0.032819927
24788,0.25492182
24789,0.032819927
24790,0.2530051
24791,0.2662242
24792,0.036531653
24793,0.048619065
24794,0.53278244
24795,0.032819927
24796,0.032819927
24797,0.032819927
24798,0.032819927
24799,0.25952005
24800,0.51529807
24801,0.032819927
24802,0.032819927
24803,0.5272784
24804,0.032819927
24805,0.032819927
24806,0.04485712
24807,0.032819927
24808,0.032819927
24809,0.032819927
24810,0.032819927
24811,0.032819927
24812,0.032819927
24813,0.55365014
24814,0.4429866
24815,0.032819927
24816,0.2457574
24817,0.037022613
24818,0.24158894
24819,0.5143769
24820,0.25256762
24821,0.032819927
24822,0.2729697
24823,0.25269026
24824,0.036775887
24825,0.4831949
24826,0.27010053
24827,0.26451775
24828,0.032819927
24829,0.032819927
24830,0.2589208
24831,0.032819927
24832,0.032819927
24833,0.032819927
24834,0.032819927
24835,0.032819927
24836,0.032819927
24837,0.032819927
24838,0.032819927
24839,0.25352836
24840,0.032819927
24841,0.032819927
24842,0.032819927
24843,0.032819927
24844,0.46880278
24845,0.25269026
24846,0.032819927
24847,0.032819927
24848,0.2674572
24849,0.032819927
24850,0.032819927
24851,0.55278563
24852,0.6075037
24853,0.54639995
24854,0.032819927
24855,0.032819927
24856,0.032819927
24857,0.51065886
24858,0.032819927
24859,0.032819927
24860,0.032819927
24861,0.032819927
24862,0.032819927
24863,0.032819927
24864,0.5777293
24865,0.032819927
24866,0.032819927
24867,0.032819927
24868,0.032819927
24869,0.032819927
24870,0.032819927
24871,0.42772916
24872,0.43912295
24873,0.032819927
24874,0.034914996
24875,0.032819927
24876,0.032819927
24877,0.51861113
24878,0.48074353
24879,0.55936104
24880,0.25412515
24881,0.032819927
24882,0.032819927
24883,0.439031
24884,0.032819927
24885,0.26240915
24886,0.032819927
24887,0.032819927
24888,0.032819927
24889,0.032819927
24890,0.03387945
24891,0.036484495
24892,0.032819927
24893,0.52021146
24894,0.44962063
24895,0.45020002
24896,0.034136124
24897,0.038290687
24898,0.032819927
24899,0.032819927
24900,0.032819927
24901,0.032819927
24902,0.032819927
24903,0.03459099
24904,0.035731345
24905,0.032819927
24906,0.032819927
24907,0.032819927
24908,0.5859847
24909,0.8417422
24910,0.5992778
24911,0.03470988
24912,0.032819927
24913,0.25498766
24914,0.4415709
24915,0.032819927
24916,0.032819927
24917,0.032819927
24918,0.032819927
24919,0.032819927
24920,0.032819927
24921,0.032819927
24922,0.50292164
24923,0.611144
24924,0.032819927
24925,0.032819927
24926,0.03445319
24927,0.032819927
24928,0.032819927
24929,0.5288739
24930,0.032819927
24931,0.032819927
24932,0.032819927
24933,0.032819927
24934,0.033601098
24935,0.032819927
24936,0.032819927
24937,0.27621302
24938,0.25393686
24939,0.044953454
24940,0.032819927
24941,0.032819927
24942,0.032819927
24943,0.032819927
24944,0.26181602
24945,0.032819927
24946,0.032819927
24947,0.032819927
24948,0.032819927
24949,0.032819927
24950,0.032819927
24951,0.50406855
24952,0.6956753
24953,0.51871234
24954,0.043431334
24955,0.032942887
24956,0.03370113
24957,0.0331677
24958,0.4062519
24959,0.032819927
24960,0.032819927
24961,0.032819927
24962,0.27206963
24963,0.03888652
24964,0.5045183
24965,0.43769225
24966,0.55210716
24967,0.25915346
24968,0.5813919
24969,0.035088003
24970,0.032819927
24971,0.25871062
24972,0.25578234
24973,0.032819927
24974,0.032819927
24975,0.25459623
24976,0.032819927
24977,0.032819927
24978,0.032819927
24979,0.032819927
24980,0.04033905
24981,0.50271404
24982,0.25322318
24983,0.5575789
24984,0.25708392
24985,0.035622273
24986,0.03426742
24987,0.50251174
24988,0.032819927
24989,0.0414869
24990,0.032819927
24991,0.032819927
24992,0.5297879
24993,0.26134545
24994,0.032819927
24995,0.44139767
24996,0.27640662
24997,0.032819927
24998,0.032819927
24999,0.032768607
25000,0.032819927
25001,0.032819927
25002,0.032819927
25003,0.032819927
25004,0.032819927
25005,0.032819927
25006,0.032819927
25007,0.032819927
25008,0.034929425
25009,0.503264
25010,0.58944136
25011,0.505058
25012,0.5344969
25013,0.57744735
25014,0.032819927
25015,0.032819927
25016,0.032819927
25017,0.04748773
25018,0.037143942
25019,0.032819927
25020,0.032819927
25021,0.032819927
25022,0.032819927
25023,0.039680835
25024,0.032819927
25025,0.032819927
25026,0.042102635
25027,0.032819927
25028,0.032819927
25029,0.032819927
25030,0.032819927
25031,0.032819927
25032,0.032819927
25033,0.032819927
25034,0.032819927
25035,0.032819927
25036,0.4423071
25037,0.25903848
25038,0.5525408
25039,0.59246236
25040,0.49206567
25041,0.5140668
25042,0.24410348
25043,0.032819927
25044,0.032819927
25045,0.032819927
25046,0.032819927
25047,0.032819927
25048,0.032819927
25049,0.525558
25050,0.032819927
25051,0.032819927
25052,0.032819927
25053,0.032819927
25054,0.03826975
25055,0.032819927
25056,0.032819927
25057,0.03251961
25058,0.032819927
25059,0.032819927
25060,0.032819927
25061,0.032819927
25062,0.032819927
25063,0.032819927
25064,0.5586203
25065,0.47376403
25066,0.2669066
25067,0.65665936
25068,0.44941726
25069,0.4324492
25070,0.25412515
25071,0.032819927
25072,0.032819927
25073,0.032819927
25074,0.032819927
25075,0.032819927
25076,0.032819927
25077,0.5000284
25078,0.25529537
25079,0.44874287
25080,0.032819927
25081,0.033116147
25082,0.034249354
25083,0.03460421
25084,0.2616289
25085,0.25412515
25086,0.032819927
25087,0.032819927
25088,0.032819927
25089,0.5243222
25090,0.4588121
25091,0.51577955
25092,0.4375405
25093,0.25411168
25094,0.04036102
25095,0.25412515
25096,0.032819927
25097,0.032819927
25098,0.032819927
25099,0.032819927
25100,0.032819927
25101,0.032819927
25102,0.033456482
25103,0.03338852
25104,0.032819927
25105,0.25963432
25106,0.032819927
25107,0.032819927
25108,0.032819927
25109,0.5409993
25110,0.032819927
25111,0.032819927
25112,0.032819927
25113,0.27780974
25114,0.032819927
25115,0.032819927
25116,0.2604771
25117,0.03581665
25118,0.032819927
25119,0.032819927
25120,0.032819927
25121,0.032819927
25122,0.032819927
25123,0.032819927
25124,0.034274735
25125,0.032819927
25126,0.032819927
25127,0.032819927
25128,0.032819927
25129,0.2590305
25130,0.032819927
25131,0.032819927
25132,0.032819927
25133,0.032819927
25134,0.034644805
25135,0.032819927
25136,0.032819927
25137,0.032819927
25138,0.032819927
25139,0.047213804
25140,0.42040703
25141,0.5327634
25142,0.032819927
25143,0.032819927
25144,0.032819927
25145,0.032819927
25146,0.032819927
25147,0.032819927
25148,0.032819927
25149,0.032819927
25150,0.26467782
25151,0.032819927
25152,0.032819927
25153,0.032819927
25154,0.032819927
25155,0.039034635
25156,0.032819927
25157,0.032819927
25158,0.032819927
25159,0.49918565
25160,0.032819927
25161,0.032819927
25162,0.032819927
25163,0.032819927
25164,0.032819927
25165,0.45163706
25166,0.032819927
25167,0.032819927
25168,0.2662755
25169,0.032819927
25170,0.032819927
25171,0.032819927
25172,0.038939912
25173,0.032819927
25174,0.032819927
25175,0.032819927
25176,0.032819927
25177,0.26403442
25178,0.032819927
25179,0.032819927
25180,0.032819927
25181,0.035109326
25182,0.032819927
25183,0.032819927
25184,0.032819927
25185,0.032819927
25186,0.032819927
25187,0.49621123
25188,0.032819927
25189,0.032819927
25190,0.032819927
25191,0.032819927
25192,0.032819927
25193,0.2760034
25194,0.032819927
25195,0.25741136
25196,0.032819927
25197,0.032819927
25198,0.032819927
25199,0.032819927
25200,0.032819927
25201,0.26259622
25202,0.032819927
25203,0.039007917
25204,0.032819927
25205,0.032819927
25206,0.032819927
25207,0.032819927
25208,0.5363997
25209,0.46758902
25210,0.04353999
25211,0.032819927
25212,0.032819927
25213,0.032819927
25214,0.032819927
25215,0.25660002
25216,0.032819927
25217,0.03369185
25218,0.5157631
25219,0.032819927
25220,0.032819927
25221,0.032819927
25222,0.032819927
25223,0.032819927
25224,0.032819927
25225,0.032819927
25226,0.03324925
25227,0.44962063
25228,0.032819927
25229,0.26340976
25230,0.032819927
25231,0.032819927
25232,0.032819927
25233,0.032819927
25234,0.032819927
25235,0.032819927
25236,0.032819927
25237,0.032819927
25238,0.032819927
25239,0.032819927
25240,0.032819927
25241,0.032819927
25242,0.038875725
25243,0.032819927
25244,0.032819927
25245,0.032819927
25246,0.032819927
25247,0.032819927
25248,0.033547767
25249,0.032819927
25250,0.032819927
25251,0.5573763
25252,0.032819927
25253,0.03498151
25254,0.032819927
25255,0.032819927
25256,0.032819927
25257,0.032819927
25258,0.032819927
25259,0.032819927
25260,0.2617063
25261,0.032819927
25262,0.032819927
25263,0.032819927
25264,0.036194958
25265,0.032819927
25266,0.032819927
25267,0.033708088
25268,0.032819927
25269,0.032819927
25270,0.032819927
25271,0.554092
25272,0.032819927
25273,0.032819927
25274,0.032819927
25275,0.032819927
25276,0.032819927
25277,0.032819927
25278,0.032819927
25279,0.032819927
25280,0.26273483
25281,0.032819927
25282,0.032819927
25283,0.032819927
25284,0.039034635
25285,0.045984395
25286,0.032819927
25287,0.032819927
25288,0.032819927
25289,0.032819927
25290,0.032819927
25291,0.032819927
25292,0.032819927
25293,0.26283556
25294,0.2557848
25295,0.032819927
25296,0.032819927
25297,0.032819927
25298,0.032819927
25299,0.032819927
25300,0.032819927
25301,0.032819927
25302,0.032819927
25303,0.032819927
25304,0.032819927
25305,0.032819927
25306,0.032819927
25307,0.032819927
25308,0.032819927
25309,0.032819927
25310,0.032819927
25311,0.036178086
25312,0.032819927
25313,0.032819927
25314,0.035685997
25315,0.44519055
25316,0.032819927
25317,0.032819927
25318,0.032819927
25319,0.032819927
25320,0.032819927
25321,0.032819927
25322,0.032819927
25323,0.032819927
25324,0.032819927
25325,0.034978844
25326,0.032819927
25327,0.032819927
25328,0.032819927
25329,0.032819927
25330,0.032819927
25331,0.032819927
25332,0.032819927
25333,0.032819927
25334,0.032819927
25335,0.032819927
25336,0.032819927
25337,0.032819927
25338,0.032819927
25339,0.032819927
25340,0.032819927
25341,0.032819927
25342,0.032819927
25343,0.032819927
25344,0.44427568
25345,0.032819927
25346,0.032819927
25347,0.032819927
25348,0.032819927
25349,0.032819927
25350,0.032819927
25351,0.032819927
25352,0.032819927
25353,0.032819927
25354,0.032819927
25355,0.03874428
25356,0.032819927
25357,0.032819927
25358,0.032819927
25359,0.032819927
25360,0.032819927
25361,0.032819927
25362,0.032819927
25363,0.032819927
25364,0.032819927
25365,0.032819927
25366,0.032819927
25367,0.032819927
25368,0.032819927
25369,0.04584114
25370,0.032819927
25371,0.032819927
25372,0.032819927
25373,0.032819927
25374,0.032819927
25375,0.032819927
25376,0.032819927
25377,0.032819927
25378,0.032819927
25379,0.032819927
25380,0.032819927
25381,0.032819927
25382,0.032819927
25383,0.2541418
25384,0.25412515
25385,0.032819927
25386,0.25963262
25387,0.032819927
25388,0.022321254
25389,0.022321254
25390,0.022321254
25391,0.022321254
25392,0.022321254
25393,0.022321254
25394,0.022321254
25395,0.02327788
25396,0.022321254
25397,0.022321254
25398,0.022321254
25399,0.022321254
25400,0.022321254
25401,0.022321254
25402,0.022321254
25403,0.022321254
25404,0.25133553
25405,0.022321254
25406,0.022321254
25407,0.25133553
25408,0.022321254
25409,0.42761225
25410,0.022321254
25411,0.25507516
25412,0.022321254
25413,0.03196735
25414,0.022321254
25415,0.024533851
25416,0.022321254
25417,0.25295806
25418,0.56579477
25419,0.022321254
25420,0.022321254
25421,0.021849182
25422,0.022321254
25423,0.022321254
25424,0.022321254
25425,0.022321254
25426,0.022321254
25427,0.022321254
25428,0.25133553
25429,0.43561918
25430,0.4383804
25431,0.4409869
25432,0.020953303
25433,0.022321254
25434,0.028461413
25435,0.024365969
25436,0.022321254
25437,0.022321254
25438,0.022321254
25439,0.022321254
25440,0.023308523
25441,0.022321254
25442,0.41788802
25443,0.026919873
25444,0.24836497
25445,0.45410106
25446,0.022321254
25447,0.022321254
25448,0.5492333
25449,0.022321254
25450,0.25153455
25451,0.022321254
25452,0.022321254
25453,0.022321254
25454,0.022321254
25455,0.02493932
25456,0.026738051
25457,0.022321254
25458,0.022321254
25459,0.024208385
25460,0.23450197
25461,0.022321254
25462,0.022321254
25463,0.022321254
25464,0.022321254
25465,0.022321254
25466,0.022321254
25467,0.022321254
25468,0.022321254
25469,0.022321254
25470,0.041429967
25471,0.037407428
25472,0.022321254
25473,0.022321254
25474,0.022321254
25475,0.49038738
25476,0.026190946
25477,0.022321254
25478,0.25020853
25479,0.25018865
25480,0.022321254
25481,0.022321254
25482,0.022321254
25483,0.022321254
25484,0.022321254
25485,0.022321254
25486,0.02416399
25487,0.25011158
25488,0.52076155
25489,0.022321254
25490,0.4174954
25491,0.022321254
25492,0.022321254
25493,0.022321254
25494,0.022321254
25495,0.25219956
25496,0.022321254
25497,0.022321254
25498,0.022321254
25499,0.022321254
25500,0.022321254
25501,0.022321254
25502,0.022321254
25503,0.25219712
25504,0.022321254
25505,0.022321254
25506,0.022321254
25507,0.022321254
25508,0.022321254
25509,0.022321254
25510,0.022321254
25511,0.026176196
25512,0.032492366
25513,0.022321254
25514,0.24921533
25515,0.022321254
25516,0.022321254
25517,0.022321254
25518,0.022321254
25519,0.022321254
25520,0.022321254
25521,0.022321254
25522,0.022321254
25523,0.53318906
25524,0.022321254
25525,0.022321254
25526,0.022321254
25527,0.022321254
25528,0.022321254
25529,0.022321254
25530,0.022321254
25531,0.022321254
25532,0.022321254
25533,0.24835145
25534,0.51804537
25535,0.022321254
25536,0.022321254
25537,0.022321254
25538,0.022321254
25539,0.022321254
25540,0.022321254
25541,0.022321254
25542,0.026711818
25543,0.2482637
25544,0.022321254
25545,0.022321254
25546,0.022321254
25547,0.022321254
25548,0.2529784
25549,0.022321254
25550,0.51030266
25551,0.43431562
25552,0.5025196
25553,0.022321254
25554,0.022321254
25555,0.022321254
25556,0.022321254
25557,0.022321254
25558,0.024681991
25559,0.022321254
25560,0.43471694
25561,0.02457765
25562,0.022321254
25563,0.022321254
25564,0.022321254
25565,0.022321254
25566,0.022321254
25567,0.022321254
25568,0.022321254
25569,0.022321254
25570,0.022321254
25571,0.022321254
25572,0.022321254
25573,0.022321254
25574,0.3981416
25575,0.50692934
25576,0.022321254
25577,0.022321254
25578,0.022321254
25579,0.022321254
25580,0.022321254
25581,0.022321254
25582,0.022321254
25583,0.023329744
25584,0.022321254
25585,0.022321254
25586,0.022321254
25587,0.022321254
25588,0.022321254
25589,0.2495919
25590,0.022321254
25591,0.022321254
25592,0.022321254
25593,0.022321254
25594,0.022321254
25595,0.022321254
25596,0.022321254
25597,0.022321254
25598,0.022321254
25599,0.022787634
25600,0.022321254
25601,0.5139952
25602,0.25360778
25603,0.25659817
25604,0.022321254
25605,0.022321254
25606,0.022321254
25607,0.022321254
25608,0.022321254
25609,0.022321254
25610,0.022321254
25611,0.022321254
25612,0.022321254
25613,0.022321254
25614,0.022321254
25615,0.022321254
25616,0.022321254
25617,0.022321254
25618,0.022321254
25619,0.022321254
25620,0.022321254
25621,0.24884748
25622,0.5227388
25623,0.022321254
25624,0.24998789
25625,0.022321254
25626,0.022321254
25627,0.022321254
25628,0.022321254
25629,0.022321254
25630,0.022321254
25631,0.022321254
25632,0.022321254
25633,0.022321254
25634,0.022321254
25635,0.022321254
25636,0.022321254
25637,0.022321254
25638,0.022321254
25639,0.24806948
25640,0.022321254
25641,0.022321254
25642,0.024272079
25643,0.4320409
25644,0.022321254
25645,0.022321254
25646,0.43433362
25647,0.022321254
25648,0.24873276
25649,0.24888073
25650,0.022321254
25651,0.022321254
25652,0.022321254
25653,0.022321254
25654,0.034822684
25655,0.022321254
25656,0.26531264
25657,0.022321254
25658,0.022321254
25659,0.022321254
25660,0.022321254
25661,0.022321254
25662,0.022321254
25663,0.022321254
25664,0.027614944
25665,0.026874833
25666,0.25020853
25667,0.022321254
25668,0.022321254
25669,0.022321254
25670,0.028124977
25671,0.08345615
25672,0.022321254
25673,0.022321254
25674,0.022321254
25675,0.25133553
25676,0.42459
25677,0.022321254
25678,0.026366541
25679,0.5437736
25680,0.024500912
25681,0.022321254
25682,0.022321254
25683,0.022321254
25684,0.022321254
25685,0.510918
25686,0.51032084
25687,0.022321254
25688,0.24790011
25689,0.022321254
25690,0.2482637
25691,0.03150451
25692,0.025901467
25693,0.034862947
25694,0.4341127
25695,0.022321254
25696,0.022321254
25697,0.022321254
25698,0.022321254
25699,0.25349948
25700,0.5832675
25701,0.022321254
25702,0.43815422
25703,0.022321254
25704,0.26773617
25705,0.022321254
25706,0.022321254
25707,0.022321254
25708,0.022321254
25709,0.022321254
25710,0.42446387
25711,0.24742562
25712,0.022321254
25713,0.23937297
25714,0.026523948
25715,0.23872344
25716,0.4274656
25717,0.43007547
25718,0.022321254
25719,0.27538252
25720,0.2482637
25721,0.027207654
25722,0.5714657
25723,0.4471615
25724,0.53293145
25725,0.022321254
25726,0.022321254
25727,0.028999519
25728,0.022321254
25729,0.022321254
25730,0.022321254
25731,0.022321254
25732,0.022321254
25733,0.022321254
25734,0.022321254
25735,0.022321254
25736,0.022321254
25737,0.022321254
25738,0.2477405
25739,0.022321254
25740,0.022321254
25741,0.022321254
25742,0.25209156
25743,0.43301344
25744,0.2477405
25745,0.022321254
25746,0.022321254
25747,0.26242968
25748,0.022321254
25749,0.022321254
25750,0.5184921
25751,0.48134726
25752,0.47001296
25753,0.022321254
25754,0.022321254
25755,0.022321254
25756,0.48722103
25757,0.022321254
25758,0.022321254
25759,0.022321254
25760,0.022321254
25761,0.022321254
25762,0.022321254
25763,0.022321254
25764,0.022321254
25765,0.022321254
25766,0.022321254
25767,0.4977329
25768,0.022321254
25769,0.022321254
25770,0.022321254
25771,0.022321254
25772,0.022321254
25773,0.022321254
25774,0.2482637
25775,0.41575277
25776,0.025531214
25777,0.022321254
25778,0.022321254
25779,0.5615538
25780,0.5051403
25781,0.4222041
25782,0.022321254
25783,0.022321254
25784,0.022321254
25785,0.022321254
25786,0.48802644
25787,0.022321254
25788,0.2547884
25789,0.022321254
25790,0.022321254
25791,0.022321254
25792,0.023380779
25793,0.026191212
25794,0.022321254
25795,0.50651026
25796,0.41196072
25797,0.24192134
25798,0.025035392
25799,0.022321254
25800,0.027455764
25801,0.022321254
25802,0.022321254
25803,0.022321254
25804,0.02338083
25805,0.02523267
25806,0.022321254
25807,0.022321254
25808,0.022321254
25809,0.48370036
25810,0.70608747
25811,0.6227294
25812,0.024211207
25813,0.022321254
25814,0.5104628
25815,0.022321254
25816,0.39612648
25817,0.022321254
25818,0.022321254
25819,0.022321254
25820,0.022321254
25821,0.022321254
25822,0.022321254
25823,0.46111953
25824,0.5901465
25825,0.022321254
25826,0.022321254
25827,0.024263447
25828,0.022321254
25829,0.022321254
25830,0.46393046
25831,0.24689941
25832,0.022321254
25833,0.022321254
25834,0.022321254
25835,0.023102429
25836,0.022321254
25837,0.022321254
25838,0.2721368
25839,0.248149
25840,0.032202113
25841,0.022321254
25842,0.022321254
25843,0.022321254
25844,0.022321254
25845,0.25659293
25846,0.022321254
25847,0.022321254
25848,0.022321254
25849,0.022321254
25850,0.022321254
25851,0.022321254
25852,0.4211443
25853,0.64633435
25854,0.25143582
25855,0.031824626
25856,0.022444213
25857,0.023202447
25858,0.023978688
25859,0.4542004
25860,0.24769601
25861,0.022321254
25862,0.022321254
25863,0.035727255
25864,0.026343739
25865,0.25014946
25866,0.521351
25867,0.2523608
25868,0.25879872
25869,0.57793987
25870,0.024589334
25871,0.022321254
25872,0.25456825
25873,0.25032362
25874,0.022321254
25875,0.022321254
25876,0.25504157
25877,0.022321254
25878,0.022321254
25879,0.022321254
25880,0.022321254
25881,0.022321254
25882,0.024848578
25883,0.4553485
25884,0.2482637
25885,0.4400776
25886,0.25736007
25887,0.023454214
25888,0.023613611
25889,0.42069158
25890,0.022321254
25891,0.022321254
25892,0.0347304
25893,0.022321254
25894,0.022321254
25895,0.5272868
25896,0.25160548
25897,0.022321254
25898,0.4256293
25899,0.2697524
25900,0.022321254
25901,0.022321254
25902,0.023157071
25903,0.022321254
25904,0.022321254
25905,0.022321254
25906,0.022321254
25907,0.022321254
25908,0.022321254
25909,0.022321254
25910,0.024430757
25911,0.4261542
25912,0.62143713
25913,0.48469248
25914,0.49302956
25915,0.44691634
25916,0.022321254
25917,0.022321254
25918,0.022321254
25919,0.022321254
25920,0.033499267
25921,0.24680755
25922,0.022321254
25923,0.022321254
25924,0.022321254
25925,0.029182145
25926,0.022321254
25927,0.022321254
25928,0.022321254
25929,0.028502237
25930,0.022321254
25931,0.022321254
25932,0.022321254
25933,0.022321254
25934,0.022321254
25935,0.022321254
25936,0.022321254
25937,0.022321254
25938,0.022321254
25939,0.25237188
25940,0.025839576
25941,0.5153608
25942,0.56922376
25943,0.55530006
25944,0.24750336
25945,0.23687784
25946,0.022321254
25947,0.022321254
25948,0.022321254
25949,0.022321254
25950,0.022321254
25951,0.022321254
25952,0.5097895
25953,0.022321254
25954,0.022321254
25955,0.2482637
25956,0.022321254
25957,0.240908
25958,0.022321254
25959,0.022321254
25960,0.022321254
25961,0.022321254
25962,0.022321254
25963,0.022321254
25964,0.4702958
25965,0.4829181
25966,0.25534406
25967,0.59111744
25968,0.4967659
25969,0.4896723
25970,0.022321254
25971,0.022321254
25972,0.022321254
25973,0.022321254
25974,0.022321254
25975,0.022321254
25976,0.022321254
25977,0.022321254
25978,0.4464501
25979,0.2482637
25980,0.49922672
25981,0.022321254
25982,0.022617469
25983,0.023750685
25984,0.023846539
25985,0.025944822
25986,0.022321254
25987,0.022321254
25988,0.022321254
25989,0.022321254
25990,0.022321254
25991,0.50213385
25992,0.5489021
25993,0.508686
25994,0.42883065
25995,0.24620165
25996,0.030145423
25997,0.24790011
25998,0.022321254
25999,0.022321254
26000,0.022321254
26001,0.022957804
26002,0.022889853
26003,0.022321254
26004,0.25419542
26005,0.022321254
26006,0.022321254
26007,0.022321254
26008,0.49678516
26009,0.022321254
26010,0.022321254
26011,0.26749834
26012,0.022321254
26013,0.022321254
26014,0.25349966
26015,0.026000062
26016,0.022321254
26017,0.022321254
26018,0.022321254
26019,0.022321254
26020,0.022321254
26021,0.02377606
26022,0.022321254
26023,0.022321254
26024,0.022321254
26025,0.25199893
26026,0.022321254
26027,0.022321254
26028,0.022321254
26029,0.022321254
26030,0.022321254
26031,0.024146134
26032,0.022321254
26033,0.022321254
26034,0.022321254
26035,0.022321254
26036,0.03546116
26037,0.38429484
26038,0.4184081
26039,0.022321254
26040,0.022321254
26041,0.022321254
26042,0.022321254
26043,0.022321254
26044,0.022321254
26045,0.022321254
26046,0.25457016
26047,0.022321254
26048,0.022321254
26049,0.022321254
26050,0.022321254
26051,0.022321254
26052,0.022321254
26053,0.022321254
26054,0.022321254
26055,0.48004472
26056,0.022321254
26057,0.022321254
26058,0.027455764
26059,0.022321254
26060,0.022321254
26061,0.40558738
26062,0.022321254
26063,0.022321254
26064,0.022321254
26065,0.25741938
26066,0.022321254
26067,0.022321254
26068,0.022321254
26069,0.02785219
26070,0.022321254
26071,0.022321254
26072,0.022321254
26073,0.022321254
26074,0.025593014
26075,0.022321254
26076,0.022321254
26077,0.022321254
26078,0.022321254
26079,0.025956038
26080,0.022321254
26081,0.022321254
26082,0.022321254
26083,0.022321254
26084,0.022321254
26085,0.4278392
26086,0.022321254
26087,0.022321254
26088,0.022321254
26089,0.022321254
26090,0.03985839
26091,0.022321254
26092,0.2533639
26093,0.022321254
26094,0.022321254
26095,0.022321254
26096,0.022321254
26097,0.022321254
26098,0.022321254
26099,0.031249356
26100,0.022321254
26101,0.022321254
26102,0.25656828
26103,0.022321254
26104,0.022321254
26105,0.022321254
26106,0.022321254
26107,0.2649092
26108,0.5486849
26109,0.034375213
26110,0.022321254
26111,0.022321254
26112,0.022321254
26113,0.022321254
26114,0.022321254
26115,0.24769601
26116,0.022321254
26117,0.023193182
26118,0.46034706
26119,0.022321254
26120,0.022321254
26121,0.022321254
26122,0.022321254
26123,0.022321254
26124,0.022321254
26125,0.02240953
26126,0.25209156
26127,0.022321254
26128,0.25671032
26129,0.022321254
26130,0.022321254
26131,0.022321254
26132,0.022321254
26133,0.022321254
26134,0.022321254
26135,0.022321254
26136,0.022321254
26137,0.022321254
26138,0.022321254
26139,0.022321254
26140,0.022321254
26141,0.027905637
26142,0.022321254
26143,0.022321254
26144,0.022321254
26145,0.022321254
26146,0.022321254
26147,0.023049092
26148,0.022321254
26149,0.022321254
26150,0.5668334
26151,0.022321254
26152,0.024482837
26153,0.022321254
26154,0.022321254
26155,0.022321254
26156,0.022321254
26157,0.022321254
26158,0.022321254
26159,0.25284088
26160,0.022321254
26161,0.022321254
26162,0.022321254
26163,0.022321254
26164,0.022321254
26165,0.022321254
26166,0.022321254
26167,0.025696285
26168,0.022321254
26169,0.022321254
26170,0.02249583
26171,0.022321254
26172,0.022321254
26173,0.022321254
26174,0.45923445
26175,0.022321254
26176,0.022321254
26177,0.022321254
26178,0.022321254
26179,0.022321254
26180,0.022321254
26181,0.02748613
26182,0.022321254
26183,0.022321254
26184,0.022321254
26185,0.022321254
26186,0.034331027
26187,0.026711818
26188,0.022321254
26189,0.022321254
26190,0.022321254
26191,0.022321254
26192,0.022321254
26193,0.022321254
26194,0.027906198
26195,0.24824618
26196,0.022321254
26197,0.022321254
26198,0.022321254
26199,0.022321254
26200,0.022321254
26201,0.022321254
26202,0.022321254
26203,0.022321254
26204,0.022321254
26205,0.022321254
26206,0.022321254
26207,0.022321254
26208,0.022321254
26209,0.022321254
26210,0.025679415
26211,0.022717737
26212,0.022321254
26213,0.25714287
26214,0.022321254
26215,0.022321254
26216,0.022321254
26217,0.022321254
26218,0.022321254
26219,0.022321254
26220,0.022321254
26221,0.022321254
26222,0.022321254
26223,0.022321254
26224,0.022321254
26225,0.022321254
26226,0.022321254
26227,0.024480164
26228,0.022321254
26229,0.022321254
26230,0.022321254
26231,0.022321254
26232,0.022321254
26233,0.022321254
26234,0.022321254
26235,0.022321254
26236,0.022321254
26237,0.022321254
26238,0.022321254
26239,0.022321254
26240,0.022321254
26241,0.022321254
26242,0.022321254
26243,0.022321254
26244,0.022321254
26245,0.022321254
26246,0.022321254
26247,0.022321254
26248,0.25100622
26249,0.022321254
26250,0.022321254
26251,0.022321254
26252,0.022321254
26253,0.022321254
26254,0.022321254
26255,0.022321254
26256,0.022321254
26257,0.022321254
26258,0.028245607
26259,0.022321254
26260,0.022321254
26261,0.022321254
26262,0.022321254
26263,0.022321254
26264,0.022321254
26265,0.022321254
26266,0.02155012
26267,0.022321254
26268,0.022321254
26269,0.022321254
26270,0.022321254
26271,0.022321254
26272,0.035859466
26273,0.022321254
26274,0.022321254
26275,0.022321254
26276,0.022321254
26277,0.022321254
26278,0.022321254
26279,0.022321254
26280,0.022321254
26281,0.022321254
26282,0.022321254
26283,0.022321254
26284,0.022321254
26285,0.022321254
26286,0.25194898
26287,0.022321254
26288,0.022321254
26289,0.022321254
26290,0.022321254
26291,0.022321254
26292,0.020763123
26293,0.020763123
26294,0.020763123
26295,0.020763123
26296,0.020763123
26297,0.020763123
26298,0.021719776
26299,0.020763123
26300,0.020763123
26301,0.020763123
26302,0.020763123
26303,0.020763123
26304,0.020763123
26305,0.020763123
26306,0.512112
26307,0.020763123
26308,0.020763123
26309,0.020763123
26310,0.24885961
26311,0.020763123
26312,0.029018218
26313,0.020763123
26314,0.022609621
26315,0.020763123
26316,0.026365181
26317,0.02297572
26318,0.020763123
26319,0.020763123
26320,0.020763123
26321,0.026302094
26322,0.020763123
26323,0.49908766
26324,0.020763123
26325,0.020763123
26326,0.020763123
26327,0.023316687
26328,0.020763123
26329,0.020763123
26330,0.020763123
26331,0.020763123
26332,0.020763123
26333,0.020763123
26334,0.2504781
26335,0.498904
26336,0.4975411
26337,0.020763123
26338,0.025200203
26339,0.02280785
26340,0.020763123
26341,0.020763123
26342,0.020763123
26343,0.02175042
26344,0.50674707
26345,0.025361754
26346,0.021227913
26347,0.4547847
26348,0.020763123
26349,0.020763123
26350,0.45275515
26351,0.020763123
26352,0.020763123
26353,0.25573462
26354,0.020763123
26355,0.020763123
26356,0.020763123
26357,0.020763123
26358,0.020763123
26359,0.025339898
26360,0.023574011
26361,0.020763123
26362,0.020763123
26363,0.022650259
26364,0.24810202
26365,0.020763123
26366,0.020763123
26367,0.020763123
26368,0.020763123
26369,0.020763123
26370,0.020763123
26371,0.020763123
26372,0.020763123
26373,0.03987185
26374,0.03584931
26375,0.020763123
26376,0.020763123
26377,0.020763123
26378,0.020763123
26379,0.020763123
26380,0.020763123
26381,0.43843096
26382,0.024632843
26383,0.020763123
26384,0.020763123
26385,0.25368825
26386,0.020763123
26387,0.020763123
26388,0.020763123
26389,0.020763123
26390,0.020763123
26391,0.020763123
26392,0.020763123
26393,0.020763123
26394,0.022605859
26395,0.24643634
26396,0.51776665
26397,0.020763123
26398,0.24740627
26399,0.020763123
26400,0.020763123
26401,0.020763123
26402,0.020763123
26403,0.24827032
26404,0.020763123
26405,0.020763123
26406,0.020763123
26407,0.020763123
26408,0.020763123
26409,0.020763123
26410,0.4381112
26411,0.020763123
26412,0.020763123
26413,0.020763123
26414,0.020763123
26415,0.020763123
26416,0.020763123
26417,0.020763123
26418,0.024618065
26419,0.02718968
26420,0.020763123
26421,0.023016268
26422,0.020763123
26423,0.020763123
26424,0.020763123
26425,0.020763123
26426,0.020763123
26427,0.020763123
26428,0.020763123
26429,0.020763123
26430,0.43720448
26431,0.020763123
26432,0.020763123
26433,0.020763123
26434,0.020763123
26435,0.020763123
26436,0.020763123
26437,0.020763123
26438,0.020763123
26439,0.020763123
26440,0.020763123
26441,0.020850878
26442,0.41542074
26443,0.020763123
26444,0.020763123
26445,0.026365181
26446,0.020763123
26447,0.020763123
26448,0.020763123
26449,0.020763123
26450,0.020763123
26451,0.020763123
26452,0.24740627
26453,0.020763123
26454,0.020763123
26455,0.020763123
26456,0.24740627
26457,0.020763123
26458,0.42915562
26459,0.5212148
26460,0.5211413
26461,0.020763123
26462,0.020763123
26463,0.020763123
26464,0.020763123
26465,0.020763123
26466,0.020763123
26467,0.02312386
26468,0.020763123
26469,0.45311478
26470,0.023019519
26471,0.020763123
26472,0.020763123
26473,0.020763123
26474,0.020763123
26475,0.020763123
26476,0.020763123
26477,0.020763123
26478,0.020763123
26479,0.020763123
26480,0.020763123
26481,0.020763123
26482,0.020763123
26483,0.020763123
26484,0.020763123
26485,0.020763123
26486,0.020763123
26487,0.43185484
26488,0.41060925
26489,0.020763123
26490,0.020763123
26491,0.020763123
26492,0.020763123
26493,0.020763123
26494,0.020763123
26495,0.023226377
26496,0.020763123
26497,0.020763123
26498,0.020763123
26499,0.020763123
26500,0.020763123
26501,0.020763123
26502,0.24681725
26503,0.020763123
26504,0.020763123
26505,0.020763123
26506,0.020763123
26507,0.020763123
26508,0.020763123
26509,0.020763123
26510,0.020763123
26511,0.020763123
26512,0.020763123
26513,0.021229504
26514,0.020763123
26515,0.43527257
26516,0.24934328
26517,0.25180128
26518,0.020763123
26519,0.020763123
26520,0.020763123
26521,0.020763123
26522,0.020763123
26523,0.020763123
26524,0.020763123
26525,0.020763123
26526,0.020763123
26527,0.020763123
26528,0.020763123
26529,0.020763123
26530,0.020763123
26531,0.020763123
26532,0.020763123
26533,0.020763123
26534,0.020763123
26535,0.252899
26536,0.5380144
26537,0.020763123
26538,0.021033918
26539,0.020763123
26540,0.020763123
26541,0.020763123
26542,0.020763123
26543,0.020763123
26544,0.020763123
26545,0.020763123
26546,0.5034667
26547,0.020763123
26548,0.020763123
26549,0.020763123
26550,0.020763123
26551,0.020763123
26552,0.020763123
26553,0.020763123
26554,0.020763123
26555,0.020763123
26556,0.24988222
26557,0.020763123
26558,0.020763123
26559,0.022713948
26560,0.43453434
26561,0.020763123
26562,0.020763123
26563,0.5038145
26564,0.020763123
26565,0.24564302
26566,0.24751902
26567,0.020763123
26568,0.020763123
26569,0.020763123
26570,0.020763123
26571,0.020763123
26572,0.03588639
26573,0.020763123
26574,0.05104137
26575,0.020763123
26576,0.020763123
26577,0.020763123
26578,0.020763123
26579,0.020763123
26580,0.020763123
26581,0.020763123
26582,0.026056813
26583,0.02526757
26584,0.24688308
26585,0.020763123
26586,0.020763123
26587,0.020763123
26588,0.026566839
26589,0.49530602
26590,0.020763123
26591,0.020763123
26592,0.020763123
26593,0.020763123
26594,0.51862085
26595,0.023907762
26596,0.5226089
26597,0.021705858
26598,0.020763123
26599,0.020763123
26600,0.020763123
26601,0.020763123
26602,0.020763123
26603,0.43355414
26604,0.40916795
26605,0.020763123
26606,0.020763123
26607,0.020763123
26608,0.020763123
26609,0.2551176
26610,0.024343336
26611,0.03404096
26612,0.43662244
26613,0.020763123
26614,0.020763123
26615,0.020763123
26616,0.020763123
26617,0.02281891
26618,0.56197864
26619,0.020763123
26620,0.5106565
26621,0.020763123
26622,0.26282093
26623,0.020763123
26624,0.020763123
26625,0.020763123
26626,0.020763123
26627,0.020763123
26628,0.48568633
26629,0.24820393
26630,0.020763123
26631,0.23873356
26632,0.025244337
26633,0.02635147
26634,0.49450326
26635,0.4066105
26636,0.020763123
26637,0.046428442
26638,0.24740627
26639,0.028785154
26640,0.573978
26641,0.44793212
26642,0.48961923
26643,0.020763123
26644,0.026961159
26645,0.020763123
26646,0.020763123
26647,0.020763123
26648,0.020763123
26649,0.020763123
26650,0.020763123
26651,0.020763123
26652,0.020763123
26653,0.020763123
26654,0.020763123
26655,0.020763123
26656,0.020763123
26657,0.020763123
26658,0.020763123
26659,0.24740627
26660,0.25136524
26661,0.25212097
26662,0.020763123
26663,0.020763123
26664,0.2560988
26665,0.020763123
26666,0.020763123
26667,0.4585652
26668,0.51273865
26669,0.46044683
26670,0.020763123
26671,0.020763123
26672,0.020763123
26673,0.020763123
26674,0.4256404
26675,0.020763123
26676,0.020763123
26677,0.020763123
26678,0.020763123
26679,0.020763123
26680,0.020763123
26681,0.020763123
26682,0.41849977
26683,0.020763123
26684,0.020763123
26685,0.020763123
26686,0.020763123
26687,0.020763123
26688,0.020763123
26689,0.24740627
26690,0.42286745
26691,0.020763123
26692,0.24897812
26693,0.020763123
26694,0.020763123
26695,0.55294365
26696,0.521078
26697,0.49372262
26698,0.2512341
26699,0.020763123
26700,0.53386766
26701,0.020763123
26702,0.032901663
26703,0.026365181
26704,0.020763123
26705,0.020763123
26706,0.020763123
26707,0.021822648
26708,0.024633082
26709,0.020763123
26710,0.4892647
26711,0.5173854
26712,0.24190196
26713,0.022079324
26714,0.020763123
26715,0.020763123
26716,0.020763123
26717,0.020763123
26718,0.020763123
26719,0.0218227
26720,0.02367454
26721,0.020763123
26722,0.020763123
26723,0.020763123
26724,0.4941336
26725,0.7211213
26726,0.6284807
26727,0.022653077
26728,0.020763123
26729,0.24934013
26730,0.020763123
26731,0.5090141
26732,0.020763123
26733,0.020763123
26734,0.020763123
26735,0.020763123
26736,0.020763123
26737,0.020763123
26738,0.020763123
26739,0.400899
26740,0.593
26741,0.020763123
26742,0.020763123
26743,0.022344828
26744,0.020763123
26745,0.020763123
26746,0.51433617
26747,0.24688308
26748,0.020763123
26749,0.020763123
26750,0.020763123
26751,0.021544298
26752,0.020763123
26753,0.020763123
26754,0.40179345
26755,0.24781477
26756,0.25843203
26757,0.020763123
26758,0.020763123
26759,0.020763123
26760,0.020763123
26761,0.020763123
26762,0.25615832
26763,0.020763123
26764,0.020763123
26765,0.020763123
26766,0.020763123
26767,0.020763123
26768,0.020763123
26769,0.020763123
26770,0.4933091
26771,0.6251186
26772,0.24956253
26773,0.027524222
26774,0.020886082
26775,0.021644317
26776,0.022537334
26777,0.45497102
26778,0.020763123
26779,0.020763123
26780,0.020763123
26781,0.033488214
26782,0.02682974
26783,0.023012396
26784,0.46150324
26785,0.5126799
26786,0.026419237
26787,0.576416
26788,0.023031203
26789,0.020763123
26790,0.25258863
26791,0.25313693
26792,0.020763123
26793,0.25487953
26794,0.020763123
26795,0.020763123
26796,0.020763123
26797,0.020763123
26798,0.023813197
26799,0.41363508
26800,0.24656814
26801,0.50433964
26802,0.251008
26803,0.021896083
26804,0.022325885
26805,0.4323436
26806,0.020763123
26807,0.020763123
26808,0.029374572
26809,0.020763123
26810,0.020763123
26811,0.45032108
26812,0.022832148
26813,0.020763123
26814,0.43819714
26815,0.46098006
26816,0.020763123
26817,0.02159894
26818,0.020763123
26819,0.020763123
26820,0.020763123
26821,0.020763123
26822,0.020763123
26823,0.020763123
26824,0.020763123
26825,0.022872625
26826,0.5339596
26827,0.6454476
26828,0.5350756
26829,0.42086583
26830,0.5448902
26831,0.020763123
26832,0.025621235
26833,0.020763123
26834,0.035005327
26835,0.026260419
26836,0.020763123
26837,0.020763123
26838,0.020763123
26839,0.027624017
26840,0.020763123
26841,0.020763123
26842,0.020763123
26843,0.022553543
26844,0.020763123
26845,0.020763123
26846,0.020763123
26847,0.020763123
26848,0.020763123
26849,0.020763123
26850,0.020763123
26851,0.020763123
26852,0.50637174
26853,0.023032606
26854,0.39501613
26855,0.5518334
26856,0.4731275
26857,0.23600738
26858,0.24704276
26859,0.020763123
26860,0.020763123
26861,0.020763123
26862,0.5645203
26863,0.020763123
26864,0.020763123
26865,0.020763123
26866,0.020763123
26867,0.02479327
26868,0.020763123
26869,0.020763123
26870,0.020763123
26871,0.020763123
26872,0.020763123
26873,0.020763123
26874,0.020763123
26875,0.4342409
26876,0.47699335
26877,0.25025588
26878,0.6226696
26879,0.24610521
26880,0.48084438
26881,0.020763123
26882,0.020763123
26883,0.020763123
26884,0.020763123
26885,0.020763123
26886,0.020763123
26887,0.020763123
26888,0.020763123
26889,0.4328331
26890,0.020763123
26891,0.43749475
26892,0.020763123
26893,0.022255559
26894,0.022192553
26895,0.022547407
26896,0.25410172
26897,0.2512341
26898,0.027254
26899,0.020763123
26900,0.020763123
26901,0.4592638
26902,0.4133781
26903,0.4073424
26904,0.41540784
26905,0.24855617
26906,0.024589181
26907,0.24740627
26908,0.020763123
26909,0.020763123
26910,0.020763123
26911,0.020763123
26912,0.020763123
26913,0.021399677
26914,0.02214611
26915,0.020763123
26916,0.022118622
26917,0.020763123
26918,0.020763123
26919,0.41821513
26920,0.020763123
26921,0.020763123
26922,0.020763123
26923,0.039422184
26924,0.020763123
26925,0.24939469
26926,0.023978932
26927,0.020763123
26928,0.020763123
26929,0.020763123
26930,0.020763123
26931,0.020763123
26932,0.020763123
26933,0.02221793
26934,0.020763123
26935,0.020763123
26936,0.020763123
26937,0.020763123
26938,0.2511415
26939,0.020763123
26940,0.020763123
26941,0.24895994
26942,0.020763123
26943,0.020763123
26944,0.022588003
26945,0.020763123
26946,0.020763123
26947,0.020763123
26948,0.035568293
26949,0.37527877
26950,0.49653482
26951,0.020763123
26952,0.020763123
26953,0.020763123
26954,0.020763123
26955,0.020763123
26956,0.020763123
26957,0.020763123
26958,0.028889643
26959,0.020763123
26960,0.020763123
26961,0.030876778
26962,0.020763123
26963,0.020763123
26964,0.020763123
26965,0.020763123
26966,0.020763123
26967,0.020763123
26968,0.39457655
26969,0.020763123
26970,0.020763123
26971,0.020763123
26972,0.020763123
26973,0.020763123
26974,0.43536356
26975,0.020763123
26976,0.020763123
26977,0.25952113
26978,0.020763123
26979,0.020763123
26980,0.020763123
26981,0.026294058
26982,0.020763123
26983,0.020763123
26984,0.020763123
26985,0.020763123
26986,0.024141148
26987,0.020763123
26988,0.020763123
26989,0.023052521
26990,0.020763123
26991,0.020763123
26992,0.020763123
26993,0.020763123
26994,0.020763123
26995,0.40983406
26996,0.020763123
26997,0.020763123
26998,0.020763123
26999,0.020763123
27000,0.020763123
27001,0.26764643
27002,0.020763123
27003,0.2498756
27004,0.020763123
27005,0.020763123
27006,0.020763123
27007,0.020763123
27008,0.020763123
27009,0.020763123
27010,0.51548254
27011,0.020763123
27012,0.020763123
27013,0.25447857
27014,0.020763123
27015,0.020763123
27016,0.020763123
27017,0.020763123
27018,0.26275685
27019,0.4431131
27020,0.024030698
27021,0.020763123
27022,0.020763123
27023,0.020763123
27024,0.020763123
27025,0.020763123
27026,0.020763123
27027,0.020763123
27028,0.021148851
27029,0.5365231
27030,0.020763123
27031,0.020763123
27032,0.020763123
27033,0.020763123
27034,0.020763123
27035,0.020763123
27036,0.02119245
27037,0.24704276
27038,0.020763123
27039,0.25501648
27040,0.020763123
27041,0.020763123
27042,0.020763123
27043,0.020763123
27044,0.020763123
27045,0.020763123
27046,0.020763123
27047,0.020763123
27048,0.020763123
27049,0.020763123
27050,0.026347507
27051,0.020763123
27052,0.020763123
27053,0.020763123
27054,0.020763123
27055,0.021490961
27056,0.020763123
27057,0.020763123
27058,0.54715306
27059,0.020763123
27060,0.02301205
27061,0.020763123
27062,0.020763123
27063,0.020763123
27064,0.020763123
27065,0.020763123
27066,0.020763123
27067,0.024719287
27068,0.020763123
27069,0.020763123
27070,0.020763123
27071,0.020763123
27072,0.023466172
27073,0.020763123
27074,0.0209377
27075,0.020763123
27076,0.020763123
27077,0.020763123
27078,0.41096708
27079,0.020763123
27080,0.020763123
27081,0.020763123
27082,0.020763123
27083,0.020763123
27084,0.020763123
27085,0.026454763
27086,0.020763123
27087,0.020763123
27088,0.020763123
27089,0.020763123
27090,0.030876778
27091,0.25967118
27092,0.020763123
27093,0.020763123
27094,0.020763123
27095,0.020763123
27096,0.020763123
27097,0.020763123
27098,0.2554304
27099,0.24728839
27100,0.020763123
27101,0.020763123
27102,0.020763123
27103,0.020763123
27104,0.020763123
27105,0.020763123
27106,0.020763123
27107,0.020763123
27108,0.020763123
27109,0.020763123
27110,0.020763123
27111,0.020763123
27112,0.020763123
27113,0.020763123
27114,0.024121284
27115,0.020763123
27116,0.021159606
27117,0.020763123
27118,0.2542085
27119,0.020763123
27120,0.020763123
27121,0.020763123
27122,0.020763123
27123,0.020763123
27124,0.020763123
27125,0.020763123
27126,0.020763123
27127,0.020763123
27128,0.020763123
27129,0.020763123
27130,0.02292204
27131,0.020763123
27132,0.020763123
27133,0.020763123
27134,0.020763123
27135,0.020763123
27136,0.020763123
27137,0.020763123
27138,0.020763123
27139,0.020763123
27140,0.020763123
27141,0.020763123
27142,0.020763123
27143,0.020763123
27144,0.020763123
27145,0.020763123
27146,0.020763123
27147,0.020763123
27148,0.020763123
27149,0.020763123
27150,0.25252318
27151,0.020763123
27152,0.020763123
27153,0.020763123
27154,0.020763123
27155,0.020763123
27156,0.020763123
27157,0.020763123
27158,0.020763123
27159,0.020763123
27160,0.020763123
27161,0.020763123
27162,0.020763123
27163,0.020763123
27164,0.026687482
27165,0.020763123
27166,0.020763123
27167,0.020763123
27168,0.020763123
27169,0.020763123
27170,0.020763123
27171,0.020763123
27172,0.01999199
27173,0.020763123
27174,0.020763123
27175,0.020763123
27176,0.020763123
27177,0.020763123
27178,0.033502772
27179,0.020763123
27180,0.020763123
27181,0.014229931
27182,0.020763123
27183,0.020763123
27184,0.020763123
27185,0.020763123
27186,0.020763123
27187,0.020763123
27188,0.020763123
27189,0.020763123
27190,0.020763123
27191,0.020763123
27192,0.24740627
27193,0.020763123
27194,0.020763123
27195,0.020763123
27196,0.020994218
27197,0.020994218
27198,0.020994218
27199,0.020994218
27200,0.020994218
27201,0.020994218
27202,0.020994218
27203,0.02195087
27204,0.020994218
27205,0.020994218
27206,0.020994218
27207,0.020994218
27208,0.020994218
27209,0.020994218
27210,0.020994218
27211,0.020994218
27212,0.5387342
27213,0.020994218
27214,0.5118672
27215,0.020994218
27216,0.035901792
27217,0.020994218
27218,0.025074303
27219,0.031621024
27220,0.027422288
27221,0.020994218
27222,0.020994218
27223,0.028160889
27224,0.020994218
27225,0.5978171
27226,0.020994218
27227,0.020994218
27228,0.022002697
27229,0.020994218
27230,0.020994218
27231,0.020994218
27232,0.020994218
27233,0.020994218
27234,0.020994218
27235,0.020994218
27236,0.5085003
27237,0.4351991
27238,0.020994218
27239,0.025431298
27240,0.023038944
27241,0.027008992
27242,0.020994218
27243,0.020994218
27244,0.020994218
27245,0.020994218
27246,0.5126051
27247,0.254334
27248,0.021459008
27249,0.5772425
27250,0.020994218
27251,0.51293087
27252,0.020994218
27253,0.26335236
27254,0.020994218
27255,0.020994218
27256,0.020994218
27257,0.020994218
27258,0.020994218
27259,0.025570992
27260,0.023805106
27261,0.020994218
27262,0.022881353
27263,0.4083488
27264,0.020994218
27265,0.020994218
27266,0.020994218
27267,0.020994218
27268,0.020994218
27269,0.020994218
27270,0.020994218
27271,0.020994218
27272,0.020994218
27273,0.03992498
27274,0.020994218
27275,0.036080398
27276,0.020994218
27277,0.020994218
27278,0.020994218
27279,0.020994218
27280,0.020994218
27281,0.4299264
27282,0.024863938
27283,0.020994218
27284,0.020994218
27285,0.25330546
27286,0.020994218
27287,0.020994218
27288,0.020994218
27289,0.020994218
27290,0.020994218
27291,0.020994218
27292,0.020994218
27293,0.020994218
27294,0.021741476
27295,0.021917162
27296,0.44967085
27297,0.020994218
27298,0.40954173
27299,0.020994218
27300,0.020994218
27301,0.020994218
27302,0.020994218
27303,0.020994218
27304,0.51910424
27305,0.020994218
27306,0.020994218
27307,0.020994218
27308,0.020994218
27309,0.020994218
27310,0.020994218
27311,0.4572866
27312,0.020994218
27313,0.020994218
27314,0.020994218
27315,0.020994218
27316,0.020994218
27317,0.020994218
27318,0.020994218
27319,0.020994218
27320,0.02484916
27321,0.02921802
27322,0.020994218
27323,0.022309344
27324,0.020994218
27325,0.020994218
27326,0.020994218
27327,0.020994218
27328,0.020994218
27329,0.020994218
27330,0.020994218
27331,0.52898324
27332,0.020994218
27333,0.020994218
27334,0.020994218
27335,0.020994218
27336,0.020994218
27337,0.020994218
27338,0.020994218
27339,0.020994218
27340,0.020994218
27341,0.020489078
27342,0.25820822
27343,0.020994218
27344,0.020994218
27345,0.020994218
27346,0.020994218
27347,0.020994218
27348,0.026365483
27349,0.020994218
27350,0.020994218
27351,0.020994218
27352,0.020994218
27353,0.020994218
27354,0.020994218
27355,0.020994218
27356,0.2508748
27357,0.020994218
27358,0.4931239
27359,0.50697356
27360,0.25065944
27361,0.020994218
27362,0.020994218
27363,0.020994218
27364,0.020994218
27365,0.020994218
27366,0.020994218
27367,0.023354955
27368,0.020994218
27369,0.4572974
27370,0.023250613
27371,0.020994218
27372,0.020994218
27373,0.020994218
27374,0.020994218
27375,0.020994218
27376,0.020994218
27377,0.020994218
27378,0.020994218
27379,0.020994218
27380,0.020994218
27381,0.020994218
27382,0.020994218
27383,0.020994218
27384,0.020994218
27385,0.020994218
27386,0.020994218
27387,0.25425503
27388,0.4918006
27389,0.020994218
27390,0.020994218
27391,0.020994218
27392,0.020994218
27393,0.020994218
27394,0.020994218
27395,0.020994218
27396,0.020994218
27397,0.021541502
27398,0.020994218
27399,0.020994218
27400,0.020994218
27401,0.020994218
27402,0.020994218
27403,0.020994218
27404,0.020994218
27405,0.023131434
27406,0.020994218
27407,0.020994218
27408,0.020994218
27409,0.020994218
27410,0.020994218
27411,0.020994218
27412,0.020994218
27413,0.020994218
27414,0.020994218
27415,0.021460598
27416,0.020994218
27417,0.41425508
27418,0.25072816
27419,0.25089806
27420,0.020994218
27421,0.020994218
27422,0.020994218
27423,0.020994218
27424,0.020994218
27425,0.020994218
27426,0.020994218
27427,0.020994218
27428,0.020994218
27429,0.020994218
27430,0.020994218
27431,0.020994218
27432,0.020994218
27433,0.020994218
27434,0.020994218
27435,0.020994218
27436,0.020994218
27437,0.020994218
27438,0.020994218
27439,0.022457818
27440,0.52966744
27441,0.020994218
27442,0.021265013
27443,0.020994218
27444,0.020994218
27445,0.020994218
27446,0.020994218
27447,0.020994218
27448,0.24990606
27449,0.020994218
27450,0.020994218
27451,0.020994218
27452,0.020994218
27453,0.020994218
27454,0.020994218
27455,0.020994218
27456,0.020994218
27457,0.24778697
27458,0.020994218
27459,0.020994218
27460,0.022945043
27461,0.4323902
27462,0.020994218
27463,0.020994218
27464,0.40783128
27465,0.020994218
27466,0.021259235
27467,0.25092718
27468,0.020994218
27469,0.020994218
27470,0.020994218
27471,0.020994218
27472,0.020994218
27473,0.036117475
27474,0.020994218
27475,0.048605975
27476,0.020994218
27477,0.026365483
27478,0.020994218
27479,0.020994218
27480,0.020994218
27481,0.020994218
27482,0.020994218
27483,0.025446717
27484,0.025491139
27485,0.24758285
27486,0.020994218
27487,0.020994218
27488,0.020994218
27489,0.028334359
27490,0.5223447
27491,0.020994218
27492,0.020994218
27493,0.020994218
27494,0.020994218
27495,0.020994218
27496,0.5096071
27497,0.020994218
27498,0.02443461
27499,0.459412
27500,0.022070343
27501,0.020994218
27502,0.020994218
27503,0.5392107
27504,0.4429518
27505,0.020994218
27506,0.020994218
27507,0.020994218
27508,0.02706514
27509,0.024472935
27510,0.033477675
27511,0.511621
27512,0.020994218
27513,0.027008992
27514,0.020994218
27515,0.020994218
27516,0.020994218
27517,0.020994218
27518,0.025245791
27519,0.5327078
27520,0.020994218
27521,0.5330969
27522,0.020994218
27523,0.020994218
27524,0.5123301
27525,0.020994218
27526,0.020994218
27527,0.020994218
27528,0.020994218
27529,0.39905667
27530,0.41079584
27531,0.020994218
27532,0.2412363
27533,0.025475431
27534,0.24014379
27535,0.5161525
27536,0.509749
27537,0.020994218
27538,0.2732483
27539,0.24731243
27540,0.25383013
27541,0.5082843
27542,0.5088499
27543,0.41030854
27544,0.020994218
27545,0.25843838
27546,0.020994218
27547,0.020994218
27548,0.020994218
27549,0.020994218
27550,0.020994218
27551,0.020994218
27552,0.020994218
27553,0.020994218
27554,0.020994218
27555,0.020994218
27556,0.020994218
27557,0.2467862
27558,0.2539006
27559,0.2512223
27560,0.020994218
27561,0.020994218
27562,0.2600119
27563,0.020994218
27564,0.45830914
27565,0.5090408
27566,0.5115264
27567,0.020994218
27568,0.020994218
27569,0.020994218
27570,0.2519784
27571,0.42671186
27572,0.020994218
27573,0.020994218
27574,0.020994218
27575,0.020994218
27576,0.020994218
27577,0.020994218
27578,0.020994218
27579,0.51210093
27580,0.020994218
27581,0.020994218
27582,0.020994218
27583,0.020994218
27584,0.020994218
27585,0.020994218
27586,0.2528652
27587,0.4380175
27588,0.020994218
27589,0.24940744
27590,0.020994218
27591,0.020994218
27592,0.48340455
27593,0.54348814
27594,0.43914336
27595,0.020994218
27596,0.24758285
27597,0.020994218
27598,0.020994218
27599,0.5367989
27600,0.020994218
27601,0.25528836
27602,0.020994218
27603,0.020994218
27604,0.020994218
27605,0.020994218
27606,0.027425008
27607,0.022999715
27608,0.020994218
27609,0.43484116
27610,0.40783128
27611,0.24264619
27612,0.023708357
27613,0.020994218
27614,0.020994218
27615,0.020994218
27616,0.020994218
27617,0.020994218
27618,0.020994218
27619,0.022053795
27620,0.0217437
27621,0.020994218
27622,0.020994218
27623,0.4925059
27624,0.83355975
27625,0.63862073
27626,0.022884171
27627,0.020994218
27628,0.25008437
27629,0.020994218
27630,0.4291105
27631,0.020994218
27632,0.020994218
27633,0.020994218
27634,0.020994218
27635,0.020994218
27636,0.020994218
27637,0.020994218
27638,0.41685694
27639,0.523037
27640,0.020994218
27641,0.020994218
27642,0.022575922
27643,0.020994218
27644,0.020994218
27645,0.5105187
27646,0.23676465
27647,0.020994218
27648,0.020994218
27649,0.020994218
27650,0.02143954
27651,0.020994218
27652,0.020994218
27653,0.44607055
27654,0.25001243
27655,0.25807652
27656,0.020994218
27657,0.020994218
27658,0.020994218
27659,0.020994218
27660,0.020994218
27661,0.25300044
27662,0.020994218
27663,0.020994218
27664,0.020994218
27665,0.020994218
27666,0.4315847
27667,0.66793555
27668,0.25435272
27669,0.028826179
27670,0.021117177
27671,0.021875411
27672,0.021341994
27673,0.38259104
27674,0.020994218
27675,0.020994218
27676,0.020994218
27677,0.034400225
27678,0.026695618
27679,0.02324349
27680,0.5383697
27681,0.25110132
27682,0.023841446
27683,0.7339742
27684,0.023262298
27685,0.020994218
27686,0.025927536
27687,0.25004104
27688,0.020994218
27689,0.020994218
27690,0.02501902
27691,0.020994218
27692,0.020994218
27693,0.020994218
27694,0.020994218
27695,0.024044292
27696,0.50548637
27697,0.020994218
27698,0.25474185
27699,0.25116035
27700,0.022127178
27701,0.021216819
27702,0.50862485
27703,0.020994218
27704,0.033684086
27705,0.020994218
27706,0.020994218
27707,0.5385171
27708,0.25143346
27709,0.020994218
27710,0.44261473
27711,0.52176094
27712,0.020994218
27713,0.24778697
27714,0.021830035
27715,0.020994218
27716,0.020994218
27717,0.020994218
27718,0.020994218
27719,0.020994218
27720,0.020994218
27721,0.020994218
27722,0.020994218
27723,0.020994218
27724,0.02310372
27725,0.49119765
27726,0.57593983
27727,0.50080454
27728,0.4442214
27729,0.4454249
27730,0.020994218
27731,0.020994218
27732,0.020994218
27733,0.261822
27734,0.026152687
27735,0.026365483
27736,0.020994218
27737,0.020994218
27738,0.027855111
27739,0.020994218
27740,0.020994218
27741,0.022784637
27742,0.020994218
27743,0.020994218
27744,0.020994218
27745,0.020994218
27746,0.020994218
27747,0.020994218
27748,0.020994218
27749,0.020994218
27750,0.020994218
27751,0.40079618
27752,0.023631582
27753,0.4086625
27754,0.57438356
27755,0.55784124
27756,0.25163236
27757,0.2512223
27758,0.020994218
27759,0.020994218
27760,0.020994218
27761,0.020994218
27762,0.020994218
27763,0.5415194
27764,0.020994218
27765,0.020994218
27766,0.020994218
27767,0.020994218
27768,0.025024364
27769,0.020994218
27770,0.020994218
27771,0.0206939
27772,0.020994218
27773,0.020994218
27774,0.020994218
27775,0.020994218
27776,0.020994218
27777,0.52778757
27778,0.47522163
27779,0.2501204
27780,0.6186643
27781,0.51172835
27782,0.48883128
27783,0.020994218
27784,0.020994218
27785,0.020994218
27786,0.020994218
27787,0.020994218
27788,0.020994218
27789,0.020994218
27790,0.020994218
27791,0.020994218
27792,0.439646
27793,0.020994218
27794,0.48989847
27795,0.2467862
27796,0.022486653
27797,0.022423647
27798,0.022778502
27799,0.024617782
27800,0.020994218
27801,0.027485095
27802,0.020994218
27803,0.020994218
27804,0.5749795
27805,0.52237797
27806,0.44962722
27807,0.25330955
27808,0.24706787
27809,0.026592618
27810,0.2512223
27811,0.020994218
27812,0.020994218
27813,0.020994218
27814,0.020994218
27815,0.020994218
27816,0.021630771
27817,0.022837427
27818,0.020994218
27819,0.2540822
27820,0.020994218
27821,0.020994218
27822,0.49114674
27823,0.020994218
27824,0.020994218
27825,0.26736096
27826,0.020994218
27827,0.020994218
27828,0.2492978
27829,0.024897255
27830,0.020994218
27831,0.2500953
27832,0.020994218
27833,0.020994218
27834,0.020994218
27835,0.020994218
27836,0.022449024
27837,0.020994218
27838,0.020994218
27839,0.020994218
27840,0.020994218
27841,0.2510476
27842,0.020994218
27843,0.020994218
27844,0.020994218
27845,0.022819098
27846,0.020994218
27847,0.020994218
27848,0.020994218
27849,0.020994218
27850,0.03500628
27851,0.48676077
27852,0.5237712
27853,0.020994218
27854,0.020994218
27855,0.020994218
27856,0.020994218
27857,0.030445777
27858,0.020994218
27859,0.020994218
27860,0.020994218
27861,0.020994218
27862,0.020994218
27863,0.020994218
27864,0.031621024
27865,0.020994218
27866,0.020994218
27867,0.44139266
27868,0.020994218
27869,0.020994218
27870,0.24815048
27871,0.020994218
27872,0.020994218
27873,0.50360674
27874,0.020994218
27875,0.020994218
27876,0.020994218
27877,0.2515289
27878,0.020994218
27879,0.020994218
27880,0.020994218
27881,0.026525153
27882,0.020994218
27883,0.020994218
27884,0.020994218
27885,0.020994218
27886,0.023502853
27887,0.020994218
27888,0.020994218
27889,0.02408738
27890,0.020994218
27891,0.020994218
27892,0.020994218
27893,0.020994218
27894,0.020994218
27895,0.41990653
27896,0.020994218
27897,0.020994218
27898,0.020994218
27899,0.020994218
27900,0.020994218
27901,0.03459235
27902,0.020994218
27903,0.25055993
27904,0.020994218
27905,0.020994218
27906,0.020994218
27907,0.020994218
27908,0.020994218
27909,0.020994218
27910,0.42048338
27911,0.020994218
27912,0.020994218
27913,0.2553938
27914,0.020994218
27915,0.020994218
27916,0.020994218
27917,0.020994218
27918,0.26333678
27919,0.5156151
27920,0.024261793
27921,0.020994218
27922,0.020994218
27923,0.020994218
27924,0.020994218
27925,0.020994218
27926,0.24731243
27927,0.020994218
27928,0.021866146
27929,0.4717163
27930,0.020994218
27931,0.020994218
27932,0.020994218
27933,0.020994218
27934,0.020994218
27935,0.020994218
27936,0.021082494
27937,0.2467862
27938,0.020994218
27939,0.25874978
27940,0.020994218
27941,0.020994218
27942,0.020994218
27943,0.020994218
27944,0.020994218
27945,0.020994218
27946,0.020994218
27947,0.020994218
27948,0.020994218
27949,0.020994218
27950,0.020994218
27951,0.020994218
27952,0.020994218
27953,0.025139354
27954,0.020994218
27955,0.020994218
27956,0.020994218
27957,0.020994218
27958,0.020994218
27959,0.021722056
27960,0.020994218
27961,0.4156328
27962,0.020994218
27963,0.023243144
27964,0.020994218
27965,0.020994218
27966,0.020994218
27967,0.020994218
27968,0.020994218
27969,0.020994218
27970,0.024636451
27971,0.020994218
27972,0.020994218
27973,0.020994218
27974,0.020994218
27975,0.02236808
27976,0.020994218
27977,0.020994218
27978,0.021882378
27979,0.020994218
27980,0.020994218
27981,0.020994218
27982,0.46031606
27983,0.020994218
27984,0.020994218
27985,0.020994218
27986,0.020994218
27987,0.020994218
27988,0.020994218
27989,0.25430897
27990,0.020994218
27991,0.020994218
27992,0.020994218
27993,0.027109431
27994,0.020994218
27995,0.2564446
27996,0.020994218
27997,0.020994218
27998,0.020994218
27999,0.020994218
28000,0.020994218
28001,0.020994218
28002,0.23676465
28003,0.026199684
28004,0.2504071
28005,0.020994218
28006,0.020994218
28007,0.020994218
28008,0.020994218
28009,0.020994218
28010,0.020994218
28011,0.020994218
28012,0.020994218
28013,0.020994218
28014,0.020994218
28015,0.020994218
28016,0.023219146
28017,0.020994218
28018,0.02039714
28019,0.020994218
28020,0.5052339
28021,0.020994218
28022,0.020994218
28023,0.020994218
28024,0.020994218
28025,0.020994218
28026,0.020994218
28027,0.020994218
28028,0.020994218
28029,0.020994218
28030,0.020994218
28031,0.020994218
28032,0.020994218
28033,0.023153136
28034,0.020994218
28035,0.020994218
28036,0.020994218
28037,0.020994218
28038,0.020994218
28039,0.020994218
28040,0.020994218
28041,0.020994218
28042,0.020994218
28043,0.020994218
28044,0.020994218
28045,0.020994218
28046,0.020994218
28047,0.020994218
28048,0.020994218
28049,0.020994218
28050,0.020994218
28051,0.020994218
28052,0.4405823
28053,0.020994218
28054,0.020994218
28055,0.020994218
28056,0.020994218
28057,0.020994218
28058,0.020994218
28059,0.020994218
28060,0.020994218
28061,0.020994218
28062,0.25361288
28063,0.020994218
28064,0.020994218
28065,0.020994218
28066,0.020994218
28067,0.020994218
28068,0.020994218
28069,0.020994218
28070,0.020994218
28071,0.020994218
28072,0.020994218
28073,0.020994218
28074,0.020994218
28075,0.25347167
28076,0.020994218
28077,0.020994218
28078,0.020994218
28079,0.020994218
28080,0.020994218
28081,0.020994218
28082,0.020994218
28083,0.020994218
28084,0.020994218
28085,0.020994218
28086,0.020994218
28087,0.020994218
28088,0.24876392
28089,0.020994218
28090,0.020994218
28091,0.020994218
28092,0.020994218
28093,0.020994218
28094,0.07493239
28095,0.12302009
28096,0.037433587
28097,0.049086418
28098,0.12840955
28099,0.041490745
28100,0.06094951
28101,0.075259276
28102,0.048889685
28103,0.13497542
28104,0.04442371
28105,0.035436995
28106,0.040180966
28107,0.039324824
28108,0.2511883
28109,0.047701105
28110,0.052019868
28111,0.24353105
28112,0.47219384
28113,0.03655531
28114,0.04599317
28115,0.03463248
28116,0.25218597
28117,0.040428787
28118,0.25945807
28119,0.055621766
28120,0.27616978
28121,0.08971063
28122,0.05301953
28123,0.05775055
28124,0.036262263
28125,0.042069163
28126,0.27202272
28127,0.050920926
28128,0.6473332
28129,0.24524179
28130,0.049740728
28131,0.03924245
28132,0.06776065
28133,0.05210456
28134,0.040098395
28135,0.033207852
28136,0.03868777
28137,0.036016636
28138,0.038234524
28139,0.030635355
28140,0.06620875
28141,0.2583565
28142,0.51404196
28143,0.5524104
28144,0.08758446
28145,0.05223706
28146,0.040577654
28147,0.041536886
28148,0.121203065
28149,0.0573066
28150,0.049923696
28151,0.03852457
28152,0.03794714
28153,0.039312292
28154,0.49372685
28155,0.09776252
28156,0.07044701
28157,0.4141657
28158,0.045930963
28159,0.038918223
28160,0.52264905
28161,0.04619987
28162,0.037433587
28163,0.5633726
28164,0.031089421
28165,0.034501903
28166,0.07065449
28167,0.052221768
28168,0.053099733
28169,0.095532045
28170,0.12077448
28171,0.06491538
28172,0.031658918
28173,0.04896939
28174,0.2967612
28175,0.060216215
28176,0.035684474
28177,0.059209425
28178,0.03862015
28179,0.040926263
28180,0.039830137
28181,0.035208683
28182,0.041634336
28183,0.06094951
28184,0.045266733
28185,0.077981934
28186,0.04384962
28187,0.05525745
28188,0.27967265
28189,0.041288085
28190,0.032983236
28191,0.046682674
28192,0.054123987
28193,0.037387718
28194,0.03073869
28195,0.5560292
28196,0.2936963
28197,0.06459836
28198,0.097290136
28199,0.29802868
28200,0.07350339
28201,0.038563028
28202,0.03204833
28203,0.042435274
28204,0.032935962
28205,0.04672732
28206,0.06381235
28207,0.1193092
28208,0.040505357
28209,0.4775145
28210,0.47349954
28211,0.037596833
28212,0.040096615
28213,0.035201978
28214,0.068629086
28215,0.03204833
28216,0.49187043
28217,0.031420413
28218,0.07302945
28219,0.03489858
28220,0.048629478
28221,0.045387305
28222,0.052810118
28223,0.12345789
28224,0.5489778
28225,0.092738576
28226,0.23685703
28227,0.031262226
28228,0.032440946
28229,0.037052535
28230,0.06736311
28231,0.04878504
28232,0.07396437
28233,0.17634997
28234,0.13372429
28235,0.06293894
28236,0.050170533
28237,0.0441012
28238,0.04926767
28239,0.0441012
28240,0.053647418
28241,0.0499332
28242,0.55284727
28243,0.06965212
28244,0.09402573
28245,0.059419245
28246,0.03655531
28247,0.031658918
28248,0.04338116
28249,0.040453866
28250,0.033445545
28251,0.114846624
28252,0.17493811
28253,0.5283061
28254,0.07434314
28255,0.05306436
28256,0.06225849
28257,0.07299094
28258,0.051065184
28259,0.03108215
28260,0.07032371
28261,0.045175213
28262,0.03204833
28263,0.04799605
28264,0.16784862
28265,0.06568694
28266,0.030998053
28267,0.03204833
28268,0.031032044
28269,0.27691942
28270,0.12330819
28271,0.48417804
28272,0.49938032
28273,0.5268372
28274,0.09808811
28275,0.11627364
28276,0.04044623
28277,0.059419245
28278,0.06832112
28279,0.10670597
28280,0.042514306
28281,0.6989022
28282,0.11862616
28283,0.043551024
28284,0.03870714
28285,0.11139244
28286,0.062571146
28287,0.051081352
28288,0.030873043
28289,0.03796566
28290,0.036026686
28291,0.04031099
28292,0.051866796
28293,0.042961605
28294,0.059573997
28295,0.04485143
28296,0.26288205
28297,0.0925291
28298,0.12700328
28299,0.29059312
28300,0.54188544
28301,0.09482383
28302,0.0654724
28303,0.113789596
28304,0.05932931
28305,0.045383036
28306,0.06792049
28307,0.14076369
28308,0.067897156
28309,0.119843
28310,0.059579633
28311,0.09214855
28312,0.040094133
28313,0.05266852
28314,0.037071988
28315,0.07069377
28316,0.031658918
28317,0.044793356
28318,0.04777435
28319,0.042159256
28320,0.038173612
28321,0.050474003
28322,0.067487694
28323,0.111390285
28324,0.14565115
28325,0.16942692
28326,0.5188756
28327,0.27630565
28328,0.29316473
28329,0.032040037
28330,0.10559721
28331,0.078656584
28332,0.059387412
28333,0.14045374
28334,0.032837633
28335,0.060706176
28336,0.064979084
28337,0.056942236
28338,0.07467185
28339,0.08905161
28340,0.043487675
28341,0.05670222
28342,0.04678111
28343,0.0775276
28344,0.038563028
28345,0.06514843
28346,0.04187667
28347,0.10020825
28348,0.26967242
28349,0.58945954
28350,0.16077062
28351,0.13850534
28352,0.10065891
28353,0.08114006
28354,0.1363661
28355,0.090382926
28356,0.07653815
28357,0.043154333
28358,0.031855337
28359,0.57788986
28360,0.090382926
28361,0.09960447
28362,0.0721576
28363,0.11607699
28364,0.03438638
28365,0.041896828
28366,0.0449834
28367,0.049132187
28368,0.079595044
28369,0.52143145
28370,0.09010189
28371,0.06255576
28372,0.15542619
28373,0.7716701
28374,0.12490803
28375,0.032983236
28376,0.5041231
28377,0.073197454
28378,0.22213875
28379,0.26295626
28380,0.101395585
28381,0.03199847
28382,0.07039163
28383,0.06094951
28384,0.1342704
28385,0.16057692
28386,0.049369972
28387,0.13288093
28388,0.08286725
28389,0.10367117
28390,0.03204833
28391,0.0441012
28392,0.04370842
28393,0.077999465
28394,0.1242073
28395,0.04010389
28396,0.1506215
28397,0.25786176
28398,0.55661
28399,0.111308105
28400,0.073189564
28401,0.12716004
28402,0.18664363
28403,0.571103
28404,0.10202043
28405,0.055931315
28406,0.030873043
28407,0.061318528
28408,0.660098
28409,0.06825736
28410,0.10566954
28411,0.5797896
28412,0.30144238
28413,0.03736942
28414,0.05576327
28415,0.094410755
28416,0.49141225
28417,0.5218077
28418,0.032619715
28419,0.18755695
28420,0.15704848
28421,0.26851797
28422,0.2177486
28423,0.16421157
28424,0.20453636
28425,0.643894
28426,0.042318333
28427,0.04624266
28428,0.065716594
28429,0.07962744
28430,0.069189854
28431,0.21765928
28432,0.77136284
28433,0.1187767
28434,0.61674786
28435,0.039363217
28436,0.08589388
28437,0.38217565
28438,0.035532445
28439,0.07114775
28440,0.10011798
28441,0.06365866
28442,0.043251548
28443,0.040098395
28444,0.4935608
28445,0.28903767
28446,0.13531283
28447,0.30103835
28448,0.18568206
28449,0.3008755
28450,0.55436134
28451,0.49323204
28452,0.2758305
28453,0.26319563
28454,0.15209967
28455,0.8940953
28456,0.57331926
28457,0.5001654
28458,0.032589138
28459,0.03777692
28460,0.3021108
28461,0.06762413
28462,0.07829237
28463,0.033951305
28464,0.03702259
28465,0.081988305
28466,0.030873043
28467,0.031658918
28468,0.04443651
28469,0.031478826
28470,0.27825463
28471,0.16766179
28472,0.14162552
28473,0.16054013
28474,0.12058372
28475,0.2877282
28476,0.2801386
28477,0.038563028
28478,0.13768576
28479,0.28465778
28480,0.03755699
28481,0.07835061
28482,0.66750056
28483,0.8330132
28484,0.6791834
28485,0.033789
28486,0.04549663
28487,0.045886077
28488,0.03219971
28489,0.60311705
28490,0.071062535
28491,0.054674175
28492,0.052155916
28493,0.059784446
28494,0.031658918
28495,0.033789
28496,0.08527788
28497,0.07633967
28498,0.12771696
28499,0.04882969
28500,0.5649862
28501,0.045175213
28502,0.07006747
28503,0.16814782
28504,0.1259873
28505,0.10135562
28506,0.07665529
28507,0.27583152
28508,0.28985068
28509,0.044801418
28510,0.2702128
28511,0.08006264
28512,0.118336156
28513,0.7348066
28514,0.890967
28515,0.5655201
28516,0.06400809
28517,0.12791297
28518,0.038563028
28519,0.48826063
28520,0.12576121
28521,0.2767786
28522,0.06381993
28523,0.046597715
28524,0.059573997
28525,0.07451957
28526,0.14063868
28527,0.24605663
28528,0.08455492
28529,0.7041621
28530,0.48220953
28531,0.2950234
28532,0.19887586
28533,0.14200872
28534,0.068441704
28535,0.18519762
28536,0.09402573
28537,0.040577654
28538,0.13209534
28539,0.1272324
28540,0.03605921
28541,0.07447854
28542,0.034811996
28543,0.8234198
28544,1.0735253
28545,0.8598876
28546,0.13686982
28547,0.03108215
28548,0.35449782
28549,0.050190046
28550,0.48561797
28551,0.03478306
28552,0.030476354
28553,0.038563028
28554,0.038741346
28555,0.08429082
28556,0.17417903
28557,0.114207156
28558,0.6366876
28559,0.73616034
28560,0.15411845
28561,0.17194423
28562,0.19442658
28563,0.21887517
28564,0.10512928
28565,0.49119022
28566,0.2915137
28567,0.03843759
28568,0.09192358
28569,0.13866071
28570,0.14688484
28571,0.10977934
28572,0.30216175
28573,0.5476421
28574,0.29417092
28575,0.079937756
28576,0.040112168
28577,0.21454951
28578,0.034886308
28579,0.0783653
28580,0.33504158
28581,0.05244335
28582,0.05922057
28583,0.08237948
28584,0.07836368
28585,0.6128921
28586,1.0383003
28587,0.38533932
28588,0.36370113
28589,0.18304178
28590,0.21043617
28591,0.20645252
28592,0.6159887
28593,0.111308105
28594,0.045266733
28595,0.0731373
28596,0.042110942
28597,0.2657549
28598,0.15951937
28599,0.25955364
28600,0.30454144
28601,0.30489677
28602,0.3287307
28603,1.076953
28604,0.07843814
28605,0.055013042
28606,0.12310901
28607,0.26600516
28608,0.05034365
28609,0.072534665
28610,0.2763528
28611,0.08382032
28612,0.06701687
28613,0.05922057
28614,0.11940307
28615,0.22760968
28616,0.69506025
28617,0.40483528
28618,0.39613217
28619,0.39727855
28620,0.21969953
28621,0.18676841
28622,0.25213754
28623,0.04480741
28624,0.18410411
28625,0.08119937
28626,0.08686384
28627,0.5372853
28628,0.3206269
28629,0.064675786
28630,0.67197406
28631,0.5631775
28632,0.030476354
28633,0.11371572
28634,0.23853147
28635,0.09520975
28636,0.051369317
28637,0.045098096
28638,0.0321756
28639,0.056524273
28640,0.06816637
28641,0.1271173
28642,0.18393067
28643,0.17286456
28644,0.65217906
28645,0.9661023
28646,0.6696505
28647,0.64433193
28648,0.8020492
28649,0.10900622
28650,0.07355878
28651,0.061358973
28652,0.15647677
28653,0.27720132
28654,0.07522067
28655,0.24874805
28656,0.038845763
28657,0.1889891
28658,0.055644777
28659,0.13393795
28660,0.04059753
28661,0.03607389
28662,0.037173342
28663,0.05936259
28664,0.03614597
28665,0.057790995
28666,0.15928945
28667,0.08445388
28668,0.11759282
28669,0.5728838
28670,0.23897117
28671,0.597451
28672,1.0801123
28673,0.84147984
28674,0.38875574
28675,0.28497687
28676,0.098339036
28677,0.13084362
28678,0.045939364
28679,0.038845763
28680,0.046118386
28681,0.74494594
28682,0.08323758
28683,0.039065577
28684,0.26989523
28685,0.07831174
28686,0.2812288
28687,0.052884605
28688,0.08904197
28689,0.04777862
28690,0.045286935
28691,0.06348686
28692,0.1409286
28693,0.1685784
28694,0.7195189
28695,0.76707494
28696,0.26744586
28697,1.1307759
28698,0.659336
28699,0.6491308
28700,0.14906658
28701,0.053099677
28702,0.050292242
28703,0.09397653
28704,0.11337986
28705,0.0596904
28706,0.24134713
28707,0.7311502
28708,0.094122544
28709,0.62069464
28710,0.27047345
28711,0.15237321
28712,0.20512976
28713,0.1674938
28714,0.1882205
28715,0.0417282
28716,0.04629326
28717,0.059351005
28718,0.19074251
28719,0.7545139
28720,0.5890644
28721,0.66610247
28722,0.5194122
28723,0.40567794
28724,0.19236532
28725,0.26707944
28726,0.042526834
28727,0.037433587
28728,0.09839328
28729,0.0487355
28730,0.15053812
28731,0.24303131
28732,0.0737187
28733,0.61668295
28734,0.06384612
28735,0.11106887
28736,0.5826346
28737,0.104329534
28738,0.030873043
28739,0.044870045
28740,0.177486
28741,0.28847373
28742,0.07829237
28743,0.028382925
28744,0.28054827
28745,0.32305667
28746,0.09838743
28747,0.0925291
28748,0.27742863
28749,0.07225564
28750,0.11020104
28751,0.14686692
28752,0.26579082
28753,0.08284585
28754,0.09348793
28755,0.040441472
28756,0.16248997
28757,0.13411252
28758,0.06230536
28759,0.17645362
28760,0.08706068
28761,0.096417785
28762,0.07923041
28763,0.220672
28764,0.61528146
28765,0.58542377
28766,0.03204833
28767,0.0367145
28768,0.07467185
28769,0.09808811
28770,0.031658918
28771,0.0887262
28772,0.13729905
28773,0.062269397
28774,0.055013042
28775,0.044735674
28776,0.060621485
28777,0.04638986
28778,0.03576921
28779,0.102927186
28780,0.084690064
28781,0.14521225
28782,0.55691206
28783,0.040471017
28784,0.10589636
28785,0.09975708
28786,0.15268064
28787,0.5113571
28788,0.0391693
28789,0.03910383
28790,0.27645132
28791,0.053462945
28792,0.062719874
28793,0.04145598
28794,0.08691789
28795,0.28942397
28796,0.038853034
28797,0.038720705
28798,0.038563028
28799,0.03482565
28800,0.28536627
28801,0.037391268
28802,0.038166337
28803,0.050939366
28804,0.19544801
28805,0.09408478
28806,0.059969675
28807,0.043711785
28808,0.059573997
28809,0.11976777
28810,0.6389074
28811,0.038635116
28812,0.040180966
28813,0.030823175
28814,0.079539046
28815,0.0955167
28816,0.26955333
28817,0.09763928
28818,0.18702212
28819,0.1284109
28820,0.052354332
28821,0.04145598
28822,0.07522067
28823,0.056631047
28824,0.075158186
28825,0.5820482
28826,0.033178337
28827,0.036262263
28828,0.29712266
28829,0.04519689
28830,0.17019626
28831,0.063722506
28832,0.04066811
28833,0.61675954
28834,0.94605845
28835,0.21863444
28836,0.058005005
28837,0.030873043
28838,0.049005654
28839,0.053889576
28840,0.043726746
28841,0.108143605
28842,0.06752319
28843,0.07531292
28844,1.0181952
28845,0.09408478
28846,0.030876584
28847,0.087514326
28848,0.14066708
28849,0.037767366
28850,0.07192503
28851,0.15331256
28852,0.6997014
28853,0.08012169
28854,0.29327404
28855,0.049740728
28856,0.03773847
28857,0.038563028
28858,0.032935962
28859,0.056298044
28860,0.13930228
28861,0.03655531
28862,0.04545721
28863,0.028382925
28864,0.109628886
28865,0.07676239
28866,0.038173612
28867,0.038125176
28868,0.073737785
28869,0.051060308
28870,0.16040781
28871,0.08565678
28872,0.031099254
28873,0.053889576
28874,0.11028271
28875,0.10764212
28876,0.042435274
28877,0.08589675
28878,0.6572612
28879,0.058256794
28880,0.08281403
28881,0.06592592
28882,0.06534744
28883,0.05728432
28884,0.07436669
28885,0.039972533
28886,0.05653183
28887,0.29502302
28888,0.06406931
28889,0.042961605
28890,0.09241839
28891,0.055748187
28892,0.037387718
28893,0.03953247
28894,0.11586194
28895,0.08321171
28896,0.033822592
28897,0.061676115
28898,0.51820505
28899,0.049265075
28900,0.04916276
28901,0.035060495
28902,0.054805942
28903,0.061172336
28904,0.05909757
28905,0.2718566
28906,0.10589636
28907,0.031658918
28908,0.049014192
28909,0.11020104
28910,0.15407713
28911,0.102959946
28912,0.13460237
28913,0.118507735
28914,0.042491533
28915,0.047370136
28916,0.06264696
28917,0.19530976
28918,0.10046534
28919,0.038563028
28920,0.03781457
28921,0.046922892
28922,0.032005742
28923,0.03842383
28924,0.04566027
28925,0.030823175
28926,0.032395147
28927,0.03910383
28928,0.096417785
28929,0.09059323
28930,0.17684801
28931,0.034185685
28932,0.15345575
28933,0.2898492
28934,0.030476354
28935,0.03910383
28936,0.050920926
28937,0.04618958
28938,0.03102374
28939,0.039721508
28940,0.03143623
28941,0.065744616
28942,0.04333144
28943,0.031394728
28944,0.07586863
28945,0.030476354
28946,0.032395147
28947,0.08080482
28948,0.04010389
28949,0.07115743
28950,0.032395147
28951,0.03204833
28952,0.030642627
28953,0.036380686
28954,0.07346789
28955,0.056482688
28956,0.058004342
28957,0.061493933
28958,0.042514306
28959,0.1003079
28960,0.036991023
28961,0.040453866
28962,0.031658918
28963,0.49195656
28964,0.05368677
28965,0.052253
28966,0.28459626
28967,0.039244354
28968,0.034416094
28969,0.06782141
28970,0.03954351
28971,0.031658918
28972,0.0596904
28973,0.0877446
28974,0.09272489
28975,0.03453083
28976,0.047619596
28977,0.05596583
28978,0.077220395
28979,0.054697666
28980,0.03844864
28981,0.05283361
28982,0.042932454
28983,0.03137885
28984,0.035504386
28985,0.042633526
28986,0.040217616
28987,0.15898483
28988,0.038073894
28989,0.08285875
28990,0.03204833
28991,0.04343401
28992,0.059573997
28993,0.034134146
28994,0.03108215
28995,0.049954236
28996,0.06568694
28997,0.2435831
28998,0.27080122
28999,0.03607389
29000,0.13263191
29001,0.03770264
29002,0.041118458
29003,0.023698568
29004,0.031503588
29005,0.061270244
29006,0.020936433
29007,0.0135968495
29008,0.033251923
29009,0.049363922
29010,0.031866673
29011,0.06585698
29012,0.0336009
29013,0.036413
29014,0.031866673
29015,0.2690132
29016,0.0336009
29017,0.029156175
29018,0.2686946
29019,0.45083427
29020,0.031866673
29021,0.26734883
29022,0.033016663
29023,0.50578016
29024,0.036061037
29025,0.07616756
29026,0.053738456
29027,0.04494919
29028,0.014546838
29029,0.018246436
29030,0.034993906
29031,0.02902257
29032,0.043999508
29033,0.0336009
29034,0.5892563
29035,0.26124087
29036,0.033932287
29037,0.03363459
29038,0.26844293
29039,0.03363459
29040,0.031535286
29041,0.031866673
29042,0.030091418
29043,0.03762802
29044,0.26859975
29045,0.5330701
29046,0.46444118
29047,0.05293966
29048,0.033932287
29049,0.031899262
29050,0.26243886
29051,0.020138199
29052,0.03546906
29053,0.031427395
29054,0.03338148
29055,0.032853957
29056,0.49649715
29057,0.053198483
29058,0.26698494
29059,0.43543527
29060,0.043464314
29061,0.033050094
29062,0.42109814
29063,0.02902257
29064,0.26069856
29065,0.02902257
29066,0.032407474
29067,0.046926986
29068,0.031535286
29069,0.035325292
29070,0.055069547
29071,0.2681496
29072,0.033050094
29073,0.02902257
29074,0.032407474
29075,0.2623503
29076,0.03572965
29077,0.032407474
29078,0.036061037
29079,0.031483453
29080,0.031866673
29081,0.029181572
29082,0.032076087
29083,0.050645854
29084,0.050833095
29085,0.0355749
29086,0.5210508
29087,0.031535286
29088,0.035475206
29089,0.030646918
29090,0.0135968495
29091,0.014546838
29092,0.4438167
29093,0.060640734
29094,0.036061037
29095,0.4495956
29096,0.42647475
29097,0.04542962
29098,0.033303205
29099,0.02375978
29100,0.021063201
29101,0.017572723
29102,0.032076087
29103,0.03181484
29104,0.0355992
29105,0.034142617
29106,0.061984785
29107,0.032261107
29108,0.2742239
29109,0.54699266
29110,0.033016663
29111,0.031866673
29112,0.02902257
29113,0.5298352
29114,0.031535286
29115,0.04387043
29116,0.03358331
29117,0.034325633
29118,0.05858177
29119,0.54485387
29120,0.01752552
29121,0.049363922
29122,0.035475206
29123,0.029857472
29124,0.02902257
29125,0.031535286
29126,0.03590629
29127,0.013672015
29128,0.038144812
29129,0.079785995
29130,0.06432864
29131,0.035630528
29132,0.031866673
29133,0.033127543
29134,0.035475206
29135,0.0336009
29136,0.035515647
29137,0.035137672
29138,0.2630447
29139,0.04732402
29140,0.054975323
29141,0.03572965
29142,0.02902257
29143,0.02902257
29144,0.032407474
29145,0.042720493
29146,0.031866673
29147,0.056334183
29148,0.28909725
29149,0.2634876
29150,0.04542962
29151,0.035515647
29152,0.04306672
29153,0.042720493
29154,0.045236792
29155,0.03018886
29156,0.042720493
29157,0.03465702
29158,0.02902257
29159,0.06759039
29160,0.04387043
29161,0.03018886
29162,0.030422807
29163,0.02902257
29164,0.2608929
29165,0.055540964
29166,0.415987
29167,0.5344448
29168,0.5308476
29169,0.053738456
29170,0.059260704
29171,0.031866673
29172,0.036061037
29173,0.046926986
29174,0.26428568
29175,0.03363459
29176,0.47770983
29177,0.055785198
29178,0.031535286
29179,0.054975323
29180,0.04542962
29181,0.033016663
29182,0.029857472
29183,0.031535286
29184,0.03363459
29185,0.031221224
29186,0.016491605
29187,0.03465702
29188,0.03338148
29189,0.036061037
29190,0.033050094
29191,0.25915083
29192,0.05277439
29193,0.059260704
29194,0.41755053
29195,0.44624454
29196,0.054975323
29197,0.035342593
29198,0.057646573
29199,0.03546906
29200,0.014546838
29201,0.033251923
29202,0.042720493
29203,0.060462657
29204,0.03590629
29205,0.054975323
29206,0.04387043
29207,0.049363922
29208,0.032407474
29209,0.03338148
29210,0.04629561
29211,0.029857472
29212,0.033050094
29213,0.033050094
29214,0.033415113
29215,0.020684881
29216,0.03334805
29217,0.03546906
29218,0.044158395
29219,0.056334183
29220,0.06479502
29221,0.06759039
29222,0.45489898
29223,0.26619533
29224,0.26802143
29225,0.031866673
29226,0.054975323
29227,0.048120808
29228,0.03465702
29229,0.06257593
29230,0.02902257
29231,0.042720493
29232,0.03546906
29233,0.044311415
29234,0.049058754
29235,0.032407474
29236,0.03572965
29237,0.032407474
29238,0.026314458
29239,0.049363922
29240,0.044158395
29241,0.031535286
29242,0.054975323
29243,0.06729857
29244,0.4229878
29245,0.06759039
29246,0.060856495
29247,0.054975323
29248,0.04899971
29249,0.061270244
29250,0.051647373
29251,0.048322435
29252,0.031866673
29253,0.029181572
29254,0.5076935
29255,0.052006993
29256,0.04732402
29257,0.048322435
29258,0.058023836
29259,0.031866673
29260,0.03334805
29261,0.0355992
29262,0.048007112
29263,0.26268175
29264,0.049363922
29265,0.042720493
29266,0.06751022
29267,0.5643581
29268,0.060274307
29269,0.031535286
29270,0.40991667
29271,0.04387043
29272,0.25980157
29273,0.26055494
29274,0.049058754
29275,0.031866673
29276,0.03462707
29277,0.03334805
29278,0.06257593
29279,0.071808584
29280,0.0355992
29281,0.27159327
29282,0.044311415
29283,0.06368204
29284,0.02902257
29285,0.03345893
29286,0.03465702
29287,0.048007112
29288,0.057646573
29289,0.03345893
29290,0.0668062
29291,0.06922842
29292,0.24723962
29293,0.055392087
29294,0.048120808
29295,0.061270244
29296,0.07464154
29297,0.45062664
29298,0.05415522
29299,0.036061037
29300,0.02902257
29301,0.03590629
29302,0.43860707
29303,0.03518426
29304,0.056055326
29305,0.45601198
29306,0.25839725
29307,0.02392478
29308,0.03590629
29309,0.05238847
29310,0.45108384
29311,0.50787264
29312,0.030422807
29313,0.065559395
29314,0.065518044
29315,0.07207428
29316,0.07658106
29317,0.06891088
29318,0.0820523
29319,0.53805
29320,0.03345893
29321,0.031535286
29322,0.036061037
29323,0.050865773
29324,0.03546906
29325,0.07511884
29326,0.659635
29327,0.05858177
29328,0.45299503
29329,0.0336009
29330,0.051647373
29331,0.272945
29332,0.031866673
29333,0.042720493
29334,0.051008407
29335,0.035475206
29336,0.032586243
29337,0.031535286
29338,0.5437897
29339,0.2671844
29340,0.061270244
29341,0.51711243
29342,0.07437693
29343,0.2521099
29344,0.4457151
29345,0.5202941
29346,0.2714001
29347,0.2600671
29348,0.07108678
29349,0.626629
29350,0.4310618
29351,0.44179165
29352,0.03363459
29353,0.2719091
29354,0.035727266
29355,0.048120808
29356,0.031866673
29357,0.015087642
29358,0.049363922
29359,0.03018886
29360,0.033932287
29361,0.02902257
29362,0.26417997
29363,0.06969756
29364,0.061656196
29365,0.06759039
29366,0.056334183
29367,0.2668202
29368,0.44547296
29369,0.03334805
29370,0.065559395
29371,0.26825878
29372,0.03018886
29373,0.036061037
29374,0.4699417
29375,0.62264305
29376,0.51734114
29377,0.031866673
29378,0.03363459
29379,0.03363459
29380,0.02902257
29381,0.42166537
29382,0.048007112
29383,0.033932287
29384,0.03338148
29385,0.048322435
29386,0.048007112
29387,0.05786162
29388,0.035137672
29389,0.46691677
29390,0.034325633
29391,0.04387043
29392,0.06522698
29393,0.056334183
29394,0.054975323
29395,0.04542962
29396,0.43909264
29397,0.26193467
29398,0.033932287
29399,0.26511842
29400,0.050865773
29401,0.054975323
29402,0.5461925
29403,0.5114064
29404,0.46533796
29405,0.035727266
29406,0.2662857
29407,0.03363459
29408,0.022705173
29409,0.5178512
29410,0.061984785
29411,0.26633853
29412,0.045236792
29413,0.03338148
29414,0.036061037
29415,0.03546906
29416,0.06363548
29417,0.069833875
29418,0.046926986
29419,0.56588024
29420,0.53137565
29421,0.25708866
29422,0.06781819
29423,0.06432864
29424,0.033932287
29425,0.06704255
29426,0.05357624
29427,0.033932287
29428,0.02143078
29429,0.26007158
29430,0.06213493
29431,0.02902257
29432,0.03572965
29433,0.02902257
29434,0.5088388
29435,0.84863013
29436,0.5455632
29437,0.06289307
29438,0.02902257
29439,0.5046668
29440,0.43377486
29441,0.031045554
29442,0.02902257
29443,0.032076087
29444,0.051647373
29445,0.068279415
29446,0.054975323
29447,0.4251537
29448,0.5597003
29449,0.065438494
29450,0.06759039
29451,0.07099139
29452,0.07093442
29453,0.054975323
29454,0.5011184
29455,0.26627597
29456,0.03175878
29457,0.054889105
29458,0.06432864
29459,0.06579769
29460,0.055392087
29461,0.5114453
29462,0.41284126
29463,0.26928204
29464,0.04387043
29465,0.031866673
29466,0.068462275
29467,0.031866673
29468,0.050645854
29469,0.076449916
29470,0.033415113
29471,0.035237264
29472,0.017552352
29473,0.022415176
29474,0.052006993
29475,0.048007112
29476,0.53376055
29477,0.6957849
29478,0.26632366
29479,0.27499607
29480,0.06771335
29481,0.07209633
29482,0.06879766
29483,0.4844819
29484,0.055392087
29485,0.046926986
29486,0.031535286
29487,0.07157918
29488,0.0748822
29489,0.035597324
29490,0.43397006
29491,0.2635026
29492,0.07274274
29493,0.7200467
29494,0.047697697
29495,0.035475206
29496,0.06477247
29497,0.26302594
29498,0.035727266
29499,0.035237264
29500,0.54303294
29501,0.04542962
29502,0.036061037
29503,0.035237264
29504,0.055392087
29505,0.26481503
29506,0.46917078
29507,0.2692841
29508,0.55556417
29509,0.27238303
29510,0.07069977
29511,0.0710673
29512,0.5193527
29513,0.032076087
29514,0.071586065
29515,0.046926986
29516,0.049363922
29517,0.4785064
29518,0.26558223
29519,0.04387043
29520,0.46302238
29521,0.42772114
29522,0.05858177
29523,0.25877067
29524,0.05357624
29525,0.03363459
29526,0.033932287
29527,0.022075556
29528,0.03590629
29529,0.046926986
29530,0.06167469
29531,0.068279415
29532,0.06591171
29533,0.46115482
29534,0.6580796
29535,0.5272284
29536,0.5372698
29537,0.54956704
29538,0.054975323
29539,0.048322435
29540,0.03572965
29541,0.08174914
29542,0.25787458
29543,0.046926986
29544,0.032407474
29545,0.033303205
29546,0.07636124
29547,0.036061037
29548,0.04744149
29549,0.05943008
29550,0.03358331
29551,0.029857472
29552,0.035325292
29553,0.06585906
29554,0.051008407
29555,0.055392087
29556,0.45210835
29557,0.26949388
29558,0.50465596
29559,0.7330569
29560,0.57794416
29561,0.26401773
29562,0.036061037
29563,0.05242786
29564,0.05238847
29565,0.061270244
29566,0.03363459
29567,0.033303205
29568,0.03363459
29569,0.5974435
29570,0.051008407
29571,0.031866673
29572,0.035727266
29573,0.042720493
29574,0.266784
29575,0.035475206
29576,0.05277439
29577,0.032827225
29578,0.03465702
29579,0.022577371
29580,0.042720493
29581,0.06257593
29582,0.070749484
29583,0.47126746
29584,0.45087916
29585,0.2623605
29586,0.6856683
29587,0.42561978
29588,0.5274489
29589,0.0638279
29590,0.038872123
29591,0.03546906
29592,0.033932287
29593,0.05203329
29594,0.059260704
29595,0.03590629
29596,0.03338148
29597,0.5421448
29598,0.051336046
29599,0.5378348
29600,0.046926986
29601,0.067886606
29602,0.070189156
29603,0.06915147
29604,0.06999847
29605,0.03358331
29606,0.03514382
29607,0.03590629
29608,0.07017424
29609,0.5490357
29610,0.5556906
29611,0.5299578
29612,0.5370937
29613,0.45824903
29614,0.26696897
29615,0.26235664
29616,0.01625967
29617,0.013922773
29618,0.033016663
29619,0.030422807
29620,0.035515647
29621,0.06577951
29622,0.071766675
29623,0.04771887
29624,0.53994626
29625,0.042720493
29626,0.054975323
29627,0.033033896
29628,0.51735926
29629,0.055392087
29630,0.068449885
29631,0.28504637
29632,0.048120808
29633,0.02902257
29634,0.26815164
29635,0.26586142
29636,0.053339593
29637,0.05238847
29638,0.061270244
29639,0.049058754
29640,0.059260704
29641,0.062682
29642,0.06432864
29643,0.033415113
29644,0.25911796
29645,0.01620072
29646,0.061984785
29647,0.040267527
29648,0.03546906
29649,0.06795712
29650,0.05277439
29651,0.048120808
29652,0.049363922
29653,0.07325967
29654,0.26666996
29655,0.53269583
29656,0.03025606
29657,0.030714165
29658,0.044311415
29659,0.054975323
29660,0.05203938
29661,0.06921959
29662,0.0355992
29663,0.034958456
29664,0.033127543
29665,0.044158395
29666,0.03345893
29667,0.02902257
29668,0.051647373
29669,0.048007112
29670,0.0705585
29671,0.5147997
29672,0.032407474
29673,0.05203329
29674,0.052102726
29675,0.06289307
29676,0.43499446
29677,0.03338148
29678,0.032586243
29679,0.26886
29680,0.03546906
29681,0.04387043
29682,0.0336009
29683,0.054975323
29684,0.27136502
29685,0.03363459
29686,0.033050094
29687,0.03363459
29688,0.029181572
29689,0.07890784
29690,0.03363459
29691,0.03539588
29692,0.06898674
29693,0.054975323
29694,0.03590629
29695,0.033932287
29696,0.03572965
29697,0.056334183
29698,0.4663434
29699,0.033303205
29700,0.019953674
29701,0.033932287
29702,0.031535286
29703,0.04387043
29704,0.050645854
29705,0.2761239
29706,0.054975323
29707,0.07557025
29708,0.06250392
29709,0.03546906
29710,0.033932287
29711,0.046926986
29712,0.036061037
29713,0.046926986
29714,0.4555786
29715,0.032407474
29716,0.070013456
29717,0.033415113
29718,0.06585906
29719,0.0355992
29720,0.032407474
29721,0.2812718
29722,0.49775833
29723,0.076242834
29724,0.033932287
29725,0.02902257
29726,0.03345893
29727,0.03526781
29728,0.033932287
29729,0.055392087
29730,0.04542962
29731,0.036887325
29732,0.5356031
29733,0.054975323
29734,0.02902257
29735,0.048007112
29736,0.06257593
29737,0.04236201
29738,0.06237738
29739,0.5299815
29740,0.050865773
29741,0.26805753
29742,0.0336009
29743,0.03338148
29744,0.03363459
29745,0.035137672
29746,0.06167469
29747,0.02902257
29748,0.034142617
29749,0.054975323
29750,0.049058754
29751,0.03363459
29752,0.04899971
29753,0.06944513
29754,0.048120808
29755,0.03018886
29756,0.03526781
29757,0.055392087
29758,0.05430408
29759,0.032407474
29760,0.051647373
29761,0.48882285
29762,0.03546906
29763,0.053477198
29764,0.046926986
29765,0.03546906
29766,0.036061037
29767,0.044158395
29768,0.031535286
29769,0.034993906
29770,0.5403042
29771,0.044311415
29772,0.01625967
29773,0.0135968495
29774,0.018113526
29775,0.018413356
29776,0.03338148
29777,0.048007112
29778,0.036623843
29779,0.03358331
29780,0.03025606
29781,0.05946993
29782,0.052006993
29783,0.029857472
29784,0.044158395
29785,0.5095159
29786,0.0336009
29787,0.035475206
29788,0.013755851
29789,0.035475206
29790,0.019743344
29791,0.03572965
29792,0.050184574
29793,0.053339593
29794,0.02902257
29795,0.03518426
29796,0.058023836
29797,0.27123553
29798,0.051008407
29799,0.07433269
29800,0.05694005
29801,0.03334805
29802,0.033932287
29803,0.030575864
29804,0.0355992
29805,0.25202635
29806,0.4458648
29807,0.033303205
29808,0.032076087
29809,0.03363459
29810,0.031427395
29811,0.031371903
29812,0.03338148
29813,0.034142617
29814,0.03175878
29815,0.03175878
29816,0.03334805
29817,0.048120808
29818,0.054975323
29819,0.0708944
29820,0.031866673
29821,0.06860938
29822,0.015898583
29823,0.26695296
29824,0.018413356
29825,0.03772341
29826,0.03363459
29827,0.0336009
29828,0.03338148
29829,0.031866673
29830,0.031866673
29831,0.024304364
29832,0.013755851
29833,0.030422807
29834,0.015087642
29835,0.044158395
29836,0.029924672
29837,0.031427395
29838,0.049058754
29839,0.03345893
29840,0.033016663
29841,0.030714165
29842,0.02902257
29843,0.031866673
29844,0.044158395
29845,0.03546906
29846,0.03572965
29847,0.014369571
29848,0.017379517
29849,0.03539588
29850,0.03358331
29851,0.049058754
29852,0.033016663
29853,0.02421165
29854,0.4456533
29855,0.036061037
29856,0.032407474
29857,0.036061037
29858,0.04542962
29859,0.03345893
29860,0.029181572
29861,0.036061037
29862,0.053339593
29863,0.060001023
29864,0.02902257
29865,0.0355266
29866,0.048007112
29867,0.035475206
29868,0.02902257
29869,0.031535286
29870,0.013763771
29871,0.031866673
29872,0.03358331
29873,0.2624329
29874,0.031535286
29875,0.052006993
29876,0.029181572
29877,0.03338148
29878,0.0355749
29879,0.019712184
29880,0.034743875
29881,0.017950492
29882,0.02902257
29883,0.03018886
29884,0.013823061
29885,0.04387043
29886,0.26386815
29887,0.26235056
29888,0.032076087
29889,0.06289307
29890,0.033932287
29891,0.023698568
29892,0.032185048
29893,0.05898806
29894,0.02165009
29895,0.02165009
29896,0.029736234
29897,0.028702198
29898,0.02165009
29899,0.02165009
29900,0.022606729
29901,0.034410566
29902,0.022825241
29903,0.02165009
29904,0.02165009
29905,0.24609387
29906,0.49055606
29907,0.02165009
29908,0.24721608
29909,0.02165009
29910,0.2543489
29911,0.02165009
29912,0.25187004
29913,0.02165009
29914,0.023150988
29915,0.023862688
29916,0.02846824
29917,0.02165009
29918,0.02165009
29919,0.2535506
29920,0.02165009
29921,0.50231576
29922,0.24639906
29923,0.02165009
29924,0.2513898
29925,0.02165009
29926,0.02165009
29927,0.02165009
29928,0.027008096
29929,0.24785604
29930,0.5555795
29931,0.43149686
29932,0.021153474
29933,0.03206399
29934,0.02646895
29935,0.023694787
29936,0.012799607
29937,0.012799607
29938,0.02165009
29939,0.02165009
29940,0.02165009
29941,0.022637373
29942,0.030119456
29943,0.419654
29944,0.24875464
29945,0.42691058
29946,0.46982753
29947,0.023788597
29948,0.5108106
29949,0.02165009
29950,0.012599423
29951,0.02165009
29952,0.02165009
29953,0.02165009
29954,0.02165009
29955,0.02165009
29956,0.026226845
29957,0.024460979
29958,0.02165009
29959,0.02165009
29960,0.023537207
29961,0.24639906
29962,0.02165009
29963,0.02165009
29964,0.02165009
29965,0.02165009
29966,0.02165009
29967,0.02165009
29968,0.033727966
29969,0.25076473
29970,0.022619724
29971,0.035019223
29972,0.02165009
29973,0.02165009
29974,0.027460951
29975,0.4927079
29976,0.025519792
29977,0.015318484
29978,0.02165009
29979,0.02165009
29980,0.24730346
29981,0.02165009
29982,0.02165009
29983,0.031887352
29984,0.027460951
29985,0.02165009
29986,0.02165009
29987,0.02165009
29988,0.02165009
29989,0.02165009
29990,0.023576912
29991,0.24523598
29992,0.25894806
29993,0.012799607
29994,0.4980178
29995,0.02165009
29996,0.02165009
29997,0.24646044
29998,0.02165009
29999,0.02165009
30000,0.030660253
30001,0.24423432
30002,0.02165009
30003,0.034769423
30004,0.24639906
30005,0.43989512
30006,0.02165009
30007,0.02165009
30008,0.02165009
30009,0.02165009
30010,0.02165009
30011,0.029298333
30012,0.03138031
30013,0.02471166
30014,0.033942066
30015,0.02165009
30016,0.023901774
30017,0.02165009
30018,0.012455418
30019,0.015825491
30020,0.022739045
30021,0.02165009
30022,0.02165009
30023,0.02165009
30024,0.02165009
30025,0.02165009
30026,0.24202383
30027,0.02165009
30028,0.02165009
30029,0.02165009
30030,0.02165009
30031,0.02165009
30032,0.02165009
30033,0.02165009
30034,0.03552878
30035,0.02165009
30036,0.53461665
30037,0.43956488
30038,0.02165009
30039,0.02165009
30040,0.02165009
30041,0.02165009
30042,0.02165009
30043,0.02165009
30044,0.02165009
30045,0.02165009
30046,0.03287983
30047,0.24721608
30048,0.02165009
30049,0.02165009
30050,0.02165009
30051,0.24639906
30052,0.02165009
30053,0.2520058
30054,0.24639906
30055,0.4220575
30056,0.02165009
30057,0.027008096
30058,0.02165009
30059,0.02165009
30060,0.02165009
30061,0.24957678
30062,0.02165009
30063,0.40908274
30064,0.023906486
30065,0.02165009
30066,0.02165009
30067,0.02165009
30068,0.02165009
30069,0.02165009
30070,0.02860397
30071,0.02165009
30072,0.033727966
30073,0.02165009
30074,0.02165009
30075,0.02165009
30076,0.02165009
30077,0.02165009
30078,0.02165009
30079,0.02165009
30080,0.5188556
30081,0.51580685
30082,0.02165009
30083,0.02165009
30084,0.02165009
30085,0.021563737
30086,0.02165009
30087,0.02730195
30088,0.02165009
30089,0.02165009
30090,0.022657119
30091,0.02165009
30092,0.02165009
30093,0.02165009
30094,0.02165009
30095,0.02165009
30096,0.034283288
30097,0.023787307
30098,0.02165009
30099,0.02165009
30100,0.02165009
30101,0.030839026
30102,0.02165009
30103,0.02165009
30104,0.02165009
30105,0.02165009
30106,0.24686544
30107,0.02165009
30108,0.509585
30109,0.24885921
30110,0.25007984
30111,0.02165009
30112,0.02165009
30113,0.02165009
30114,0.02165009
30115,0.02165009
30116,0.02165009
30117,0.034410566
30118,0.02165009
30119,0.02165009
30120,0.02165009
30121,0.02165009
30122,0.02165009
30123,0.02165009
30124,0.02165009
30125,0.030839026
30126,0.02165009
30127,0.02165009
30128,0.02165009
30129,0.2435985
30130,0.38824713
30131,0.02165009
30132,0.021920886
30133,0.02165009
30134,0.02165009
30135,0.02165009
30136,0.02165009
30137,0.02165009
30138,0.02165009
30139,0.02165009
30140,0.24432671
30141,0.02165009
30142,0.02165009
30143,0.02165009
30144,0.02165009
30145,0.02165009
30146,0.02165009
30147,0.02165009
30148,0.02165009
30149,0.24639906
30150,0.02165009
30151,0.02165009
30152,0.023600915
30153,0.421498
30154,0.02165009
30155,0.02165009
30156,0.24639906
30157,0.02165009
30158,0.24438855
30159,0.24726848
30160,0.02165009
30161,0.02165009
30162,0.02165009
30163,0.02165009
30164,0.031330455
30165,0.02165009
30166,0.041444734
30167,0.02165009
30168,0.02165009
30169,0.012799607
30170,0.02165009
30171,0.02165009
30172,0.02165009
30173,0.02165009
30174,0.02165009
30175,0.02165009
30176,0.026937071
30177,0.027791487
30178,0.24319412
30179,0.02165009
30180,0.02165009
30181,0.02165009
30182,0.028617045
30183,0.54820466
30184,0.02165009
30185,0.02165009
30186,0.027752044
30187,0.02165009
30188,0.50145096
30189,0.02165009
30190,0.025752803
30191,0.43895793
30192,0.23676258
30193,0.030119456
30194,0.032185048
30195,0.014539055
30196,0.02165009
30197,0.02165009
30198,0.555636
30199,0.4400345
30200,0.02165009
30201,0.02165009
30202,0.02165009
30203,0.02165009
30204,0.030561363
30205,0.024854464
30206,0.029457625
30207,0.42994514
30208,0.02165009
30209,0.02165009
30210,0.02165009
30211,0.02165009
30212,0.02165009
30213,0.24908032
30214,0.468157
30215,0.02165009
30216,0.5126688
30217,0.02165009
30218,0.02165009
30219,0.5327803
30220,0.012799607
30221,0.02165009
30222,0.02165009
30223,0.02165009
30224,0.02165009
30225,0.02165009
30226,0.438761
30227,0.24639906
30228,0.02165009
30229,0.41821927
30230,0.026131304
30231,0.23248163
30232,0.42735046
30233,0.43591258
30234,0.037446253
30235,0.02165009
30236,0.028882617
30237,0.48795924
30238,0.5174741
30239,0.5417465
30240,0.02165009
30241,0.029249309
30242,0.02165009
30243,0.014935444
30244,0.02165009
30245,0.02165009
30246,0.02846824
30247,0.02165009
30248,0.02165009
30249,0.02165009
30250,0.02165009
30251,0.02165009
30252,0.02165009
30253,0.02165009
30254,0.2512477
30255,0.24721608
30256,0.02165009
30257,0.02165009
30258,0.51612467
30259,0.02165009
30260,0.43104023
30261,0.6001676
30262,0.5512064
30263,0.02165009
30264,0.02165009
30265,0.02165009
30266,0.02165009
30267,0.39126953
30268,0.02165009
30269,0.02165009
30270,0.02165009
30271,0.030119456
30272,0.02165009
30273,0.02165009
30274,0.02165009
30275,0.02165009
30276,0.42733684
30277,0.02165009
30278,0.02165009
30279,0.02165009
30280,0.02165009
30281,0.02165009
30282,0.02165009
30283,0.24533294
30284,0.24494193
30285,0.02165009
30286,0.2499108
30287,0.02165009
30288,0.02165009
30289,0.5989346
30290,0.5965606
30291,0.5458104
30292,0.24639906
30293,0.02165009
30294,0.032185048
30295,0.5034884
30296,0.02165009
30297,0.033596925
30298,0.02165009
30299,0.02165009
30300,0.02165009
30301,0.02165009
30302,0.022709616
30303,0.02245759
30304,0.02165009
30305,0.4304429
30306,0.40553957
30307,0.2381167
30308,0.023157762
30309,0.02165009
30310,0.02165009
30311,0.02165009
30312,0.02165009
30313,0.02165009
30314,0.023939203
30315,0.037659112
30316,0.02165009
30317,0.02165009
30318,0.02165009
30319,0.542384
30320,0.71630305
30321,0.59713733
30322,0.023540044
30323,0.02165009
30324,0.48882008
30325,0.034410566
30326,0.42739424
30327,0.02165009
30328,0.031887352
30329,0.02165009
30330,0.02165009
30331,0.02165009
30332,0.02165009
30333,0.44956496
30334,0.6012558
30335,0.02165009
30336,0.02165009
30337,0.023283351
30338,0.02165009
30339,0.02165009
30340,0.52868813
30341,0.24202383
30342,0.02165009
30343,0.02165009
30344,0.02165009
30345,0.023130462
30346,0.02165009
30347,0.014744391
30348,0.26767492
30349,0.4288956
30350,0.25254232
30351,0.02165009
30352,0.02165009
30353,0.02165009
30354,0.02165009
30355,0.02165009
30356,0.030509442
30357,0.02165009
30358,0.02165009
30359,0.059762016
30360,0.02165009
30361,0.02165009
30362,0.44219145
30363,0.6557266
30364,0.25152314
30365,0.029158402
30366,0.02177305
30367,0.022531284
30368,0.023424301
30369,0.41485533
30370,0.02165009
30371,0.03339658
30372,0.02165009
30373,0.02165009
30374,0.035056077
30375,0.027351467
30376,0.25074723
30377,0.4496222
30378,0.25018367
30379,0.2465002
30380,0.600221
30381,0.02391817
30382,0.02165009
30383,0.025279298
30384,0.24912745
30385,0.02165009
30386,0.02165009
30387,0.5175911
30388,0.02165009
30389,0.02165009
30390,0.02165009
30391,0.02165009
30392,0.25026622
30393,0.543373
30394,0.24202383
30395,0.50672746
30396,0.25388396
30397,0.021805909
30398,0.021865983
30399,0.42854747
30400,0.02165009
30401,0.03462755
30402,0.02165009
30403,0.02165009
30404,0.44044724
30405,0.24816066
30406,0.02165009
30407,0.49393216
30408,0.25296405
30409,0.02846824
30410,0.02165009
30411,0.022485908
30412,0.02165009
30413,0.02165009
30414,0.02846824
30415,0.031667877
30416,0.02165009
30417,0.02165009
30418,0.02165009
30419,0.02165009
30420,0.023751728
30421,0.5407741
30422,0.6384382
30423,0.50351757
30424,0.2572706
30425,0.44546333
30426,0.02165009
30427,0.02165009
30428,0.02165009
30429,0.034900382
30430,0.4389089
30431,0.02165009
30432,0.02165009
30433,0.02165009
30434,0.02887112
30435,0.02165009
30436,0.034668766
30437,0.02344051
30438,0.02165009
30439,0.02165009
30440,0.034769423
30441,0.032000363
30442,0.02165009
30443,0.02165009
30444,0.027008096
30445,0.02165009
30446,0.509838
30447,0.24948552
30448,0.42756647
30449,0.6343652
30450,0.5357022
30451,0.5016779
30452,0.24733579
30453,0.041847765
30454,0.017467588
30455,0.02165009
30456,0.02165009
30457,0.02165009
30458,0.02165009
30459,0.4481736
30460,0.02165009
30461,0.02165009
30462,0.24721608
30463,0.02165009
30464,0.24887168
30465,0.02165009
30466,0.02165009
30467,0.021349773
30468,0.02165009
30469,0.02165009
30470,0.02165009
30471,0.02165009
30472,0.42462805
30473,0.49003437
30474,0.24942076
30475,0.65129554
30476,0.48982272
30477,0.49949303
30478,0.02165009
30479,0.034410566
30480,0.02165009
30481,0.02165009
30482,0.02165009
30483,0.02165009
30484,0.02165009
30485,0.02165009
30486,0.41167474
30487,0.02165009
30488,0.5204507
30489,0.02165009
30490,0.021946305
30491,0.02307952
30492,0.023434374
30493,0.025273655
30494,0.02165009
30495,0.02165009
30496,0.02165009
30497,0.02165009
30498,0.5953286
30499,0.5361232
30500,0.4439925
30501,0.430891
30502,0.5444401
30503,0.02585124
30504,0.24494193
30505,0.030119456
30506,0.02165009
30507,0.016666124
30508,0.02165009
30509,0.052693147
30510,0.02165009
30511,0.022286644
30512,0.023033077
30513,0.02165009
30514,0.24939165
30515,0.02165009
30516,0.02165009
30517,0.24664614
30518,0.02165009
30519,0.02165009
30520,0.5246214
30521,0.02165009
30522,0.24837579
30523,0.24958208
30524,0.02165009
30525,0.02165009
30526,0.02165009
30527,0.02165009
30528,0.02165009
30529,0.0223473
30530,0.02165009
30531,0.049365196
30532,0.02165009
30533,0.25013426
30534,0.02165009
30535,0.034410566
30536,0.02165009
30537,0.02347497
30538,0.02165009
30539,0.02165009
30540,0.02165009
30541,0.033939317
30542,0.4800391
30543,0.5165465
30544,0.02165009
30545,0.02165009
30546,0.023644783
30547,0.02165009
30548,0.02165009
30549,0.03172659
30550,0.02165009
30551,0.02165009
30552,0.02165009
30553,0.02165009
30554,0.02165009
30555,0.02165009
30556,0.02165009
30557,0.02165009
30558,0.42642984
30559,0.02165009
30560,0.032086853
30561,0.02165009
30562,0.02165009
30563,0.02165009
30564,0.53060323
30565,0.02165009
30566,0.02165009
30567,0.25070542
30568,0.02165009
30569,0.02165009
30570,0.02165009
30571,0.028670741
30572,0.02165009
30573,0.03226364
30574,0.02165009
30575,0.24938211
30576,0.031887352
30577,0.02165009
30578,0.019652458
30579,0.02165009
30580,0.025035748
30581,0.02165009
30582,0.02165009
30583,0.02165009
30584,0.02165009
30585,0.02165009
30586,0.25799677
30587,0.02165009
30588,0.02165009
30589,0.02165009
30590,0.02165009
30591,0.02165009
30592,0.25301182
30593,0.02165009
30594,0.24993041
30595,0.02165009
30596,0.02165009
30597,0.02165009
30598,0.02165009
30599,0.02165009
30600,0.02165009
30601,0.41904396
30602,0.02165009
30603,0.2490961
30604,0.02165009
30605,0.02165009
30606,0.02165009
30607,0.02165009
30608,0.26193702
30609,0.5212048
30610,0.2511502
30611,0.02165009
30612,0.02165009
30613,0.02165009
30614,0.02165009
30615,0.02165009
30616,0.02165009
30617,0.022021022
30618,0.5477499
30619,0.026695054
30620,0.02165009
30621,0.02165009
30622,0.02165009
30623,0.02165009
30624,0.029788068
30625,0.02165009
30626,0.021738367
30627,0.4271031
30628,0.02165009
30629,0.25246367
30630,0.02165009
30631,0.02165009
30632,0.02165009
30633,0.02165009
30634,0.02165009
30635,0.02165009
30636,0.02165009
30637,0.02165009
30638,0.02165009
30639,0.030119456
30640,0.02165009
30641,0.04856699
30642,0.025795227
30643,0.02165009
30644,0.02165009
30645,0.02165009
30646,0.022377929
30647,0.017244449
30648,0.02165009
30649,0.02165009
30650,0.51004195
30651,0.02165009
30652,0.024487505
30653,0.02165009
30654,0.02165009
30655,0.02165009
30656,0.02165009
30657,0.02165009
30658,0.02165009
30659,0.24889816
30660,0.02165009
30661,0.029788068
30662,0.027460951
30663,0.030119456
30664,0.011876225
30665,0.02165009
30666,0.02165009
30667,0.024639344
30668,0.24776174
30669,0.02165009
30670,0.02165009
30671,0.4260008
30672,0.02165009
30673,0.02165009
30674,0.030119456
30675,0.03183607
30676,0.016666124
30677,0.02165009
30678,0.02730195
30679,0.02165009
30680,0.25162858
30681,0.02165009
30682,0.02165009
30683,0.02165009
30684,0.0129665295
30685,0.02165009
30686,0.2575989
30687,0.02165009
30688,0.02165009
30689,0.02165009
30690,0.02165009
30691,0.02165009
30692,0.031667877
30693,0.02165009
30694,0.2502353
30695,0.02165009
30696,0.01872084
30697,0.02165009
30698,0.02165009
30699,0.02165009
30700,0.016499205
30701,0.02165009
30702,0.03226364
30703,0.018390967
30704,0.02165009
30705,0.02165009
30706,0.02165009
30707,0.025008252
30708,0.023349278
30709,0.029788068
30710,0.24705866
30711,0.029298333
30712,0.034614675
30713,0.028136851
30714,0.02165009
30715,0.02165009
30716,0.012043146
30717,0.039622113
30718,0.02165009
30719,0.02165009
30720,0.02165009
30721,0.032185048
30722,0.02165009
30723,0.023808978
30724,0.02165009
30725,0.02165009
30726,0.02165009
30727,0.02165009
30728,0.01710534
30729,0.02165009
30730,0.02165009
30731,0.02165009
30732,0.02165009
30733,0.02165009
30734,0.030119456
30735,0.02165009
30736,0.02165009
30737,0.02165009
30738,0.02165009
30739,0.02165009
30740,0.5015046
30741,0.02165009
30742,0.02165009
30743,0.02165009
30744,0.02165009
30745,0.02165009
30746,0.02165009
30747,0.02165009
30748,0.035680998
30749,0.02165009
30750,0.02613373
30751,0.02165009
30752,0.02165009
30753,0.02165009
30754,0.02165009
30755,0.02165009
30756,0.011876225
30757,0.02165009
30758,0.029404556
30759,0.02165009
30760,0.02165009
30761,0.030119456
30762,0.012043146
30763,0.026199719
30764,0.02165009
30765,0.02165009
30766,0.019022282
30767,0.02165009
30768,0.02165009
30769,0.02165009
30770,0.030660253
30771,0.034083188
30772,0.02165009
30773,0.02165009
30774,0.02165009
30775,0.41603482
30776,0.24639906
30777,0.018390967
30778,0.02165009
30779,0.02165009
30780,0.031634253
30781,0.02165009
30782,0.02180029
30783,0.02180029
30784,0.027124548
30785,0.02180029
30786,0.02180029
30787,0.033059977
30788,0.02180029
30789,0.02180029
30790,0.02180029
30791,0.02180029
30792,0.022756929
30793,0.02180029
30794,0.50619495
30795,0.02180029
30796,0.02180029
30797,0.49364954
30798,0.4049988
30799,0.032335244
30800,0.24769963
30801,0.02180029
30802,0.45212042
30803,0.02180029
30804,0.025880346
30805,0.02180029
30806,0.032217987
30807,0.24856035
30808,0.02745215
30809,0.02180029
30810,0.02180029
30811,0.42337674
30812,0.02180029
30813,0.56699234
30814,0.2454255
30815,0.02180029
30816,0.24891067
30817,0.02180029
30818,0.030269656
30819,0.021713937
30820,0.02180029
30821,0.028852398
30822,0.02003706
30823,0.02180029
30824,0.5227852
30825,0.5901415
30826,0.5385867
30827,0.02043234
30828,0.02180029
30829,0.02661915
30830,0.427935
30831,0.02749166
30832,0.02180029
30833,0.02180029
30834,0.2486869
30835,0.02180029
30836,0.4343582
30837,0.2492382
30838,0.24750708
30839,0.54250443
30840,0.023938797
30841,0.02180029
30842,0.50676143
30843,0.02180029
30844,0.013817583
30845,0.02180029
30846,0.02180029
30847,0.02180029
30848,0.02180029
30849,0.02180029
30850,0.023302594
30851,0.24868058
30852,0.02180029
30853,0.02180029
30854,0.023687407
30855,0.2454255
30856,0.02180029
30857,0.02180029
30858,0.02180029
30859,0.02180029
30860,0.02180029
30861,0.02180029
30862,0.02180029
30863,0.040731024
30864,0.022769924
30865,0.5026522
30866,0.02180029
30867,0.02180029
30868,0.034618303
30869,0.031986266
30870,0.02745215
30871,0.4985619
30872,0.025669992
30873,0.02180029
30874,0.40664142
30875,0.24744454
30876,0.020928377
30877,0.02180029
30878,0.02180029
30879,0.029938268
30880,0.02180029
30881,0.02180029
30882,0.02180029
30883,0.023727112
30884,0.24990445
30885,0.52486706
30886,0.24532513
30887,0.02180029
30888,0.02180029
30889,0.4464713
30890,0.02180029
30891,0.02180029
30892,0.015857648
30893,0.02180029
30894,0.02180029
30895,0.02180029
30896,0.24735716
30897,0.5624459
30898,0.02180029
30899,0.02180029
30900,0.02180029
30901,0.02180029
30902,0.02180029
30903,0.02180029
30904,0.029579883
30905,0.023904992
30906,0.032608546
30907,0.02180029
30908,0.02346712
30909,0.02180029
30910,0.030479064
30911,0.030269656
30912,0.02180029
30913,0.02180029
30914,0.02180029
30915,0.02180029
30916,0.02180029
30917,0.24688265
30918,0.02180029
30919,0.02180029
30920,0.02180029
30921,0.02180029
30922,0.02180029
30923,0.02180029
30924,0.02180029
30925,0.02180029
30926,0.45200607
30927,0.25813186
30928,0.02180029
30929,0.02180029
30930,0.02180029
30931,0.02180029
30932,0.02180029
30933,0.02180029
30934,0.02180029
30935,0.24688265
30936,0.02180029
30937,0.02180029
30938,0.02180029
30939,0.02180029
30940,0.02180029
30941,0.5225433
30942,0.51714474
30943,0.5128142
30944,0.02180029
30945,0.02180029
30946,0.02180029
30947,0.02180029
30948,0.02180029
30949,0.24924338
30950,0.02180029
30951,0.52455
30952,0.024056686
30953,0.02180029
30954,0.02180029
30955,0.02180029
30956,0.02180029
30957,0.02180029
30958,0.02180029
30959,0.02180029
30960,0.0128734615
30961,0.028388865
30962,0.02180029
30963,0.02180029
30964,0.02180029
30965,0.02180029
30966,0.02180029
30967,0.02180029
30968,0.02180029
30969,0.4664152
30970,0.5234243
30971,0.02180029
30972,0.02180029
30973,0.02180029
30974,0.032335244
30975,0.02180029
30976,0.017617788
30977,0.02180029
30978,0.02180029
30979,0.022346113
30980,0.02180029
30981,0.02180029
30982,0.02180029
30983,0.02180029
30984,0.02180029
30985,0.02180029
30986,0.02180029
30987,0.023937507
30988,0.02180029
30989,0.02180029
30990,0.02180029
30991,0.02180029
30992,0.02180029
30993,0.02180029
30994,0.022266671
30995,0.02180029
30996,0.26620463
30997,0.24962112
30998,0.24933323
30999,0.02180029
31000,0.02180029
31001,0.023007805
31002,0.02180029
31003,0.012026426
31004,0.02180029
31005,0.02180029
31006,0.02180029
31007,0.02180029
31008,0.02180029
31009,0.02742619
31010,0.02180029
31011,0.02180029
31012,0.02180029
31013,0.02180029
31014,0.02180029
31015,0.03203755
31016,0.02180029
31017,0.02180029
31018,0.02180029
31019,0.02180029
31020,0.02180029
31021,0.2480647
31022,0.5377747
31023,0.02180029
31024,0.022071086
31025,0.02180029
31026,0.02180029
31027,0.02180029
31028,0.02180029
31029,0.02180029
31030,0.23426248
31031,0.02180029
31032,0.02180029
31033,0.02180029
31034,0.02180029
31035,0.02180029
31036,0.029938268
31037,0.02180029
31038,0.02180029
31039,0.02180029
31040,0.2425074
31041,0.02180029
31042,0.02180029
31043,0.023751115
31044,0.53968257
31045,0.02180029
31046,0.02180029
31047,0.24735716
31048,0.02180029
31049,0.24548298
31050,0.2473589
31051,0.02180029
31052,0.02180029
31053,0.02180029
31054,0.02180029
31055,0.02180029
31056,0.25219926
31057,0.02180029
31058,0.26311156
31059,0.02180029
31060,0.012101591
31061,0.02180029
31062,0.02180029
31063,0.02180029
31064,0.02180029
31065,0.02180029
31066,0.02180029
31067,0.02180029
31068,0.025838919
31069,0.026353868
31070,0.24769963
31071,0.02180029
31072,0.02180029
31073,0.02180029
31074,0.029269058
31075,0.45371014
31076,0.02180029
31077,0.02180029
31078,0.02180029
31079,0.02180029
31080,0.52036417
31081,0.02180029
31082,0.025229814
31083,0.4984236
31084,0.23725207
31085,0.02180029
31086,0.029938268
31087,0.02180029
31088,0.02180029
31089,0.05627676
31090,0.44989356
31091,0.02180029
31092,0.02180029
31093,0.02180029
31094,0.24688265
31095,0.027599229
31096,0.025077045
31097,0.03262273
31098,0.4161128
31099,0.02180029
31100,0.02180029
31101,0.02180029
31102,0.02180029
31103,0.02180029
31104,0.025807643
31105,0.54492396
31106,0.02180029
31107,0.53033847
31108,0.02180029
31109,0.02180029
31110,0.25853258
31111,0.02180029
31112,0.02180029
31113,0.02180029
31114,0.02180029
31115,0.02180029
31116,0.44860515
31117,0.24735716
31118,0.02180029
31119,0.239332
31120,0.026281504
31121,0.23553966
31122,0.4275057
31123,0.51888293
31124,0.26479325
31125,0.02180029
31126,0.026690418
31127,0.4908634
31128,0.5336459
31129,0.4991195
31130,0.02180029
31131,0.02874863
31132,0.02180029
31133,0.02180029
31134,0.02180029
31135,0.018131515
31136,0.02180029
31137,0.02180029
31138,0.02180029
31139,0.02180029
31140,0.02180029
31141,0.02180029
31142,0.02180029
31143,0.02180029
31144,0.02180029
31145,0.02180029
31146,0.24676059
31147,0.24769963
31148,0.02180029
31149,0.02180029
31150,0.54246116
31151,0.02180029
31152,0.02180029
31153,0.56971294
31154,0.51275414
31155,0.59156436
31156,0.02180029
31157,0.02180029
31158,0.02180029
31159,0.4133471
31160,0.02180029
31161,0.02180029
31162,0.033059977
31163,0.02180029
31164,0.02180029
31165,0.02180029
31166,0.02180029
31167,0.02180029
31168,0.49725625
31169,0.02180029
31170,0.02180029
31171,0.02180029
31172,0.02180029
31173,0.02180029
31174,0.02180029
31175,0.4444959
31176,0.24367769
31177,0.02180029
31178,0.24836631
31179,0.02180029
31180,0.02180029
31181,0.512849
31182,0.533253
31183,0.4618895
31184,0.02180029
31185,0.2425074
31186,0.02180029
31187,0.02180029
31188,0.514672
31189,0.02180029
31190,0.035429463
31191,0.02180029
31192,0.02180029
31193,0.02180029
31194,0.02180029
31195,0.022859816
31196,0.02260779
31197,0.02180029
31198,0.43468085
31199,0.5276936
31200,0.23895417
31201,0.023307962
31202,0.02180029
31203,0.02180029
31204,0.02180029
31205,0.02180029
31206,0.02180029
31207,0.030269656
31208,0.022859868
31209,0.023210334
31210,0.02180029
31211,0.02180029
31212,0.02180029
31213,0.4642701
31214,0.84395134
31215,0.52150106
31216,0.023690244
31217,0.02180029
31218,0.0350446
31219,0.4241776
31220,0.02180029
31221,0.02180029
31222,0.02180029
31223,0.02180029
31224,0.02180029
31225,0.02180029
31226,0.02180029
31227,0.45646578
31228,0.5617513
31229,0.02180029
31230,0.02180029
31231,0.023433551
31232,0.02180029
31233,0.02180029
31234,0.5225246
31235,0.24471793
31236,0.02180029
31237,0.02180029
31238,0.02180029
31239,0.023269342
31240,0.02180029
31241,0.030269656
31242,0.5249255
31243,0.5038871
31244,0.25494596
31245,0.02180029
31246,0.02180029
31247,0.02180029
31248,0.02180029
31249,0.02180029
31250,0.02769153
31251,0.02180029
31252,0.02180029
31253,0.048513867
31254,0.030269656
31255,0.031751014
31256,0.02180029
31257,0.02180029
31258,0.43155432
31259,0.6143153
31260,0.24609819
31261,0.026791235
31262,0.02192325
31263,0.022681484
31264,0.022148067
31265,0.49143034
31266,0.02180029
31267,0.02180029
31268,0.02180029
31269,0.035206273
31270,0.027283398
31271,0.024049565
31272,0.4322082
31273,0.2503939
31274,0.022229798
31275,0.67805463
31276,0.02406837
31277,0.02180029
31278,0.027177682
31279,0.24767953
31280,0.02180029
31281,0.02180029
31282,0.40890077
31283,0.02180029
31284,0.02180029
31285,0.02180029
31286,0.02180029
31287,0.024850365
31288,0.5329533
31289,0.24532513
31290,0.51420504
31291,0.2517517
31292,0.021956109
31293,0.022016183
31294,0.2466246
31295,0.02180029
31296,0.038864292
31297,0.02180029
31298,0.02180029
31299,0.5380585
31300,0.42887858
31301,0.02180029
31302,0.51669216
31303,0.52421516
31304,0.02180029
31305,0.022636108
31306,0.02180029
31307,0.02180029
31308,0.02180029
31309,0.02180029
31310,0.02180029
31311,0.02180029
31312,0.02180029
31313,0.02180029
31314,0.02180029
31315,0.023901928
31316,0.4339982
31317,0.5374931
31318,0.45213288
31319,0.26026562
31320,0.44851908
31321,0.02180029
31322,0.02180029
31323,0.02180029
31324,0.029973552
31325,0.43496495
31326,0.02180029
31327,0.02180029
31328,0.02180029
31329,0.02902132
31330,0.02180029
31331,0.02180029
31332,0.02359071
31333,0.02180029
31334,0.030810453
31335,0.02180029
31336,0.02180029
31337,0.034618303
31338,0.02180029
31339,0.02180029
31340,0.02180029
31341,0.02180029
31342,0.42935097
31343,0.24915212
31344,0.41412288
31345,0.6208114
31346,0.5541905
31347,0.047983382
31348,0.24471793
31349,0.02180029
31350,0.03170616
31351,0.02180029
31352,0.02180029
31353,0.02180029
31354,0.4538419
31355,0.02180029
31356,0.02180029
31357,0.02180029
31358,0.02180029
31359,0.25091287
31360,0.02180029
31361,0.02180029
31362,0.02180029
31363,0.02180029
31364,0.02180029
31365,0.54944676
31366,0.43001753
31367,0.24950579
31368,0.61171156
31369,0.4042655
31370,0.4388218
31371,0.02180029
31372,0.02180029
31373,0.02180029
31374,0.02180029
31375,0.02180029
31376,0.015414532
31377,0.02180029
31378,0.40092573
31379,0.02180029
31380,0.43665722
31381,0.02180029
31382,0.022096505
31383,0.02322972
31384,0.023325576
31385,0.24965742
31386,0.02180029
31387,0.02180029
31388,0.015211324
31389,0.02180029
31390,0.02180029
31391,0.5071244
31392,0.56176895
31393,0.5565575
31394,0.43847933
31395,0.49540594
31396,0.02739869
31397,0.2425074
31398,0.02180029
31399,0.02180029
31400,0.030269656
31401,0.02180029
31402,0.02180029
31403,0.02180029
31404,0.022436844
31405,0.023092803
31406,0.02180029
31407,0.5174674
31408,0.02180029
31409,0.02180029
31410,0.52276176
31411,0.02180029
31412,0.02180029
31413,0.26180267
31414,0.02180029
31415,0.02180029
31416,0.24501903
31417,0.24934673
31418,0.02180029
31419,0.02180029
31420,0.02180029
31421,0.02180029
31422,0.02180029
31423,0.0224975
31424,0.02180029
31425,0.02180029
31426,0.25061783
31427,0.018146312
31428,0.02180029
31429,0.02180029
31430,0.02180029
31431,0.02362517
31432,0.02180029
31433,0.02180029
31434,0.02180029
31435,0.03293711
31436,0.48862246
31437,0.455485
31438,0.02180029
31439,0.02180029
31440,0.028510623
31441,0.02180029
31442,0.02180029
31443,0.033524238
31444,0.02180029
31445,0.02180029
31446,0.02180029
31447,0.02180029
31448,0.02180029
31449,0.02180029
31450,0.02180029
31451,0.02180029
31452,0.02180029
31453,0.44538108
31454,0.02180029
31455,0.032545574
31456,0.02180029
31457,0.02180029
31458,0.02180029
31459,0.5169587
31460,0.02180029
31461,0.02180029
31462,0.02716707
31463,0.02180029
31464,0.02180029
31465,0.02180029
31466,0.028820941
31467,0.02180029
31468,0.02180029
31469,0.02180029
31470,0.0251077
31471,0.02180029
31472,0.02180029
31473,0.02745215
31474,0.02180029
31475,0.02623779
31476,0.02749166
31477,0.02180029
31478,0.02180029
31479,0.02180029
31480,0.02180029
31481,0.2532378
31482,0.02180029
31483,0.02180029
31484,0.02180029
31485,0.02180029
31486,0.02180029
31487,0.26187858
31488,0.02180029
31489,0.025356997
31490,0.02180029
31491,0.02180029
31492,0.02180029
31493,0.02180029
31494,0.02180029
31495,0.02180029
31496,0.25786772
31497,0.028852398
31498,0.25236955
31499,0.02180029
31500,0.02180029
31501,0.02180029
31502,0.26194608
31503,0.54220206
31504,0.25114238
31505,0.02180029
31506,0.02180029
31507,0.02180029
31508,0.02180029
31509,0.02180029
31510,0.02180029
31511,0.022960354
31512,0.56699055
31513,0.03391861
31514,0.02180029
31515,0.02180029
31516,0.02180029
31517,0.02180029
31518,0.02180029
31519,0.02180029
31520,0.022229617
31521,0.5205061
31522,0.02180029
31523,0.25779435
31524,0.02180029
31525,0.02180029
31526,0.02180029
31527,0.02180029
31528,0.02180029
31529,0.02180029
31530,0.02180029
31531,0.02180029
31532,0.02180029
31533,0.02180029
31534,0.04215098
31535,0.025945427
31536,0.02180029
31537,0.02180029
31538,0.01953969
31539,0.02180029
31540,0.02180029
31541,0.022528129
31542,0.02180029
31543,0.02180029
31544,0.53948474
31545,0.02180029
31546,0.024637705
31547,0.02180029
31548,0.02180029
31549,0.02180029
31550,0.02180029
31551,0.02180029
31552,0.4965148
31553,0.02180029
31554,0.02180029
31555,0.02180029
31556,0.02180029
31557,0.027611151
31558,0.02180029
31559,0.024767486
31560,0.02180029
31561,0.02268845
31562,0.02180029
31563,0.02180029
31564,0.02180029
31565,0.49612886
31566,0.02180029
31567,0.02180029
31568,0.02180029
31569,0.02180029
31570,0.24999978
31571,0.02180029
31572,0.02180029
31573,0.02180029
31574,0.02180029
31575,0.031626847
31576,0.2425074
31577,0.02180029
31578,0.02180029
31579,0.02180029
31580,0.02180029
31581,0.02180029
31582,0.25073627
31583,0.24410462
31584,0.02180029
31585,0.02180029
31586,0.02180029
31587,0.02180029
31588,0.03391861
31589,0.02180029
31590,0.02180029
31591,0.02180029
31592,0.02180029
31593,0.02180029
31594,0.024025219
31595,0.02180029
31596,0.017796507
31597,0.021035338
31598,0.02180029
31599,0.24975282
31600,0.02180029
31601,0.02180029
31602,0.029448533
31603,0.034560762
31604,0.02180029
31605,0.02749166
31606,0.02180029
31607,0.02180029
31608,0.023959178
31609,0.02180029
31610,0.02180029
31611,0.02180029
31612,0.02180029
31613,0.02180029
31614,0.02180029
31615,0.02180029
31616,0.02180029
31617,0.02180029
31618,0.02180029
31619,0.02180029
31620,0.02180029
31621,0.017305424
31622,0.028287051
31623,0.43808693
31624,0.02180029
31625,0.02180029
31626,0.02180029
31627,0.02180029
31628,0.02180029
31629,0.02180029
31630,0.02180029
31631,0.03491962
31632,0.02180029
31633,0.019312717
31634,0.026987057
31635,0.031818077
31636,0.02180029
31637,0.02180029
31638,0.02180029
31639,0.02180029
31640,0.033059977
31641,0.02180029
31642,0.03272859
31643,0.017611416
31644,0.029830376
31645,0.029448533
31646,0.02180029
31647,0.02180029
31648,0.02180029
31649,0.02887307
31650,0.02180029
31651,0.0146892555
31652,0.02180029
31653,0.02180029
31654,0.012026426
31655,0.02180029
31656,0.02180029
31657,0.022178682
31658,0.24634778
31659,0.03170616
31660,0.02180029
31661,0.02180029
31662,0.051657397
31663,0.033670105
31664,0.033232737
31665,0.033232737
31666,0.033232737
31667,0.033232737
31668,0.033232737
31669,0.033232737
31670,0.033232737
31671,0.033232737
31672,0.033232737
31673,0.033232737
31674,0.033232737
31675,0.55005926
31676,0.033232737
31677,0.25041237
31678,0.4356184
31679,0.49921837
31680,0.03495514
31681,0.033232737
31682,0.25051275
31683,0.033232737
31684,0.42524686
31685,0.033232737
31686,0.25144523
31687,0.033232737
31688,0.03756013
31689,0.2507811
31690,0.033232737
31691,0.25648206
31692,0.4814001
31693,0.25041237
31694,0.033232737
31695,0.033232737
31696,0.03774434
31697,0.033232737
31698,0.033232737
31699,0.033232737
31700,0.037846673
31701,0.033232737
31702,0.2534267
31703,0.5529474
31704,0.53016263
31705,0.03186479
31706,0.033232737
31707,0.038051594
31708,0.24963929
31709,0.033232737
31710,0.033232737
31711,0.033232737
31712,0.03422002
31713,0.56591684
31714,0.03645275
31715,0.25225177
31716,0.4613355
31717,0.03537127
31718,0.033232737
31719,0.5528536
31720,0.041383605
31721,0.033232737
31722,0.23469928
31723,0.033232737
31724,0.033232737
31725,0.033232737
31726,0.033232737
31727,0.02863258
31728,0.2539556
31729,0.034735043
31730,0.03764953
31731,0.033232737
31732,0.033232737
31733,0.035119873
31734,0.04103147
31735,0.033232737
31736,0.017242104
31737,0.033232737
31738,0.033232737
31739,0.033232737
31740,0.033232737
31741,0.03854012
31742,0.033232737
31743,0.033232737
31744,0.033232737
31745,0.26085544
31746,0.03420238
31747,0.52216995
31748,0.03854012
31749,0.033232737
31750,0.033232737
31751,0.017455472
31752,0.033232737
31753,0.42854628
31754,0.037102446
31755,0.033232737
31756,0.5003532
31757,0.42883244
31758,0.03607874
31759,0.033232737
31760,0.033232737
31761,0.033232737
31762,0.022460133
31763,0.033232737
31764,0.033232737
31765,0.033232737
31766,0.035159584
31767,0.44535065
31768,0.43061557
31769,0.2527868
31770,0.033232737
31771,0.038617577
31772,0.033232737
31773,0.048465196
31774,0.033232737
31775,0.5607552
31776,0.033232737
31777,0.033232737
31778,0.0359036
31779,0.033232737
31780,0.033232737
31781,0.2539556
31782,0.45696178
31783,0.033232737
31784,0.033232737
31785,0.033232737
31786,0.033232737
31787,0.033232737
31788,0.041028384
31789,0.035337437
31790,0.24981153
31791,0.033232737
31792,0.034104206
31793,0.033232737
31794,0.033232737
31795,0.033232737
31796,0.033232737
31797,0.033232737
31798,0.033232737
31799,0.033232737
31800,0.033232737
31801,0.24839112
31802,0.033232737
31803,0.033232737
31804,0.033232737
31805,0.033232737
31806,0.033232737
31807,0.033232737
31808,0.033232737
31809,0.013339242
31810,0.033232737
31811,0.033232737
31812,0.42853448
31813,0.4401455
31814,0.033232737
31815,0.033232737
31816,0.033232737
31817,0.033232737
31818,0.033232737
31819,0.033232737
31820,0.033232737
31821,0.033232737
31822,0.033232737
31823,0.25041237
31824,0.033232737
31825,0.033232737
31826,0.033232737
31827,0.033232737
31828,0.033232737
31829,0.45071056
31830,0.24980505
31831,0.25658727
31832,0.033232737
31833,0.033232737
31834,0.033232737
31835,0.033232737
31836,0.033232737
31837,0.4628835
31838,0.033232737
31839,0.44069365
31840,0.03548914
31841,0.03679831
31842,0.033232737
31843,0.033232737
31844,0.033232737
31845,0.033232737
31846,0.03607874
31847,0.033232737
31848,0.033232737
31849,0.033232737
31850,0.033232737
31851,0.033232737
31852,0.033232737
31853,0.033232737
31854,0.033232737
31855,0.26210424
31856,0.41091257
31857,0.033232737
31858,0.033232737
31859,0.033232737
31860,0.033232737
31861,0.033232737
31862,0.033232737
31863,0.039357144
31864,0.03423977
31865,0.033232737
31866,0.033232737
31867,0.033232737
31868,0.033232737
31869,0.033232737
31870,0.033232737
31871,0.03536995
31872,0.033232737
31873,0.033232737
31874,0.033232737
31875,0.033232737
31876,0.024718175
31877,0.033232737
31878,0.033232737
31879,0.033232737
31880,0.033232737
31881,0.033232737
31882,0.033699118
31883,0.033232737
31884,0.51811945
31885,0.40984166
31886,0.25544295
31887,0.033232737
31888,0.033232737
31889,0.03679831
31890,0.033232737
31891,0.033232737
31892,0.033232737
31893,0.033232737
31894,0.033232737
31895,0.033232737
31896,0.039815646
31897,0.033232737
31898,0.033232737
31899,0.033232737
31900,0.033232737
31901,0.017688898
31902,0.033232737
31903,0.033232737
31904,0.020818144
31905,0.033232737
31906,0.033232737
31907,0.033232737
31908,0.033232737
31909,0.033232737
31910,0.034696337
31911,0.39597017
31912,0.033232737
31913,0.033503532
31914,0.033232737
31915,0.033232737
31916,0.033232737
31917,0.033232737
31918,0.033232737
31919,0.033232737
31920,0.24552217
31921,0.033232737
31922,0.033232737
31923,0.033232737
31924,0.033232737
31925,0.033232737
31926,0.033232737
31927,0.033232737
31928,0.033232737
31929,0.2527868
31930,0.033232737
31931,0.033232737
31932,0.03518356
31933,0.45347086
31934,0.033232737
31935,0.033232737
31936,0.2524443
31937,0.033232737
31938,0.033497754
31939,0.25397152
31940,0.033232737
31941,0.033232737
31942,0.033232737
31943,0.033232737
31944,0.033232737
31945,0.042548567
31946,0.033232737
31947,0.05040547
31948,0.033232737
31949,0.035970848
31950,0.033232737
31951,0.035114143
31952,0.033232737
31953,0.033232737
31954,0.033232737
31955,0.033232737
31956,0.033232737
31957,0.03873262
31958,0.039374143
31959,0.2527868
31960,0.033232737
31961,0.033232737
31962,0.033232737
31963,0.2480749
31964,0.24571119
31965,0.033232737
31966,0.033232737
31967,0.033232737
31968,0.033232737
31969,0.40820387
31970,0.033232737
31971,0.040423576
31972,0.40886045
31973,0.24365044
31974,0.028744215
31975,0.033232737
31976,0.033232737
31977,0.033232737
31978,0.033232737
31979,0.43891776
31980,0.5049216
31981,0.033232737
31982,0.033232737
31983,0.2527868
31984,0.25810203
31985,0.03605779
31986,0.049193095
31987,0.44676045
31988,0.033232737
31989,0.033232737
31990,0.033232737
31991,0.033232737
31992,0.04464209
31993,0.4532805
31994,0.01626484
31995,0.033232737
31996,0.42788693
31997,0.033232737
31998,0.033232737
31999,0.26883683
32000,0.017455472
32001,0.033232737
32002,0.033232737
32003,0.033232737
32004,0.033232737
32005,0.033232737
32006,0.033232737
32007,0.49860826
32008,0.033232737
32009,0.033232737
32010,0.41906735
32011,0.037435424
32012,0.0385296
32013,0.44059134
32014,0.49631968
32015,0.06090689
32016,0.033232737
32017,0.036363482
32018,0.48717123
32019,0.4604536
32020,0.44820237
32021,0.03495514
32022,0.033232737
32023,0.25696066
32024,0.013272032
32025,0.033232737
32026,0.033232737
32027,0.035114143
32028,0.033232737
32029,0.033232737
32030,0.033232737
32031,0.033232737
32032,0.033232737
32033,0.033232737
32034,0.033232737
32035,0.033232737
32036,0.2544262
32037,0.2524443
32038,0.033232737
32039,0.25700045
32040,0.033232737
32041,0.033232737
32042,0.5346077
32043,0.6126535
32044,0.5819482
32045,0.033232737
32046,0.033232737
32047,0.033232737
32048,0.52026165
32049,0.033232737
32050,0.033232737
32051,0.033232737
32052,0.033232737
32053,0.033232737
32054,0.033232737
32055,0.033232737
32056,0.4397158
32057,0.033232737
32058,0.033232737
32059,0.033232737
32060,0.033232737
32061,0.033232737
32062,0.033232737
32063,0.44823912
32064,0.25041237
32065,0.033232737
32066,0.25466448
32067,0.033232737
32068,0.033232737
32069,0.5834665
32070,0.5791827
32071,0.5169205
32072,0.033232737
32073,0.033232737
32074,0.033232737
32075,0.434918
32076,0.033232737
32077,0.2560414
32078,0.033232737
32079,0.033232737
32080,0.033232737
32081,0.033232737
32082,0.034292262
32083,0.033689294
32084,0.033232737
32085,0.45940074
32086,0.51453614
32087,0.23591755
32088,0.034740403
32089,0.033232737
32090,0.033232737
32091,0.033232737
32092,0.033232737
32093,0.033232737
32094,0.25086468
32095,0.03504997
32096,0.033232737
32097,0.033232737
32098,0.033232737
32099,0.533649
32100,0.7254815
32101,0.59671104
32102,0.03512269
32103,0.033232737
32104,0.24989185
32105,0.43827164
32106,0.033232737
32107,0.033232737
32108,0.033232737
32109,0.033232737
32110,0.033232737
32111,0.033232737
32112,0.40085486
32113,0.6150106
32114,0.033232737
32115,0.033232737
32116,0.037231017
32117,0.033232737
32118,0.033232737
32119,0.25031856
32120,0.2527868
32121,0.040634733
32122,0.033232737
32123,0.033232737
32124,0.034713108
32125,0.033232737
32126,0.033232737
32127,0.5292956
32128,0.48610947
32129,0.25799608
32130,0.033232737
32131,0.033232737
32132,0.033232737
32133,0.033232737
32134,0.033232737
32135,0.26043308
32136,0.033232737
32137,0.033232737
32138,0.033232737
32139,0.033232737
32140,0.033232737
32141,0.033232737
32142,0.033232737
32143,0.504834
32144,0.6695308
32145,0.24963589
32146,0.035673715
32147,0.033355698
32148,0.03411394
32149,0.03358051
32150,0.40660927
32151,0.033232737
32152,0.033232737
32153,0.033232737
32154,0.033232737
32155,0.04663877
32156,0.03725522
32157,0.033145007
32158,0.46672586
32159,0.5277708
32160,0.037683323
32161,0.7217707
32162,0.035500813
32163,0.033232737
32164,0.25489566
32165,0.03734889
32166,0.033232737
32167,0.033232737
32168,0.5143931
32169,0.033232737
32170,0.033232737
32171,0.033232737
32172,0.033232737
32173,0.04075186
32174,0.51949966
32175,0.44759893
32176,0.43993998
32177,0.43200085
32178,0.035057936
32179,0.03326757
32180,0.517644
32181,0.033232737
32182,0.044243038
32183,0.033232737
32184,0.033232737
32185,0.55435824
32186,0.2527096
32187,0.033232737
32188,0.4316441
32189,0.25857657
32190,0.033232737
32191,0.033181418
32192,0.033232737
32193,0.033232737
32194,0.033232737
32195,0.033232737
32196,0.033232737
32197,0.033232737
32198,0.033232737
32199,0.035334367
32200,0.42993912
32201,0.62906677
32202,0.5018032
32203,0.55800027
32204,0.4452497
32205,0.033232737
32206,0.033232737
32207,0.033232737
32208,0.26389766
32209,0.44214877
32210,0.033232737
32211,0.033232737
32212,0.033232737
32213,0.040453777
32214,0.033232737
32215,0.033232737
32216,0.03502315
32217,0.033232737
32218,0.033232737
32219,0.033232737
32220,0.033232737
32221,0.033232737
32222,0.033232737
32223,0.033232737
32224,0.42964464
32225,0.2524161
32226,0.5096256
32227,0.6414319
32228,0.4681301
32229,0.43788943
32230,0.25143495
32231,0.016600613
32232,0.033232737
32233,0.033232737
32234,0.033232737
32235,0.033232737
32236,0.033232737
32237,0.033232737
32238,0.5198014
32239,0.033232737
32240,0.033232737
32241,0.033232737
32242,0.033232737
32243,0.03868256
32244,0.033232737
32245,0.033232737
32246,0.03293242
32247,0.033232737
32248,0.033232737
32249,0.033232737
32250,0.039357144
32251,0.48581198
32252,0.5011004
32253,0.2602375
32254,0.597886
32255,0.43362734
32256,0.44142
32257,0.033232737
32258,0.033232737
32259,0.033232737
32260,0.033232737
32261,0.033232737
32262,0.033232737
32263,0.033232737
32264,0.033232737
32265,0.508059
32266,0.033232737
32267,0.5320883
32268,0.033232737
32269,0.034200776
32270,0.03567699
32271,0.03501702
32272,0.036996484
32273,0.033232737
32274,0.033232737
32275,0.033232737
32276,0.033232737
32277,0.59322286
32278,0.48395708
32279,0.5491458
32280,0.478827
32281,0.5179974
32282,0.042419262
32283,0.2527868
32284,0.033232737
32285,0.033232737
32286,0.033232737
32287,0.033232737
32288,0.033232737
32289,0.033869293
32290,0.033801332
32291,0.033232737
32292,0.25038886
32293,0.033232737
32294,0.033232737
32295,0.42883813
32296,0.033232737
32297,0.033232737
32298,0.03495514
32299,0.025294688
32300,0.033232737
32301,0.49407795
32302,0.033232737
32303,0.25127652
32304,0.03655602
32305,0.033232737
32306,0.033232737
32307,0.033232737
32308,0.033232737
32309,0.033232737
32310,0.033929948
32311,0.033232737
32312,0.033232737
32313,0.033232737
32314,0.25570485
32315,0.03607874
32316,0.033232737
32317,0.033232737
32318,0.033232737
32319,0.035057615
32320,0.033232737
32321,0.033232737
32322,0.026635878
32323,0.033232737
32324,0.044779524
32325,0.41726834
32326,0.4195557
32327,0.033232737
32328,0.035181347
32329,0.033232737
32330,0.033232737
32331,0.035181347
32332,0.033232737
32333,0.2589427
32334,0.033232737
32335,0.033232737
32336,0.033232737
32337,0.033232737
32338,0.033232737
32339,0.033232737
32340,0.033232737
32341,0.033232737
32342,0.54344904
32343,0.033232737
32344,0.033232737
32345,0.033232737
32346,0.033232737
32347,0.033232737
32348,0.4630215
32349,0.033232737
32350,0.033232737
32351,0.259627
32352,0.033232737
32353,0.033232737
32354,0.040253386
32355,0.033232737
32356,0.033232737
32357,0.033232737
32358,0.033232737
32359,0.25495294
32360,0.033232737
32361,0.033232737
32362,0.033232737
32363,0.033232737
32364,0.03661839
32365,0.033232737
32366,0.033232737
32367,0.033232737
32368,0.033232737
32369,0.033232737
32370,0.2684961
32371,0.033232737
32372,0.033232737
32373,0.033232737
32374,0.033232737
32375,0.033232737
32376,0.266938
32377,0.033232737
32378,0.25170386
32379,0.040634733
32380,0.033232737
32381,0.033232737
32382,0.033232737
32383,0.033232737
32384,0.033232737
32385,0.4522051
32386,0.033232737
32387,0.037647035
32388,0.033232737
32389,0.033232737
32390,0.033232737
32391,0.033232737
32392,0.2574513
32393,0.46131775
32394,0.25739187
32395,0.033232737
32396,0.033232737
32397,0.033232737
32398,0.033232737
32399,0.033232737
32400,0.033232737
32401,0.033559445
32402,0.5774927
32403,0.033232737
32404,0.033232737
32405,0.033232737
32406,0.033232737
32407,0.033232737
32408,0.033232737
32409,0.035025153
32410,0.44696337
32411,0.033232737
32412,0.26371467
32413,0.033232737
32414,0.033232737
32415,0.033232737
32416,0.033232737
32417,0.033232737
32418,0.013505992
32419,0.033232737
32420,0.033232737
32421,0.033232737
32422,0.033232737
32423,0.033232737
32424,0.033232737
32425,0.037377875
32426,0.033232737
32427,0.033232737
32428,0.03854012
32429,0.033232737
32430,0.033232737
32431,0.033960577
32432,0.036026906
32433,0.033232737
32434,0.033232737
32435,0.5194504
32436,0.033232737
32437,0.03607015
32438,0.034367394
32439,0.033232737
32440,0.033232737
32441,0.033232737
32442,0.033232737
32443,0.033232737
32444,0.44348633
32445,0.033232737
32446,0.033232737
32447,0.25480348
32448,0.033232737
32449,0.0341209
32450,0.033232737
32451,0.033232737
32452,0.033232737
32453,0.5120281
32454,0.033232737
32455,0.033232737
32456,0.033232737
32457,0.033232737
32458,0.033232737
32459,0.033232737
32460,0.4412457
32461,0.033232737
32462,0.033232737
32463,0.033232737
32464,0.043079533
32465,0.033232737
32466,0.033232737
32467,0.033232737
32468,0.033232737
32469,0.033232737
32470,0.033232737
32471,0.033232737
32472,0.25365868
32473,0.24919172
32474,0.033232737
32475,0.033232737
32476,0.033232737
32477,0.033232737
32478,0.037846673
32479,0.033232737
32480,0.033232737
32481,0.033232737
32482,0.036590893
32483,0.033232737
32484,0.033443447
32485,0.033232737
32486,0.25704154
32487,0.033232737
32488,0.033232737
32489,0.033232737
32490,0.033232737
32491,0.033232737
32492,0.033232737
32493,0.033232737
32494,0.03607874
32495,0.033232737
32496,0.033232737
32497,0.033232737
32498,0.033232737
32499,0.033232737
32500,0.033232737
32501,0.033232737
32502,0.03607874
32503,0.033232737
32504,0.033232737
32505,0.033232737
32506,0.033232737
32507,0.033232737
32508,0.039357144
32509,0.033232737
32510,0.033232737
32511,0.033232737
32512,0.033232737
32513,0.25219283
32514,0.033232737
32515,0.033232737
32516,0.033232737
32517,0.035970848
32518,0.033232737
32519,0.033232737
32520,0.033232737
32521,0.033232737
32522,0.033232737
32523,0.033232737
32524,0.038695056
32525,0.033232737
32526,0.033232737
32527,0.033232737
32528,0.033232737
32529,0.033232737
32530,0.013967897
32531,0.017083103
32532,0.033232737
32533,0.03495514
32534,0.024329158
32535,0.033232737
32536,0.03607874
32537,0.033232737
32538,0.033232737
32539,0.033232737
32540,0.033232737
32541,0.013941813
32542,0.04014173
32543,0.033232737
32544,0.03607874
32545,0.033232737
32546,0.033232737
32547,0.033232737
32548,0.033232737
32549,0.033232737
32550,0.033232737
32551,0.03495514
32552,0.033232737
32553,0.25296158
32554,0.2524443
32555,0.033232737
32556,0.021101858
32557,0.033232737
32558,0.039301258
32559,0.020236941
32560,0.030870048
32561,0.020236941
32562,0.02897313
32563,0.024889411
32564,0.020236941
32565,0.020236941
32566,0.020236941
32567,0.020236941
32568,0.020236941
32569,0.020236941
32570,0.021193583
32571,0.020236941
32572,0.020236941
32573,0.020236941
32574,0.40227607
32575,0.020236941
32576,0.020236941
32577,0.019737385
32578,0.24443176
32579,0.4328893
32580,0.020236941
32581,0.020236941
32582,0.24492319
32583,0.020236941
32584,0.44003245
32585,0.020236941
32586,0.40934345
32587,0.022449538
32588,0.030535655
32589,0.45849976
32590,0.020236941
32591,0.020236941
32592,0.020236941
32593,0.24847974
32594,0.020236941
32595,0.020236941
32596,0.020236941
32597,0.024889411
32598,0.020236941
32599,0.020236941
32600,0.24646382
32601,0.5453576
32602,0.52338606
32603,0.01886899
32604,0.020236941
32605,0.023286086
32606,0.020236941
32607,0.020236941
32608,0.020236941
32609,0.020236941
32610,0.020236941
32611,0.020236941
32612,0.50522006
32613,0.023456939
32614,0.24256393
32615,0.46235332
32616,0.020236941
32617,0.020236941
32618,0.5046421
32619,0.020236941
32620,0.23912267
32621,0.020236941
32622,0.020236941
32623,0.020236941
32624,0.020236941
32625,0.020236941
32626,0.24695677
32627,0.25040618
32628,0.020236941
32629,0.020236941
32630,0.022124076
32631,0.24545445
32632,0.020236941
32633,0.020236941
32634,0.020236941
32635,0.020236941
32636,0.020236941
32637,0.025635459
32638,0.020236941
32639,0.011132625
32640,0.020236941
32641,0.020236941
32642,0.25035498
32643,0.021206575
32644,0.5136021
32645,0.020236941
32646,0.020236941
32647,0.020236941
32648,0.027337909
32649,0.51937866
32650,0.02411764
32651,0.020236941
32652,0.51196414
32653,0.43260047
32654,0.020236941
32655,0.020236941
32656,0.020236941
32657,0.020236941
32658,0.020236941
32659,0.020236941
32660,0.24690458
32661,0.23522842
32662,0.4368993
32663,0.24680632
32664,0.020236941
32665,0.020236941
32666,0.020236941
32667,0.020236941
32668,0.24380755
32669,0.020236941
32670,0.020236941
32671,0.020236941
32672,0.020236941
32673,0.020236941
32674,0.020236941
32675,0.020236941
32676,0.24808808
32677,0.40803936
32678,0.020236941
32679,0.020236941
32680,0.020236941
32681,0.020236941
32682,0.020236941
32683,0.02329851
32684,0.034753352
32685,0.020236941
32686,0.021939373
32687,0.020236941
32688,0.020236941
32689,0.020236941
32690,0.020236941
32691,0.020236941
32692,0.020236941
32693,0.24808808
32694,0.020236941
32695,0.020236941
32696,0.020236941
32697,0.020236941
32698,0.020236941
32699,0.020236941
32700,0.020236941
32701,0.020236941
32702,0.020236941
32703,0.43377322
32704,0.41096345
32705,0.020236941
32706,0.020236941
32707,0.020236941
32708,0.020236941
32709,0.020236941
32710,0.020236941
32711,0.020236941
32712,0.020236941
32713,0.2459893
32714,0.020236941
32715,0.020236941
32716,0.020236941
32717,0.020236941
32718,0.020236941
32719,0.4366446
32720,0.39453378
32721,0.43735442
32722,0.020236941
32723,0.020236941
32724,0.020236941
32725,0.020236941
32726,0.020236941
32727,0.24618529
32728,0.020236941
32729,0.43172574
32730,0.022493336
32731,0.020236941
32732,0.020236941
32733,0.020236941
32734,0.020236941
32735,0.020236941
32736,0.020236941
32737,0.020236941
32738,0.020236941
32739,0.020236941
32740,0.020236941
32741,0.020236941
32742,0.2459893
32743,0.020236941
32744,0.020236941
32745,0.25101915
32746,0.51547784
32747,0.020236941
32748,0.020236941
32749,0.020236941
32750,0.020236941
32751,0.020236941
32752,0.020236941
32753,0.013772186
32754,0.020236941
32755,0.020236941
32756,0.021243969
32757,0.020236941
32758,0.020236941
32759,0.020236941
32760,0.020236941
32761,0.020236941
32762,0.020236941
32763,0.021287823
32764,0.020236941
32765,0.020236941
32766,0.030891012
32767,0.020236941
32768,0.020236941
32769,0.020236941
32770,0.020236941
32771,0.020703321
32772,0.020236941
32773,0.44669363
32774,0.24550466
32775,0.24820675
32776,0.020236941
32777,0.020236941
32778,0.020236941
32779,0.020236941
32780,0.020236941
32781,0.020236941
32782,0.020236941
32783,0.020236941
32784,0.020236941
32785,0.020236941
32786,0.020236941
32787,0.020236941
32788,0.028052043
32789,0.020236941
32790,0.020236941
32791,0.020236941
32792,0.020236941
32793,0.020236941
32794,0.02170054
32795,0.40545473
32796,0.020236941
32797,0.24626009
32798,0.020236941
32799,0.020236941
32800,0.020236941
32801,0.020236941
32802,0.020236941
32803,0.01297849
32804,0.020236941
32805,0.24439153
32806,0.020236941
32807,0.020236941
32808,0.020236941
32809,0.020236941
32810,0.020236941
32811,0.020236941
32812,0.020236941
32813,0.020236941
32814,0.4060586
32815,0.020236941
32816,0.020236941
32817,0.022187766
32818,0.44760424
32819,0.020236941
32820,0.020236941
32821,0.24808808
32822,0.020236941
32823,0.020501958
32824,0.2465142
32825,0.020236941
32826,0.020236941
32827,0.020236941
32828,0.020236941
32829,0.020236941
32830,0.25013563
32831,0.020236941
32832,0.2587507
32833,0.020236941
32834,0.020236941
32835,0.020236941
32836,0.020236941
32837,0.020236941
32838,0.020236941
32839,0.020236941
32840,0.025736827
32841,0.023485117
32842,0.24624734
32843,0.020236941
32844,0.020236941
32845,0.020236941
32846,0.02463916
32847,0.23889904
32848,0.020236941
32849,0.010023139
32850,0.020236941
32851,0.020236941
32852,0.020236941
32853,0.43474782
32854,0.020236941
32855,0.026247935
32856,0.50830865
32857,0.2385646
32858,0.030910484
32859,0.020236941
32860,0.020236941
32861,0.020236941
32862,0.020236941
32863,0.39986303
32864,0.40812173
32865,0.020236941
32866,0.020236941
32867,0.020236941
32868,0.029159801
32869,0.02278886
32870,0.033745937
32871,0.50370383
32872,0.020236941
32873,0.020236941
32874,0.020236941
32875,0.020236941
32876,0.024679992
32877,0.43144843
32878,0.020236941
32879,0.42586094
32880,0.020236941
32881,0.020236941
32882,0.26266357
32883,0.020236941
32884,0.020236941
32885,0.020236941
32886,0.020236941
32887,0.020236941
32888,0.54480815
32889,0.020236941
32890,0.020236941
32891,0.44741237
32892,0.024439635
32893,0.025825283
32894,0.41592425
32895,0.040987823
32896,0.052237835
32897,0.044306878
32898,0.020236941
32899,0.025973005
32900,0.5811019
32901,0.5258479
32902,0.4883059
32903,0.020236941
32904,0.25015467
32905,0.020236941
32906,0.020236941
32907,0.020236941
32908,0.020236941
32909,0.027669298
32910,0.020236941
32911,0.020236941
32912,0.020236941
32913,0.020236941
32914,0.020236941
32915,0.020236941
32916,0.020236941
32917,0.020236941
32918,0.2479285
32919,0.2459893
32920,0.020236941
32921,0.020236941
32922,0.2513884
32923,0.020236941
32924,0.020236941
32925,0.4249157
32926,0.4598663
32927,0.5437736
32928,0.020236941
32929,0.020236941
32930,0.020236941
32931,0.5055441
32932,0.020236941
32933,0.020236941
32934,0.020236941
32935,0.020236941
32936,0.020236941
32937,0.020236941
32938,0.42469954
32939,0.020236941
32940,0.020236941
32941,0.020236941
32942,0.020236941
32943,0.020236941
32944,0.020236941
32945,0.48388568
32946,0.24624734
32947,0.020236941
32948,0.024046594
32949,0.020236941
32950,0.020236941
32951,0.49232462
32952,0.5239066
32953,0.51354027
32954,0.014192138
32955,0.020236941
32956,0.020236941
32957,0.020236941
32958,0.50389445
32959,0.020236941
32960,0.25428104
32961,0.020236941
32962,0.020236941
32963,0.020236941
32964,0.020236941
32965,0.021296466
32966,0.24242154
32967,0.020236941
32968,0.425224
32969,0.41584972
32970,0.2369064
32971,0.021744613
32972,0.020236941
32973,0.020236941
32974,0.020236941
32975,0.020236941
32976,0.020236941
32977,0.021296518
32978,0.024277665
32979,0.020236941
32980,0.020236941
32981,0.020236941
32982,0.54711604
32983,0.7203016
32984,0.5496522
32985,0.022126894
32986,0.020236941
32987,0.2503856
32988,0.4969537
32989,0.020236941
32990,0.020236941
32991,0.020236941
32992,0.020236941
32993,0.020236941
32994,0.020236941
32995,0.4503956
32996,0.57238096
32997,0.020236941
32998,0.020236941
32999,0.022179134
33000,0.020236941
33001,0.020236941
33002,0.24690041
33003,0.2459893
33004,0.020236941
33005,0.020236941
33006,0.021705993
33007,0.020236941
33008,0.020236941
33009,0.5152389
33010,0.49307242
33011,0.25422803
33012,0.020236941
33013,0.020236941
33014,0.020236941
33015,0.020236941
33016,0.029837184
33017,0.020236941
33018,0.020236941
33019,0.020236941
33020,0.020236941
33021,0.020236941
33022,0.020236941
33023,0.53758913
33024,0.1255146
33025,0.24367386
33026,0.024771782
33027,0.0203599
33028,0.021118134
33029,0.022011152
33030,0.47488436
33031,0.020236941
33032,0.020236941
33033,0.020236941
33034,0.020236941
33035,0.03364294
33036,0.025720065
33037,0.020149207
33038,0.42299652
33039,0.25007904
33040,0.02161896
33041,0.657626
33042,0.25042516
33043,0.25082684
33044,0.24466473
33045,0.020236941
33046,0.020236941
33047,0.51321626
33048,0.020236941
33049,0.020236941
33050,0.020236941
33051,0.020236941
33052,0.022764266
33053,0.40650156
33054,0.4669031
33055,0.24878648
33056,0.43229637
33057,0.020392759
33058,0.02027178
33059,0.5099657
33060,0.020236941
33061,0.028459795
33062,0.020236941
33063,0.020236941
33064,0.43590197
33065,0.24935181
33066,0.020236941
33067,0.43827662
33068,0.5028456
33069,0.020236941
33070,0.020185623
33071,0.020236941
33072,0.020236941
33073,0.023193322
33074,0.020236941
33075,0.020236941
33076,0.020236941
33077,0.020236941
33078,0.021775307
33079,0.43217286
33080,0.61448896
33081,0.41818088
33082,0.2593584
33083,0.5480281
33084,0.020236941
33085,0.020236941
33086,0.020236941
33087,0.0316967
33088,0.51547086
33089,0.020236941
33090,0.020236941
33091,0.020236941
33092,0.02745797
33093,0.020236941
33094,0.020236941
33095,0.02202736
33096,0.020236941
33097,0.020236941
33098,0.020236941
33099,0.020236941
33100,0.020236941
33101,0.43471882
33102,0.24777143
33103,0.49691504
33104,0.55129904
33105,0.5401071
33106,0.24757437
33107,0.24492319
33108,0.020236941
33109,0.020236941
33110,0.020236941
33111,0.020236941
33112,0.020236941
33113,0.42154464
33114,0.020236941
33115,0.020236941
33116,0.020236941
33117,0.020236941
33118,0.024267087
33119,0.020236941
33120,0.020236941
33121,0.019936623
33122,0.020236941
33123,0.02897313
33124,0.01964149
33125,0.020236941
33126,0.020236941
33127,0.020236941
33128,0.56307834
33129,0.39600396
33130,0.4431466
33131,0.59317565
33132,0.50451267
33133,0.52035254
33134,0.020236941
33135,0.020236941
33136,0.020236941
33137,0.020236941
33138,0.020236941
33139,0.020236941
33140,0.020236941
33141,0.020236941
33142,0.42043126
33143,0.020236941
33144,0.54491
33145,0.020236941
33146,0.020533156
33147,0.022681193
33148,0.021762226
33149,0.248764
33150,0.020236941
33151,0.020236941
33152,0.020236941
33153,0.025635459
33154,0.5872129
33155,0.4103057
33156,0.4370191
33157,0.5077689
33158,0.24283372
33159,0.02917265
33160,0.24382456
33161,0.020236941
33162,0.020236941
33163,0.020236941
33164,0.020236941
33165,0.020873494
33166,0.020180058
33167,0.020236941
33168,0.24674763
33169,0.020236941
33170,0.020236941
33171,0.24257992
33172,0.020236941
33173,0.020236941
33174,0.020236941
33175,0.44279385
33176,0.020236941
33177,0.42697746
33178,0.023560211
33179,0.020236941
33180,0.020236941
33181,0.020236941
33182,0.020236941
33183,0.020236941
33184,0.02093415
33185,0.020236941
33186,0.020236941
33187,0.045841496
33188,0.023972036
33189,0.020236941
33190,0.020236941
33191,0.020236941
33192,0.020236941
33193,0.020871053
33194,0.020236941
33195,0.020236941
33196,0.020236941
33197,0.030879498
33198,0.48532712
33199,0.44122264
33200,0.020236941
33201,0.030870048
33202,0.020236941
33203,0.020236941
33204,0.020236941
33205,0.020236941
33206,0.027353432
33207,0.020236941
33208,0.020236941
33209,0.020236941
33210,0.020236941
33211,0.020236941
33212,0.011299547
33213,0.020236941
33214,0.020236941
33215,0.4043674
33216,0.020236941
33217,0.020236941
33218,0.020236941
33219,0.020236941
33220,0.020236941
33221,0.52257365
33222,0.020236941
33223,0.020236941
33224,0.010090349
33225,0.24629681
33226,0.020236941
33227,0.020236941
33228,0.020236941
33229,0.020236941
33230,0.027257591
33231,0.020236941
33232,0.020236941
33233,0.020236941
33234,0.24897239
33235,0.020236941
33236,0.020236941
33237,0.020236941
33238,0.022277212
33239,0.020236941
33240,0.020236941
33241,0.020236941
33242,0.020236941
33243,0.020236941
33244,0.4263807
33245,0.020236941
33246,0.020236941
33247,0.020236941
33248,0.020236941
33249,0.020236941
33250,0.03685335
33251,0.020236941
33252,0.50763065
33253,0.020236941
33254,0.020236941
33255,0.020236941
33256,0.020236941
33257,0.020236941
33258,0.020236941
33259,0.43975165
33260,0.020236941
33261,0.024651237
33262,0.020236941
33263,0.020236941
33264,0.020236941
33265,0.43798915
33266,0.52573925
33267,0.2522081
33268,0.020236941
33269,0.020236941
33270,0.020236941
33271,0.020236941
33272,0.020236941
33273,0.020236941
33274,0.020236941
33275,0.021397004
33276,0.5380254
33277,0.020236941
33278,0.020236941
33279,0.020236941
33280,0.020236941
33281,0.020236941
33282,0.027427876
33283,0.42318374
33284,0.020236941
33285,0.25806653
33286,0.020236941
33287,0.020236941
33288,0.020236941
33289,0.020236941
33290,0.020236941
33291,0.020236941
33292,0.020236941
33293,0.020236941
33294,0.020236941
33295,0.020236941
33296,0.020236941
33297,0.024382077
33298,0.020236941
33299,0.020236941
33300,0.020236941
33301,0.020236941
33302,0.020236941
33303,0.020964779
33304,0.020236941
33305,0.020236941
33306,0.020236941
33307,0.43475586
33308,0.020236941
33309,0.023074355
33310,0.020236941
33311,0.020236941
33312,0.020236941
33313,0.020236941
33314,0.020236941
33315,0.020236941
33316,0.42741966
33317,0.020236941
33318,0.020236941
33319,0.020236941
33320,0.020236941
33321,0.24757902
33322,0.020236941
33323,0.0211251
33324,0.020236941
33325,0.020236941
33326,0.010749876
33327,0.4907553
33328,0.020236941
33329,0.020236941
33330,0.026055701
33331,0.020236941
33332,0.020236941
33333,0.020236941
33334,0.020236941
33335,0.023990316
33336,0.020236941
33337,0.020236941
33338,0.020236941
33339,0.030083736
33340,0.020236941
33341,0.020236941
33342,0.020236941
33343,0.020236941
33344,0.020236941
33345,0.020236941
33346,0.020236941
33347,0.025821887
33348,0.020236941
33349,0.020236941
33350,0.014702877
33351,0.020236941
33352,0.020236941
33353,0.026055701
33354,0.020236941
33355,0.020236941
33356,0.020236941
33357,0.023595102
33358,0.021936128
33359,0.4390213
33360,0.020236941
33361,0.020236941
33362,0.020236941
33363,0.020236941
33364,0.020236941
33365,0.020236941
33366,0.020236941
33367,0.020236941
33368,0.022395857
33369,0.020236941
33370,0.020236941
33371,0.020236941
33372,0.021268275
33373,0.020236941
33374,0.020236941
33375,0.020236941
33376,0.020236941
33377,0.020236941
33378,0.020236941
33379,0.020236941
33380,0.020236941
33381,0.020236941
33382,0.020236941
33383,0.020236941
33384,0.020236941
33385,0.020236941
33386,0.5255018
33387,0.020236941
33388,0.020236941
33389,0.020236941
33390,0.020236941
33391,0.020236941
33392,0.020236941
33393,0.020236941
33394,0.020236941
33395,0.020236941
33396,0.020236941
33397,0.025423707
33398,0.020236941
33399,0.020236941
33400,0.020236941
33401,0.020236941
33402,0.028052043
33403,0.020236941
33404,0.020236941
33405,0.020236941
33406,0.020236941
33407,0.020236941
33408,0.020236941
33409,0.020236941
33410,0.25027892
33411,0.030891012
33412,0.020236941
33413,0.025048412
33414,0.010452642
33415,0.020236941
33416,0.020236941
33417,0.020236941
33418,0.020236941
33419,0.020236941
33420,0.020236941
33421,0.24907996
33422,0.2459893
33423,0.020236941
33424,0.020236941
33425,0.020236941
33426,0.027669298
33427,0.020236941
33428,0.020236941
33429,0.018606586
33430,0.018606586
33431,0.018606586
33432,0.018606586
33433,0.018606586
33434,0.018606586
33435,0.018606586
33436,0.018606586
33437,0.01956322
33438,0.018606586
33439,0.018606586
33440,0.40542024
33441,0.018606586
33442,0.018606586
33443,0.028812205
33444,0.24505953
33445,0.24587661
33446,0.018606586
33447,0.24068429
33448,0.018606586
33449,0.5538011
33450,0.020453071
33451,0.018606586
33452,0.018975317
33453,0.018606586
33454,0.2558347
33455,0.47367638
33456,0.23451166
33457,0.018606586
33458,0.018606586
33459,0.24692757
33460,0.018606586
33461,0.018606586
33462,0.018606586
33463,0.018606586
33464,0.018606586
33465,0.018606586
33466,0.018606586
33467,0.24505953
33468,0.5422315
33469,0.43770483
33470,0.017238636
33471,0.018606586
33472,0.021979623
33473,0.018606586
33474,0.018606586
33475,0.018606586
33476,0.018606586
33477,0.018606586
33478,0.018606586
33479,0.42387542
33480,0.24685362
33481,0.4004063
33482,0.55557424
33483,0.24148104
33484,0.4340203
33485,0.018606586
33486,0.009527086
33487,0.018606586
33488,0.018606586
33489,0.018606586
33490,0.018606586
33491,0.029924562
33492,0.018606586
33493,0.02010889
33494,0.021417474
33495,0.018606586
33496,0.018606586
33497,0.020493722
33498,0.24505953
33499,0.018606586
33500,0.018606586
33501,0.018606586
33502,0.018606586
33503,0.018606586
33504,0.018606586
33505,0.018606586
33506,0.018606586
33507,0.018606586
33508,0.03853986
33509,0.01957622
33510,0.03197572
33511,0.018606586
33512,0.018606586
33513,0.018606586
33514,0.42644542
33515,0.022487283
33516,0.018606586
33517,0.5397111
33518,0.42601264
33519,0.009994691
33520,0.018606586
33521,0.018606586
33522,0.018606586
33523,0.029199852
33524,0.018606586
33525,0.018606586
33526,0.018606586
33527,0.018606586
33528,0.02053343
33529,0.24328917
33530,0.5504231
33531,0.5321529
33532,0.018606586
33533,0.018606586
33534,0.018606586
33535,0.018606586
33536,0.24647284
33537,0.018606586
33538,0.018606586
33539,0.018606586
33540,0.025216594
33541,0.545147
33542,0.24360248
33543,0.018606586
33544,0.018606586
33545,0.018606586
33546,0.018606586
33547,0.018606586
33548,0.018998645
33549,0.03225231
33550,0.018606586
33551,0.020309018
33552,0.018606586
33553,0.018606586
33554,0.018606586
33555,0.018606586
33556,0.018606586
33557,0.018606586
33558,0.018606586
33559,0.24587661
33560,0.018606586
33561,0.018606586
33562,0.018606586
33563,0.018606586
33564,0.018606586
33565,0.018606586
33566,0.018606586
33567,0.018606586
33568,0.018606586
33569,0.43569756
33570,0.50605243
33571,0.018606586
33572,0.018606586
33573,0.018606586
33574,0.018606586
33575,0.018606586
33576,0.018606586
33577,0.018606586
33578,0.018606586
33579,0.020518145
33580,0.24505953
33581,0.018606586
33582,0.018606586
33583,0.018606586
33584,0.018606586
33585,0.018606586
33586,0.018606586
33587,0.5085065
33588,0.5081995
33589,0.5394919
33590,0.018606586
33591,0.018606586
33592,0.018606586
33593,0.018606586
33594,0.018606586
33595,0.2474203
33596,0.018606586
33597,0.4263423
33598,0.020862982
33599,0.018606586
33600,0.018606586
33601,0.018606586
33602,0.018606586
33603,0.018606586
33604,0.018606586
33605,0.018606586
33606,0.018606586
33607,0.024788728
33608,0.018606586
33609,0.018606586
33610,0.018606586
33611,0.018606586
33612,0.018606586
33613,0.018606586
33614,0.24982387
33615,0.49251866
33616,0.018606586
33617,0.018606586
33618,0.018606586
33619,0.018606586
33620,0.018606586
33621,0.018606586
33622,0.018606586
33623,0.018606586
33624,0.019613614
33625,0.018606586
33626,0.018606586
33627,0.018606586
33628,0.018606586
33629,0.018606586
33630,0.018606586
33631,0.019657468
33632,0.018606586
33633,0.018606586
33634,0.018606586
33635,0.018606586
33636,0.018606586
33637,0.018606586
33638,0.018606586
33639,0.018606586
33640,0.019072967
33641,0.018606586
33642,0.506251
33643,0.021066742
33644,0.24751014
33645,0.018606586
33646,0.018606586
33647,0.018606586
33648,0.018606586
33649,0.018606586
33650,0.018606586
33651,0.018606586
33652,0.018606586
33653,0.018606586
33654,0.018606586
33655,0.018606586
33656,0.018606586
33657,0.018606586
33658,0.018606586
33659,0.018606586
33660,0.018606586
33661,0.018606586
33662,0.018606586
33663,0.018606586
33664,0.019256385
33665,0.39235225
33666,0.018606586
33667,0.018877381
33668,0.018606586
33669,0.025216594
33670,0.018606586
33671,0.018606586
33672,0.018606586
33673,0.018606586
33674,0.027542006
33675,0.018606586
33676,0.24346188
33677,0.018606586
33678,0.018606586
33679,0.018606586
33680,0.018606586
33681,0.018606586
33682,0.018606586
33683,0.018606586
33684,0.018606586
33685,0.5067517
33686,0.018606586
33687,0.018606586
33688,0.020557411
33689,0.5226908
33690,0.018606586
33691,0.018606586
33692,0.24587661
33693,0.018606586
33694,0.018871604
33695,0.24294727
33696,0.018606586
33697,0.018606586
33698,0.018606586
33699,0.018606586
33700,0.02878068
33701,0.018606586
33702,0.25782102
33703,0.018606586
33704,0.018606586
33705,0.018606586
33706,0.018606586
33707,0.018606586
33708,0.018606586
33709,0.024106473
33710,0.022544775
33711,0.24587661
33712,0.018606586
33713,0.018606586
33714,0.018606586
33715,0.023008805
33716,0.23741607
33717,0.018606586
33718,0.018606586
33719,0.018606586
33720,0.018606586
33721,0.5344748
33722,0.018606586
33723,0.022553967
33724,0.51114887
33725,0.23674019
33726,0.018606586
33727,0.018606586
33728,0.0106948195
33729,0.018606586
33730,0.018606586
33731,0.4361839
33732,0.5459795
33733,0.018606586
33734,0.018606586
33735,0.23451166
33736,0.2526758
33737,0.021078316
33738,0.025539165
33739,0.24381316
33740,0.018606586
33741,0.018606586
33742,0.018606586
33743,0.018606586
33744,0.25061306
33745,0.46207526
33746,0.018606586
33747,0.4097074
33748,0.018606586
33749,0.018606586
33750,0.029153751
33751,0.027210617
33752,0.018606586
33753,0.018606586
33754,0.018606586
33755,0.018606586
33756,0.018606586
33757,0.42522353
33758,0.018606586
33759,0.018606586
33760,0.42468038
33761,0.0230878
33762,0.024194926
33763,0.50797105
33764,0.41411847
33765,0.043469038
33766,0.031149898
33767,0.018606586
33768,0.024296865
33769,0.59810984
33770,0.44204324
33771,0.2545795
33772,0.018606586
33773,0.24761105
33774,0.018606586
33775,0.018606586
33776,0.018606586
33777,0.018606586
33778,0.018606586
33779,0.018606586
33780,0.018606586
33781,0.018606586
33782,0.018606586
33783,0.018606586
33784,0.018606586
33785,0.018606586
33786,0.018606586
33787,0.019146806
33788,0.018606586
33789,0.018606586
33790,0.25301412
33791,0.018606586
33792,0.018606586
33793,0.418293
33794,0.5267902
33795,0.54435027
33796,0.018606586
33797,0.018606586
33798,0.06277478
33799,0.018606586
33800,0.018606586
33801,0.018606586
33802,0.018606586
33803,0.018606586
33804,0.018606586
33805,0.018606586
33806,0.48387063
33807,0.018606586
33808,0.018606586
33809,0.018606586
33810,0.018606586
33811,0.018606586
33812,0.018606586
33813,0.4216772
33814,0.018606586
33815,0.018606586
33816,0.021301353
33817,0.018606586
33818,0.018606586
33819,0.56049913
33820,0.44135273
33821,0.43345463
33822,0.018606586
33823,0.018606586
33824,0.43169504
33825,0.018606586
33826,0.25319722
33827,0.018606586
33828,0.018606586
33829,0.018606586
33830,0.018606586
33831,0.019666111
33832,0.019869925
33833,0.018606586
33834,0.42497522
33835,0.535736
33836,0.018722616
33837,0.020114258
33838,0.018606586
33839,0.018606586
33840,0.018606586
33841,0.018606586
33842,0.018606586
33843,0.018606586
33844,0.019666163
33845,0.019965557
33846,0.018606586
33847,0.018606586
33848,0.018606586
33849,0.46556893
33850,0.83280075
33851,0.5335468
33852,0.02049654
33853,0.018606586
33854,0.23680906
33855,0.5050715
33856,0.018606586
33857,0.018606586
33858,0.018606586
33859,0.018606586
33860,0.018606586
33861,0.48183337
33862,0.44747815
33863,0.018606586
33864,0.018606586
33865,0.02018829
33866,0.018606586
33867,0.018606586
33868,0.24396817
33869,0.24505953
33870,0.018606586
33871,0.018606586
33872,0.018606586
33873,0.018732695
33874,0.018606586
33875,0.018606586
33876,0.4295825
33877,0.4076574
33878,0.2516715
33879,0.018606586
33880,0.018606586
33881,0.018606586
33882,0.018606586
33883,0.028219167
33884,0.018606586
33885,0.018606586
33886,0.018606586
33887,0.018606586
33888,0.018606586
33889,0.018606586
33890,0.40597624
33891,0.6898417
33892,0.021533336
33893,0.2458301
33894,0.018729545
33895,0.01948778
33896,0.018954363
33897,0.4637716
33898,0.018606586
33899,0.018606586
33900,0.018606586
33901,0.018606586
33902,0.030052265
33903,0.022629077
33904,0.018518852
33905,0.5256105
33906,0.2499663
33907,0.018562118
33908,0.69201976
33909,0.020874666
33910,0.018606586
33911,0.24971467
33912,0.24677873
33913,0.018606586
33914,0.018606586
33915,0.25238976
33916,0.018606586
33917,0.018606586
33918,0.018606586
33919,0.018606586
33920,0.02165666
33921,0.49397275
33922,0.43264052
33923,0.24962406
33924,0.5128827
33925,0.018762404
33926,0.020162638
33927,0.060493626
33928,0.04753009
33929,0.018606586
33930,0.032186724
33931,0.018606586
33932,0.018606586
33933,0.43142065
33934,0.24994352
33935,0.018606586
33936,0.5166582
33937,0.25196224
33938,0.018606586
33939,0.019442404
33940,0.018606586
33941,0.018606586
33942,0.018606586
33943,0.018606586
33944,0.018606586
33945,0.018606586
33946,0.018606586
33947,0.020144952
33948,0.5103053
33949,0.6429209
33950,0.41431034
33951,0.25531158
33952,0.50176
33953,0.018606586
33954,0.018606586
33955,0.018606586
33956,0.027731579
33957,0.23880862
33958,0.018606586
33959,0.018606586
33960,0.018606586
33961,0.025158463
33962,0.018606586
33963,0.020397006
33964,0.018606586
33965,0.018606586
33966,0.018606586
33967,0.01600894
33968,0.018606586
33969,0.018606586
33970,0.018606586
33971,0.018606586
33972,0.5423561
33973,0.24376222
33974,0.41950637
33975,0.5470486
33976,0.5503262
33977,0.24373795
33978,0.018606586
33979,0.018606586
33980,0.018606586
33981,0.018606586
33982,0.018606586
33983,0.018606586
33984,0.4193762
33985,0.018606586
33986,0.018606586
33987,0.018606586
33988,0.018606586
33989,0.246925
33990,0.018606586
33991,0.018606586
33992,0.018306268
33993,0.018606586
33994,0.027210617
33995,0.018606586
33996,0.018606586
33997,0.018606586
33998,0.51222277
33999,0.46786132
34000,0.5253731
34001,0.61103994
34002,0.4959327
34003,0.42821243
34004,0.018606586
34005,0.018606586
34006,0.018606586
34007,0.018606586
34008,0.018606586
34009,0.018606586
34010,0.018606586
34011,0.018606586
34012,0.50755274
34013,0.018606586
34014,0.43630677
34015,0.018606586
34016,0.018902801
34017,0.021050839
34018,0.020131871
34019,0.24882336
34020,0.018606586
34021,0.018606586
34022,0.018606586
34023,0.018606586
34024,0.49096072
34025,0.5400525
34026,0.4376578
34027,0.5037853
34028,0.24373351
34029,0.023848101
34030,0.24068429
34031,0.018606586
34032,0.027177336
34033,0.018606586
34034,0.018606586
34035,0.018606586
34036,0.018606586
34037,0.01924314
34038,0.019989572
34039,0.018606586
34040,0.24663834
34041,0.018606586
34042,0.018606586
34043,0.23962903
34044,0.018606586
34045,0.018606586
34046,0.029068744
34047,0.018606586
34048,0.26030153
34049,0.018606586
34050,0.4079319
34051,0.2489679
34052,0.018606586
34053,0.018606586
34054,0.04700229
34055,0.018606586
34056,0.025216594
34057,0.018606586
34058,0.019303795
34059,0.018606586
34060,0.018606586
34061,0.018606586
34062,0.24441938
34063,0.018606586
34064,0.018606586
34065,0.018606586
34066,0.019008318
34067,0.018606586
34068,0.018606586
34069,0.018606586
34070,0.028601333
34071,0.2334276
34072,0.49727997
34073,0.018606586
34074,0.01864821
34075,0.018606586
34076,0.018606586
34077,0.018606586
34078,0.018606586
34079,0.018606586
34080,0.026571624
34081,0.018606586
34082,0.018606586
34083,0.018606586
34084,0.018606586
34085,0.018606586
34086,0.018606586
34087,0.018606586
34088,0.018606586
34089,0.018606586
34090,0.4002097
34091,0.018606586
34092,0.018606586
34093,0.018606586
34094,0.018606586
34095,0.018606586
34096,0.54129475
34097,0.018606586
34098,0.24574086
34099,0.018606586
34100,0.018606586
34101,0.018606586
34102,0.018606586
34103,0.025627237
34104,0.018606586
34105,0.014215849
34106,0.018606586
34107,0.018606586
34108,0.018606586
34109,0.25168768
34110,0.018606586
34111,0.018606586
34112,0.018606586
34113,0.020646857
34114,0.018606586
34115,0.018606586
34116,0.018606586
34117,0.018606586
34118,0.018606586
34119,0.3975232
34120,0.018606586
34121,0.018606586
34122,0.018606586
34123,0.018606586
34124,0.018606586
34125,0.26017243
34126,0.018606586
34127,0.2471459
34128,0.018606586
34129,0.018606586
34130,0.018606586
34131,0.018606586
34132,0.018606586
34133,0.018606586
34134,0.44809693
34135,0.024360009
34136,0.018606586
34137,0.018606586
34138,0.018606586
34139,0.018606586
34140,0.43775964
34141,0.4541816
34142,0.24981073
34143,0.018606586
34144,0.018606586
34145,0.018606586
34146,0.018606586
34147,0.018606586
34148,0.018606586
34149,0.018606586
34150,0.01976665
34151,0.4380799
34152,0.018606586
34153,0.018606586
34154,0.018606586
34155,0.018606586
34156,0.018606586
34157,0.018606586
34158,0.020399004
34159,0.43391627
34160,0.018606586
34161,0.254947
34162,0.018606586
34163,0.018606586
34164,0.018606586
34165,0.018606586
34166,0.018606586
34167,0.018606586
34168,0.018606586
34169,0.018606586
34170,0.018606586
34171,0.018606586
34172,0.018606586
34173,0.030742751
34174,0.02419097
34175,0.018606586
34176,0.018606586
34177,0.018606586
34178,0.018606586
34179,0.018606586
34180,0.019334424
34181,0.018606586
34182,0.5356152
34183,0.018606586
34184,0.021444
34185,0.029728206
34186,0.018606586
34187,0.018606586
34188,0.018606586
34189,0.018606586
34190,0.43754017
34191,0.018606586
34192,0.018606586
34193,0.018606586
34194,0.24664932
34195,0.018606586
34196,0.019494746
34197,0.018606586
34198,0.018606586
34199,0.018606586
34200,0.23459063
34201,0.018606586
34202,0.018606586
34203,0.018606586
34204,0.027210617
34205,0.018606586
34206,0.018606586
34207,0.018606586
34208,0.24827373
34209,0.018606586
34210,0.018606586
34211,0.018606586
34212,0.031369504
34213,0.018606586
34214,0.018606586
34215,0.018606586
34216,0.018606586
34217,0.018606586
34218,0.018606586
34219,0.018606586
34220,0.024191532
34221,0.018606586
34222,0.018606586
34223,0.018606586
34224,0.018606586
34225,0.018606586
34226,0.0185948
34227,0.018606586
34228,0.018606586
34229,0.018606586
34230,0.018606586
34231,0.018606586
34232,0.021964747
34233,0.0106948195
34234,0.020583866
34235,0.5382481
34236,0.018606586
34237,0.018606586
34238,0.018606586
34239,0.018606586
34240,0.018606586
34241,0.018606586
34242,0.018606586
34243,0.038310867
34244,0.027924756
34245,0.018606586
34246,0.020765495
34247,0.018606586
34248,0.018606586
34249,0.018606586
34250,0.018606586
34251,0.018606586
34252,0.018606586
34253,0.018606586
34254,0.018606586
34255,0.018606586
34256,0.018606586
34257,0.018606586
34258,0.018606586
34259,0.027924756
34260,0.017736632
34261,0.018606586
34262,0.50239646
34263,0.018606586
34264,0.018606586
34265,0.018606586
34266,0.018606586
34267,0.018606586
34268,0.018606586
34269,0.018606586
34270,0.018606586
34271,0.018606586
34272,0.018606586
34273,0.24777898
34274,0.018606586
34275,0.018606586
34276,0.018606586
34277,0.018606586
34278,0.018606586
34279,0.026770873
34280,0.018606586
34281,0.018606586
34282,0.018606586
34283,0.018606586
34284,0.027508724
34285,0.2536786
34286,0.018606586
34287,0.018606586
34288,0.024788728
34289,0.018606586
34290,0.018606586
34291,0.018606586
34292,0.018606586
34293,0.027542006
34294,0.018606586
34295,0.018606586
34296,0.018606586
34297,0.018606586
34298,0.24711195
34299,0.018606586
34300,0.018606586
34301,0.018606586
34302,0.018606586
34303,0.018606586
34304,0.018606586
34305,0.018756786
34306,0.018756786
34307,0.018756786
34308,0.018756786
34309,0.018756786
34310,0.01971342
34311,0.018756786
34312,0.43481222
34313,0.018756786
34314,0.024811232
34315,0.018756786
34316,0.018756786
34317,0.44943804
34318,0.018756786
34319,0.24749707
34320,0.018756786
34321,0.45495343
34322,0.018756786
34323,0.022836858
34324,0.018756786
34325,0.018756786
34326,0.020969383
34327,0.4940993
34328,0.45738325
34329,0.24539812
34330,0.018756786
34331,0.018756786
34332,0.24545793
34333,0.018756786
34334,0.018756786
34335,0.018756786
34336,0.018756786
34337,0.018756786
34338,0.018756786
34339,0.018756786
34340,0.24539812
34341,0.45650584
34342,0.43788245
34343,0.017388836
34344,0.018756786
34345,0.021878257
34346,0.24539812
34347,0.018756786
34348,0.018756786
34349,0.018756786
34350,0.018756786
34351,0.018756786
34352,0.5061678
34353,0.24637517
34354,0.2441375
34355,0.5416977
34356,0.018756786
34357,0.018756786
34358,0.5381955
34359,0.018756786
34360,0.017139748
34361,0.018756786
34362,0.018756786
34363,0.018756786
34364,0.018756786
34365,0.018756786
34366,0.022046844
34367,0.019618046
34368,0.018756786
34369,0.018756786
34370,0.020643922
34371,0.24621518
34372,0.018756786
34373,0.018756786
34374,0.018756786
34375,0.018756786
34376,0.018756786
34377,0.018756786
34378,0.018756786
34379,0.018756786
34380,0.037687536
34381,0.01972642
34382,0.032864813
34383,0.018756786
34384,0.018756786
34385,0.018756786
34386,0.018756786
34387,0.021852762
34388,0.5118361
34389,0.022637483
34390,0.24539812
34391,0.44374898
34392,0.42024
34393,0.018756786
34394,0.018756786
34395,0.018756786
34396,0.018756786
34397,0.018756786
34398,0.014164564
34399,0.018756786
34400,0.018756786
34401,0.02068363
34402,0.01967973
34403,0.5147146
34404,0.026105218
34405,0.39508474
34406,0.018756786
34407,0.018756786
34408,0.018756786
34409,0.24112654
34410,0.018756786
34411,0.018756786
34412,0.018756786
34413,0.018756786
34414,0.42636758
34415,0.5196074
34416,0.018756786
34417,0.018756786
34418,0.018756786
34419,0.018756786
34420,0.018756786
34421,0.019148845
34422,0.033353403
34423,0.018756786
34424,0.020459218
34425,0.018756786
34426,0.026105218
34427,0.018756786
34428,0.018756786
34429,0.018756786
34430,0.018756786
34431,0.018756786
34432,0.018756786
34433,0.018756786
34434,0.24565619
34435,0.018756786
34436,0.018756786
34437,0.018756786
34438,0.018756786
34439,0.018756786
34440,0.018756786
34441,0.018756786
34442,0.018756786
34443,0.024811232
34444,0.43549892
34445,0.43572447
34446,0.018756786
34447,0.018756786
34448,0.018756786
34449,0.018756786
34450,0.018756786
34451,0.018756786
34452,0.018756786
34453,0.018756786
34454,0.018756786
34455,0.018756786
34456,0.018756786
34457,0.018756786
34458,0.018756786
34459,0.018756786
34460,0.018756786
34461,0.24827904
34462,0.24262016
34463,0.50006014
34464,0.018756786
34465,0.018756786
34466,0.018756786
34467,0.018756786
34468,0.018756786
34469,0.24630176
34470,0.018756786
34471,0.4580365
34472,0.021013182
34473,0.018756786
34474,0.018756786
34475,0.018756786
34476,0.018756786
34477,0.018756786
34478,0.018756786
34479,0.018756786
34480,0.018756786
34481,0.018756786
34482,0.018756786
34483,0.018756786
34484,0.018756786
34485,0.018756786
34486,0.018756786
34487,0.018756786
34488,0.018756786
34489,0.25447178
34490,0.39957651
34491,0.018756786
34492,0.018756786
34493,0.018756786
34494,0.018756786
34495,0.018756786
34496,0.028938837
34497,0.018756786
34498,0.018756786
34499,0.018756786
34500,0.019302608
34501,0.018756786
34502,0.018756786
34503,0.018756786
34504,0.018756786
34505,0.018756786
34506,0.018756786
34507,0.019807668
34508,0.018756786
34509,0.018756786
34510,0.018756786
34511,0.018756786
34512,0.018756786
34513,0.018756786
34514,0.018756786
34515,0.018756786
34516,0.019223167
34517,0.018756786
34518,0.414111
34519,0.2500151
34520,0.2454572
34521,0.018756786
34522,0.018756786
34523,0.018756786
34524,0.018756786
34525,0.018756786
34526,0.018756786
34527,0.018756786
34528,0.018756786
34529,0.018756786
34530,0.018756786
34531,0.018756786
34532,0.018756786
34533,0.028962405
34534,0.018756786
34535,0.018756786
34536,0.018756786
34537,0.018756786
34538,0.018756786
34539,0.019002536
34540,0.50020933
34541,0.018756786
34542,0.019027581
34543,0.018756786
34544,0.018756786
34545,0.018756786
34546,0.018756786
34547,0.018756786
34548,0.018756786
34549,0.2422598
34550,0.018756786
34551,0.018756786
34552,0.018756786
34553,0.018756786
34554,0.018756786
34555,0.018756786
34556,0.018756786
34557,0.018756786
34558,0.41892374
34559,0.018756786
34560,0.018756786
34561,0.020707611
34562,0.44400677
34563,0.018756786
34564,0.018756786
34565,0.018756786
34566,0.018756786
34567,0.019021804
34568,0.50988513
34569,0.018756786
34570,0.018756786
34571,0.018756786
34572,0.025555175
34573,0.018756786
34574,0.02848841
34575,0.018756786
34576,0.03542555
34577,0.018756786
34578,0.018756786
34579,0.018756786
34580,0.018756786
34581,0.018756786
34582,0.023715584
34583,0.023265395
34584,0.24621518
34585,0.018756786
34586,0.018756786
34587,0.018756786
34588,0.023889933
34589,0.23816785
34590,0.018756786
34591,0.018756786
34592,0.018756786
34593,0.013733164
34594,0.018756786
34595,0.4309888
34596,0.018756786
34597,0.02337736
34598,0.5494008
34599,0.23515432
34600,0.018756786
34601,0.018756786
34602,0.025097929
34603,0.018756786
34604,0.018756786
34605,0.54636914
34606,0.4951591
34607,0.018756786
34608,0.018756786
34609,0.24539812
34610,0.023816833
34611,0.021902028
34612,0.030203836
34613,0.24595423
34614,0.018756786
34615,0.018756786
34616,0.018756786
34617,0.018756786
34618,0.25095165
34619,0.51853174
34620,0.018756786
34621,0.43792513
34622,0.018756786
34623,0.018756786
34624,0.26111075
34625,0.018756786
34626,0.018756786
34627,0.018756786
34628,0.018756786
34629,0.018756786
34630,0.018756786
34631,0.4258341
34632,0.018756786
34633,0.018756786
34634,0.23547308
34635,0.023238
34636,0.23352395
34637,0.49157366
34638,0.44233897
34639,0.26576588
34640,0.018756786
34641,0.023480915
34642,0.47711048
34643,0.43432614
34644,0.5113069
34645,0.018756786
34646,0.024077266
34647,0.018756786
34648,0.018756786
34649,0.018756786
34650,0.018756786
34651,0.018756786
34652,0.018756786
34653,0.018756786
34654,0.018756786
34655,0.018756786
34656,0.018756786
34657,0.018756786
34658,0.018756786
34659,0.023218866
34660,0.24102287
34661,0.018756786
34662,0.018756786
34663,0.5148876
34664,0.018756786
34665,0.018756786
34666,0.53260046
34667,0.5544512
34668,0.53880316
34669,0.018756786
34670,0.5058976
34671,0.018756786
34672,0.018756786
34673,0.018756786
34674,0.018756786
34675,0.018756786
34676,0.018756786
34677,0.018756786
34678,0.018756786
34679,0.50521713
34680,0.018756786
34681,0.018756786
34682,0.018756786
34683,0.018756786
34684,0.018756786
34685,0.018756786
34686,0.2421932
34687,0.018756786
34688,0.018756786
34689,0.021451553
34690,0.018756786
34691,0.018756786
34692,0.5514868
34693,0.4911853
34694,0.52857995
34695,0.027360817
34696,0.018756786
34697,0.018756786
34698,0.018756786
34699,0.018756786
34700,0.43482304
34701,0.025555175
34702,0.25170502
34703,0.018756786
34704,0.018756786
34705,0.018756786
34706,0.019816311
34707,0.020020125
34708,0.018756786
34709,0.4238719
34710,0.4251507
34711,0.018872816
34712,0.020264458
34713,0.018756786
34714,0.018756786
34715,0.018756786
34716,0.018756786
34717,0.018756786
34718,0.018756786
34719,0.01936185
34720,0.019779013
34721,0.018756786
34722,0.018756786
34723,0.018756786
34724,0.5281923
34725,0.8124721
34726,0.53933716
34727,0.02064674
34728,0.018756786
34729,0.24332027
34730,0.018756786
34731,0.40674686
34732,0.018756786
34733,0.018756786
34734,0.018756786
34735,0.018756786
34736,0.018756786
34737,0.018756786
34738,0.4122596
34739,0.56711715
34740,0.018756786
34741,0.018756786
34742,0.02033849
34743,0.018756786
34744,0.018756786
34745,0.25013724
34746,0.018756786
34747,0.018756786
34748,0.018756786
34749,0.018882895
34750,0.018756786
34751,0.018756786
34752,0.5234999
34753,0.40028435
34754,0.2600157
34755,0.018756786
34756,0.018756786
34757,0.018756786
34758,0.018756786
34759,0.25196636
34760,0.018756786
34761,0.018756786
34762,0.018756786
34763,0.018756786
34764,0.018756786
34765,0.018756786
34766,0.50458705
34767,0.66223115
34768,0.246888
34769,0.24831378
34770,0.018879745
34771,0.24675392
34772,0.019104563
34773,0.41195485
34774,0.018756786
34775,0.018756786
34776,0.018756786
34777,0.018756786
34778,0.030202465
34779,0.24852075
34780,0.24740933
34781,0.5304945
34782,0.24745233
34783,0.021103714
34784,0.5773986
34785,0.2461088
34786,0.018756786
34787,0.24889846
34788,0.021326452
34789,0.018756786
34790,0.018756786
34791,0.022966303
34792,0.018756786
34793,0.018756786
34794,0.018756786
34795,0.018756786
34796,0.021406969
34797,0.4185996
34798,0.47772682
34799,0.2528483
34800,0.24746926
34801,0.018912604
34802,0.018972678
34803,0.53711206
34804,0.018756786
34805,0.028842416
34806,0.018756786
34807,0.018756786
34808,0.53994274
34809,0.49955285
34810,0.018756786
34811,0.417062
34812,0.5140679
34813,0.018756786
34814,0.018756786
34815,0.019592604
34816,0.018756786
34817,0.018756786
34818,0.018756786
34819,0.018756786
34820,0.029350052
34821,0.018756786
34822,0.018756786
34823,0.018756786
34824,0.018756786
34825,0.24759915
34826,0.5344274
34827,0.6390809
34828,0.4215806
34829,0.25530735
34830,0.04809206
34831,0.018756786
34832,0.012496139
34833,0.018756786
34834,0.018756786
34835,0.25561872
34836,0.022944376
34837,0.018756786
34838,0.018756786
34839,0.018756786
34840,0.024750179
34841,0.018756786
34842,0.020547206
34843,0.018756786
34844,0.018756786
34845,0.018756786
34846,0.018756786
34847,0.018756786
34848,0.4374534
34849,0.24551469
34850,0.40889686
34851,0.64983684
34852,0.5311306
34853,0.24274959
34854,0.018756786
34855,0.018756786
34856,0.018756786
34857,0.018756786
34858,0.018756786
34859,0.018756786
34860,0.39636034
34861,0.018756786
34862,0.018756786
34863,0.018756786
34864,0.018756786
34865,0.494691
34866,0.018756786
34867,0.018756786
34868,0.018456468
34869,0.018756786
34870,0.018756786
34871,0.018756786
34872,0.018756786
34873,0.53245634
34874,0.4119409
34875,0.24786203
34876,0.5356867
34877,0.5257138
34878,0.5208316
34879,0.018756786
34880,0.018756786
34881,0.018756786
34882,0.018756786
34883,0.018756786
34884,0.018756786
34885,0.018756786
34886,0.018756786
34887,0.51124483
34888,0.018756786
34889,0.24778867
34890,0.018756786
34891,0.020249221
34892,0.24764462
34893,0.24475878
34894,0.24852681
34895,0.018756786
34896,0.018756786
34897,0.018756786
34898,0.018756786
34899,0.61123
34900,0.42161188
34901,0.43707204
34902,0.54325354
34903,0.52483064
34904,0.020159526
34905,0.018756786
34906,0.018756786
34907,0.018756786
34908,0.018756786
34909,0.018756786
34910,0.018756786
34911,0.01939334
34912,0.020599995
34913,0.018756786
34914,0.24713835
34915,0.018756786
34916,0.018756786
34917,0.49694893
34918,0.018756786
34919,0.030561557
34920,0.018756786
34921,0.26134083
34922,0.018756786
34923,0.24737492
34924,0.022080056
34925,0.018756786
34926,0.018756786
34927,0.038749028
34928,0.018756786
34929,0.018756786
34930,0.018756786
34931,0.24502926
34932,0.018756786
34933,0.018756786
34934,0.018756786
34935,0.2496078
34936,0.018756786
34937,0.018756786
34938,0.018756786
34939,0.018756786
34940,0.019158518
34941,0.018756786
34942,0.018756786
34943,0.018756786
34944,0.027519088
34945,0.23820049
34946,0.54251796
34947,0.018756786
34948,0.018756786
34949,0.018756786
34950,0.018756786
34951,0.018756786
34952,0.018756786
34953,0.018756786
34954,0.029398898
34955,0.018756786
34956,0.018756786
34957,0.018756786
34958,0.018756786
34959,0.025555175
34960,0.018756786
34961,0.018756786
34962,0.026918016
34963,0.018756786
34964,0.018756786
34965,0.4176103
34966,0.018756786
34967,0.018756786
34968,0.018756786
34969,0.018756786
34970,0.018756786
34971,0.48634073
34972,0.018756786
34973,0.2508847
34974,0.018756786
34975,0.018756786
34976,0.025777437
34977,0.018756786
34978,0.026850767
34979,0.018756786
34980,0.25272888
34981,0.018756786
34982,0.018756786
34983,0.018756786
34984,0.018756786
34985,0.021848898
34986,0.018756786
34987,0.018756786
34988,0.018756786
34989,0.018756786
34990,0.018756786
34991,0.47469446
34992,0.018756786
34993,0.012063012
34994,0.018756786
34995,0.018756786
34996,0.018756786
34997,0.018756786
34998,0.258582
34999,0.018756786
35000,0.24613276
35001,0.018756786
35002,0.018756786
35003,0.018756786
35004,0.018756786
35005,0.018756786
35006,0.018756786
35007,0.45208108
35008,0.018756786
35009,0.24995363
35010,0.018756786
35011,0.018756786
35012,0.018756786
35013,0.2607607
35014,0.50626844
35015,0.25286707
35016,0.018756786
35017,0.018756786
35018,0.018756786
35019,0.018756786
35020,0.018756786
35021,0.018756786
35022,0.018756786
35023,0.01991685
35024,0.46887457
35025,0.018756786
35026,0.018756786
35027,0.018756786
35028,0.018756786
35029,0.018756786
35030,0.020549204
35031,0.4434798
35032,0.018756786
35033,0.2561026
35034,0.018756786
35035,0.018756786
35036,0.018756786
35037,0.018756786
35038,0.018756786
35039,0.018756786
35040,0.018756786
35041,0.018756786
35042,0.018756786
35043,0.018756786
35044,0.018756786
35045,0.018756786
35046,0.024812585
35047,0.018756786
35048,0.018756786
35049,0.018756786
35050,0.018756786
35051,0.019484624
35052,0.018756786
35053,0.4381955
35054,0.018756786
35055,0.24871011
35056,0.018756786
35057,0.018756786
35058,0.018756786
35059,0.018756786
35060,0.018756786
35061,0.018756786
35062,0.5130311
35063,0.018756786
35064,0.018756786
35065,0.018756786
35066,0.018756786
35067,0.018756786
35068,0.020508567
35069,0.018756786
35070,0.019644946
35071,0.018756786
35072,0.018756786
35073,0.018756786
35074,0.4356562
35075,0.018756786
35076,0.018756786
35077,0.018756786
35078,0.018756786
35079,0.018756786
35080,0.018756786
35081,0.018756786
35082,0.023036921
35083,0.018756786
35084,0.012917741
35085,0.018756786
35086,0.032958373
35087,0.018756786
35088,0.03006679
35089,0.018756786
35090,0.018756786
35091,0.018756786
35092,0.018756786
35093,0.018756786
35094,0.024859136
35095,0.018756786
35096,0.018756786
35097,0.018756786
35098,0.018756786
35099,0.018756786
35100,0.018756786
35101,0.018756786
35102,0.027360817
35103,0.018756786
35104,0.018756786
35105,0.018756786
35106,0.018756786
35107,0.018756786
35108,0.021496775
35109,0.024938928
35110,0.24791443
35111,0.018756786
35112,0.52055943
35113,0.013674213
35114,0.018756786
35115,0.018756786
35116,0.018756786
35117,0.018756786
35118,0.018756786
35119,0.018756786
35120,0.018756786
35121,0.018756786
35122,0.018756786
35123,0.020915695
35124,0.018756786
35125,0.018756786
35126,0.018756786
35127,0.029228995
35128,0.018756786
35129,0.018756786
35130,0.018756786
35131,0.018756786
35132,0.018756786
35133,0.018756786
35134,0.02632188
35135,0.018756786
35136,0.018756786
35137,0.018756786
35138,0.018756786
35139,0.028074956
35140,0.018756786
35141,0.24348226
35142,0.018756786
35143,0.018756786
35144,0.018756786
35145,0.018756786
35146,0.018756786
35147,0.018756786
35148,0.018756786
35149,0.018756786
35150,0.023943553
35151,0.018756786
35152,0.018756786
35153,0.018756786
35154,0.018756786
35155,0.018756786
35156,0.018756786
35157,0.018756786
35158,0.018756786
35159,0.024308458
35160,0.018756786
35161,0.018756786
35162,0.018756786
35163,0.018756786
35164,0.018756786
35165,0.026105218
35166,0.018756786
35167,0.018756786
35168,0.018756786
35169,0.018756786
35170,0.246976
35171,0.24621518
35172,0.018756786
35173,0.018756786
35174,0.018756786
35175,0.018756786
35176,0.030189255
35177,0.030189255
35178,0.030189255
35179,0.030189255
35180,0.030189255
35181,0.030189255
35182,0.030189255
35183,0.030189255
35184,0.030189255
35185,0.030189255
35186,0.030189255
35187,0.5005139
35188,0.030189255
35189,0.030189255
35190,0.030189255
35191,0.42959926
35192,0.24780405
35193,0.030189255
35194,0.030189255
35195,0.03056645
35196,0.53967404
35197,0.030189255
35198,0.42720652
35199,0.030189255
35200,0.44034374
35201,0.030189255
35202,0.03240184
35203,0.030189255
35204,0.030189255
35205,0.25114083
35206,0.030189255
35207,0.53105825
35208,0.24780405
35209,0.030189255
35210,0.25219005
35211,0.030189255
35212,0.030189255
35213,0.030189255
35214,0.030189255
35215,0.030189255
35216,0.030189255
35217,0.037954304
35218,0.42895824
35219,0.4553078
35220,0.44320565
35221,0.029692646
35222,0.030189255
35223,0.030189255
35224,0.25292134
35225,0.030189255
35226,0.03244191
35227,0.03502803
35228,0.030189255
35229,0.030189255
35230,0.030189255
35231,0.24780583
35232,0.030189255
35233,0.4929269
35234,0.25115556
35235,0.24471824
35236,0.43748137
35237,0.030189255
35238,0.42142147
35239,0.030189255
35240,0.030189255
35241,0.023902416
35242,0.030189255
35243,0.030189255
35244,0.030189255
35245,0.030189255
35246,0.030189255
35247,0.03169154
35248,0.034606043
35249,0.030189255
35250,0.030189255
35251,0.03207637
35252,0.24498619
35253,0.030189255
35254,0.030189255
35255,0.030189255
35256,0.030189255
35257,0.030189255
35258,0.030189255
35259,0.030189255
35260,0.050955076
35261,0.031158878
35262,0.05069613
35263,0.030189255
35264,0.030189255
35265,0.030189255
35266,0.030189255
35267,0.030189255
35268,0.030189255
35269,0.42874134
35270,0.03406994
35271,0.24882661
35272,0.5096656
35273,0.4305406
35274,0.030189255
35275,0.030189255
35276,0.030189255
35277,0.030189255
35278,0.030189255
35279,0.25017858
35280,0.03211608
35281,0.029976329
35282,0.4548997
35283,0.43218085
35284,0.030189255
35285,0.030189255
35286,0.030189255
35287,0.25028223
35288,0.030189255
35289,0.030189255
35290,0.030189255
35291,0.5114637
35292,0.5461726
35293,0.030189255
35294,0.030189255
35295,0.030189255
35296,0.030189255
35297,0.030189255
35298,0.030189255
35299,0.030189255
35300,0.030189255
35301,0.030581314
35302,0.04383499
35303,0.030189255
35304,0.03106072
35305,0.030189255
35306,0.030189255
35307,0.030189255
35308,0.030189255
35309,0.030189255
35310,0.030189255
35311,0.030189255
35312,0.030189255
35313,0.030189255
35314,0.030189255
35315,0.030189255
35316,0.030189255
35317,0.030189255
35318,0.030189255
35319,0.030189255
35320,0.030189255
35321,0.030189255
35322,0.50401133
35323,0.45092174
35324,0.030189255
35325,0.030189255
35326,0.030189255
35327,0.030189255
35328,0.030189255
35329,0.030189255
35330,0.030189255
35331,0.030189255
35332,0.030189255
35333,0.25017858
35334,0.030189255
35335,0.030189255
35336,0.030189255
35337,0.030189255
35338,0.030189255
35339,0.25543854
35340,0.24790436
35341,0.5428553
35342,0.030189255
35343,0.030189255
35344,0.030189255
35345,0.030189255
35346,0.035932768
35347,0.016811956
35348,0.25065616
35349,0.030189255
35350,0.46286687
35351,0.032445636
35352,0.030189255
35353,0.030189255
35354,0.030189255
35355,0.030189255
35356,0.030189255
35357,0.030189255
35358,0.030189255
35359,0.030189255
35360,0.030189255
35361,0.030189255
35362,0.030189255
35363,0.030189255
35364,0.030189255
35365,0.030189255
35366,0.26344416
35367,0.46023786
35368,0.030189255
35369,0.030189255
35370,0.030189255
35371,0.030189255
35372,0.030189255
35373,0.030189255
35374,0.030189255
35375,0.031196276
35376,0.030189255
35377,0.030189255
35378,0.030189255
35379,0.030189255
35380,0.030189255
35381,0.030189255
35382,0.031240126
35383,0.030189255
35384,0.030189255
35385,0.030189255
35386,0.030189255
35387,0.030189255
35388,0.030189255
35389,0.030189255
35390,0.030189255
35391,0.030655628
35392,0.030189255
35393,0.45267507
35394,0.25259268
35395,0.24872698
35396,0.030189255
35397,0.030189255
35398,0.030189255
35399,0.030189255
35400,0.030189255
35401,0.030189255
35402,0.030189255
35403,0.030189255
35404,0.030189255
35405,0.030189255
35406,0.030189255
35407,0.030189255
35408,0.030189255
35409,0.030189255
35410,0.030189255
35411,0.030189255
35412,0.030189255
35413,0.030189255
35414,0.030189255
35415,0.030189255
35416,0.030967252
35417,0.4037205
35418,0.030189255
35419,0.03046005
35420,0.030189255
35421,0.030189255
35422,0.030189255
35423,0.030189255
35424,0.030189255
35425,0.24620818
35426,0.030189255
35427,0.030189255
35428,0.030189255
35429,0.030189255
35430,0.030189255
35431,0.030189255
35432,0.030189255
35433,0.030189255
35434,0.030189255
35435,0.2471968
35436,0.030189255
35437,0.030189255
35438,0.032140072
35439,0.41378492
35440,0.030189255
35441,0.030189255
35442,0.24829528
35443,0.030189255
35444,0.24351056
35445,0.24617094
35446,0.030189255
35447,0.030189255
35448,0.030189255
35449,0.030189255
35450,0.040296584
35451,0.030189255
35452,0.26143304
35453,0.030189255
35454,0.030189255
35455,0.030189255
35456,0.030189255
35457,0.030189255
35458,0.030189255
35459,0.030189255
35460,0.035689134
35461,0.0346412
35462,0.24578291
35463,0.030189255
35464,0.030189255
35465,0.030189255
35466,0.03459146
35467,0.23639661
35468,0.030189255
35469,0.030189255
35470,0.030189255
35471,0.030189255
35472,0.49797907
35473,0.030189255
35474,0.037584584
35475,0.061867516
35476,0.031131973
35477,0.030189255
35478,0.030189255
35479,0.030189255
35480,0.030189255
35481,0.030189255
35482,0.2557076
35483,0.52576876
35484,0.030189255
35485,0.030189255
35486,0.030189255
35487,0.2619623
35488,0.032469902
35489,0.043313693
35490,0.41187388
35491,0.030189255
35492,0.010791161
35493,0.030189255
35494,0.030189255
35495,0.030189255
35496,0.030189255
35497,0.034747876
35498,0.53394496
35499,0.030189255
35500,0.4223496
35501,0.030189255
35502,0.030189255
35503,0.2664059
35504,0.030189255
35505,0.030189255
35506,0.030189255
35507,0.030189255
35508,0.030189255
35509,0.43854776
35510,0.030189255
35511,0.030189255
35512,0.24099383
35513,0.034391936
35514,0.23618342
35515,0.25128785
35516,0.5132059
35517,0.030189255
35518,0.04242355
35519,0.030189255
35520,0.035925306
35521,0.5764023
35522,0.49758357
35523,0.43418628
35524,0.030189255
35525,0.03424445
35526,0.030189255
35527,0.030189255
35528,0.030189255
35529,0.030189255
35530,0.030189255
35531,0.030189255
35532,0.030189255
35533,0.030189255
35534,0.030189255
35535,0.030189255
35536,0.030189255
35537,0.030189255
35538,0.030189255
35539,0.030189255
35540,0.24802946
35541,0.030189255
35542,0.030189255
35543,0.030189255
35544,0.2542777
35545,0.030189255
35546,0.030189255
35547,0.55788904
35548,0.4442861
35549,0.45176727
35550,0.030189255
35551,0.030189255
35552,0.030189255
35553,0.030189255
35554,0.46711707
35555,0.030189255
35556,0.030189255
35557,0.030189255
35558,0.030189255
35559,0.030189255
35560,0.030189255
35561,0.030189255
35562,0.5127008
35563,0.030189255
35564,0.030189255
35565,0.030189255
35566,0.030189255
35567,0.030189255
35568,0.030189255
35569,0.2471968
35570,0.030189255
35571,0.030189255
35572,0.031846974
35573,0.030189255
35574,0.030189255
35575,0.47872573
35576,0.55782086
35577,0.5084656
35578,0.030189255
35579,0.030189255
35580,0.030189255
35581,0.030189255
35582,0.4660079
35583,0.030189255
35584,0.2540566
35585,0.030189255
35586,0.030189255
35587,0.030189255
35588,0.030189255
35589,0.031248774
35590,0.03110165
35591,0.030189255
35592,0.5041282
35593,0.42900008
35594,0.030305285
35595,0.031696916
35596,0.030189255
35597,0.030189255
35598,0.030189255
35599,0.030189255
35600,0.030189255
35601,0.030189255
35602,0.030794319
35603,0.030358406
35604,0.035932768
35605,0.030189255
35606,0.030189255
35607,0.44447216
35608,0.8420791
35609,0.483993
35610,0.0320792
35611,0.030189255
35612,0.25059286
35613,0.43901485
35614,0.030189255
35615,0.030189255
35616,0.030189255
35617,0.030189255
35618,0.030189255
35619,0.030189255
35620,0.030189255
35621,0.42426738
35622,0.58005947
35623,0.030189255
35624,0.030189255
35625,0.031822506
35626,0.030189255
35627,0.030189255
35628,0.2521058
35629,0.030189255
35630,0.030189255
35631,0.030189255
35632,0.030189255
35633,0.031669613
35634,0.030189255
35635,0.030189255
35636,0.27100956
35637,0.4770439
35638,0.03922908
35639,0.030189255
35640,0.030189255
35641,0.03848831
35642,0.030189255
35643,0.030189255
35644,0.030189255
35645,0.030189255
35646,0.030189255
35647,0.030189255
35648,0.25404194
35649,0.62945515
35650,0.24918653
35651,0.03295359
35652,0.030312214
35653,0.03107044
35654,0.03196344
35655,0.4769157
35656,0.030189255
35657,0.030189255
35658,0.030189255
35659,0.030189255
35660,0.044533473
35661,0.03348623
35662,0.24873887
35663,0.53360623
35664,0.516557
35665,0.03296359
35666,0.6141991
35667,0.25162956
35668,0.030189255
35669,0.034079876
35670,0.03318002
35671,0.030189255
35672,0.030189255
35673,0.5183046
35674,0.030189255
35675,0.030189255
35676,0.030189255
35677,0.030189255
35678,0.037708372
35679,0.4351216
35680,0.4301362
35681,0.5272121
35682,0.43043715
35683,0.03145251
35684,0.03156424
35685,0.5144118
35686,0.030189255
35687,0.04705979
35688,0.030189255
35689,0.030189255
35690,0.5764848
35691,0.2523113
35692,0.030189255
35693,0.5158045
35694,0.5374327
35695,0.030189255
35696,0.030189255
35697,0.031025065
35698,0.030189255
35699,0.030189255
35700,0.030189255
35701,0.030189255
35702,0.030189255
35703,0.030189255
35704,0.030189255
35705,0.032390278
35706,0.44558653
35707,0.61614555
35708,0.50231117
35709,0.25745553
35710,0.4591185
35711,0.030189255
35712,0.030189255
35713,0.030189255
35714,0.25890446
35715,0.034667216
35716,0.030189255
35717,0.030189255
35718,0.030189255
35719,0.036741138
35720,0.030189255
35721,0.030189255
35722,0.03197966
35723,0.030189255
35724,0.030189255
35725,0.030189255
35726,0.03507931
35727,0.030189255
35728,0.030189255
35729,0.030189255
35730,0.030189255
35731,0.51187074
35732,0.24947806
35733,0.054609533
35734,0.52837074
35735,0.47608355
35736,0.2380124
35737,0.030189255
35738,0.030189255
35739,0.030189255
35740,0.030189255
35741,0.030189255
35742,0.030189255
35743,0.030189255
35744,0.43162638
35745,0.030189255
35746,0.030189255
35747,0.030189255
35748,0.030189255
35749,0.2537303
35750,0.030189255
35751,0.030189255
35752,0.029888937
35753,0.030189255
35754,0.030189255
35755,0.030189255
35756,0.030189255
35757,0.5852055
35758,0.41268685
35759,0.25363377
35760,0.6252537
35761,0.48884353
35762,0.40019396
35763,0.030189255
35764,0.030189255
35765,0.030189255
35766,0.030189255
35767,0.030189255
35768,0.030189255
35769,0.030189255
35770,0.24882661
35771,0.51146543
35772,0.030189255
35773,0.25256908
35774,0.030189255
35775,0.031681675
35776,0.03161867
35777,0.031973526
35778,0.25156978
35779,0.030189255
35780,0.012791853
35781,0.030189255
35782,0.03388403
35783,0.030189255
35784,0.030189255
35785,0.49421546
35786,0.44436726
35787,0.5576946
35788,0.450716
35789,0.41868332
35790,0.034875017
35791,0.030189255
35792,0.030189255
35793,0.030189255
35794,0.030189255
35795,0.030189255
35796,0.030189255
35797,0.0308258
35798,0.030757846
35799,0.030189255
35800,0.25054398
35801,0.030189255
35802,0.030189255
35803,0.51353115
35804,0.030189255
35805,0.030189255
35806,0.030189255
35807,0.27014452
35808,0.030189255
35809,0.25079212
35810,0.03320092
35811,0.030189255
35812,0.030189255
35813,0.030189255
35814,0.030189255
35815,0.030189255
35816,0.030189255
35817,0.030886455
35818,0.01344923
35819,0.030189255
35820,0.030189255
35821,0.030189255
35822,0.25508246
35823,0.030189255
35824,0.011964529
35825,0.030189255
35826,0.030189255
35827,0.030823356
35828,0.030189255
35829,0.030189255
35830,0.030189255
35831,0.03902129
35832,0.24827728
35833,0.53172094
35834,0.030189255
35835,0.030189255
35836,0.035718057
35837,0.030189255
35838,0.030189255
35839,0.030189255
35840,0.030189255
35841,0.030189255
35842,0.25691092
35843,0.030189255
35844,0.030189255
35845,0.030189255
35846,0.030189255
35847,0.030189255
35848,0.030189255
35849,0.030189255
35850,0.5107288
35851,0.030189255
35852,0.030189255
35853,0.030189255
35854,0.030189255
35855,0.40050277
35856,0.030189255
35857,0.030189255
35858,0.03244191
35859,0.040413316
35860,0.030189255
35861,0.030189255
35862,0.04497496
35863,0.030189255
35864,0.030189255
35865,0.030189255
35866,0.030189255
35867,0.52069473
35868,0.030189255
35869,0.030189255
35870,0.030189255
35871,0.0335749
35872,0.030189255
35873,0.030189255
35874,0.030189255
35875,0.030189255
35876,0.030189255
35877,0.26739913
35878,0.030189255
35879,0.030189255
35880,0.030189255
35881,0.030189255
35882,0.030189255
35883,0.26517677
35884,0.030189255
35885,0.249799
35886,0.030189255
35887,0.030189255
35888,0.030189255
35889,0.030189255
35890,0.030189255
35891,0.030189255
35892,0.26741773
35893,0.25768536
35894,0.030189255
35895,0.030189255
35896,0.030189255
35897,0.030189255
35898,0.26529878
35899,0.56229025
35900,0.2616275
35901,0.030189255
35902,0.030189255
35903,0.030189255
35904,0.030189255
35905,0.030189255
35906,0.030189255
35907,0.030515958
35908,0.6477966
35909,0.030189255
35910,0.030189255
35911,0.030189255
35912,0.030189255
35913,0.030277522
35914,0.5100639
35915,0.030189255
35916,0.26041433
35917,0.030189255
35918,0.030189255
35919,0.030189255
35920,0.030189255
35921,0.030189255
35922,0.030189255
35923,0.030189255
35924,0.030189255
35925,0.030189255
35926,0.030189255
35927,0.030189255
35928,0.030189255
35929,0.25348878
35930,0.030189255
35931,0.030189255
35932,0.030189255
35933,0.030189255
35934,0.030189255
35935,0.030917091
35936,0.43302798
35937,0.030189255
35938,0.25003436
35939,0.0313239
35940,0.030189255
35941,0.030189255
35942,0.030189255
35943,0.030189255
35944,0.54180014
35945,0.030189255
35946,0.030189255
35947,0.030189255
35948,0.030189255
35949,0.018282816
35950,0.030189255
35951,0.031036803
35952,0.030189255
35953,0.031077405
35954,0.030189255
35955,0.030189255
35956,0.03244191
35957,0.030189255
35958,0.41441992
35959,0.030189255
35960,0.030189255
35961,0.030189255
35962,0.030189255
35963,0.030189255
35964,0.030189255
35965,0.033942606
35966,0.030189255
35967,0.030189255
35968,0.03350128
35969,0.030189255
35970,0.04338273
35971,0.030189255
35972,0.030189255
35973,0.030189255
35974,0.030189255
35975,0.030189255
35976,0.030189255
35977,0.030189255
35978,0.035774194
35979,0.24936138
35980,0.030189255
35981,0.030189255
35982,0.030189255
35983,0.030189255
35984,0.030189255
35985,0.030189255
35986,0.030189255
35987,0.012378573
35988,0.030189255
35989,0.030189255
35990,0.030189255
35991,0.035932768
35992,0.030189255
35993,0.03292923
35994,0.25080222
35995,0.030189255
35996,0.253903
35997,0.030189255
35998,0.030189255
35999,0.030189255
36000,0.030189255
36001,0.030189255
36002,0.030189255
36003,0.030189255
36004,0.03244191
36005,0.032348152
36006,0.030189255
36007,0.030189255
36008,0.030189255
36009,0.030189255
36010,0.030189255
36011,0.030189255
36012,0.030189255
36013,0.030189255
36014,0.030189255
36015,0.030189255
36016,0.030189255
36017,0.030189255
36018,0.030189255
36019,0.030189255
36020,0.25065055
36021,0.030189255
36022,0.030189255
36023,0.030189255
36024,0.030189255
36025,0.030189255
36026,0.030189255
36027,0.030189255
36028,0.030189255
36029,0.030189255
36030,0.034672882
36031,0.030189255
36032,0.030189255
36033,0.030189255
36034,0.030189255
36035,0.030189255
36036,0.030189255
36037,0.030189255
36038,0.030189255
36039,0.03895157
36040,0.030189255
36041,0.030189255
36042,0.030189255
36043,0.030189255
36044,0.030189255
36045,0.030189255
36046,0.030189255
36047,0.030189255
36048,0.030189255
36049,0.24909817
36050,0.24829528
36051,0.030189255
36052,0.030189255
36053,0.030189255
36054,0.020164706
36055,0.020164706
36056,0.020164706
36057,0.020164706
36058,0.020164706
36059,0.020164706
36060,0.020164706
36061,0.020164706
36062,0.020164706
36063,0.021121345
36064,0.020164706
36065,0.40359318
36066,0.020164706
36067,0.020164706
36068,0.020164706
36069,0.24561027
36070,0.40427506
36071,0.020164706
36072,0.020164706
36073,0.020095302
36074,0.24505122
36075,0.020164706
36076,0.42056417
36077,0.020164706
36078,0.024244783
36079,0.020164706
36080,0.020786047
36081,0.020164706
36082,0.4007664
36083,0.42417204
36084,0.2433362
36085,0.020164706
36086,0.020164706
36087,0.24533716
36088,0.020164706
36089,0.020164706
36090,0.020164706
36091,0.029254902
36092,0.020164706
36093,0.020164706
36094,0.2426285
36095,0.52893025
36096,0.44141933
36097,0.018796755
36098,0.020164706
36099,0.248353
36100,0.020164706
36101,0.020164706
36102,0.020164706
36103,0.020164706
36104,0.020164706
36105,0.020164706
36106,0.41955766
36107,0.24658726
36108,0.24296787
36109,0.43396413
36110,0.020164706
36111,0.020164706
36112,0.4994801
36113,0.020164706
36114,0.020164706
36115,0.017296562
36116,0.020164706
36117,0.020164706
36118,0.020164706
36119,0.020164706
36120,0.025563218
36121,0.021667
36122,0.0245815
36123,0.020164706
36124,0.020164706
36125,0.022051841
36126,0.24505122
36127,0.020164706
36128,0.020164706
36129,0.020164706
36130,0.020164706
36131,0.020164706
36132,0.020164706
36133,0.029175077
36134,0.020164706
36135,0.040097978
36136,0.02113434
36137,0.033533838
36138,0.020164706
36139,0.020164706
36140,0.020164706
36141,0.5078441
36142,0.24922976
36143,0.020164706
36144,0.41370142
36145,0.42240486
36146,0.020164706
36147,0.020164706
36148,0.020164706
36149,0.020164706
36150,0.020164706
36151,0.020164706
36152,0.020164706
36153,0.022091549
36154,0.24458027
36155,0.4445184
36156,0.39046293
36157,0.020164706
36158,0.020164706
36159,0.020164706
36160,0.020164706
36161,0.24273215
36162,0.020164706
36163,0.020164706
36164,0.020164706
36165,0.020164706
36166,0.020164706
36167,0.5054461
36168,0.53770155
36169,0.020164706
36170,0.020164706
36171,0.020164706
36172,0.020164706
36173,0.020164706
36174,0.017422954
36175,0.020164706
36176,0.020164706
36177,0.020908013
36178,0.03468111
36179,0.020164706
36180,0.021867137
36181,0.020164706
36182,0.020164706
36183,0.020164706
36184,0.020164706
36185,0.020164706
36186,0.020164706
36187,0.020164706
36188,0.020164706
36189,0.020164706
36190,0.020164706
36191,0.020164706
36192,0.020164706
36193,0.020164706
36194,0.020164706
36195,0.020164706
36196,0.020164706
36197,0.020164706
36198,0.5134733
36199,0.40978956
36200,0.020164706
36201,0.020164706
36202,0.020164706
36203,0.020164706
36204,0.020164706
36205,0.020164706
36206,0.020164706
36207,0.020164706
36208,0.020164706
36209,0.24425837
36210,0.020164706
36211,0.020164706
36212,0.020164706
36213,0.020164706
36214,0.020164706
36215,0.25087032
36216,0.24323764
36217,0.24610144
36218,0.020164706
36219,0.020164706
36220,0.020164706
36221,0.020164706
36222,0.020164706
36223,0.24715398
36224,0.020164706
36225,0.50837433
36226,0.022421101
36227,0.020164706
36228,0.020164706
36229,0.020164706
36230,0.020164706
36231,0.020164706
36232,0.020164706
36233,0.020164706
36234,0.020164706
36235,0.020164706
36236,0.020164706
36237,0.020164706
36238,0.25147483
36239,0.43151486
36240,0.020164706
36241,0.020164706
36242,0.020164706
36243,0.020164706
36244,0.020164706
36245,0.020164706
36246,0.020164706
36247,0.021171734
36248,0.020164706
36249,0.026307167
36250,0.020164706
36251,0.020164706
36252,0.020164706
36253,0.021215588
36254,0.020164706
36255,0.020164706
36256,0.020164706
36257,0.020164706
36258,0.020164706
36259,0.020164706
36260,0.020164706
36261,0.020164706
36262,0.020631086
36263,0.020164706
36264,0.26194134
36265,0.24832964
36266,0.24772243
36267,0.020164706
36268,0.020164706
36269,0.020164706
36270,0.020164706
36271,0.020164706
36272,0.020164706
36273,0.020164706
36274,0.020164706
36275,0.020164706
36276,0.020164706
36277,0.020164706
36278,0.020164706
36279,0.020164706
36280,0.020164706
36281,0.020164706
36282,0.020164706
36283,0.020164706
36284,0.24767016
36285,0.5247253
36286,0.020164706
36287,0.0204355
36288,0.020164706
36289,0.020164706
36290,0.020164706
36291,0.020164706
36292,0.020164706
36293,0.020164706
36294,0.020164706
36295,0.24272086
36296,0.020164706
36297,0.020164706
36298,0.020164706
36299,0.020164706
36300,0.020164706
36301,0.020164706
36302,0.020164706
36303,0.020164706
36304,0.43753746
36305,0.020164706
36306,0.020164706
36307,0.02211553
36308,0.5602171
36309,0.020164706
36310,0.020164706
36311,0.020164706
36312,0.020164706
36313,0.24115288
36314,0.5325155
36315,0.020164706
36316,0.020164706
36317,0.020164706
36318,0.020164706
36319,0.020164706
36320,0.029896345
36321,0.020164706
36322,0.25552464
36323,0.020164706
36324,0.020164706
36325,0.020164706
36326,0.020164706
36327,0.020164706
36328,0.020164706
36329,0.020164706
36330,0.025664592
36331,0.024616659
36332,0.24561027
36333,0.020164706
36334,0.020164706
36335,0.020164706
36336,0.02524344
36337,0.02582358
36338,0.020164706
36339,0.020164706
36340,0.020164706
36341,0.020164706
36342,0.40215388
36343,0.020164706
36344,0.026144853
36345,0.25337312
36346,0.021033434
36347,0.020164706
36348,0.020164706
36349,0.020164706
36350,0.020164706
36351,0.020164706
36352,0.24841914
36353,0.50857997
36354,0.020164706
36355,0.020164706
36356,0.020164706
36357,0.24520183
36358,0.02336908
36359,0.031482797
36360,0.42083532
36361,0.020164706
36362,0.020164706
36363,0.020164706
36364,0.020164706
36365,0.25059506
36366,0.5085506
36367,0.020164706
36368,0.41665807
36369,0.020164706
36370,0.020164706
36371,0.03294793
36372,0.020164706
36373,0.020164706
36374,0.020164706
36375,0.020164706
36376,0.020164706
36377,0.49466673
36378,0.026307167
36379,0.020164706
36380,0.23534459
36381,0.0243674
36382,0.025753045
36383,0.24664664
36384,0.020436898
36385,0.020164706
36386,0.26292935
36387,0.2433362
36388,0.028070252
36389,0.566502
36390,0.44020176
36391,0.3958467
36392,0.020164706
36393,0.23850445
36394,0.020164706
36395,0.020164706
36396,0.020164706
36397,0.020164706
36398,0.020164706
36399,0.020164706
36400,0.020164706
36401,0.020164706
36402,0.020164706
36403,0.020164706
36404,0.020164706
36405,0.020164706
36406,0.020164706
36407,0.020727616
36408,0.020164706
36409,0.020164706
36410,0.020164706
36411,0.24713375
36412,0.020164706
36413,0.44624734
36414,0.44753382
36415,0.44022858
36416,0.020164706
36417,0.020164706
36418,0.020164706
36419,0.48211092
36420,0.020164706
36421,0.020164706
36422,0.020164706
36423,0.026755622
36424,0.020164706
36425,0.020164706
36426,0.020164706
36427,0.020164706
36428,0.432239
36429,0.020164706
36430,0.020164706
36431,0.020164706
36432,0.020164706
36433,0.020164706
36434,0.020164706
36435,0.4219269
36436,0.020164706
36437,0.022183234
36438,0.020164706
36439,0.020164706
36440,0.5357545
36441,0.51455903
36442,0.5233733
36443,0.020164706
36444,0.020164706
36445,0.020164706
36446,0.020164706
36447,0.42183495
36448,0.020164706
36449,0.25064975
36450,0.020164706
36451,0.020164706
36452,0.020164706
36453,0.020164706
36454,0.02122423
36455,0.021428045
36456,0.020164706
36457,0.41429213
36458,0.42404512
36459,0.020280736
36460,0.021672377
36461,0.020164706
36462,0.020164706
36463,0.020164706
36464,0.020164706
36465,0.020164706
36466,0.02076977
36467,0.019932648
36468,0.020164706
36469,0.020164706
36470,0.020164706
36471,0.44814584
36472,0.70734876
36473,0.5375547
36474,0.02205466
36475,0.020164706
36476,0.24709061
36477,0.4301777
36478,0.020164706
36479,0.020164706
36480,0.020164706
36481,0.020164706
36482,0.020164706
36483,0.40765792
36484,0.44832888
36485,0.020164706
36486,0.020164706
36487,0.024162984
36488,0.020164706
36489,0.020164706
36490,0.24541385
36491,0.020164706
36492,0.020164706
36493,0.020164706
36494,0.020164706
36495,0.020290814
36496,0.020164706
36497,0.5002834
36498,0.40662587
36499,0.029204534
36500,0.020164706
36501,0.020164706
36502,0.020164706
36503,0.028541746
36504,0.020164706
36505,0.020164706
36506,0.020164706
36507,0.025563218
36508,0.020164706
36509,0.020164706
36510,0.42629072
36511,0.6526115
36512,0.022720637
36513,0.025856093
36514,0.020287665
36515,0.021045899
36516,0.021938916
36517,0.4193038
36518,0.020164706
36519,0.020164706
36520,0.020164706
36521,0.03131446
36522,0.026044114
36523,0.50277674
36524,0.26853752
36525,0.24732742
36526,0.021145374
36527,0.6428831
36528,0.24767356
36529,0.020164706
36530,0.024611745
36531,0.023655053
36532,0.020164706
36533,0.020164706
36534,0.48254538
36535,0.020164706
36536,0.020164706
36537,0.020164706
36538,0.020164706
36539,0.02269203
36540,0.48468384
36541,0.24689215
36542,0.44002527
36543,0.40813237
36544,0.020320524
36545,0.021539705
36546,0.24404952
36547,0.020164706
36548,0.03351508
36549,0.020164706
36550,0.020164706
36551,0.42573676
36552,0.24929865
36553,0.020164706
36554,0.5026256
36555,0.4328851
36556,0.020164706
36557,0.020164706
36558,0.020113388
36559,0.020164706
36560,0.020164706
36561,0.020164706
36562,0.020164706
36563,0.020164706
36564,0.020164706
36565,0.020164706
36566,0.022365741
36567,0.4109768
36568,0.63484216
36569,0.42979035
36570,0.25797582
36571,0.5093579
36572,0.020164706
36573,0.024817176
36574,0.020164706
36575,0.020164706
36576,0.23926535
36577,0.02318125
36578,0.020164706
36579,0.020164706
36580,0.020164706
36581,0.026158096
36582,0.020164706
36583,0.020164706
36584,0.021955125
36585,0.020164706
36586,0.020164706
36587,0.020164706
36588,0.020164706
36589,0.020164706
36590,0.020164706
36591,0.020164706
36592,0.52004707
36593,0.24525118
36594,0.52939945
36595,0.6255066
36596,0.56002665
36597,0.24439327
36598,0.020164706
36599,0.020164706
36600,0.020164706
36601,0.020164706
36602,0.020164706
36603,0.020164706
36604,0.020164706
36605,0.5255955
36606,0.020164706
36607,0.020164706
36608,0.020164706
36609,0.020164706
36610,0.24665865
36611,0.020164706
36612,0.020164706
36613,0.019864388
36614,0.020164706
36615,0.020164706
36616,0.020164706
36617,0.020164706
36618,0.020164706
36619,0.020164706
36620,0.47434136
36621,0.38525355
36622,0.24704728
36623,0.5477659
36624,0.23968464
36625,0.26113993
36626,0.020164706
36627,0.020164706
36628,0.020164706
36629,0.020164706
36630,0.020164706
36631,0.020164706
36632,0.020164706
36633,0.020164706
36634,0.43010166
36635,0.020164706
36636,0.050066583
36637,0.020164706
36638,0.020658448
36639,0.021594135
36640,0.02194899
36641,0.25108692
36642,0.020164706
36643,0.020164706
36644,0.020164706
36645,0.020164706
36646,0.020164706
36647,0.4949755
36648,0.4161164
36649,0.5061717
36650,0.4252847
36651,0.42129067
36652,0.025983857
36653,0.020164706
36654,0.020164706
36655,0.020164706
36656,0.020164706
36657,0.020164706
36658,0.02080126
36659,0.021676196
36660,0.020164706
36661,0.24629618
36662,0.020164706
36663,0.020164706
36664,0.5021929
36665,0.020164706
36666,0.020164706
36667,0.020164706
36668,0.020164706
36669,0.26017126
36670,0.020164706
36671,0.24409987
36672,0.023176374
36673,0.020164706
36674,0.020164706
36675,0.020164706
36676,0.020164706
36677,0.020164706
36678,0.020164706
36679,0.020861914
36680,0.020164706
36681,0.020164706
36682,0.020238675
36683,0.020164706
36684,0.026200129
36685,0.2426285
36686,0.020164706
36687,0.020798817
36688,0.020164706
36689,0.020164706
36690,0.020164706
36691,0.028139992
36692,0.24242131
36693,0.45748696
36694,0.020164706
36695,0.020164706
36696,0.020164706
36697,0.020164706
36698,0.020164706
36699,0.020164706
36700,0.020164706
36701,0.020164706
36702,0.25077558
36703,0.020164706
36704,0.020164706
36705,0.020164706
36706,0.020164706
36707,0.020164706
36708,0.020164706
36709,0.020164706
36710,0.020164706
36711,0.020164706
36712,0.5180784
36713,0.020164706
36714,0.020164706
36715,0.020164706
36716,0.020164706
36717,0.020164706
36718,0.43872917
36719,0.020164706
36720,0.020164706
36721,0.020164706
36722,0.2485937
36723,0.020164706
36724,0.020164706
36725,0.027185358
36726,0.020164706
36727,0.4270728
36728,0.020164706
36729,0.020164706
36730,0.020164706
36731,0.022204977
36732,0.020164706
36733,0.020164706
36734,0.020164706
36735,0.020164706
36736,0.020164706
36737,0.029830294
36738,0.020164706
36739,0.020164706
36740,0.020164706
36741,0.020164706
36742,0.020164706
36743,0.2607914
36744,0.020164706
36745,0.24676915
36746,0.020164706
36747,0.020164706
36748,0.020164706
36749,0.020164706
36750,0.020164706
36751,0.25139466
36752,0.2508061
36753,0.020164706
36754,0.020164706
36755,0.020164706
36756,0.536134
36757,0.4528984
36758,0.03325998
36759,0.020164706
36760,0.020164706
36761,0.020164706
36762,0.020164706
36763,0.020164706
36764,0.020164706
36765,0.026307167
36766,0.021324769
36767,0.5600464
36768,0.020164706
36769,0.020164706
36770,0.020164706
36771,0.020164706
36772,0.020164706
36773,0.021957124
36774,0.42146352
36775,0.020164706
36776,0.2558462
36777,0.020164706
36778,0.020164706
36779,0.020164706
36780,0.020164706
36781,0.020164706
36782,0.020164706
36783,0.020164706
36784,0.020164706
36785,0.020164706
36786,0.020164706
36787,0.020164706
36788,0.020164706
36789,0.024309842
36790,0.020164706
36791,0.020164706
36792,0.020164706
36793,0.020164706
36794,0.020892544
36795,0.020164706
36796,0.020164706
36797,0.020164706
36798,0.5264851
36799,0.020164706
36800,0.02300212
36801,0.020164706
36802,0.020164706
36803,0.020164706
36804,0.020164706
36805,0.020164706
36806,0.49944225
36807,0.020164706
36808,0.020164706
36809,0.020164706
36810,0.020164706
36811,0.020164706
36812,0.24140912
36813,0.021052865
36814,0.020164706
36815,0.020164706
36816,0.24378403
36817,0.020164706
36818,0.020164706
36819,0.020164706
36820,0.020164706
36821,0.020164706
36822,0.24632148
36823,0.020164706
36824,0.020164706
36825,0.020164706
36826,0.020164706
36827,0.032947805
36828,0.020164706
36829,0.020164706
36830,0.020164706
36831,0.020164706
36832,0.020164706
36833,0.020164706
36834,0.025370171
36835,0.24425837
36836,0.020164706
36837,0.020164706
36838,0.020164706
36839,0.020164706
36840,0.020164706
36841,0.020164706
36842,0.020164706
36843,0.020164706
36844,0.020164706
36845,0.020164706
36846,0.022904694
36847,0.02764842
36848,0.24198474
36849,0.020164706
36850,0.25088847
36851,0.020164706
36852,0.020164706
36853,0.020164706
36854,0.020164706
36855,0.020164706
36856,0.020164706
36857,0.020164706
36858,0.020164706
36859,0.02232362
36860,0.020164706
36861,0.020164706
36862,0.020164706
36863,0.020164706
36864,0.020164706
36865,0.020164706
36866,0.020164706
36867,0.020164706
36868,0.020164706
36869,0.020164706
36870,0.010749876
36871,0.020164706
36872,0.020164706
36873,0.24608226
36874,0.020164706
36875,0.020164706
36876,0.020164706
36877,0.020164706
36878,0.020164706
36879,0.020164706
36880,0.020164706
36881,0.020164706
36882,0.026089063
36883,0.020164706
36884,0.020164706
36885,0.020164706
36886,0.020164706
36887,0.023061873
36888,0.020164706
36889,0.019393573
36890,0.020164706
36891,0.020164706
36892,0.020164706
36893,0.020164706
36894,0.013286626
36895,0.027590226
36896,0.020164706
36897,0.019489883
36898,0.020164706
36899,0.020164706
36900,0.020164706
36901,0.020164706
36902,0.020164706
36903,0.020164706
36904,0.020164706
36905,0.021129068
36906,0.48539504
36907,0.020164706
36908,0.244488
36909,0.020164706
36910,0.018932698
36911,0.018932698
36912,0.018932698
36913,0.018932698
36914,0.018932698
36915,0.018932698
36916,0.018932698
36917,0.018932698
36918,0.019889334
36919,0.018932698
36920,0.018932698
36921,0.50348
36922,0.018932698
36923,0.018932698
36924,0.018932698
36925,0.2446141
36926,0.24589604
36927,0.018932698
36928,0.018932698
36929,0.030737473
36930,0.48708344
36931,0.018932698
36932,0.53030515
36933,0.018932698
36934,0.023012774
36935,0.018932698
36936,0.01955404
36937,0.015473799
36938,0.018932698
36939,0.52159494
36940,0.018932698
36941,0.4206782
36942,0.24273099
36943,0.018932698
36944,0.24377885
36945,0.018932698
36946,0.018932698
36947,0.018932698
36948,0.018932698
36949,0.018932698
36950,0.2416324
36951,0.5431715
36952,0.45292628
36953,0.018436082
36954,0.02053602
36955,0.018932698
36956,0.018932698
36957,0.018932698
36958,0.018932698
36959,0.018932698
36960,0.018932698
36961,0.3923646
36962,0.02215271
36963,0.24246304
36964,0.5487758
36965,0.018932698
36966,0.51124513
36967,0.018932698
36968,0.011952239
36969,0.018932698
36970,0.018932698
36971,0.018932698
36972,0.018932698
36973,0.018932698
36974,0.018932698
36975,0.020435002
36976,0.021743586
36977,0.018932698
36978,0.018932698
36979,0.020819834
36980,0.2416324
36981,0.018932698
36982,0.018932698
36983,0.018932698
36984,0.018932698
36985,0.018932698
36986,0.018932698
36987,0.018932698
36988,0.037863445
36989,0.019902332
36990,0.2539088
36991,0.018932698
36992,0.018932698
36993,0.018932698
36994,0.010723096
36995,0.51832193
36996,0.24421175
36997,0.025114842
36998,0.018932698
36999,0.508995
37000,0.5488052
37001,0.025273843
37002,0.018932698
37003,0.018932698
37004,0.018932698
37005,0.018932698
37006,0.018932698
37007,0.018932698
37008,0.018932698
37009,0.020859541
37010,0.24327901
37011,0.4304356
37012,0.2446141
37013,0.018932698
37014,0.018932698
37015,0.018932698
37016,0.23179732
37017,0.018932698
37018,0.010022966
37019,0.018932698
37020,0.24326232
37021,0.4422915
37022,0.018932698
37023,0.024334
37024,0.018932698
37025,0.018932698
37026,0.018932698
37027,0.018932698
37028,0.018932698
37029,0.019324757
37030,0.032578416
37031,0.018932698
37032,0.02063513
37033,0.018932698
37034,0.018932698
37035,0.018932698
37036,0.018932698
37037,0.018932698
37038,0.018932698
37039,0.23942171
37040,0.018932698
37041,0.018932698
37042,0.018932698
37043,0.018932698
37044,0.018932698
37045,0.018932698
37046,0.018932698
37047,0.018932698
37048,0.018932698
37049,0.018932698
37050,0.51250166
37051,0.4995745
37052,0.018932698
37053,0.018932698
37054,0.018932698
37055,0.018932698
37056,0.018932698
37057,0.018932698
37058,0.018932698
37059,0.018932698
37060,0.018932698
37061,0.018932698
37062,0.029194567
37063,0.018932698
37064,0.018932698
37065,0.018932698
37066,0.018932698
37067,0.018932698
37068,0.018932698
37069,0.023636406
37070,0.23942171
37071,0.23544954
37072,0.018932698
37073,0.018932698
37074,0.018932698
37075,0.018932698
37076,0.018932698
37077,0.24295281
37078,0.018932698
37079,0.44482192
37080,0.021189094
37081,0.018932698
37082,0.018932698
37083,0.018932698
37084,0.018932698
37085,0.018932698
37086,0.018932698
37087,0.018932698
37088,0.018932698
37089,0.018932698
37090,0.018932698
37091,0.018932698
37092,0.018932698
37093,0.018932698
37094,0.018932698
37095,0.25086975
37096,0.39740574
37097,0.018932698
37098,0.018932698
37099,0.018932698
37100,0.018932698
37101,0.018932698
37102,0.018932698
37103,0.019611085
37104,0.018932698
37105,0.018932698
37106,0.018932698
37107,0.018932698
37108,0.018932698
37109,0.01998358
37110,0.018932698
37111,0.018932698
37112,0.018932698
37113,0.018932698
37114,0.018932698
37115,0.018932698
37116,0.019399079
37117,0.018932698
37118,0.26392686
37119,0.24517623
37120,0.022537412
37121,0.018932698
37122,0.018932698
37123,0.018932698
37124,0.018932698
37125,0.018932698
37126,0.018932698
37127,0.018932698
37128,0.018932698
37129,0.018932698
37130,0.018932698
37131,0.018932698
37132,0.018932698
37133,0.018932698
37134,0.018932698
37135,0.018932698
37136,0.018932698
37137,0.018932698
37138,0.018932698
37139,0.018932698
37140,0.020114757
37141,0.47911558
37142,0.018932698
37143,0.019203493
37144,0.018932698
37145,0.018932698
37146,0.018932698
37147,0.018932698
37148,0.018932698
37149,0.018932698
37150,0.018932698
37151,0.018932698
37152,0.025077946
37153,0.018932698
37154,0.018932698
37155,0.018932698
37156,0.018932698
37157,0.018932698
37158,0.018932698
37159,0.018932698
37160,0.018932698
37161,0.40567118
37162,0.018932698
37163,0.018932698
37164,0.020883523
37165,0.45549095
37166,0.018932698
37167,0.018932698
37168,0.018932698
37169,0.24313852
37170,0.39082488
37171,0.018932698
37172,0.018932698
37173,0.018932698
37174,0.018932698
37175,0.018932698
37176,0.02745409
37177,0.018932698
37178,0.254017
37179,0.018932698
37180,0.018932698
37181,0.018932698
37182,0.018932698
37183,0.018932698
37184,0.018932698
37185,0.018932698
37186,0.024219679
37187,0.022870887
37188,0.24223967
37189,0.018932698
37190,0.018932698
37191,0.018932698
37192,0.025884341
37193,0.02474231
37194,0.018932698
37195,0.018932698
37196,0.018932698
37197,0.018932698
37198,0.5215913
37199,0.018932698
37200,0.026438005
37201,0.5138843
37202,0.019875433
37203,0.018932698
37204,0.018932698
37205,0.018932698
37206,0.018932698
37207,0.018932698
37208,0.24890226
37209,0.43719682
37210,0.018932698
37211,0.018932698
37212,0.018932698
37213,0.024981342
37214,0.021425204
37215,0.02621186
37216,0.5063195
37217,0.018932698
37218,0.018932698
37219,0.018932698
37220,0.018932698
37221,0.018932698
37222,0.24395671
37223,0.51500976
37224,0.018932698
37225,0.50042766
37226,0.018932698
37227,0.018932698
37228,0.029479861
37229,0.018932698
37230,0.018932698
37231,0.018932698
37232,0.018932698
37233,0.018932698
37234,0.40712246
37235,0.018932698
37236,0.018932698
37237,0.23222458
37238,0.023413911
37239,0.0245473
37240,0.24614342
37241,0.23859501
37242,0.018932698
37243,0.24387397
37244,0.018932698
37245,0.023011642
37246,0.5509234
37247,0.43516648
37248,0.2534617
37249,0.018932698
37250,0.025397953
37251,0.018932698
37252,0.018932698
37253,0.018932698
37254,0.018932698
37255,0.018932698
37256,0.018932698
37257,0.018932698
37258,0.018932698
37259,0.018932698
37260,0.018932698
37261,0.018932698
37262,0.018932698
37263,0.018689949
37264,0.018932698
37265,0.018932698
37266,0.018932698
37267,0.2517517
37268,0.018932698
37269,0.5380819
37270,0.51808053
37271,0.41973257
37272,0.018932698
37273,0.018932698
37274,0.018932698
37275,0.018932698
37276,0.42174423
37277,0.018932698
37278,0.018932698
37279,0.018932698
37280,0.018932698
37281,0.025077946
37282,0.018932698
37283,0.018932698
37284,0.018932698
37285,0.497846
37286,0.018932698
37287,0.018932698
37288,0.24271606
37289,0.018932698
37290,0.018932698
37291,0.018932698
37292,0.24273099
37293,0.018932698
37294,0.021627465
37295,0.018932698
37296,0.018932698
37297,0.5915236
37298,0.46513236
37299,0.4162878
37300,0.018932698
37301,0.018932698
37302,0.018932698
37303,0.018932698
37304,0.41636533
37305,0.018932698
37306,0.24713759
37307,0.018932698
37308,0.018932698
37309,0.018932698
37310,0.018932698
37311,0.019992223
37312,0.020196037
37313,0.018932698
37314,0.5370404
37315,0.50485843
37316,0.019048728
37317,0.02044037
37318,0.018932698
37319,0.018932698
37320,0.018932698
37321,0.018932698
37322,0.018932698
37323,0.021836007
37324,0.01870064
37325,0.018932698
37326,0.018932698
37327,0.018932698
37328,0.5438895
37329,0.81263393
37330,0.5473654
37331,0.018932698
37332,0.43428573
37333,0.50833833
37334,0.018932698
37335,0.018932698
37336,0.018932698
37337,0.018932698
37338,0.018932698
37339,0.018932698
37340,0.018932698
37341,0.42422128
37342,0.5563098
37343,0.018932698
37344,0.018932698
37345,0.020565959
37346,0.018932698
37347,0.018932698
37348,0.0198438
37349,0.018932698
37350,0.018932698
37351,0.018932698
37352,0.018932698
37353,0.019058807
37354,0.018932698
37355,0.43793103
37356,0.4947908
37357,0.029603342
37358,0.018932698
37359,0.018932698
37360,0.018932698
37361,0.02786295
37362,0.018932698
37363,0.018932698
37364,0.018932698
37365,0.018932698
37366,0.018932698
37367,0.018932698
37368,0.018932698
37369,0.25100473
37370,0.63202274
37371,0.02148863
37372,0.02294852
37373,0.019055657
37374,0.019813892
37375,0.019280475
37376,0.45647368
37377,0.018932698
37378,0.018932698
37379,0.033276893
37380,0.02222968
37381,0.23933397
37382,0.45377138
37383,0.24633129
37384,0.021278854
37385,0.6727012
37386,0.2468822
37387,0.023978213
37388,0.023048846
37389,0.018932698
37390,0.018932698
37391,0.4413185
37392,0.018932698
37393,0.018932698
37394,0.018932698
37395,0.018932698
37396,0.021582881
37397,0.5084176
37398,0.24405509
37399,0.250611
37400,0.2463819
37401,0.019088516
37402,0.01914859
37403,0.24335864
37404,0.036930542
37405,0.018932698
37406,0.025751248
37407,0.018932698
37408,0.018932698
37409,0.53114605
37410,0.052644495
37411,0.018932698
37412,0.42706662
37413,0.25039417
37414,0.018932698
37415,0.018932698
37416,0.01888138
37417,0.018932698
37418,0.018932698
37419,0.018932698
37420,0.018932698
37421,0.018932698
37422,0.020471064
37423,0.49499282
37424,0.6364209
37425,0.43529272
37426,0.25267896
37427,0.52362376
37428,0.018932698
37429,0.018932698
37430,0.018932698
37431,0.018932698
37432,0.028420301
37433,0.23381111
37434,0.018932698
37435,0.018932698
37436,0.018932698
37437,0.02492609
37438,0.018932698
37439,0.020723118
37440,0.018932698
37441,0.018932698
37442,0.018932698
37443,0.018932698
37444,0.018932698
37445,0.018932698
37446,0.018932698
37447,0.018932698
37448,0.449491
37449,0.021213915
37450,0.5320142
37451,0.5469602
37452,0.44086486
37453,0.24760371
37454,0.018932698
37455,0.018932698
37456,0.018932698
37457,0.018932698
37458,0.018932698
37459,0.018932698
37460,0.5368747
37461,0.018932698
37462,0.018932698
37463,0.018932698
37464,0.24345186
37465,0.018932698
37466,0.018932698
37467,0.018932698
37468,0.018932698
37469,0.018932698
37470,0.018932698
37471,0.018932698
37472,0.018932698
37473,0.45601687
37474,0.4779703
37475,0.24544387
37476,0.51934236
37477,0.5185361
37478,0.25936803
37479,0.018932698
37480,0.018932698
37481,0.018932698
37482,0.018932698
37483,0.018932698
37484,0.018932698
37485,0.018932698
37486,0.018932698
37487,0.5052958
37488,0.24223967
37489,0.24543206
37490,0.018932698
37491,0.019228913
37492,0.02036213
37493,0.020716982
37494,0.24304526
37495,0.018932698
37496,0.018932698
37497,0.018932698
37498,0.018932698
37499,0.46262586
37500,0.49530834
37501,0.4370276
37502,0.50968385
37503,0.24247101
37504,0.01917169
37505,0.018932698
37506,0.018932698
37507,0.018932698
37508,0.018932698
37509,0.018932698
37510,0.018932698
37511,0.019569252
37512,0.020775907
37513,0.018932698
37514,0.020440685
37515,0.018932698
37516,0.018932698
37517,0.5043038
37518,0.018932698
37519,0.018932698
37520,0.018932698
37521,0.25953048
37522,0.018932698
37523,0.021444337
37524,0.021944366
37525,0.018932698
37526,0.018932698
37527,0.018932698
37528,0.018932698
37529,0.018932698
37530,0.24232961
37531,0.018932698
37532,0.018932698
37533,0.018932698
37534,0.022667794
37535,0.018932698
37536,0.018932698
37537,0.019918077
37538,0.018932698
37539,0.025077946
37540,0.018932698
37541,0.028089315
37542,0.46124443
37543,0.51941955
37544,0.018932698
37545,0.018932698
37546,0.018932698
37547,0.018932698
37548,0.018932698
37549,0.018932698
37550,0.018932698
37551,0.018932698
37552,0.028107768
37553,0.018932698
37554,0.018932698
37555,0.018932698
37556,0.018932698
37557,0.018932698
37558,0.018932698
37559,0.018932698
37560,0.42040193
37561,0.018932698
37562,0.018932698
37563,0.018932698
37564,0.018932698
37565,0.018932698
37566,0.4243557
37567,0.018932698
37568,0.018932698
37569,0.018932698
37570,0.2530139
37571,0.018932698
37572,0.018932698
37573,0.24973688
37574,0.018932698
37575,0.018932698
37576,0.018932698
37577,0.24640311
37578,0.018932698
37579,0.018932698
37580,0.022318356
37581,0.018932698
37582,0.018932698
37583,0.018932698
37584,0.018932698
37585,0.03022717
37586,0.018932698
37587,0.018932698
37588,0.018932698
37589,0.018932698
37590,0.018932698
37591,0.26073655
37592,0.018932698
37593,0.24577306
37594,0.018932698
37595,0.018932698
37596,0.018932698
37597,0.018932698
37598,0.018932698
37599,0.018932698
37600,0.42537463
37601,0.24731691
37602,0.018932698
37603,0.018932698
37604,0.018932698
37605,0.018932698
37606,0.54965997
37607,0.45141593
37608,0.021869067
37609,0.018932698
37610,0.018932698
37611,0.018932698
37612,0.018932698
37613,0.018932698
37614,0.018932698
37615,0.020092761
37616,0.4443792
37617,0.018932698
37618,0.018932698
37619,0.018932698
37620,0.018932698
37621,0.018932698
37622,0.019693125
37623,0.48765904
37624,0.018932698
37625,0.24158107
37626,0.018932698
37627,0.018932698
37628,0.018932698
37629,0.018932698
37630,0.018932698
37631,0.018932698
37632,0.018932698
37633,0.018932698
37634,0.018932698
37635,0.018932698
37636,0.018932698
37637,0.023077834
37638,0.018932698
37639,0.018932698
37640,0.018932698
37641,0.018932698
37642,0.019660536
37643,0.018932698
37644,0.018932698
37645,0.018932698
37646,0.5059302
37647,0.018932698
37648,0.021770112
37649,0.018932698
37650,0.018932698
37651,0.018932698
37652,0.018932698
37653,0.018932698
37654,0.24762945
37655,0.018932698
37656,0.018932698
37657,0.018932698
37658,0.018932698
37659,0.42553297
37660,0.018932698
37661,0.019820858
37662,0.018932698
37663,0.018932698
37664,0.018932698
37665,0.24199437
37666,0.018932698
37667,0.018932698
37668,0.024334
37669,0.018932698
37670,0.018932698
37671,0.022686074
37672,0.018932698
37673,0.018932698
37674,0.018932698
37675,0.2511565
37676,0.018932698
37677,0.018932698
37678,0.018932698
37679,0.018932698
37680,0.018932698
37681,0.018932698
37682,0.24808636
37683,0.018932698
37684,0.018932698
37685,0.018932698
37686,0.018932698
37687,0.018932698
37688,0.018932698
37689,0.018932698
37690,0.018932698
37691,0.018932698
37692,0.018932698
37693,0.021672687
37694,0.02002965
37695,0.018932698
37696,0.5175218
37697,0.018932698
37698,0.018932698
37699,0.018932698
37700,0.018932698
37701,0.018932698
37702,0.018932698
37703,0.018932698
37704,0.018932698
37705,0.018932698
37706,0.018932698
37707,0.018932698
37708,0.018932698
37709,0.02109161
37710,0.018932698
37711,0.018932698
37712,0.018932698
37713,0.018932698
37714,0.012603373
37715,0.018932698
37716,0.018932698
37717,0.018932698
37718,0.018932698
37719,0.014890996
37720,0.018932698
37721,0.018932698
37722,0.24508613
37723,0.018932698
37724,0.018932698
37725,0.018932698
37726,0.018932698
37727,0.018932698
37728,0.018932698
37729,0.018932698
37730,0.018932698
37731,0.022678744
37732,0.018932698
37733,0.017087337
37734,0.018932698
37735,0.018932698
37736,0.018932698
37737,0.018932698
37738,0.018932698
37739,0.018932698
37740,0.018932698
37741,0.026497794
37742,0.24915072
37743,0.018932698
37744,0.018932698
37745,0.028250864
37746,0.018932698
37747,0.018932698
37748,0.018932698
37749,0.018932698
37750,0.018932698
37751,0.018932698
37752,0.01989706
37753,0.23169366
37754,0.018932698
37755,0.018932698
37756,0.018932698
37757,0.019082898
37758,0.019082898
37759,0.019082898
37760,0.019082898
37761,0.019082898
37762,0.019082898
37763,0.019082898
37764,0.019082898
37765,0.019082898
37766,0.020039534
37767,0.019082898
37768,0.019082898
37769,0.029344767
37770,0.5146406
37771,0.019082898
37772,0.019082898
37773,0.019082898
37774,0.019082898
37775,0.019082898
37776,0.019082898
37777,0.24257825
37778,0.019082898
37779,0.54325783
37780,0.019082898
37781,0.020929387
37782,0.019082898
37783,0.01970424
37784,0.027260251
37785,0.019082898
37786,0.5318769
37787,0.019082898
37788,0.019082898
37789,0.24220656
37790,0.019082898
37791,0.019082898
37792,0.019082898
37793,0.019082898
37794,0.019082898
37795,0.019082898
37796,0.5662997
37797,0.084333725
37798,0.018586282
37799,0.022709146
37800,0.019082898
37801,0.025265042
37802,0.019082898
37803,0.019082898
37804,0.019082898
37805,0.022653835
37806,0.019082898
37807,0.019082898
37808,0.42933977
37809,0.02230291
37810,0.24369204
37811,0.47416565
37812,0.24495268
37813,0.019082898
37814,0.54918534
37815,0.019082898
37816,0.019082898
37817,0.01679911
37818,0.019082898
37819,0.019082898
37820,0.019082898
37821,0.019082898
37822,0.019082898
37823,0.019082898
37824,0.020585202
37825,0.019944157
37826,0.020970033
37827,0.43112153
37828,0.019082898
37829,0.019082898
37830,0.019082898
37831,0.019082898
37832,0.019082898
37833,0.019082898
37834,0.019082898
37835,0.019082898
37836,0.03901616
37837,0.020052532
37838,0.25187483
37839,0.019082898
37840,0.019082898
37841,0.019082898
37842,0.43263453
37843,0.51713055
37844,0.019082898
37845,0.4302071
37846,0.44453642
37847,0.019082898
37848,0.019082898
37849,0.019082898
37850,0.019082898
37851,0.019082898
37852,0.019082898
37853,0.021009741
37854,0.020005843
37855,0.43740284
37856,0.24258007
37857,0.019082898
37858,0.019082898
37859,0.019082898
37860,0.23986396
37861,0.019082898
37862,0.019082898
37863,0.019082898
37864,0.24258007
37865,0.019082898
37866,0.24495268
37867,0.4544818
37868,0.019082898
37869,0.019082898
37870,0.019082898
37871,0.019082898
37872,0.019082898
37873,0.019826205
37874,0.030682122
37875,0.019082898
37876,0.021260064
37877,0.019082898
37878,0.019082898
37879,0.019082898
37880,0.019082898
37881,0.019082898
37882,0.24495268
37883,0.019082898
37884,0.019082898
37885,0.019082898
37886,0.019082898
37887,0.019082898
37888,0.019082898
37889,0.019082898
37890,0.019082898
37891,0.019082898
37892,0.019082898
37893,0.019082898
37894,0.42784816
37895,0.52579194
37896,0.019082898
37897,0.019082898
37898,0.019082898
37899,0.019082898
37900,0.019082898
37901,0.019082898
37902,0.019082898
37903,0.019082898
37904,0.019082898
37905,0.019082898
37906,0.019082898
37907,0.019082898
37908,0.019082898
37909,0.021770088
37910,0.019082898
37911,0.24801317
37912,0.019082898
37913,0.019082898
37914,0.019082898
37915,0.019082898
37916,0.019082898
37917,0.013213994
37918,0.2485954
37919,0.019082898
37920,0.41054443
37921,0.021339294
37922,0.019082898
37923,0.019082898
37924,0.019082898
37925,0.019082898
37926,0.029928142
37927,0.019082898
37928,0.019082898
37929,0.019082898
37930,0.019082898
37931,0.019082898
37932,0.019082898
37933,0.019082898
37934,0.019082898
37935,0.019082898
37936,0.019082898
37937,0.019082898
37938,0.024217859
37939,0.43645418
37940,0.019082898
37941,0.019082898
37942,0.019082898
37943,0.019082898
37944,0.019082898
37945,0.019082898
37946,0.019082898
37947,0.019082898
37948,0.021083483
37949,0.019082898
37950,0.019082898
37951,0.019082898
37952,0.019082898
37953,0.019082898
37954,0.02013378
37955,0.019082898
37956,0.019082898
37957,0.019082898
37958,0.019082898
37959,0.019082898
37960,0.019082898
37961,0.019082898
37962,0.019549279
37963,0.019082898
37964,0.26344848
37965,0.2470341
37966,0.021586666
37967,0.019082898
37968,0.019082898
37969,0.019082898
37970,0.019082898
37971,0.019082898
37972,0.019082898
37973,0.019082898
37974,0.019082898
37975,0.019082898
37976,0.019082898
37977,0.019082898
37978,0.019082898
37979,0.019082898
37980,0.019082898
37981,0.010873297
37982,0.019082898
37983,0.019082898
37984,0.019082898
37985,0.24413568
37986,0.019082898
37987,0.019860908
37988,0.5145729
37989,0.019082898
37990,0.019353693
37991,0.019082898
37992,0.019082898
37993,0.019082898
37994,0.019082898
37995,0.019082898
37996,0.019082898
37997,0.019082898
37998,0.23885833
37999,0.019082898
38000,0.019082898
38001,0.019082898
38002,0.019082898
38003,0.019082898
38004,0.019082898
38005,0.019082898
38006,0.019082898
38007,0.019082898
38008,0.43545064
38009,0.019082898
38010,0.019082898
38011,0.021033723
38012,0.51957583
38013,0.019082898
38014,0.019082898
38015,0.019082898
38016,0.019082898
38017,0.24266002
38018,0.40853992
38019,0.019082898
38020,0.019082898
38021,0.019082898
38022,0.019082898
38023,0.019082898
38024,0.02747495
38025,0.019082898
38026,0.033118106
38027,0.019082898
38028,0.019082898
38029,0.019082898
38030,0.019082898
38031,0.019082898
38032,0.019082898
38033,0.019082898
38034,0.023315782
38035,0.02238773
38036,0.24305466
38037,0.019082898
38038,0.019082898
38039,0.019082898
38040,0.026073163
38041,0.23618376
38042,0.019082898
38043,0.019082898
38044,0.019082898
38045,0.019082898
38046,0.42373535
38047,0.019082898
38048,0.026588205
38049,0.41935545
38050,0.019402629
38051,0.019082898
38052,0.019082898
38053,0.019082898
38054,0.019082898
38055,0.025416527
38056,0.24924083
38057,0.4161086
38058,0.019082898
38059,0.019082898
38060,0.019082898
38061,0.024142945
38062,0.022359652
38063,0.023973528
38064,0.5118128
38065,0.019082898
38066,0.019082898
38067,0.019082898
38068,0.019082898
38069,0.022640556
38070,0.544899
38071,0.019082898
38072,0.40330008
38073,0.019082898
38074,0.029630061
38075,0.019082898
38076,0.019082898
38077,0.019082898
38078,0.019082898
38079,0.019082898
38080,0.5211499
38081,0.019082898
38082,0.019082898
38083,0.23421066
38084,0.023564111
38085,0.0246975
38086,0.24598907
38087,0.2405308
38088,0.019082898
38089,0.024956126
38090,0.019082898
38091,0.025331324
38092,0.48581672
38093,0.5018754
38094,0.2522447
38095,0.019082898
38096,0.027176013
38097,0.019082898
38098,0.026099943
38099,0.019082898
38100,0.019082898
38101,0.019082898
38102,0.019082898
38103,0.019082898
38104,0.019082898
38105,0.019082898
38106,0.019082898
38107,0.019082898
38108,0.020572674
38109,0.019082898
38110,0.019082898
38111,0.019082898
38112,0.028273249
38113,0.019082898
38114,0.019082898
38115,0.44535542
38116,0.45877674
38117,0.43306556
38118,0.019082898
38119,0.019082898
38120,0.019082898
38121,0.019082898
38122,0.4420354
38123,0.019082898
38124,0.019082898
38125,0.019082898
38126,0.019082898
38127,0.019082898
38128,0.019082898
38129,0.019082898
38130,0.019082898
38131,0.5306954
38132,0.019082898
38133,0.019082898
38134,0.019082898
38135,0.019082898
38136,0.019082898
38137,0.019082898
38138,0.24413568
38139,0.019082898
38140,0.021777665
38141,0.019082898
38142,0.019082898
38143,0.538783
38144,0.50986874
38145,0.4964353
38146,0.019082898
38147,0.019082898
38148,0.4906079
38149,0.019082898
38150,0.252817
38151,0.019082898
38152,0.019082898
38153,0.019082898
38154,0.019082898
38155,0.020142423
38156,0.020346237
38157,0.019082898
38158,0.43146712
38159,0.5015726
38160,0.019198928
38161,0.02059057
38162,0.019082898
38163,0.019082898
38164,0.019082898
38165,0.019082898
38166,0.019082898
38167,0.019082898
38168,0.019687962
38169,0.01885084
38170,0.019082898
38171,0.019082898
38172,0.019082898
38173,0.5457524
38174,0.7284456
38175,0.4376181
38176,0.019082898
38177,0.24535206
38178,0.51954836
38179,0.019082898
38180,0.019082898
38181,0.019082898
38182,0.019082898
38183,0.019082898
38184,0.05106532
38185,0.4933965
38186,0.019082898
38187,0.019082898
38188,0.020716159
38189,0.019082898
38190,0.019082898
38191,0.023237124
38192,0.019082898
38193,0.019082898
38194,0.019082898
38195,0.019082898
38196,0.02055195
38197,0.019082898
38198,0.019082898
38199,0.5015681
38200,0.24416277
38201,0.027908504
38202,0.019082898
38203,0.019082898
38204,0.019082898
38205,0.019082898
38206,0.025042143
38207,0.019082898
38208,0.019082898
38209,0.019082898
38210,0.019082898
38211,0.019082898
38212,0.019082898
38213,0.019082898
38214,0.24923442
38215,0.6459703
38216,0.022009648
38217,0.24771817
38218,0.019205857
38219,0.019964091
38220,0.020857109
38221,0.49786165
38222,0.019082898
38223,0.019082898
38224,0.03342709
38225,0.02237988
38226,0.5078669
38227,0.52587897
38228,0.24685726
38229,0.020933064
38230,0.68958735
38231,0.24423909
38232,0.025876597
38233,0.24201427
38234,0.019082898
38235,0.019082898
38236,0.40395853
38237,0.019082898
38238,0.019082898
38239,0.019082898
38240,0.019082898
38241,0.021733081
38242,0.422246
38243,0.24495268
38244,0.5273422
38245,0.24520536
38246,0.019238716
38247,0.01929879
38248,0.24086237
38249,0.019082898
38250,0.030860256
38251,0.019082898
38252,0.019082898
38253,0.4874443
38254,0.24903584
38255,0.019082898
38256,0.51512104
38257,0.24937823
38258,0.019082898
38259,0.019918716
38260,0.019082898
38261,0.019082898
38262,0.019082898
38263,0.019082898
38264,0.019082898
38265,0.019082898
38266,0.020621264
38267,0.52117187
38268,0.65181345
38269,0.41274717
38270,0.25337446
38271,0.5342036
38272,0.019082898
38273,0.019082898
38274,0.019082898
38275,0.019082898
38276,0.029370794
38277,0.23641483
38278,0.019082898
38279,0.019082898
38280,0.019082898
38281,0.026303926
38282,0.019082898
38283,0.019082898
38284,0.020873317
38285,0.019082898
38286,0.019082898
38287,0.019082898
38288,0.019082898
38289,0.019082898
38290,0.019082898
38291,0.019082898
38292,0.019082898
38293,0.24338078
38294,0.24486138
38295,0.5390002
38296,0.5645335
38297,0.56654716
38298,0.24263838
38299,0.019082898
38300,0.019082898
38301,0.019082898
38302,0.019082898
38303,0.019082898
38304,0.019082898
38305,0.5227617
38306,0.019082898
38307,0.019082898
38308,0.019082898
38309,0.019082898
38310,0.41194105
38311,0.019082898
38312,0.019082898
38313,0.029627824
38314,0.019082898
38315,0.019082898
38316,0.019082898
38317,0.019082898
38318,0.019082898
38319,0.45940813
38320,0.38083577
38321,0.25004613
38322,0.5894473
38323,0.5207481
38324,0.26160458
38325,0.019082898
38326,0.019082898
38327,0.019082898
38328,0.019082898
38329,0.019082898
38330,0.019082898
38331,0.019082898
38332,0.019082898
38333,0.43584132
38334,0.24306959
38335,0.24652618
38336,0.019082898
38337,0.2445471
38338,0.02051233
38339,0.020608183
38340,0.022706462
38341,0.019082898
38342,0.019082898
38343,0.019082898
38344,0.019082898
38345,0.5722565
38346,0.44194272
38347,0.47498038
38348,0.4335801
38349,0.24258223
38350,0.020130673
38351,0.019082898
38352,0.019082898
38353,0.019082898
38354,0.019082898
38355,0.019082898
38356,0.019719452
38357,0.020465884
38358,0.019082898
38359,0.24648917
38360,0.019082898
38361,0.019082898
38362,0.24292345
38363,0.019082898
38364,0.019082898
38365,0.019082898
38366,0.019082898
38367,0.25905588
38368,0.019082898
38369,0.021594537
38370,0.022406168
38371,0.019082898
38372,0.019082898
38373,0.019082898
38374,0.019082898
38375,0.019082898
38376,0.019082898
38377,0.23272945
38378,0.019082898
38379,0.019082898
38380,0.019082898
38381,0.022817994
38382,0.019082898
38383,0.019082898
38384,0.019082898
38385,0.019082898
38386,0.019508997
38387,0.019082898
38388,0.019082898
38389,0.019082898
38390,0.029437788
38391,0.24305162
38392,0.418989
38393,0.019082898
38394,0.019082898
38395,0.019082898
38396,0.019082898
38397,0.019082898
38398,0.019082898
38399,0.019082898
38400,0.029376028
38401,0.019082898
38402,0.019082898
38403,0.019082898
38404,0.019082898
38405,0.019082898
38406,0.019082898
38407,0.51200724
38408,0.019082898
38409,0.019082898
38410,0.019082898
38411,0.019082898
38412,0.019082898
38413,0.5140585
38414,0.019082898
38415,0.019082898
38416,0.25010097
38417,0.019082898
38418,0.026103549
38419,0.019082898
38420,0.019082898
38421,0.24508873
38422,0.019082898
38423,0.023520397
38424,0.019082898
38425,0.019082898
38426,0.019082898
38427,0.019082898
38428,0.019082898
38429,0.25486606
38430,0.019082898
38431,0.019082898
38432,0.019082898
38433,0.019082898
38434,0.019082898
38435,0.2543558
38436,0.019082898
38437,0.022107475
38438,0.019082898
38439,0.019082898
38440,0.019082898
38441,0.019082898
38442,0.09204158
38443,0.5173743
38444,0.019082898
38445,0.019082898
38446,0.019082898
38447,0.019082898
38448,0.42773616
38449,0.5605852
38450,0.022019267
38451,0.019082898
38452,0.019082898
38453,0.019082898
38454,0.019082898
38455,0.019082898
38456,0.019082898
38457,0.019082898
38458,0.01945383
38459,0.5294324
38460,0.019082898
38461,0.019082898
38462,0.019082898
38463,0.019082898
38464,0.019082898
38465,0.019082898
38466,0.019171175
38467,0.5171526
38468,0.019082898
38469,0.25185862
38470,0.019082898
38471,0.019082898
38472,0.02724413
38473,0.019082898
38474,0.019082898
38475,0.019082898
38476,0.019082898
38477,0.019082898
38478,0.019082898
38479,0.019082898
38480,0.019082898
38481,0.019082898
38482,0.019082898
38483,0.024667282
38484,0.019082898
38485,0.019082898
38486,0.019082898
38487,0.019810736
38488,0.019082898
38489,0.019082898
38490,0.52883095
38491,0.019082898
38492,0.019204607
38493,0.019082898
38494,0.019082898
38495,0.019082898
38496,0.019082898
38497,0.019082898
38498,0.24909888
38499,0.019082898
38500,0.019082898
38501,0.019082898
38502,0.019082898
38503,0.43094745
38504,0.019082898
38505,0.019971058
38506,0.019082898
38507,0.019082898
38508,0.4106116
38509,0.019082898
38510,0.019082898
38511,0.019082898
38512,0.019082898
38513,0.019082898
38514,0.022775918
38515,0.019082898
38516,0.019082898
38517,0.019082898
38518,0.2573092
38519,0.019082898
38520,0.019082898
38521,0.019082898
38522,0.019082898
38523,0.019082898
38524,0.019082898
38525,0.019082898
38526,0.024667844
38527,0.2436009
38528,0.019082898
38529,0.019082898
38530,0.019082898
38531,0.019082898
38532,0.019082898
38533,0.019082898
38534,0.019082898
38535,0.019082898
38536,0.019082898
38537,0.019082898
38538,0.021822887
38539,0.020782085
38540,0.24702586
38541,0.019082898
38542,0.019082898
38543,0.019082898
38544,0.019082898
38545,0.019082898
38546,0.019082898
38547,0.02124181
38548,0.019082898
38549,0.019082898
38550,0.019082898
38551,0.019082898
38552,0.019082898
38553,0.019082898
38554,0.019082898
38555,0.019082898
38556,0.019082898
38557,0.019082898
38558,0.019082898
38559,0.24542473
38560,0.019082898
38561,0.019082898
38562,0.019082898
38563,0.019082898
38564,0.019082898
38565,0.019082898
38566,0.019082898
38567,0.019082898
38568,0.024545217
38569,0.019082898
38570,0.019082898
38571,0.029928142
38572,0.019082898
38573,0.019082898
38574,0.029676156
38575,0.019082898
38576,0.019082898
38577,0.019082898
38578,0.019082898
38579,0.026830027
38580,0.019082898
38581,0.019082898
38582,0.019082898
38583,0.019082898
38584,0.019082898
38585,0.02004726
38586,0.019082898
38587,0.019082898
38588,0.019082898
38589,0.019082898
38590,0.019082898
38591,0.02994271
38592,0.02994271
38593,0.02994271
38594,0.02994271
38595,0.02994271
38596,0.02994271
38597,0.02994271
38598,0.02994271
38599,0.02994271
38600,0.02994271
38601,0.02994271
38602,0.042548824
38603,0.52004665
38604,0.02994271
38605,0.02994271
38606,0.24755757
38607,0.24755935
38608,0.02994271
38609,0.02994271
38610,0.24803385
38611,0.02994271
38612,0.4212203
38613,0.02994271
38614,0.25243077
38615,0.02994271
38616,0.033816263
38617,0.02994271
38618,0.03547152
38619,0.031722084
38620,0.54151314
38621,0.24993195
38622,0.02994271
38623,0.49380347
38624,0.02994271
38625,0.02994271
38626,0.02994271
38627,0.02994271
38628,0.02994271
38629,0.54300386
38630,0.42986938
38631,0.028574781
38632,0.02994271
38633,0.24895982
38634,0.02994271
38635,0.02994271
38636,0.02994271
38637,0.02994271
38638,0.036583886
38639,0.02994271
38640,0.44054022
38641,0.24792728
38642,0.24867138
38643,0.45582005
38644,0.02994271
38645,0.02994271
38646,0.44222316
38647,0.02994271
38648,0.023029653
38649,0.02994271
38650,0.02994271
38651,0.02994271
38652,0.02994271
38653,0.02994271
38654,0.031445004
38655,0.034359507
38656,0.02994271
38657,0.031829834
38658,0.49274066
38659,0.02994271
38660,0.02994271
38661,0.02994271
38662,0.02994271
38663,0.02994271
38664,0.02994271
38665,0.051290043
38666,0.25740215
38667,0.02994271
38668,0.02994271
38669,0.02994271
38670,0.02994271
38671,0.51376075
38672,0.03356223
38673,0.02994271
38674,0.45791584
38675,0.41481602
38676,0.02994271
38677,0.02994271
38678,0.02994271
38679,0.02994271
38680,0.02994271
38681,0.02994271
38682,0.031869546
38683,0.24971904
38684,0.44451562
38685,0.24911486
38686,0.02994271
38687,0.02994271
38688,0.02994271
38689,0.24705395
38690,0.02994271
38691,0.02994271
38692,0.02994271
38693,0.02994271
38694,0.02994271
38695,0.24993195
38696,0.52829635
38697,0.02994271
38698,0.02994271
38699,0.02994271
38700,0.03643018
38701,0.02994271
38702,0.033254743
38703,0.02994271
38704,0.030334773
38705,0.039692093
38706,0.02994271
38707,0.031288918
38708,0.02994271
38709,0.02994271
38710,0.02994271
38711,0.2469503
38712,0.02994271
38713,0.02994271
38714,0.02994271
38715,0.02994271
38716,0.02994271
38717,0.02994271
38718,0.02994271
38719,0.02994271
38720,0.02994271
38721,0.02994271
38722,0.02994271
38723,0.5320792
38724,0.45115605
38725,0.02994271
38726,0.02994271
38727,0.02994271
38728,0.02994271
38729,0.02994271
38730,0.02994271
38731,0.02994271
38732,0.02994271
38733,0.02994271
38734,0.02994271
38735,0.02994271
38736,0.02994271
38737,0.02994271
38738,0.02994271
38739,0.03341811
38740,0.24804887
38741,0.25479847
38742,0.02994271
38743,0.02994271
38744,0.02994271
38745,0.02994271
38746,0.02994271
38747,0.033637494
38748,0.24780545
38749,0.02994271
38750,0.55781454
38751,0.0321991
38752,0.02994271
38753,0.02994271
38754,0.02994271
38755,0.02994271
38756,0.02994271
38757,0.036885336
38758,0.02994271
38759,0.02994271
38760,0.02994271
38761,0.02994271
38762,0.02994271
38763,0.02994271
38764,0.02994271
38765,0.04046489
38766,0.5192223
38767,0.02994271
38768,0.02994271
38769,0.02994271
38770,0.02994271
38771,0.02994271
38772,0.02994271
38773,0.02994271
38774,0.03240451
38775,0.02994271
38776,0.02994271
38777,0.02994271
38778,0.02994271
38779,0.02994271
38780,0.03099359
38781,0.02994271
38782,0.02994271
38783,0.02994271
38784,0.02994271
38785,0.02994271
38786,0.02994271
38787,0.02994271
38788,0.02994271
38789,0.030409088
38790,0.02994271
38791,0.053721443
38792,0.24863033
38793,0.2520441
38794,0.02994271
38795,0.02994271
38796,0.02994271
38797,0.02994271
38798,0.02994271
38799,0.02994271
38800,0.02994271
38801,0.02994271
38802,0.02994271
38803,0.02994271
38804,0.02994271
38805,0.02994271
38806,0.02994271
38807,0.02994271
38808,0.24804887
38809,0.02994271
38810,0.031406306
38811,0.25325227
38812,0.02994271
38813,0.030213505
38814,0.02994271
38815,0.02994271
38816,0.02994271
38817,0.02994271
38818,0.02994271
38819,0.02994271
38820,0.02994271
38821,0.24558556
38822,0.02994271
38823,0.02994271
38824,0.02994271
38825,0.02994271
38826,0.02994271
38827,0.02994271
38828,0.02994271
38829,0.05076638
38830,0.02994271
38831,0.02994271
38832,0.031893536
38833,0.4711359
38834,0.02994271
38835,0.02994271
38836,0.02994271
38837,0.02994271
38838,0.030207729
38839,0.4956547
38840,0.02994271
38841,0.02994271
38842,0.02994271
38843,0.02994271
38844,0.02994271
38845,0.03698456
38846,0.02994271
38847,0.04681685
38848,0.02994271
38849,0.02994271
38850,0.02994271
38851,0.02994271
38852,0.02994271
38853,0.02994271
38854,0.02994271
38855,0.03544259
38856,0.03610683
38857,0.24804887
38858,0.02994271
38859,0.02994271
38860,0.02994271
38861,0.036039744
38862,0.038649067
38863,0.02994271
38864,0.02994271
38865,0.02994271
38866,0.033254743
38867,0.02994271
38868,0.42693594
38869,0.02994271
38870,0.040831987
38871,0.44616354
38872,0.030811427
38873,0.02994271
38874,0.02994271
38875,0.02994271
38876,0.02994271
38877,0.41065618
38878,0.25950184
38879,0.02994271
38880,0.02994271
38881,0.02994271
38882,0.042378213
38883,0.033278592
38884,0.04638256
38885,0.4439178
38886,0.02994271
38887,0.02994271
38888,0.02994271
38889,0.02994271
38890,0.25061616
38891,0.44660044
38892,0.25110656
38893,0.02994271
38894,0.24993195
38895,0.0420717
38896,0.02994271
38897,0.02994271
38898,0.02994271
38899,0.02994271
38900,0.02994271
38901,0.02994271
38902,0.5126458
38903,0.02994271
38904,0.02994271
38905,0.2392902
38906,0.0341454
38907,0.035515465
38908,0.4268098
38909,0.030214902
38910,0.02994271
38911,0.03544754
38912,0.02994271
38913,0.03246965
38914,0.57719743
38915,0.26561832
38916,0.24544731
38917,0.02994271
38918,0.035829388
38919,0.02994271
38920,0.02994271
38921,0.02994271
38922,0.02994271
38923,0.02994271
38924,0.02994271
38925,0.02994271
38926,0.02994271
38927,0.02994271
38928,0.02994271
38929,0.02994271
38930,0.02994271
38931,0.03131814
38932,0.02994271
38933,0.02994271
38934,0.25176942
38935,0.02994271
38936,0.02994271
38937,0.5538183
38938,0.5381939
38939,0.51900494
38940,0.02994271
38941,0.02994271
38942,0.5076508
38943,0.02994271
38944,0.02994271
38945,0.02994271
38946,0.02994271
38947,0.02994271
38948,0.02994271
38949,0.51871216
38950,0.02994271
38951,0.02994271
38952,0.02994271
38953,0.02994271
38954,0.02994271
38955,0.02994271
38956,0.24755935
38957,0.02994271
38958,0.04151742
38959,0.02994271
38960,0.02994271
38961,0.47981647
38962,0.5402528
38963,0.50376415
38964,0.02994271
38965,0.02994271
38966,0.4405188
38967,0.02994271
38968,0.25497133
38969,0.02994271
38970,0.02994271
38971,0.02994271
38972,0.02994271
38973,0.03100224
38974,0.030855114
38975,0.02994271
38976,0.5160675
38977,0.44449985
38978,0.03005874
38979,0.03145038
38980,0.02994271
38981,0.02994271
38982,0.02994271
38983,0.02994271
38984,0.02994271
38985,0.030547773
38986,0.030218575
38987,0.02994271
38988,0.02994271
38989,0.02994271
38990,0.52698416
38991,0.8268071
38992,0.5708911
38993,0.031832665
38994,0.02994271
38995,0.25222942
38996,0.02994271
38997,0.4049628
38998,0.02994271
38999,0.02994271
39000,0.02994271
39001,0.02994271
39002,0.02994271
39003,0.43446815
39004,0.60734737
39005,0.02994271
39006,0.02994271
39007,0.03157597
39008,0.02994271
39009,0.02994271
39010,0.23816307
39011,0.02994271
39012,0.02994271
39013,0.02994271
39014,0.02994271
39015,0.031423073
39016,0.02994271
39017,0.02994271
39018,0.27147058
39019,0.24952339
39020,0.040011887
39021,0.02994271
39022,0.02994271
39023,0.037797183
39024,0.02994271
39025,0.02994271
39026,0.02994271
39027,0.02994271
39028,0.02994271
39029,0.44692516
39030,0.6665839
39031,0.03286945
39032,0.031601988
39033,0.24768053
39034,0.030823903
39035,0.031308766
39036,0.4121884
39037,0.02994271
39038,0.02994271
39039,0.02994271
39040,0.04254651
39041,0.032590773
39042,0.51076096
39043,0.2740131
39044,0.035975344
39045,0.032220293
39046,0.5879323
39047,0.03208577
39048,0.24913129
39049,0.03070626
39050,0.02994271
39051,0.02994271
39052,0.2553298
39053,0.02994271
39054,0.02994271
39055,0.02994271
39056,0.02994271
39057,0.037461836
39058,0.5214192
39059,0.24925984
39060,0.25854167
39061,0.25494468
39062,0.031767905
39063,0.031317703
39064,0.24889709
39065,0.02994271
39066,0.04059575
39067,0.02994271
39068,0.02994271
39069,0.4752881
39070,0.23989943
39071,0.02994271
39072,0.46907556
39073,0.2509921
39074,0.02994271
39075,0.03077853
39076,0.02994271
39077,0.02994271
39078,0.02994271
39079,0.02994271
39080,0.02994271
39081,0.02994271
39082,0.032044344
39083,0.42190847
39084,0.56229633
39085,0.5079704
39086,0.42733815
39087,0.09506425
39088,0.02994271
39089,0.02994271
39090,0.02994271
39091,0.02994271
39092,0.036712743
39093,0.241635
39094,0.02994271
39095,0.02994271
39096,0.02994271
39097,0.037181757
39098,0.02994271
39099,0.031733125
39100,0.02994271
39101,0.02994271
39102,0.02994271
39103,0.02994271
39104,0.02994271
39105,0.02994271
39106,0.02994271
39107,0.02994271
39108,0.44352844
39109,0.24984054
39110,0.4243073
39111,0.5608728
39112,0.49415073
39113,0.24540584
39114,0.02994271
39115,0.02994271
39116,0.02994271
39117,0.02994271
39118,0.02994271
39119,0.02994271
39120,0.5246136
39121,0.02994271
39122,0.02994271
39123,0.02994271
39124,0.02994271
39125,0.44135305
39126,0.02994271
39127,0.02994271
39128,0.029642392
39129,0.02994271
39130,0.02994271
39131,0.02994271
39132,0.02994271
39133,0.02994271
39134,0.02994271
39135,0.57329947
39136,0.4899284
39137,0.4988875
39138,0.7118243
39139,0.51199013
39140,0.26711723
39141,0.02994271
39142,0.02994271
39143,0.02994271
39144,0.02994271
39145,0.02994271
39146,0.02994271
39147,0.02994271
39148,0.41176397
39149,0.02994271
39150,0.2506369
39151,0.02994271
39152,0.030910747
39153,0.03137213
39154,0.030428538
39155,0.033566263
39156,0.02994271
39157,0.02994271
39158,0.02994271
39159,0.02994271
39160,0.02994271
39161,0.5068334
39162,0.4315149
39163,0.5465295
39164,0.5048164
39165,0.24780706
39166,0.0346138
39167,0.02994271
39168,0.02994271
39169,0.02994271
39170,0.02994271
39171,0.02994271
39172,0.030579263
39173,0.0314542
39174,0.02994271
39175,0.03247038
39176,0.02994271
39177,0.02994271
39178,0.24700345
39179,0.02994271
39180,0.02994271
39181,0.2684157
39182,0.03245435
39183,0.03206607
39184,0.02994271
39185,0.02994271
39186,0.02994271
39187,0.02994271
39188,0.02994271
39189,0.029979212
39190,0.02994271
39191,0.02994271
39192,0.03245465
39193,0.02994271
39194,0.02994271
39195,0.02994271
39196,0.02994271
39197,0.030928085
39198,0.02994271
39199,0.02994271
39200,0.02994271
39201,0.040343266
39202,0.24759045
39203,0.42429686
39204,0.02994271
39205,0.02994271
39206,0.02994271
39207,0.02994271
39208,0.02994271
39209,0.02994271
39210,0.02994271
39211,0.03774126
39212,0.02994271
39213,0.02994271
39214,0.02994271
39215,0.02994271
39216,0.03770777
39217,0.02994271
39218,0.02994271
39219,0.5489849
39220,0.02994271
39221,0.02994271
39222,0.02994271
39223,0.02994271
39224,0.02994271
39225,0.51646674
39226,0.02994271
39227,0.02994271
39228,0.25619635
39229,0.02994271
39230,0.02994271
39231,0.02994271
39232,0.035977174
39233,0.02994271
39234,0.25054255
39235,0.02994271
39236,0.033328366
39237,0.02994271
39238,0.02994271
39239,0.02994271
39240,0.02994271
39241,0.02994271
39242,0.4646799
39243,0.02994271
39244,0.02994271
39245,0.02994271
39246,0.02994271
39247,0.02994271
39248,0.04593962
39249,0.02994271
39250,0.2512235
39251,0.02994271
39252,0.02994271
39253,0.02994271
39254,0.02994271
39255,0.02994271
39256,0.26076344
39257,0.44991466
39258,0.02994271
39259,0.02994271
39260,0.4478301
39261,0.44813183
39262,0.04248384
39263,0.030969689
39264,0.02994271
39265,0.02994271
39266,0.02994271
39267,0.02994271
39268,0.02994271
39269,0.02994271
39270,0.032023557
39271,0.6379722
39272,0.02994271
39273,0.02994271
39274,0.02994271
39275,0.02994271
39276,0.029819882
39277,0.43926898
39278,0.02994271
39279,0.04229511
39280,0.02994271
39281,0.02994271
39282,0.02994271
39283,0.02994271
39284,0.02994271
39285,0.032354385
39286,0.02994271
39287,0.02994271
39288,0.02994271
39289,0.02994271
39290,0.02994271
39291,0.02994271
39292,0.02994271
39293,0.03552709
39294,0.02994271
39295,0.02994271
39296,0.02994271
39297,0.02994271
39298,0.030670548
39299,0.02994271
39300,0.5229549
39301,0.02994271
39302,0.032780126
39303,0.031077364
39304,0.02994271
39305,0.02994271
39306,0.02994271
39307,0.02994271
39308,0.02994271
39309,0.2486706
39310,0.02994271
39311,0.02994271
39312,0.03547152
39313,0.032230016
39314,0.02994271
39315,0.03083087
39316,0.02994271
39317,0.02994271
39318,0.43369418
39319,0.02994271
39320,0.02994271
39321,0.02994271
39322,0.02994271
39323,0.02994271
39324,0.03369607
39325,0.02994271
39326,0.02994271
39327,0.033193797
39328,0.02994271
39329,0.25891614
39330,0.02994271
39331,0.02994271
39332,0.02994271
39333,0.02994271
39334,0.02994271
39335,0.02994271
39336,0.25157952
39337,0.02994271
39338,0.02994271
39339,0.02994271
39340,0.02994271
39341,0.02994271
39342,0.02994271
39343,0.02994271
39344,0.02994271
39345,0.035686232
39346,0.02994271
39347,0.02994271
39348,0.03268269
39349,0.030771663
39350,0.2560271
39351,0.02994271
39352,0.02994271
39353,0.02994271
39354,0.02994271
39355,0.02994271
39356,0.02994271
39357,0.02994271
39358,0.02994271
39359,0.02994271
39360,0.02994271
39361,0.032101616
39362,0.02994271
39363,0.02994271
39364,0.02994271
39365,0.02994271
39366,0.02994271
39367,0.02994271
39368,0.02994271
39369,0.02994271
39370,0.02994271
39371,0.5192175
39372,0.02994271
39373,0.02994271
39374,0.02994271
39375,0.02994271
39376,0.02994271
39377,0.02994271
39378,0.02994271
39379,0.02994271
39380,0.02994271
39381,0.02994271
39382,0.035867065
39383,0.02994271
39384,0.02994271
39385,0.02994271
39386,0.032421596
39387,0.02994271
39388,0.02994271
39389,0.02994271
39390,0.02994271
39391,0.02994271
39392,0.03829552
39393,0.02994271
39394,0.02994271
39395,0.02994271
39396,0.02994271
39397,0.02994271
39398,0.02994271
39399,0.02994271
39400,0.24961166
39401,0.24765787
39402,0.02994271
39403,0.02994271
39404,0.02994271
39405,0.02994271
39406,0.020382922
39407,0.020382922
39408,0.020382922
39409,0.020382922
39410,0.020382922
39411,0.020382922
39412,0.020382922
39413,0.020382922
39414,0.020382922
39415,0.021339566
39416,0.020382922
39417,0.020382922
39418,0.020382922
39419,0.24541678
39420,0.020382922
39421,0.020382922
39422,0.020382922
39423,0.020382922
39424,0.24298933
39425,0.020382922
39426,0.020382922
39427,0.24299115
39428,0.020382922
39429,0.25435737
39430,0.24594274
39431,0.020382922
39432,0.020382922
39433,0.012011229
39434,0.020382922
39435,0.020382922
39436,0.022162292
39437,0.020382922
39438,0.5177591
39439,0.020382922
39440,0.020382922
39441,0.24737522
39442,0.020382922
39443,0.020382922
39444,0.020382922
39445,0.020382922
39446,0.020382922
39447,0.47709468
39448,0.5141911
39449,0.019886306
39450,0.020382922
39451,0.023806201
39452,0.24536376
39453,0.020382922
39454,0.020382922
39455,0.020382922
39456,0.020382922
39457,0.020382922
39458,0.42201218
39459,0.023602918
39460,0.24282175
39461,0.52775425
39462,0.24454671
39463,0.020382922
39464,0.40785557
39465,0.020382922
39466,0.021269578
39467,0.020382922
39468,0.020382922
39469,0.020382922
39470,0.020382922
39471,0.020382922
39472,0.021885226
39473,0.024799716
39474,0.02720382
39475,0.4833379
39476,0.020382922
39477,0.020382922
39478,0.020382922
39479,0.020382922
39480,0.020382922
39481,0.020382922
39482,0.020382922
39483,0.020382922
39484,0.020382922
39485,0.036595114
39486,0.03375206
39487,0.020382922
39488,0.027483886
39489,0.51241684
39490,0.02400245
39491,0.242382
39492,0.4266993
39493,0.42986068
39494,0.020382922
39495,0.020382922
39496,0.020382922
39497,0.020382922
39498,0.020382922
39499,0.020382922
39500,0.020382922
39501,0.022309769
39502,0.020169996
39503,0.4375178
39504,0.020382922
39505,0.242382
39506,0.020382922
39507,0.020382922
39508,0.24356937
39509,0.020382922
39510,0.020382922
39511,0.020382922
39512,0.020382922
39513,0.489804
39514,0.020382922
39515,0.020382922
39516,0.020382922
39517,0.020382922
39518,0.020382922
39519,0.020382922
39520,0.020382922
39521,0.02112623
39522,0.026997779
39523,0.020382922
39524,0.022560088
39525,0.020382922
39526,0.020382922
39527,0.020382922
39528,0.020382922
39529,0.020382922
39530,0.020382922
39531,0.020382922
39532,0.020382922
39533,0.020382922
39534,0.020382922
39535,0.020382922
39536,0.020382922
39537,0.020382922
39538,0.020382922
39539,0.020382922
39540,0.020382922
39541,0.44375733
39542,0.43148723
39543,0.020382922
39544,0.020382922
39545,0.020382922
39546,0.020382922
39547,0.020382922
39548,0.020382922
39549,0.020382922
39550,0.020382922
39551,0.020382922
39552,0.020382922
39553,0.020382922
39554,0.020382922
39555,0.020382922
39556,0.020382922
39557,0.24837318
39558,0.50727123
39559,0.24867472
39560,0.020382922
39561,0.020382922
39562,0.020382922
39563,0.020382922
39564,0.020382922
39565,0.020382922
39566,0.5009866
39567,0.020382922
39568,0.5110694
39569,0.022639317
39570,0.020382922
39571,0.020382922
39572,0.020382922
39573,0.020382922
39574,0.020382922
39575,0.020382922
39576,0.020382922
39577,0.020382922
39578,0.020382922
39579,0.020382922
39580,0.020382922
39581,0.020382922
39582,0.020382922
39583,0.020382922
39584,0.020382922
39585,0.25195104
39586,0.40569988
39587,0.020382922
39588,0.020382922
39589,0.020382922
39590,0.020382922
39591,0.020382922
39592,0.020382922
39593,0.022844713
39594,0.020382922
39595,0.020382922
39596,0.020382922
39597,0.020382922
39598,0.020382922
39599,0.021433804
39600,0.020382922
39601,0.020382922
39602,0.020382922
39603,0.030572243
39604,0.020382922
39605,0.020382922
39606,0.020382922
39607,0.020849302
39608,0.020382922
39609,0.26232284
39610,0.24890013
39611,0.025919273
39612,0.020382922
39613,0.020382922
39614,0.020382922
39615,0.020382922
39616,0.020382922
39617,0.020382922
39618,0.020382922
39619,0.020382922
39620,0.020382922
39621,0.020382922
39622,0.020382922
39623,0.020382922
39624,0.020382922
39625,0.020382922
39626,0.020382922
39627,0.24298933
39628,0.020382922
39629,0.021846522
39630,0.2500186
39631,0.020382922
39632,0.020653717
39633,0.020382922
39634,0.020382922
39635,0.020382922
39636,0.020382922
39637,0.020382922
39638,0.020382922
39639,0.24216919
39640,0.020382922
39641,0.020382922
39642,0.020382922
39643,0.020382922
39644,0.020382922
39645,0.020382922
39646,0.020382922
39647,0.50446916
39648,0.020382922
39649,0.020382922
39650,0.022333747
39651,0.45323235
39652,0.020382922
39653,0.020382922
39654,0.020382922
39655,0.020382922
39656,0.242005
39657,0.50636417
39658,0.020382922
39659,0.020382922
39660,0.020382922
39661,0.020382922
39662,0.020382922
39663,0.25088722
39664,0.020382922
39665,0.03747232
39666,0.020382922
39667,0.020382922
39668,0.020382922
39669,0.020382922
39670,0.020382922
39671,0.020382922
39672,0.025669903
39673,0.025499117
39674,0.242382
39675,0.020382922
39676,0.020382922
39677,0.020382922
39678,0.026853144
39679,0.23723027
39680,0.020382922
39681,0.020382922
39682,0.020382922
39683,0.020382922
39684,0.5067053
39685,0.020382922
39686,0.03141011
39687,0.5357271
39688,0.021325657
39689,0.020382922
39690,0.020382922
39691,0.020382922
39692,0.020382922
39693,0.52843904
39694,0.25030068
39695,0.020382922
39696,0.020382922
39697,0.020382922
39698,0.027083337
39699,0.023587296
39700,0.0316357
39701,0.24382947
39702,0.020382922
39703,0.020382922
39704,0.020382922
39705,0.020382922
39706,0.024390275
39707,0.4643295
39708,0.020382922
39709,0.24866232
39710,0.020382922
39711,0.03251189
39712,0.020382922
39713,0.020382922
39714,0.020382922
39715,0.020382922
39716,0.020382922
39717,0.50574493
39718,0.020382922
39719,0.020382922
39720,0.23617908
39721,0.024585616
39722,0.02624715
39723,0.24640015
39724,0.020655114
39725,0.020382922
39726,0.024162391
39727,0.020382922
39728,0.023687217
39729,0.4760705
39730,0.43178263
39731,0.2534968
39732,0.026060628
39733,0.027250335
39734,0.020382922
39735,0.020382922
39736,0.020382922
39737,0.020382922
39738,0.020382922
39739,0.020382922
39740,0.020382922
39741,0.020382922
39742,0.020382922
39743,0.020382922
39744,0.020382922
39745,0.020382922
39746,0.020382922
39747,0.021408448
39748,0.020382922
39749,0.020382922
39750,0.028095026
39751,0.020382922
39752,0.020382922
39753,0.4721821
39754,0.5292808
39755,0.52388644
39756,0.020382922
39757,0.020382922
39758,0.020382922
39759,0.48716062
39760,0.020382922
39761,0.020382922
39762,0.020382922
39763,0.020382922
39764,0.020382922
39765,0.48715687
39766,0.020382922
39767,0.020382922
39768,0.020382922
39769,0.020382922
39770,0.020382922
39771,0.020382922
39772,0.41516373
39773,0.020382922
39774,0.023077687
39775,0.020382922
39776,0.020382922
39777,0.54748136
39778,0.49908063
39779,0.4051294
39780,0.020382922
39781,0.020382922
39782,0.020382922
39783,0.42512155
39784,0.020382922
39785,0.035574008
39786,0.020382922
39787,0.020382922
39788,0.020382922
39789,0.020382922
39790,0.021442447
39791,0.021646261
39792,0.020382922
39793,0.50614923
39794,0.4343062
39795,0.020498952
39796,0.021890594
39797,0.020382922
39798,0.020382922
39799,0.020382922
39800,0.020382922
39801,0.020382922
39802,0.020382922
39803,0.020987986
39804,0.02065878
39805,0.020382922
39806,0.020382922
39807,0.5502284
39808,0.8125754
39809,0.5311488
39810,0.020382922
39811,0.022680316
39812,0.020382922
39813,0.4278708
39814,0.020382922
39815,0.020382922
39816,0.020382922
39817,0.020382922
39818,0.020382922
39819,0.020382922
39820,0.4078714
39821,0.5720793
39822,0.020382922
39823,0.020382922
39824,0.022016183
39825,0.020382922
39826,0.020382922
39827,0.022069613
39828,0.020382922
39829,0.020382922
39830,0.020382922
39831,0.020382922
39832,0.021851974
39833,0.266476
39834,0.24577226
39835,0.028560909
39836,0.020382922
39837,0.020382922
39838,0.020382922
39839,0.028790599
39840,0.020382922
39841,0.020382922
39842,0.020382922
39843,0.020382922
39844,0.020382922
39845,0.020382922
39846,0.020382922
39847,0.24974062
39848,0.6133085
39849,0.023426594
39850,0.02395598
39851,0.020505881
39852,0.021264115
39853,0.022157133
39854,0.4686026
39855,0.020382922
39856,0.020382922
39857,0.033356596
39858,0.022769237
39859,0.24290341
39860,0.44904643
39861,0.030922703
39862,0.022607151
39863,0.61135453
39864,0.022651002
39865,0.020382922
39866,0.2503118
39867,0.022067146
39868,0.020382922
39869,0.45275173
39870,0.020382922
39871,0.020382922
39872,0.020382922
39873,0.020382922
39874,0.022910247
39875,0.49367383
39876,0.24536376
39877,0.25426492
39878,0.24878186
39879,0.02053874
39880,0.020417761
39881,0.24399914
39882,0.020382922
39883,0.026730085
39884,0.020382922
39885,0.020382922
39886,0.52456486
39887,0.24375325
39888,0.5143383
39889,0.2498267
39890,0.020382922
39891,0.020331604
39892,0.020382922
39893,0.020382922
39894,0.020382922
39895,0.020382922
39896,0.020382922
39897,0.020382922
39898,0.020382922
39899,0.2450928
39900,0.50065494
39901,0.6380665
39902,0.5021118
39903,0.25309616
39904,0.5118119
39905,0.020382922
39906,0.020382922
39907,0.020382922
39908,0.027614832
39909,0.2345966
39910,0.020382922
39911,0.020382922
39912,0.020382922
39913,0.026812961
39914,0.020382922
39915,0.022173341
39916,0.020382922
39917,0.020382922
39918,0.020382922
39919,0.020382922
39920,0.020382922
39921,0.020382922
39922,0.24212034
39923,0.247645
39924,0.50727123
39925,0.60956496
39926,0.45748597
39927,0.24638617
39928,0.020382922
39929,0.020382922
39930,0.020382922
39931,0.020382922
39932,0.020382922
39933,0.020382922
39934,0.4414256
39935,0.020382922
39936,0.020382922
39937,0.020382922
39938,0.020382922
39939,0.53573054
39940,0.020382922
39941,0.020382922
39942,0.020082604
39943,0.020382922
39944,0.020382922
39945,0.020382922
39946,0.020382922
39947,0.020382922
39948,0.020382922
39949,0.54941344
39950,0.48509514
39951,0.42028984
39952,0.5302652
39953,0.49992156
39954,0.26119855
39955,0.020382922
39956,0.020382922
39957,0.020382922
39958,0.020382922
39959,0.020382922
39960,0.020382922
39961,0.020382922
39962,0.40236878
39963,0.020382922
39964,0.2443663
39965,0.020382922
39966,0.020679137
39967,0.021812353
39968,0.021127744
39969,0.024577577
39970,0.020382922
39971,0.020382922
39972,0.020382922
39973,0.020382922
39974,0.4620178
39975,0.4221113
39976,0.39336544
39977,0.5207003
39978,0.24139835
39979,0.026012242
39980,0.020382922
39981,0.020382922
39982,0.020382922
39983,0.020382922
39984,0.021019476
39985,0.021894412
39986,0.021908693
39987,0.020382922
39988,0.020382922
39989,0.24322808
39990,0.030572243
39991,0.020382922
39992,0.036826782
39993,0.020382922
39994,0.022894561
39995,0.023894597
39996,0.020382922
39997,0.020382922
39998,0.020382922
39999,0.020382922
40000,0.020382922
40001,0.020382922
40002,0.020419408
40003,0.020382922
40004,0.022894863
40005,0.020382922
40006,0.020382922
40007,0.020382922
40008,0.020382922
40009,0.02080902
40010,0.020382922
40011,0.020382922
40012,0.020382922
40013,0.03201517
40014,0.24601702
40015,0.50479317
40016,0.020382922
40017,0.020382922
40018,0.020382922
40019,0.020382922
40020,0.020382922
40021,0.020382922
40022,0.027499404
40023,0.020382922
40024,0.020382922
40025,0.020382922
40026,0.020382922
40027,0.020382922
40028,0.5042441
40029,0.020382922
40030,0.020382922
40031,0.020382922
40032,0.020382922
40033,0.020382922
40034,0.43374103
40035,0.020382922
40036,0.027317904
40037,0.020382922
40038,0.020382922
40039,0.020382922
40040,0.24991815
40041,0.020382922
40042,0.25245664
40043,0.020382922
40044,0.020382922
40045,0.022423193
40046,0.020382922
40047,0.020382922
40048,0.020382922
40049,0.020382922
40050,0.25564465
40051,0.020382922
40052,0.020382922
40053,0.020382922
40054,0.020382922
40055,0.020382922
40056,0.26037556
40057,0.020382922
40058,0.026252074
40059,0.020382922
40060,0.020382922
40061,0.020382922
40062,0.020382922
40063,0.020382922
40064,0.020382922
40065,0.25302902
40066,0.25207987
40067,0.020382922
40068,0.020382922
40069,0.020382922
40070,0.020382922
40071,0.49836615
40072,0.4529882
40073,0.0334782
40074,0.020747276
40075,0.020382922
40076,0.020382922
40077,0.020382922
40078,0.020382922
40079,0.020382922
40080,0.020382922
40081,0.023297127
40082,0.53702116
40083,0.020382922
40084,0.020382922
40085,0.020382922
40086,0.020382922
40087,0.020382922
40088,0.020601142
40089,0.41516373
40090,0.020382922
40091,0.031435814
40092,0.020382922
40093,0.020382922
40094,0.020382922
40095,0.020382922
40096,0.020382922
40097,0.020382922
40098,0.020382922
40099,0.020382922
40100,0.020382922
40101,0.020382922
40102,0.020382922
40103,0.020382922
40104,0.020382922
40105,0.02643872
40106,0.020382922
40107,0.020382922
40108,0.020382922
40109,0.020382922
40110,0.020382922
40111,0.02111076
40112,0.020382922
40113,0.020382922
40114,0.4673752
40115,0.020382922
40116,0.023220336
40117,0.020382922
40118,0.020382922
40119,0.026060628
40120,0.24838781
40121,0.020382922
40122,0.020382922
40123,0.020382922
40124,0.020382922
40125,0.023246052
40126,0.020557499
40127,0.4256904
40128,0.020382922
40129,0.020382922
40130,0.020382922
40131,0.020382922
40132,0.020382922
40133,0.024075942
40134,0.020382922
40135,0.009943526
40136,0.020382922
40137,0.020382922
40138,0.03373142
40139,0.020382922
40140,0.020382922
40141,0.020382922
40142,0.020382922
40143,0.020382922
40144,0.020382922
40145,0.025659904
40146,0.020382922
40147,0.020382922
40148,0.020382922
40149,0.020382922
40150,0.020382922
40151,0.020382922
40152,0.027483886
40153,0.020382922
40154,0.020382922
40155,0.020382922
40156,0.020382922
40157,0.020382922
40158,0.02312291
40159,0.020382922
40160,0.021397647
40161,0.25145888
40162,0.027815275
40163,0.020382922
40164,0.020382922
40165,0.020382922
40166,0.020382922
40167,0.020382922
40168,0.020382922
40169,0.020382922
40170,0.020382922
40171,0.020382922
40172,0.020382922
40173,0.020382922
40174,0.020382922
40175,0.020382922
40176,0.020382922
40177,0.020382922
40178,0.020382922
40179,0.417586
40180,0.020382922
40181,0.020382922
40182,0.020382922
40183,0.020382922
40184,0.020382922
40185,0.020382922
40186,0.020382922
40187,0.020382922
40188,0.020382922
40189,0.026307264
40190,0.020382922
40191,0.020382922
40192,0.020382922
40193,0.020382922
40194,0.020382922
40195,0.020382922
40196,0.020382922
40197,0.020382922
40198,0.020382922
40199,0.020382922
40200,0.025685554
40201,0.010122011
40202,0.020382922
40203,0.020382922
40204,0.020382922
40205,0.020382922
40206,0.020382922
40207,0.020382922
40208,0.021347284
40209,0.242382
40210,0.020382922
40211,0.0163243
40212,0.018824806
40213,0.018824806
40214,0.018824806
40215,0.018824806
40216,0.018824806
40217,0.018824806
40218,0.018824806
40219,0.018824806
40220,0.018824806
40221,0.018824806
40222,0.018824806
40223,0.018824806
40224,0.019781442
40225,0.018824806
40226,0.018824806
40227,0.018824806
40228,0.2455365
40229,0.018824806
40230,0.23916887
40231,0.018824806
40232,0.018824806
40233,0.018824806
40234,0.018824806
40235,0.4410556
40236,0.018824806
40237,0.020346751
40238,0.018824806
40239,0.018824806
40240,0.029157408
40241,0.018824806
40242,0.020604175
40243,0.49217233
40244,0.018824806
40245,0.018824806
40246,0.018824806
40247,0.020836264
40248,0.02933669
40249,0.018824806
40250,0.018824806
40251,0.018824806
40252,0.018824806
40253,0.4611574
40254,0.4421527
40255,0.01832819
40256,0.018824806
40257,0.022248086
40258,0.24247815
40259,0.018824806
40260,0.018824806
40261,0.018824806
40262,0.018824806
40263,0.4217425
40264,0.022044819
40265,0.017564181
40266,0.460435
40267,0.24300948
40268,0.018824806
40269,0.43056712
40270,0.018824806
40271,0.0119117405
40272,0.018824806
40273,0.018824806
40274,0.018824806
40275,0.018824806
40276,0.02032711
40277,0.021635694
40278,0.018824806
40279,0.020711942
40280,0.48652932
40281,0.018824806
40282,0.018824806
40283,0.018824806
40284,0.018824806
40285,0.018824806
40286,0.018824806
40287,0.034824938
40288,0.032193944
40289,0.018824806
40290,0.24628827
40291,0.24560642
40292,0.018824806
40293,0.50828743
40294,0.42534694
40295,0.018824806
40296,0.018824806
40297,0.018824806
40298,0.018824806
40299,0.018824806
40300,0.028142972
40301,0.018824806
40302,0.018824806
40303,0.018824806
40304,0.02075165
40305,0.01861188
40306,0.42903954
40307,0.018824806
40308,0.018824806
40309,0.018824806
40310,0.42417684
40311,0.018824806
40312,0.018824806
40313,0.018824806
40314,0.018824806
40315,0.018824806
40316,0.4374063
40317,0.018824806
40318,0.018824806
40319,0.018824806
40320,0.018824806
40321,0.018824806
40322,0.018824806
40323,0.02018662
40324,0.02701025
40325,0.018824806
40326,0.020010492
40327,0.018824806
40328,0.018824806
40329,0.018824806
40330,0.018824806
40331,0.018824806
40332,0.018824806
40333,0.018824806
40334,0.018824806
40335,0.018824806
40336,0.018824806
40337,0.018824806
40338,0.018824806
40339,0.018824806
40340,0.018824806
40341,0.018824806
40342,0.45385158
40343,0.4167388
40344,0.018824806
40345,0.018824806
40346,0.018824806
40347,0.018824806
40348,0.018824806
40349,0.018824806
40350,0.018824806
40351,0.018824806
40352,0.24354428
40353,0.018824806
40354,0.018824806
40355,0.018824806
40356,0.018824806
40357,0.018824806
40358,0.022301378
40359,0.24247815
40360,0.24811724
40361,0.018824806
40362,0.018824806
40363,0.018824806
40364,0.018824806
40365,0.018824806
40366,0.24450399
40367,0.018824806
40368,0.43256488
40369,0.021081202
40370,0.018824806
40371,0.018824806
40372,0.018824806
40373,0.018824806
40374,0.018824806
40375,0.018824806
40376,0.018824806
40377,0.02933669
40378,0.2484146
40379,0.49806195
40380,0.018824806
40381,0.018824806
40382,0.018824806
40383,0.018824806
40384,0.018824806
40385,0.018824806
40386,0.021286597
40387,0.018824806
40388,0.018824806
40389,0.018824806
40390,0.018824806
40391,0.018824806
40392,0.018824806
40393,0.019875688
40394,0.018824806
40395,0.018824806
40396,0.018824806
40397,0.018824806
40398,0.018824806
40399,0.018824806
40400,0.018824806
40401,0.019291187
40402,0.018824806
40403,0.262857
40404,0.022131251
40405,0.021328574
40406,0.018824806
40407,0.018824806
40408,0.018824806
40409,0.018824806
40410,0.018824806
40411,0.018824806
40412,0.018824806
40413,0.018824806
40414,0.018824806
40415,0.018824806
40416,0.018824806
40417,0.018824806
40418,0.018824806
40419,0.018824806
40420,0.018824806
40421,0.018824806
40422,0.019884357
40423,0.39711612
40424,0.018824806
40425,0.019095602
40426,0.018824806
40427,0.018824806
40428,0.018824806
40429,0.018824806
40430,0.018824806
40431,0.018824806
40432,0.24040587
40433,0.018824806
40434,0.018824806
40435,0.018824806
40436,0.018824806
40437,0.018824806
40438,0.018824806
40439,0.24246322
40440,0.018824806
40441,0.018824806
40442,0.020775631
40443,0.4599227
40444,0.018824806
40445,0.018824806
40446,0.018824806
40447,0.018824806
40448,0.019089824
40449,0.24246497
40450,0.018824806
40451,0.018824806
40452,0.018824806
40453,0.018824806
40454,0.018824806
40455,0.24568103
40456,0.018824806
40457,0.03297591
40458,0.018824806
40459,0.018824806
40460,0.018824806
40461,0.018824806
40462,0.018824806
40463,0.018824806
40464,0.018824806
40465,0.018824806
40466,0.023917532
40467,0.024027485
40468,0.24246322
40469,0.018824806
40470,0.018824806
40471,0.018824806
40472,0.0245641
40473,0.23627992
40474,0.018824806
40475,0.018824806
40476,0.018824806
40477,0.018824806
40478,0.39416453
40479,0.018824806
40480,0.029479202
40481,0.43792558
40482,0.019125147
40483,0.018824806
40484,0.018824806
40485,0.24660394
40486,0.24574585
40487,0.018824806
40488,0.018824806
40489,0.018824806
40490,0.02463807
40491,0.020947184
40492,0.02833353
40493,0.24582644
40494,0.018824806
40495,0.018824806
40496,0.018824806
40497,0.018824806
40498,0.021448461
40499,0.5187139
40500,0.018824806
40501,0.24571075
40502,0.018824806
40503,0.018824806
40504,0.02937197
40505,0.018824806
40506,0.024825072
40507,0.018824806
40508,0.018824806
40509,0.50807714
40510,0.018824806
40511,0.018824806
40512,0.018824806
40513,0.02330602
40514,0.024689034
40515,0.24261965
40516,0.019096998
40517,0.018824806
40518,0.021955915
40519,0.018824806
40520,0.021351751
40521,0.49423096
40522,0.42273688
40523,0.25208214
40524,0.018824806
40525,0.026812363
40526,0.020937858
40527,0.018824806
40528,0.018824806
40529,0.018824806
40530,0.018824806
40531,0.018824806
40532,0.018824806
40533,0.018824806
40534,0.018824806
40535,0.018824806
40536,0.018824806
40537,0.018824806
40538,0.018827688
40539,0.018824806
40540,0.018824806
40541,0.018824806
40542,0.24684404
40543,0.018824806
40544,0.5188507
40545,0.45588037
40546,0.51861393
40547,0.018824806
40548,0.018824806
40549,0.48873585
40550,0.018824806
40551,0.018824806
40552,0.018824806
40553,0.018824806
40554,0.018824806
40555,0.018824806
40556,0.018824806
40557,0.5233513
40558,0.018824806
40559,0.018824806
40560,0.018824806
40561,0.018824806
40562,0.018824806
40563,0.018824806
40564,0.018824806
40565,0.018824806
40566,0.020482536
40567,0.018824806
40568,0.018824806
40569,0.46873724
40570,0.54121363
40571,0.42833152
40572,0.018824806
40573,0.018824806
40574,0.018824806
40575,0.42366293
40576,0.018824806
40577,0.2516819
40578,0.018824806
40579,0.018824806
40580,0.018824806
40581,0.019884331
40582,0.020088146
40583,0.018824806
40584,0.5118154
40585,0.42398763
40586,0.018940836
40587,0.020332478
40588,0.018824806
40589,0.018824806
40590,0.018824806
40591,0.018824806
40592,0.018824806
40593,0.018824806
40594,0.01942987
40595,0.020284439
40596,0.018824806
40597,0.018824806
40598,0.018824806
40599,0.44510287
40600,0.8401062
40601,0.44263774
40602,0.018824806
40603,0.0211222
40604,0.018824806
40605,0.40302995
40606,0.018824806
40607,0.018824806
40608,0.018824806
40609,0.018824806
40610,0.018824806
40611,0.46433717
40612,0.5693026
40613,0.018824806
40614,0.018824806
40615,0.020458067
40616,0.018824806
40617,0.018824806
40618,0.020511499
40619,0.018824806
40620,0.018824806
40621,0.018824806
40622,0.018824806
40623,0.020293858
40624,0.018824806
40625,0.26629063
40626,0.019233301
40627,0.028893964
40628,0.018824806
40629,0.018824806
40630,0.018824806
40631,0.018824806
40632,0.026679272
40633,0.018824806
40634,0.018824806
40635,0.02933669
40636,0.018824806
40637,0.018824806
40638,0.018824806
40639,0.018824806
40640,0.24807869
40641,0.6164919
40642,0.021868479
40643,0.24712668
40644,0.018947765
40645,0.019706
40646,0.019172583
40647,0.3735603
40648,0.018824806
40649,0.018824806
40650,0.018824806
40651,0.03142862
40652,0.021211121
40653,0.2402515
40654,0.5309618
40655,0.024857443
40656,0.019232482
40657,0.6444721
40658,0.021092886
40659,0.018824806
40660,0.02541962
40661,0.24399213
40662,0.018824806
40663,0.018824806
40664,0.4305911
40665,0.018824806
40666,0.018824806
40667,0.018824806
40668,0.018824806
40669,0.02187488
40670,0.53213924
40671,0.47439724
40672,0.25013468
40673,0.24739476
40674,0.018980624
40675,0.019040698
40676,0.23778813
40677,0.028924149
40678,0.018824806
40679,0.018824806
40680,0.41433004
40681,0.2480497
40682,0.018824806
40683,0.42716393
40684,0.24888776
40685,0.018824806
40686,0.019660624
40687,0.018824806
40688,0.018824806
40689,0.018824806
40690,0.018824806
40691,0.018824806
40692,0.018824806
40693,0.018824806
40694,0.020926444
40695,0.51856184
40696,0.649636
40697,0.24662238
40698,0.25035846
40699,0.5114181
40700,0.018824806
40701,0.018824806
40702,0.018824806
40703,0.018824806
40704,0.02181158
40705,0.237364
40706,0.018824806
40707,0.018824806
40708,0.018824806
40709,0.025254844
40710,0.018824806
40711,0.020615226
40712,0.018824806
40713,0.018824806
40714,0.018824806
40715,0.018824806
40716,0.018824806
40717,0.018824806
40718,0.018824806
40719,0.018824806
40720,0.018824806
40721,0.24238522
40722,0.019623721
40723,0.4222422
40724,0.62159765
40725,0.45518345
40726,0.24548694
40727,0.018824806
40728,0.018824806
40729,0.018824806
40730,0.018824806
40731,0.018824806
40732,0.54854804
40733,0.018824806
40734,0.018824806
40735,0.018824806
40736,0.018824806
40737,0.24783239
40738,0.018824806
40739,0.018824806
40740,0.018524488
40741,0.018824806
40742,0.018824806
40743,0.018824806
40744,0.018824806
40745,0.53523934
40746,0.48307693
40747,0.519358
40748,0.6109965
40749,0.2402461
40750,0.2610131
40751,0.018824806
40752,0.018824806
40753,0.018824806
40754,0.018824806
40755,0.018824806
40756,0.018824806
40757,0.41823196
40758,0.018824806
40759,0.24311234
40760,0.018824806
40761,0.019121021
40762,0.020254236
40763,0.019569628
40764,0.033100415
40765,0.018824806
40766,0.018824806
40767,0.018824806
40768,0.018824806
40769,0.4464886
40770,0.42933893
40771,0.51854837
40772,0.39572048
40773,0.019690337
40774,0.020609023
40775,0.018824806
40776,0.018824806
40777,0.018824806
40778,0.018824806
40779,0.018824806
40780,0.018824806
40781,0.01946136
40782,0.020668015
40783,0.018824806
40784,0.020796034
40785,0.018824806
40786,0.018824806
40787,0.23980275
40788,0.018824806
40789,0.018824806
40790,0.035623997
40791,0.018824806
40792,0.018824806
40793,0.021336446
40794,0.022627028
40795,0.018824806
40796,0.018824806
40797,0.018824806
40798,0.018824806
40799,0.018824806
40800,0.018861292
40801,0.018824806
40802,0.018824806
40803,0.018824806
40804,0.021336747
40805,0.018824806
40806,0.018824806
40807,0.018824806
40808,0.019250905
40809,0.018824806
40810,0.018824806
40811,0.018824806
40812,0.029493975
40813,0.2315284
40814,0.4421231
40815,0.018824806
40816,0.018824806
40817,0.018824806
40818,0.018824806
40819,0.018824806
40820,0.024292955
40821,0.018824806
40822,0.018824806
40823,0.018824806
40824,0.018824806
40825,0.018824806
40826,0.018824806
40827,0.018824806
40828,0.50447965
40829,0.018824806
40830,0.018824806
40831,0.018824806
40832,0.018824806
40833,0.018824806
40834,0.22815719
40835,0.23916887
40836,0.018824806
40837,0.24745278
40838,0.018824806
40839,0.018824806
40840,0.018824806
40841,0.24902469
40842,0.018824806
40843,0.024635818
40844,0.018824806
40845,0.020865077
40846,0.018824806
40847,0.018824806
40848,0.018824806
40849,0.018824806
40850,0.018824806
40851,0.029554963
40852,0.018824806
40853,0.018824806
40854,0.018824806
40855,0.018824806
40856,0.018824806
40857,0.25740424
40858,0.018824806
40859,0.24445501
40860,0.018824806
40861,0.018824806
40862,0.018824806
40863,0.018824806
40864,0.2518991
40865,0.018824806
40866,0.24956174
40867,0.018824806
40868,0.018824806
40869,0.018824806
40870,0.018824806
40871,0.52859104
40872,0.5176873
40873,0.026633125
40874,0.019219397
40875,0.018824806
40876,0.018824806
40877,0.018824806
40878,0.018824806
40879,0.018824806
40880,0.018824806
40881,0.021739012
40882,0.55751306
40883,0.018824806
40884,0.018824806
40885,0.018824806
40886,0.018824806
40887,0.018824806
40888,0.018824806
40889,0.019043026
40890,0.2419869
40891,0.018824806
40892,0.028314486
40893,0.02933669
40894,0.018824806
40895,0.018824806
40896,0.018824806
40897,0.018824806
40898,0.018824806
40899,0.018824806
40900,0.018824806
40901,0.018824806
40902,0.018824806
40903,0.24743539
40904,0.018824806
40905,0.018824806
40906,0.018824806
40907,0.018824806
40908,0.018824806
40909,0.019552644
40910,0.018824806
40911,0.018824806
40912,0.439816
40913,0.018824806
40914,0.02166222
40915,0.018824806
40916,0.018824806
40917,0.018824806
40918,0.018824806
40919,0.018824806
40920,0.018824806
40921,0.24452709
40922,0.018824806
40923,0.018824806
40924,0.018824806
40925,0.021687936
40926,0.018824806
40927,0.019712966
40928,0.018824806
40929,0.018824806
40930,0.24490376
40931,0.018824806
40932,0.018824806
40933,0.018824806
40934,0.018824806
40935,0.018824806
40936,0.022517826
40937,0.018824806
40938,0.018824806
40939,0.018824806
40940,0.018824806
40941,0.030357754
40942,0.018824806
40943,0.018824806
40944,0.018824806
40945,0.018824806
40946,0.018824806
40947,0.018824806
40948,0.018824806
40949,0.024101788
40950,0.018824806
40951,0.018824806
40952,0.018824806
40953,0.018824806
40954,0.018824806
40955,0.021564795
40956,0.018824806
40957,0.0192879
40958,0.25096238
40959,0.018824806
40960,0.018824806
40961,0.018824806
40962,0.018824806
40963,0.020983718
40964,0.018824806
40965,0.018824806
40966,0.018824806
40967,0.018824806
40968,0.018824806
40969,0.018824806
40970,0.018824806
40971,0.012477297
40972,0.018824806
40973,0.018824806
40974,0.24162829
40975,0.018824806
40976,0.018824806
40977,0.018824806
40978,0.018824806
40979,0.018824806
40980,0.018824806
40981,0.018824806
40982,0.018824806
40983,0.018824806
40984,0.013815036
40985,0.024749158
40986,0.018824806
40987,0.018824806
40988,0.018824806
40989,0.018053673
40990,0.018824806
40991,0.018824806
40992,0.018824806
40993,0.023063693
40994,0.018824806
40995,0.018824806
40996,0.018824806
40997,0.018824806
40998,0.2407467
40999,0.2456432
41000,0.018824806
41001,0.018975006
41002,0.018975006
41003,0.018975006
41004,0.018975006
41005,0.018975006
41006,0.018975006
41007,0.018975006
41008,0.020150173
41009,0.018975006
41010,0.018975006
41011,0.018975006
41012,0.018975006
41013,0.018975006
41014,0.018975006
41015,0.018975006
41016,0.03391286
41017,0.018975006
41018,0.018263364
41019,0.018975006
41020,0.018975006
41021,0.030284842
41022,0.024419708
41023,0.51139885
41024,0.018975006
41025,0.2410728
41026,0.018975006
41027,0.018975006
41028,0.018975006
41029,0.018975006
41030,0.018975006
41031,0.5239421
41032,0.52919996
41033,0.017607056
41034,0.018975006
41035,0.018975006
41036,0.022398286
41037,0.018975006
41038,0.018975006
41039,0.018975006
41040,0.018975006
41041,0.018975006
41042,0.24141063
41043,0.022195019
41044,0.017714381
41045,0.5427551
41046,0.24197185
41047,0.501502
41048,0.018975006
41049,0.017384827
41050,0.018975006
41051,0.018975006
41052,0.018975006
41053,0.018975006
41054,0.022265064
41055,0.019836266
41056,0.018975006
41057,0.018975006
41058,0.020862142
41059,0.24258094
41060,0.018975006
41061,0.018975006
41062,0.018975006
41063,0.018975006
41064,0.018975006
41065,0.018975006
41066,0.037678137
41067,0.03234414
41068,0.018975006
41069,0.018975006
41070,0.017550536
41071,0.022594526
41072,0.018975006
41073,0.42344218
41074,0.4196478
41075,0.018975006
41076,0.018975006
41077,0.018975006
41078,0.018975006
41079,0.018975006
41080,0.02090185
41081,0.01989795
41082,0.5197972
41083,0.018975006
41084,0.018975006
41085,0.018975006
41086,0.018975006
41087,0.018975006
41088,0.019078674
41089,0.018975006
41090,0.018975006
41091,0.018975006
41092,0.018975006
41093,0.4193692
41094,0.018975006
41095,0.018975006
41096,0.018975006
41097,0.018975006
41098,0.018975006
41099,0.02033682
41100,0.027425738
41101,0.018975006
41102,0.020415632
41103,0.018975006
41104,0.018975006
41105,0.018975006
41106,0.018975006
41107,0.018975006
41108,0.018975006
41109,0.018975006
41110,0.018975006
41111,0.018975006
41112,0.018975006
41113,0.018975006
41114,0.018975006
41115,0.018975006
41116,0.018975006
41117,0.018975006
41118,0.018975006
41119,0.018975006
41120,0.5238126
41121,0.50333005
41122,0.018975006
41123,0.018975006
41124,0.018975006
41125,0.018975006
41126,0.018975006
41127,0.018975006
41128,0.018975006
41129,0.018975006
41130,0.24368379
41131,0.018975006
41132,0.018975006
41133,0.018975006
41134,0.018975006
41135,0.018975006
41136,0.02198348
41137,0.24556687
41138,0.24683964
41139,0.018975006
41140,0.018975006
41141,0.018975006
41142,0.018975006
41143,0.018975006
41144,0.51474726
41145,0.018975006
41146,0.5463157
41147,0.021231402
41148,0.018975006
41149,0.018975006
41150,0.018975006
41151,0.024419708
41152,0.018975006
41153,0.018975006
41154,0.018975006
41155,0.018975006
41156,0.018975006
41157,0.018975006
41158,0.018975006
41159,0.024274442
41160,0.43993774
41161,0.018975006
41162,0.018975006
41163,0.018975006
41164,0.018975006
41165,0.018975006
41166,0.018975006
41167,0.018975006
41168,0.019192187
41169,0.018975006
41170,0.018975006
41171,0.018975006
41172,0.018975006
41173,0.018975006
41174,0.020025888
41175,0.018975006
41176,0.018975006
41177,0.018975006
41178,0.018975006
41179,0.018975006
41180,0.018975006
41181,0.019441387
41182,0.018975006
41183,0.26128256
41184,0.021299593
41185,0.24636024
41186,0.018975006
41187,0.018975006
41188,0.018975006
41189,0.018975006
41190,0.018975006
41191,0.018975006
41192,0.018975006
41193,0.018975006
41194,0.018975006
41195,0.018975006
41196,0.018975006
41197,0.018975006
41198,0.018975006
41199,0.018975006
41200,0.018975006
41201,0.018975006
41202,0.019753017
41203,0.51202965
41204,0.018975006
41205,0.019245801
41206,0.018975006
41207,0.018975006
41208,0.018975006
41209,0.018975006
41210,0.018975006
41211,0.018975006
41212,0.24161151
41213,0.018975006
41214,0.018975006
41215,0.018975006
41216,0.018975006
41217,0.018975006
41218,0.018975006
41219,0.018975006
41220,0.018975006
41221,0.018975006
41222,0.020925831
41223,0.54852116
41224,0.018975006
41225,0.018975006
41226,0.018975006
41227,0.018975006
41228,0.019240024
41229,0.24324487
41230,0.018975006
41231,0.018975006
41232,0.018975006
41233,0.018975006
41234,0.018975006
41235,0.022323448
41236,0.018975006
41237,0.25676858
41238,0.018975006
41239,0.018975006
41240,0.018975006
41241,0.018975006
41242,0.018975006
41243,0.018975006
41244,0.018975006
41245,0.023933804
41246,0.023997534
41247,0.018975006
41248,0.018975006
41249,0.018975006
41250,0.018975006
41251,0.024736917
41252,0.23531663
41253,0.018975006
41254,0.018975006
41255,0.018975006
41256,0.018975006
41257,0.41329372
41258,0.25359428
41259,0.42000008
41260,0.020506857
41261,0.018975006
41262,0.018975006
41263,0.018975006
41264,0.018975006
41265,0.42747378
41266,0.24695148
41267,0.018975006
41268,0.018975006
41269,0.018975006
41270,0.025868922
41271,0.021539437
41272,0.030884419
41273,0.24439825
41274,0.018975006
41275,0.018975006
41276,0.018975006
41277,0.018975006
41278,0.021257088
41279,0.43042025
41280,0.024419708
41281,0.5276205
41282,0.018975006
41283,0.02952217
41284,0.018975006
41285,0.018975006
41286,0.018975006
41287,0.018975006
41288,0.018975006
41289,0.50128984
41290,0.018975006
41291,0.018975006
41292,0.018975006
41293,0.02345622
41294,0.024839234
41295,0.24393116
41296,0.019247198
41297,0.018975006
41298,0.24884643
41299,0.018975006
41300,0.024637584
41301,0.46579686
41302,0.4354502
41303,0.24873264
41304,0.018975006
41305,0.23850109
41306,0.018975006
41307,0.018975006
41308,0.018975006
41309,0.018975006
41310,0.018975006
41311,0.018975006
41312,0.018975006
41313,0.018975006
41314,0.018975006
41315,0.019923182
41316,0.018975006
41317,0.018975006
41318,0.018975006
41319,0.4347121
41320,0.018975006
41321,0.018975006
41322,0.43980935
41323,0.46756658
41324,0.5225911
41325,0.018975006
41326,0.5093724
41327,0.018975006
41328,0.018975006
41329,0.018975006
41330,0.018975006
41331,0.018975006
41332,0.018975006
41333,0.41079423
41334,0.018975006
41335,0.018975006
41336,0.018975006
41337,0.018975006
41338,0.018975006
41339,0.018975006
41340,0.018975006
41341,0.018975006
41342,0.018975006
41343,0.021669773
41344,0.018975006
41345,0.018975006
41346,0.5021088
41347,0.44370928
41348,0.49952284
41349,0.018975006
41350,0.018975006
41351,0.018975006
41352,0.43755543
41353,0.018975006
41354,0.2511571
41355,0.018975006
41356,0.018975006
41357,0.018975006
41358,0.018975006
41359,0.020034531
41360,0.020238345
41361,0.018975006
41362,0.4306865
41363,0.42040673
41364,0.019091036
41365,0.020482678
41366,0.018975006
41367,0.018975006
41368,0.018975006
41369,0.018975006
41370,0.018975006
41371,0.018975006
41372,0.01958007
41373,0.019144163
41374,0.018975006
41375,0.018975006
41376,0.018975006
41377,0.4574138
41378,0.7052568
41379,0.43393728
41380,0.018975006
41381,0.0212724
41382,0.4227621
41383,0.018975006
41384,0.018975006
41385,0.018975006
41386,0.018975006
41387,0.018975006
41388,0.40925446
41389,0.5755833
41390,0.018975006
41391,0.018975006
41392,0.02055671
41393,0.018975006
41394,0.018975006
41395,0.023129232
41396,0.018975006
41397,0.018975006
41398,0.018975006
41399,0.018975006
41400,0.020444058
41401,0.018975006
41402,0.27008417
41403,0.24454504
41404,0.025313552
41405,0.018975006
41406,0.018975006
41407,0.018975006
41408,0.24813138
41409,0.029675258
41410,0.018975006
41411,0.018975006
41412,0.018975006
41413,0.018975006
41414,0.018975006
41415,0.018975006
41416,0.25036946
41417,0.6051081
41418,0.02098714
41419,0.023623418
41420,0.019097965
41421,0.0198562
41422,0.020341069
41423,0.42101908
41424,0.018975006
41425,0.018975006
41426,0.031578824
41427,0.01973381
41428,0.24359605
41429,0.53603387
41430,0.24670365
41431,0.020051755
41432,0.53965825
41433,0.021243086
41434,0.018975006
41435,0.02556982
41436,0.021718847
41437,0.018975006
41438,0.018975006
41439,0.44870108
41440,0.018975006
41441,0.018975006
41442,0.018975006
41443,0.018975006
41444,0.02162519
41445,0.53882617
41446,0.24197185
41447,0.25166404
41448,0.24780925
41449,0.019130824
41450,0.019190898
41451,0.24253328
41452,0.018975006
41453,0.03142623
41454,0.018975006
41455,0.018975006
41456,0.50983834
41457,0.24821967
41458,0.018975006
41459,0.24143259
41460,0.4937756
41461,0.018975006
41462,0.019810824
41463,0.018975006
41464,0.018975006
41465,0.018975006
41466,0.018975006
41467,0.018975006
41468,0.018975006
41469,0.021076644
41470,0.4305874
41471,0.64102334
41472,0.3985559
41473,0.024762427
41474,0.50181085
41475,0.018975006
41476,0.018975006
41477,0.018975006
41478,0.018975006
41479,0.028405303
41480,0.23533818
41481,0.018975006
41482,0.018975006
41483,0.018975006
41484,0.025405044
41485,0.018975006
41486,0.020765426
41487,0.018975006
41488,0.018975006
41489,0.018975006
41490,0.018975006
41491,0.018975006
41492,0.018975006
41493,0.018975006
41494,0.018975006
41495,0.018975006
41496,0.018975006
41497,0.24114065
41498,0.021624105
41499,0.43849906
41500,0.6431867
41501,0.4746527
41502,0.022834191
41503,0.018975006
41504,0.018975006
41505,0.018975006
41506,0.018975006
41507,0.018975006
41508,0.5290438
41509,0.018975006
41510,0.018975006
41511,0.018975006
41512,0.24959701
41513,0.018975006
41514,0.018674688
41515,0.018975006
41516,0.018975006
41517,0.018975006
41518,0.018975006
41519,0.018975006
41520,0.5714029
41521,0.4592699
41522,0.24609588
41523,0.53569895
41524,0.24450268
41525,0.25862378
41526,0.018975006
41527,0.018975006
41528,0.018975006
41529,0.018975006
41530,0.018975006
41531,0.018975006
41532,0.018975006
41533,0.51086456
41534,0.018975006
41535,0.43200114
41536,0.018975006
41537,0.019271221
41538,0.025849137
41539,0.019719828
41540,0.022017106
41541,0.018975006
41542,0.018975006
41543,0.018975006
41544,0.47084597
41545,0.55142903
41546,0.43840042
41547,0.42358506
41548,0.019840537
41549,0.01927967
41550,0.018975006
41551,0.018975006
41552,0.018975006
41553,0.018975006
41554,0.018975006
41555,0.01961156
41556,0.020818215
41557,0.018975006
41558,0.0210389
41559,0.018975006
41560,0.24527213
41561,0.018975006
41562,0.018975006
41563,0.018975006
41564,0.037355483
41565,0.018975006
41566,0.018975006
41567,0.24664818
41568,0.022723598
41569,0.018975006
41570,0.018975006
41571,0.018975006
41572,0.018975006
41573,0.018975006
41574,0.019011492
41575,0.018975006
41576,0.018975006
41577,0.018975006
41578,0.021486947
41579,0.018975006
41580,0.018975006
41581,0.018975006
41582,0.019401105
41583,0.018975006
41584,0.018975006
41585,0.029568264
41586,0.018975006
41587,0.02957506
41588,0.2407716
41589,0.5330917
41590,0.018975006
41591,0.018975006
41592,0.018975006
41593,0.018975006
41594,0.018975006
41595,0.018975006
41596,0.025736805
41597,0.018975006
41598,0.018975006
41599,0.018975006
41600,0.018975006
41601,0.018975006
41602,0.018975006
41603,0.018975006
41604,0.42933762
41605,0.018975006
41606,0.018975006
41607,0.018975006
41608,0.018975006
41609,0.018975006
41610,0.41866913
41611,0.24368379
41612,0.018975006
41613,0.24903052
41614,0.018975006
41615,0.018975006
41616,0.018975006
41617,0.025536291
41618,0.018975006
41619,0.024788022
41620,0.018975006
41621,0.018975006
41622,0.018975006
41623,0.02306774
41624,0.018975006
41625,0.018975006
41626,0.018975006
41627,0.018975006
41628,0.018975006
41629,0.25624022
41630,0.018975006
41631,0.02632344
41632,0.018975006
41633,0.018975006
41634,0.018975006
41635,0.2558828
41636,0.018975006
41637,0.24414544
41638,0.018975006
41639,0.018975006
41640,0.018975006
41641,0.018975006
41642,0.018975006
41643,0.45319974
41644,0.24748495
41645,0.018975006
41646,0.018975006
41647,0.018975006
41648,0.018975006
41649,0.25987762
41650,0.43341535
41651,0.026783325
41652,0.02024779
41653,0.018975006
41654,0.018975006
41655,0.018975006
41656,0.018975006
41657,0.018975006
41658,0.018975006
41659,0.021889212
41660,0.45409545
41661,0.018975006
41662,0.018975006
41663,0.018975006
41664,0.019193226
41665,0.24117132
41666,0.018975006
41667,0.03465331
41668,0.018975006
41669,0.018975006
41670,0.018975006
41671,0.018975006
41672,0.018975006
41673,0.018975006
41674,0.018975006
41675,0.018975006
41676,0.018975006
41677,0.018975006
41678,0.24451968
41679,0.018975006
41680,0.018975006
41681,0.018975006
41682,0.018975006
41683,0.018975006
41684,0.019702844
41685,0.018975006
41686,0.56130135
41687,0.018975006
41688,0.02181242
41689,0.018975006
41690,0.018975006
41691,0.018975006
41692,0.018975006
41693,0.018975006
41694,0.018975006
41695,0.24705373
41696,0.018975006
41697,0.018975006
41698,0.020991659
41699,0.019149583
41700,0.018975006
41701,0.018975006
41702,0.2448275
41703,0.018975006
41704,0.018975006
41705,0.24406753
41706,0.018975006
41707,0.018975006
41708,0.018975006
41709,0.018975006
41710,0.032303303
41711,0.018975006
41712,0.018975006
41713,0.018975006
41714,0.018975006
41715,0.023872508
41716,0.24556687
41717,0.018975006
41718,0.018975006
41719,0.018975006
41720,0.018975006
41721,0.018975006
41722,0.018975006
41723,0.018975006
41724,0.018975006
41725,0.018975006
41726,0.018975006
41727,0.021714995
41728,0.01998973
41729,0.25039858
41730,0.018975006
41731,0.018975006
41732,0.018975006
41733,0.018975006
41734,0.018975006
41735,0.018975006
41736,0.02515715
41737,0.018975006
41738,0.018975006
41739,0.021133918
41740,0.018975006
41741,0.018975006
41742,0.018975006
41743,0.018975006
41744,0.018975006
41745,0.018975006
41746,0.018975006
41747,0.018975006
41748,0.2432609
41749,0.018975006
41750,0.018975006
41751,0.018975006
41752,0.018975006
41753,0.018975006
41754,0.018975006
41755,0.018975006
41756,0.018975006
41757,0.023458637
41758,0.018975006
41759,0.02884924
41760,0.018975006
41761,0.018975006
41762,0.017448442
41763,0.018975006
41764,0.018975006
41765,0.018975006
41766,0.018975006
41767,0.018975006
41768,0.023121227
41769,0.018975006
41770,0.018975006
41771,0.018975006
41772,0.018975006
41773,0.24274915
41774,0.018975006
41775,0.018975006
41776,0.018975006
41777,0.018975006
