Index,demand
0,0.055880047
1,0.028149486
2,0.032993253
3,0.031734247
4,0.05989814
5,0.014763288
6,0.035518475
7,0.11552121
8,0.046551283
9,0.06886279
10,0.04273486
11,0.24855568
12,0.2529133
13,0.03734365
14,0.08300528
15,0.03372913
16,0.09543009
17,0.051572718
18,0.10659656
19,0.06420376
20,0.014460465
21,0.024893468
22,0.10758858
23,0.04914633
24,0.42917114
25,0.1027907
26,0.04430612
27,0.14260887
28,0.04144052
29,0.011645846
30,0.025785703
31,0.042727124
32,0.03130956
33,0.04935003
34,0.23393823
35,0.42840925
36,0.03867113
37,0.040375993
38,0.108162
39,0.08550742
40,0.0115800705
41,0.007290719
42,0.027448347
43,0.06360039
44,0.029651666
45,0.053272557
46,0.0762112
47,0.45260334
48,0.075317904
49,0.06840168
50,0.25404546
51,0.07724461
52,0.018196175
53,0.19102174
54,0.014725224
55,0.060280006
56,0.123806946
57,0.04076103
58,0.04082255
59,0.034025736
60,0.03487451
61,0.050492734
62,0.094730444
63,0.05222644
64,0.03781075
65,0.38140854
66,0.024326134
67,0.042105783
68,0.037528194
69,0.035647176
70,0.02748044
71,0.036118396
72,0.008214989
73,0.058283616
74,0.04521091
75,0.029200766
76,0.055254802
77,0.116213456
78,0.13315466
79,0.03944161
80,0.041053068
81,0.012545608
82,0.014401945
83,0.08962119
84,0.07887784
85,0.04337175
86,0.14502919
87,0.3838948
88,0.06768365
89,0.050614998
90,0.01449451
91,0.029030792
92,0.08550396
93,0.10457843
94,0.17303924
95,0.024146061
96,0.07377761
97,0.044527575
98,0.011267306
99,0.008192368
100,0.024527317
101,0.03524209
102,0.031385455
103,0.14124674
104,0.042372845
105,0.0381555
106,0.02959771
107,0.08823039
108,0.44882795
109,0.045211855
110,0.025041679
111,0.040942237
112,0.05613131
113,0.049775176
114,0.022806562
115,0.1196021
116,0.14751998
117,0.08964597
118,0.0810846
119,0.04257082
120,0.025721218
121,0.029384982
122,0.028682072
123,0.029407633
124,0.0057899626
125,0.06367024
126,0.064807005
127,0.2461277
128,0.03583454
129,0.06656744
130,0.03472754
131,0.021088917
132,0.015559478
133,0.028021568
134,0.043127365
135,0.030134266
136,0.083551526
137,0.16302714
138,0.25049472
139,0.041644547
140,0.04993055
141,0.093190685
142,0.052433442
143,0.017601244
144,0.071326286
145,0.014552013
146,0.012932766
147,0.021418234
148,0.078549854
149,0.02368795
150,0.020908795
151,0.02211531
152,0.06382954
153,0.06460079
154,0.14334756
155,0.15086472
156,0.24012332
157,0.05678393
158,0.041001663
159,0.018559081
160,0.047888692
161,0.03746417
162,0.09141844
163,0.0483016
164,0.60272723
165,0.13257422
166,0.020516615
167,0.120945476
168,0.052438367
169,0.044788282
170,0.02861773
171,0.015269382
172,0.009635611
173,0.05602952
174,0.0142013505
175,0.025492992
176,0.07665086
177,0.034293864
178,0.082360104
179,0.05694278
180,0.11465444
181,0.24226311
182,0.38280177
183,0.08059737
184,0.0286467
185,0.07405427
186,0.015479404
187,0.02887987
188,0.009193642
189,0.074856654
190,0.058974065
191,0.13342372
192,0.06610498
193,0.08584032
194,0.06365325
195,0.0647999
196,0.020432716
197,0.022663705
198,0.11090473
199,0.03101043
200,0.042185195
201,0.024567848
202,0.009586552
203,0.021031074
204,0.037486345
205,0.06180528
206,0.075315826
207,0.11898667
208,0.10336049
209,0.1858966
210,0.11383008
211,0.13088803
212,0.014151243
213,0.08974593
214,0.050286297
215,0.009093463
216,0.04361106
217,0.107840866
218,0.029327394
219,0.025768014
220,0.054327983
221,0.037734218
222,0.02210382
223,0.04365669
224,0.06717428
225,0.034795668
226,0.07591119
227,0.019023137
228,0.02143386
229,0.05488253
230,0.03974854
231,0.040448017
232,0.06114976
233,0.13211167
234,0.28357154
235,0.122443445
236,0.1319936
237,0.07240229
238,0.07977456
239,0.07945691
240,0.08748012
241,0.060672585
242,0.028018843
243,0.3026557
244,0.06987351
245,0.074714065
246,0.052986186
247,0.07793974
248,0.016960671
249,0.028419742
250,0.010361396
251,0.016372943
252,0.022502925
253,0.04824335
254,0.11223432
255,0.05782637
256,0.045248024
257,0.12833601
258,0.4827155
259,0.10067246
260,0.01714889
261,0.23486204
262,0.06462015
263,0.3682972
264,0.13910569
265,0.08093421
266,0.017506413
267,0.04973667
268,0.043176666
269,0.0844734
270,0.24528551
271,0.068282075
272,0.37220988
273,0.098234065
274,0.057148464
275,0.015611951
276,0.017861718
277,0.052103084
278,0.05012696
279,0.018991387
280,0.1519921
281,0.24526557
282,0.1408163
283,0.087504305
284,0.03362652
285,0.090069376
286,0.18009003
287,0.24450262
288,0.05492341
289,0.06645625
290,0.021905739
291,0.08107025
292,0.51145
293,0.029225959
294,0.063434064
295,0.30367848
296,0.2694516
297,0.011438269
298,0.014933892
299,0.030117383
300,0.05734559
301,0.15124643
302,0.24358387
303,0.102353066
304,0.10031956
305,0.26437253
306,0.24312957
307,0.13628711
308,0.24541834
309,0.3773285
310,0.09007644
311,0.023953462
312,0.040761497
313,0.068619065
314,0.05966827
315,0.19383459
316,0.80135286
317,0.007892824
318,0.08484418
319,0.41286394
320,0.013771918
321,0.049783126
322,0.2554749
323,0.011563303
324,0.037798636
325,0.07293235
326,0.02400228
327,0.033514187
328,0.1744676
329,0.0744827
330,0.079349026
331,0.17913051
332,0.16509597
333,0.24421167
334,0.26654357
335,0.1370718
336,0.033698723
337,0.28870568
338,0.23707837
339,0.15131356
340,0.8631714
341,0.36883765
342,0.2621149
343,0.02756413
344,0.11068497
345,0.07214933
346,0.02339701
347,0.011607028
348,0.016483594
349,0.040350717
350,0.00770936
351,0.010674454
352,0.022938067
353,0.07871374
354,0.11712664
355,0.094114855
356,0.099379666
357,0.087551944
358,0.16087528
359,0.10518312
360,0.022341194
361,0.12888071
362,0.24450849
363,0.02454014
364,0.07295239
365,0.6452247
366,0.82436454
367,0.40631393
368,0.006174917
369,0.027655851
370,0.015846087
371,0.042690895
372,0.26517326
373,0.07745644
374,0.014816851
375,0.060267814
376,0.021991134
377,0.06337218
378,0.05274359
379,0.052413266
380,0.013458561
381,0.25098225
382,0.019742874
383,0.039100017
384,0.11657103
385,0.10457418
386,0.0582472
387,0.05597204
388,0.10025198
389,0.10958517
390,0.026651205
391,0.122590624
392,0.09234602
393,0.14146248
394,0.7725124
395,0.87621677
396,0.3954499
397,0.1453497
398,0.020989828
399,0.12671681
400,0.07907525
401,0.2482994
402,0.05124222
403,0.058145702
404,0.018044498
405,0.05600658
406,0.13411763
407,0.2446793
408,0.084704645
409,0.62412846
410,0.25902316
411,0.15927956
412,0.15929729
413,0.09591114
414,0.058582738
415,0.1334648
416,0.040645145
417,0.039063264
418,0.020013582
419,0.10766974
420,0.09260715
421,0.03608547
422,0.0992224
423,0.022167863
424,0.78475064
425,0.9876548
426,0.8489169
427,0.049730014
428,0.039598983
429,0.24242827
430,0.13114683
431,0.022303402
432,0.010819453
433,0.018584259
434,0.018654179
435,0.051357795
436,0.104333274
437,0.05461111
438,0.42517173
439,0.49819008
440,0.07364608
441,0.10312773
442,0.15100504
443,0.24445501
444,0.0625649
445,0.2606131
446,0.10508464
447,0.024377381
448,0.0576998
449,0.09898414
450,0.088772684
451,0.04081088
452,0.0247857
453,0.29253387
454,0.38702613
455,0.1635345
456,0.0648063
457,0.031941023
458,0.2517257
459,0.07485724
460,0.3039525
461,0.02419483
462,0.035202947
463,0.03688175
464,0.017160237
465,0.017603062
466,0.048798367
467,0.044168327
468,0.2635088
469,0.7472856
470,0.39177993
471,0.37126327
472,0.09057746
473,0.18637474
474,0.24544019
475,0.39479244
476,0.12771374
477,0.025906274
478,0.029028583
479,0.02902265
480,0.23912872
481,0.116101064
482,0.050998658
483,0.25383955
484,0.29064983
485,0.26854086
486,1.0042709
487,0.11375767
488,0.018376915
489,0.15728137
490,0.2442311
491,0.02827421
492,0.071847424
493,0.43659103
494,0.0054948195
495,0.07383262
496,0.03624648
497,0.04849219
498,0.052957818
499,0.23879865
500,0.38825515
501,0.3731624
502,0.4912808
503,0.37538302
504,0.16851084
505,0.16892996
506,0.2588902
507,0.014127338
508,0.021893682
509,0.13865103
510,0.0945319
511,0.05716866
512,0.17801167
513,0.17403057
514,0.4986305
515,0.19277541
516,0.009067692
517,0.081324
518,0.12581202
519,0.08485375
520,0.0565966
521,0.009281636
522,0.010845698
523,0.0122041805
524,0.0315479
525,0.060768813
526,0.09985015
527,0.10770623
528,0.13172632
529,0.36814076
530,0.7700019
531,0.39963052
532,0.4197483
533,0.66513276
534,0.10424366
535,0.018908449
536,0.035532136
537,0.06012099
538,0.13268006
539,0.17839457
540,0.0724557
541,0.022850316
542,0.066094354
543,0.15144283
544,0.018835286
545,0.005454495
546,0.046828948
547,0.1338988
548,0.021994194
549,0.013678533
550,0.041303676
551,0.02476476
552,0.01059363
553,0.036223166
554,0.08006123
555,0.05175391
556,0.08653253
557,0.2650421
558,0.3759534
559,0.37237334
560,0.94163793
561,0.585469
562,0.37607604
563,0.07997962
564,0.039317243
565,0.020253465
566,0.057126276
567,0.11466312
568,0.019466175
569,0.038325902
570,0.41783187
571,0.06288951
572,0.017385233
573,0.071642846
574,0.04432472
575,0.08666543
576,0.067141704
577,0.055804413
578,0.015146734
579,0.053107828
580,0.012919315
581,0.014208638
582,0.023734087
583,0.08405018
584,0.11510313
585,0.58269185
586,0.3941536
587,0.23767233
588,0.9937666
589,0.3773993
590,0.43257973
591,0.1213323
592,0.040516894
593,0.020753609
594,0.03885588
595,0.048529983
596,0.040191904
597,0.028475115
598,0.06223151
599,0.43097085
600,0.11442508
601,0.25633493
602,0.05094764
603,0.09215474
604,0.14052653
605,0.1304583
606,0.24535933
607,0.038705923
608,0.026000008
609,0.040477842
610,0.16694456
611,0.5147356
612,0.37219474
613,0.30228552
614,0.14355804
615,0.39957267
616,0.14163467
617,0.09395701
618,0.028011734
619,0.056795463
620,0.038949847
621,0.08390066
622,0.27087674
623,0.07275942
624,0.2615303
625,0.031319126
626,0.06699026
627,0.17554677
628,0.041651722
629,0.012078938
630,0.11504024
631,0.167615
632,0.033322144
633,0.23516852
634,0.24749377
635,0.0801177
636,0.083024204
637,0.024309553
638,0.097272374
639,0.10507418
640,0.057479635
641,0.105675206
642,0.23543088
643,0.032435033
644,0.02891033
645,0.014161215
646,0.13015138
647,0.011359837
648,0.01678802
649,0.11044657
650,0.033961084
651,0.028649926
652,0.1291795
653,0.043215416
654,0.057231758
655,0.0077514197
656,0.08478306
657,0.16184293
658,0.3738335
659,0.39366016
660,0.03385451
661,0.016351473
662,0.019522259
663,0.022785697
664,0.08410911
665,0.017774116
666,0.064300194
667,0.12100275
668,0.01378627
669,0.03608866
670,0.020592827
671,0.0149836885
672,0.07664567
673,0.10418273
674,0.29153886
675,0.012586503
676,0.015100097
677,0.07749482
678,0.061223105
679,0.08948869
680,0.2583854
681,0.03940499
682,0.011474113
683,0.010242639
684,0.10464865
685,0.02707113
686,0.020085659
687,0.07766245
688,0.12440607
689,0.045525573
690,0.022766724
691,0.009605015
692,0.25469914
693,0.012838546
694,0.025740385
695,0.24156621
696,0.07016344
697,0.051699415
698,0.016220115
699,0.032960746
700,0.07163077
701,0.37224364
702,0.0319448
703,0.018944604
704,0.021589674
705,0.054527037
706,0.059277195
707,0.16497464
708,0.08458605
709,0.17597099
710,0.08446592
711,0.030869685
712,0.03438902
713,0.0408749
714,0.024308998
715,0.16071011
716,0.015862716
717,0.018783456
718,0.088343166
719,0.01986602
720,0.11871845
721,0.04858484
722,0.013841974
723,0.26653054
724,0.44412524
725,0.23479146
726,0.042878926
727,0.08206981
728,0.032768674
729,0.098293684
730,0.06802878
731,0.06448676
732,0.58261806
733,0.08259698
734,0.019969637
735,0.09725938
736,0.084445454
737,0.03546909
738,0.13709652
739,0.4287776
740,0.07602804
741,0.12097338
742,0.03154276
743,0.033387367
744,0.02053659
745,0.09733039
746,0.024090625
747,0.0063199317
748,0.022646904
749,0.050923426
750,0.03659616
751,0.017380377
752,0.048533957
753,0.013556621
754,0.09839713
755,0.02620761
756,0.032974515
757,0.013092835
758,0.038112797
759,0.078023575
760,0.104790665
761,0.025483206
762,0.05364112
763,0.48113567
764,0.06582007
765,0.08442382
766,0.035766512
767,0.03283172
768,0.051146287
769,0.16608882
770,0.031277213
771,0.016322562
772,0.0110787675
773,0.04850721
774,0.12230827
775,0.019452363
776,0.23739207
777,0.05264776
778,0.019311631
779,0.057927605
780,0.2954745
781,0.024687532
782,0.024989758
783,0.019319361
784,0.04459716
785,0.046278086
786,0.24487033
787,0.06465807
788,0.005785599
789,0.015402316
790,0.07008974
791,0.15341754
792,0.0849018
793,0.0720114
794,0.057465963
795,0.024015563
796,0.04693491
797,0.10422989
798,0.25597888
799,0.08801201
800,0.008948213
801,0.02336415
802,0.02392229
803,0.010732696
804,0.019255335
805,0.013676078
806,0.020375403
807,0.010692043
808,0.012463982
809,0.017119784
810,0.020113772
811,0.025082098
812,0.054990645
813,0.050352145
814,0.12509786
815,0.00786727
816,0.009416562
817,0.11538869
818,0.1132333
819,0.048767187
820,0.021338912
821,0.0098090805
822,0.014744618
823,0.023678603
824,0.0080538215
825,0.018679973
826,0.005347707
827,0.014705003
828,0.008671484
829,0.006724559
830,0.06872464
831,0.035805594
832,0.011919857
833,0.012728501
834,0.012258301
835,0.011502582
836,0.010563349
837,0.07012701
838,0.030976078
839,0.04327602
840,0.008286797
841,0.026523788
842,0.012985389
843,0.095619
844,0.011407737
845,0.01072908
846,0.013186472
847,0.116092496
848,0.06004212
849,0.056879748
850,0.05835891
851,0.0062683877
852,0.078515165
853,0.019182527
854,0.011660982
855,0.058960665
856,0.04121921
857,0.11903295
858,0.023053586
859,0.034427423
860,0.028012706
861,0.026657496
862,0.011509957
863,0.009862505
864,0.01348428
865,0.009912098
866,0.026542189
867,0.011457139
868,0.034507975
869,0.061589774
870,0.027064105
871,0.11291766
872,0.019169606
873,0.021511443
874,0.014484308
875,0.01300881
876,0.020978179
877,0.052165378
878,0.020792086
879,0.014146934
880,0.021645654
881,0.009560485
882,0.009663946
883,0.05956017
884,0.13186255
885,0.01761325
886,0.090920664
887,0.024098951
888,0.04861835
889,0.037677668
890,0.03731406
891,0.025552193
892,0.053606234
893,0.021435305
894,0.027844595
895,0.035946764
896,0.028315574
897,0.09065944
898,0.03989347
899,0.047938365
900,0.06592383
901,0.09254057
902,0.22048062
903,0.025830027
904,0.042970467
905,0.07536104
906,0.05261892
907,0.37557817
908,0.055819932
909,0.094482385
910,0.060848355
911,0.0096597085
912,0.019805482
913,0.23169748
914,0.03821294
915,0.48601454
916,0.06841596
917,0.04363525
918,0.09176554
919,0.04931466
920,0.031318042
921,0.0438837
922,0.016324231
923,0.015257356
924,0.059450306
925,0.060229287
926,0.09415595
927,0.4596957
928,0.044021323
929,0.05210248
930,0.02716522
931,0.081793
932,0.07827214
933,0.022698972
934,0.05579925
935,0.037610665
936,0.058090646
937,0.07441257
938,0.41643265
939,0.060391046
940,0.059614692
941,0.23714404
942,0.06667119
943,0.42517707
944,0.016654098
945,0.059322573
946,0.09599368
947,0.04927717
948,0.0459893
949,0.036952622
950,0.049846075
951,0.057467148
952,0.083632916
953,0.052896023
954,0.0382215
955,0.04155398
956,0.24140978
957,0.03414569
958,0.0312965
959,0.04723615
960,0.04892236
961,0.05308618
962,0.032234743
963,0.039393093
964,0.047603477
965,0.053944916
966,0.02978164
967,0.05006997
968,0.09763192
969,0.100995556
970,0.017788393
971,0.005088402
972,0.01941368
973,0.07121347
974,0.21640949
975,0.021739962
976,0.05209123
977,0.10319435
978,0.23713209
979,0.062455226
980,0.04854489
981,0.02115061
982,0.021126773
983,0.007098375
984,0.038393345
985,0.010662922
986,0.07170782
987,0.23693745
988,0.24280144
989,0.0276011
990,0.044264216
991,0.014171075
992,0.010603284
993,0.02778774
994,0.036740866
995,0.10043996
996,0.016846789
997,0.04199543
998,0.040007845
999,0.026462499
1000,0.06490372
1001,0.42240018
1002,0.0072045582
1003,0.052033667
1004,0.022961209
1005,0.026183542
1006,0.04514423
1007,0.053436995
1008,0.02979459
1009,0.091752306
1010,0.10163227
1011,0.07338779
1012,0.07031784
1013,0.045823693
1014,0.0094925035
1015,0.033230085
1016,0.033056423
1017,0.036460392
1018,0.0055883094
1019,0.059723556
1020,0.054022703
1021,0.2028146
1022,0.021788383
1023,0.04269589
1024,0.031284615
1025,0.02252178
1026,0.019021634
1027,0.029578296
1028,0.04077888
1029,0.027871065
1030,0.06156294
1031,0.09718811
1032,0.112134054
1033,0.042659044
1034,0.043507908
1035,0.04630938
1036,0.07193316
1037,0.05773841
1038,0.019639097
1039,0.05598673
1040,0.020164661
1041,0.028126879
1042,0.062005565
1043,0.02937966
1044,0.027932905
1045,0.029906278
1046,0.055221654
1047,0.05572934
1048,0.22240607
1049,0.20972148
1050,0.22094187
1051,0.051377673
1052,0.03899651
1053,0.023626948
1054,0.047556296
1055,0.043278966
1056,0.07100719
1057,0.045772266
1058,0.5203155
1059,0.08011225
1060,0.01224043
1061,0.090720594
1062,0.04853024
1063,0.046512574
1064,0.020913126
1065,0.020244146
1066,0.013257382
1067,0.05631027
1068,0.027365692
1069,0.016572807
1070,0.01965154
1071,0.022841763
1072,0.06640514
1073,0.041136794
1074,0.066406704
1075,0.05269797
1076,0.086781934
1077,0.08651798
1078,0.37515125
1079,0.05610976
1080,0.026781108
1081,0.066437475
1082,0.01978615
1083,0.039720334
1084,0.019477058
1085,0.06253461
1086,0.051954996
1087,0.08539603
1088,0.0486236
1089,0.07388417
1090,0.044890087
1091,0.054233532
1092,0.032596596
1093,0.022866376
1094,0.02205231
1095,0.081338204
1096,0.011451239
1097,0.03388237
1098,0.04923412
1099,0.03259318
1100,0.015267818
1101,0.0130921025
1102,0.02699212
1103,0.03654659
1104,0.053786684
1105,0.061549313
1106,0.0912403
1107,0.07587095
1108,0.096034884
1109,0.09006123
1110,0.09274081
1111,0.018366788
1112,0.071020484
1113,0.010518731
1114,0.04818892
1115,0.010212345
1116,0.040019702
1117,0.073215514
1118,0.033980485
1119,0.02425082
1120,0.04922641
1121,0.038326494
1122,0.015982823
1123,0.046635352
1124,0.06361712
1125,0.0346033
1126,0.054624975
1127,0.029431397
1128,0.028336702
1129,0.054557458
1130,0.011925671
1131,0.03728881
1132,0.052737415
1133,0.054596815
1134,0.09798167
1135,0.453739
1136,0.0732367
1137,0.084370814
1138,0.054871805
1139,0.06454902
1140,0.060847796
1141,0.068778984
1142,0.05174355
1143,0.011030745
1144,0.022152659
1145,0.23678146
1146,0.05929568
1147,0.06526638
1148,0.05232814
1149,0.0676939
1150,0.022066163
1151,0.029789448
1152,0.014455526
1153,0.02397357
1154,0.039345782
1155,0.081747465
1156,0.054602608
1157,0.042329494
1158,0.08258536
1159,0.5429737
1160,0.071465194
1161,0.025419297
1162,0.22082697
1163,0.053992223
1164,0.2252374
1165,0.23508921
1166,0.06082418
1167,0.048640624
1168,0.043506097
1169,0.068807706
1170,0.22536114
1171,0.047896698
1172,0.2209387
1173,0.07320315
1174,0.055297554
1175,0.018694231
1176,0.010290104
1177,0.021809652
1178,0.020583712
1179,0.04937819
1180,0.051842492
1181,0.019335702
1182,0.07974559
1183,0.09978675
1184,0.088500924
1185,0.06681396
1186,0.03161478
1187,0.07218828
1188,0.22609603
1189,0.22970802
1190,0.04981046
1191,0.010682717
1192,0.050747745
1193,0.024907567
1194,0.058240246
1195,0.50713664
1196,0.037340563
1197,0.062079284
1198,0.23945874
1199,0.22571066
1200,0.02000136
1201,0.008524058
1202,0.039078936
1203,0.05140926
1204,0.090092875
1205,0.10281218
1206,0.06615889
1207,0.06456507
1208,0.22617581
1209,0.21946006
1210,0.08516895
1211,0.23390426
1212,0.38721836
1213,0.069789365
1214,0.022147687
1215,0.042854086
1216,0.0629668
1217,0.051079433
1218,0.10459464
1219,0.4784969
1220,0.009262533
1221,0.048551533
1222,0.40408885
1223,0.014724441
1224,0.045372833
1225,0.22725628
1226,0.014948935
1227,0.017755808
1228,0.043885026
1229,0.06271883
1230,0.02069247
1231,0.04014206
1232,0.0059330305
1233,0.10235004
1234,0.046267897
1235,0.06503689
1236,0.09733599
1237,0.09031835
1238,0.23625001
1239,0.40406325
1240,0.2364702
1241,0.030367823
1242,0.2319702
1243,0.21393742
1244,0.09004053
1245,0.50773156
1246,0.4111501
1247,0.2386137
1248,0.0062035597
1249,0.028177595
1250,0.08817804
1251,0.057521597
1252,0.02906206
1253,0.02021613
1254,0.015215036
1255,0.045417752
1256,0.014119947
1257,0.02662063
1258,0.051892195
1259,0.074095346
1260,0.07139355
1261,0.07400821
1262,0.07081285
1263,0.09085307
1264,0.077498324
1265,0.028113479
1266,0.07732409
1267,0.23079218
1268,0.022334214
1269,0.053467568
1270,0.51925915
1271,0.5472302
1272,0.55968153
1273,0.0064709266
1274,0.031665582
1275,0.021032378
1276,0.052864134
1277,0.23362876
1278,0.06656013
1279,0.019045569
1280,0.05593793
1281,0.009191759
1282,0.052531242
1283,0.04868337
1284,0.04567687
1285,0.017355215
1286,0.22680442
1287,0.023349216
1288,0.031388063
1289,0.08816146
1290,0.08415012
1291,0.049709395
1292,0.048558123
1293,0.07808589
1294,0.077181205
1295,0.029138463
1296,0.08299667
1297,0.070578136
1298,0.077522576
1299,0.5203386
1300,0.5335202
1301,0.47827983
1302,0.014648283
1303,0.068050176
1304,0.029596891
1305,0.23544754
1306,0.06606644
1307,0.0986316
1308,0.044884723
1309,0.055346627
1310,0.022708481
1311,0.0628273
1312,0.08409269
1313,0.22300135
1314,0.06933094
1315,0.47500426
1316,0.23843817
1317,0.08837151
1318,0.09342759
1319,0.07124821
1320,0.05280892
1321,0.08663404
1322,0.04095273
1323,0.03394954
1324,0.026484096
1325,0.07879662
1326,0.07608935
1327,0.04829822
1328,0.07565419
1329,0.028081285
1330,0.49368528
1331,0.5210219
1332,0.54695606
1333,0.041023176
1334,0.21121734
1335,0.24152718
1336,0.028856529
1337,0.022176577
1338,0.021948935
1339,0.036449485
1340,0.076197796
1341,0.048812628
1342,0.3823706
1343,0.4779847
1344,0.060256127
1345,0.079707325
1346,0.073072344
1347,0.105507895
1348,0.057025637
1349,0.36233747
1350,0.08513271
1351,0.034570385
1352,0.05337306
1353,0.07826538
1354,0.06872213
1355,0.04137782
1356,0.4707008
1357,0.39785117
1358,0.08695415
1359,0.06064432
1360,0.02776921
1361,0.081337474
1362,0.013558117
1363,0.062142897
1364,0.09528225
1365,0.032447252
1366,0.03901527
1367,0.040067293
1368,0.021872805
1369,0.020262884
1370,0.040658645
1371,0.042160522
1372,0.38710195
1373,0.5971115
1374,0.4035042
1375,0.22893803
1376,0.07291997
1377,0.091657974
1378,0.2211326
1379,0.45212764
1380,0.059240755
1381,0.030879704
1382,0.035846435
1383,0.033509713
1384,0.09398809
1385,0.22468032
1386,0.053058926
1387,0.2572866
1388,0.23382093
1389,0.21430422
1390,0.50253695
1391,0.091574006
1392,0.022350244
1393,0.08116845
1394,0.09921213
1395,0.023264222
1396,0.05334346
1397,0.44008332
1398,0.055563208
1399,0.0371078
1400,0.03881016
1401,0.04641236
1402,0.09160832
1403,0.3908786
1404,0.23638448
1405,0.43234718
1406,0.39866874
1407,0.09208715
1408,0.22102153
1409,0.2311419
1410,0.029256454
1411,0.10128055
1412,0.06545137
1413,0.049519714
1414,0.24264641
1415,0.23445635
1416,0.048310686
1417,0.44834158
1418,0.22875552
1419,0.014208343
1420,0.06842584
1421,0.08282255
1422,0.067762576
1423,0.04839234
1424,0.014105153
1425,0.013572482
1426,0.018820968
1427,0.030657908
1428,0.05219743
1429,0.0718632
1430,0.0733785
1431,0.08609987
1432,0.3844817
1433,0.55592513
1434,0.39672485
1435,0.38163996
1436,0.52296525
1437,0.07473709
1438,0.02303267
1439,0.04851767
1440,0.058013618
1441,0.086967595
1442,0.101806186
1443,0.057341207
1444,0.027500091
1445,0.05632419
1446,0.08957696
1447,0.022173915
1448,0.042771507
1449,0.07962828
1450,0.020408392
1451,0.036705542
1452,0.021418223
1453,0.019017283
1454,0.014663172
1455,0.032608323
1456,0.06078117
1457,0.049858395
1458,0.06802028
1459,0.2230537
1460,0.2202121
1461,0.39857766
1462,0.5818303
1463,0.50801104
1464,0.4122168
1465,0.06965159
1466,0.044354912
1467,0.022772778
1468,0.049659714
1469,0.076073974
1470,0.019600047
1471,0.033368774
1472,0.4817276
1473,0.04910561
1474,0.02025691
1475,0.054766994
1476,0.04560287
1477,0.0711947
1478,0.040910803
1479,0.05059032
1480,0.021877652
1481,0.04801345
1482,0.02968691
1483,0.0687912
1484,0.08650691
1485,0.47181153
1486,0.3986983
1487,0.22835971
1488,0.49665684
1489,0.38173363
1490,0.49758905
1491,0.08694772
1492,0.037694458
1493,0.026140453
1494,0.0358347
1495,0.045942225
1496,0.03918488
1497,0.035530075
1498,0.05760413
1499,0.4336703
1500,0.07652667
1501,0.39868277
1502,0.035111904
1503,0.07083547
1504,0.08324455
1505,0.08734057
1506,0.09986233
1507,0.041325677
1508,0.04128051
1509,0.22377293
1510,0.5417033
1511,0.39282173
1512,0.5031291
1513,0.11072078
1514,0.3760216
1515,0.10184486
1516,0.07075065
1517,0.025264243
1518,0.040224873
1519,0.031919606
1520,0.07583198
1521,0.22348408
1522,0.06528013
1523,0.2251051
1524,0.030796828
1525,0.05859662
1526,0.10044369
1527,0.039156053
1528,0.012766022
1529,0.08616406
1530,0.092137575
1531,0.03138363
1532,0.21231285
1533,0.08965646
1534,0.06025899
1535,0.067952394
1536,0.031248802
1537,0.07263839
1538,0.06810403
1539,0.040541925
1540,0.07828942
1541,0.21414492
1542,0.033426303
1543,0.029796109
1544,0.08254338
1545,0.015296315
1546,0.0136486
1547,0.081011675
1548,0.040821977
1549,0.03323961
1550,0.09040743
1551,0.034985356
1552,0.04671596
1553,0.009112145
1554,0.048094023
1555,0.08919177
1556,0.41323197
1557,0.25112522
1558,0.050642345
1559,0.02207082
1560,0.05785589
1561,0.018913137
1562,0.055917423
1563,0.08952723
1564,0.016670424
1565,0.030829916
1566,0.018992312
1567,0.024056764
1568,0.0255315
1569,0.062076297
1570,0.07220887
1571,0.24417038
1572,0.018344402
1573,0.015455973
1574,0.035739746
1575,0.057208866
1576,0.06823219
1577,0.23706508
1578,0.051701818
1579,0.012152998
1580,0.013043714
1581,0.080556184
1582,0.03543552
1583,0.020461734
1584,0.062005784
1585,0.0929842
1586,0.045017254
1587,0.01256962
1588,0.011927487
1589,0.10399072
1590,0.0103049185
1591,0.015366152
1592,0.028368851
1593,0.08868833
1594,0.057557512
1595,0.039825793
1596,0.020063944
1597,0.029692128
1598,0.054730248
1599,0.24091116
1600,0.031945396
1601,0.022502689
1602,0.030142846
1603,0.04480159
1604,0.053326935
1605,0.09775062
1606,0.058549393
1607,0.10087783
1608,0.06682201
1609,0.031093935
1610,0.013914771
1611,0.043127324
1612,0.043056365
1613,0.23081116
1614,0.018893104
1615,0.021396844
1616,0.078701
1617,0.02263773
1618,0.069344
1619,0.047063407
1620,0.009353876
1621,0.015863841
1622,0.2379069
1623,0.56098574
1624,0.07843766
1625,0.054077588
1626,0.065192394
1627,0.041807573
1628,0.03105667
1629,0.072935924
1630,0.063634455
1631,0.064893246
1632,0.6204696
1633,0.06497518
1634,0.019596973
1635,0.06916584
1636,0.06750625
1637,0.037308622
1638,0.09465727
1639,0.47660482
1640,0.062308934
1641,0.089238144
1642,0.028260386
1643,0.017017078
1644,0.047262758
1645,0.026263809
1646,0.070284784
1647,0.030186223
1648,0.027455082
1649,0.046987932
1650,0.04597783
1651,0.026463429
1652,0.048593473
1653,0.014794562
1654,0.018072676
1655,0.07857942
1656,0.039430548
1657,0.0144273415
1658,0.0334039
1659,0.064714946
1660,0.07711643
1661,0.023798192
1662,0.04721744
1663,0.44560742
1664,0.057212826
1665,0.071494654
1666,0.036482137
1667,0.0424419
1668,0.04754517
1669,0.011655894
1670,0.014049139
1671,0.2459215
1672,0.029305568
1673,0.021416465
1674,0.04434559
1675,0.07599898
1676,0.023016142
1677,0.011428218
1678,0.22111541
1679,0.044087354
1680,0.027174672
1681,0.050877884
1682,0.3903599
1683,0.021989547
1684,0.008801928
1685,0.023238659
1686,0.012257279
1687,0.042953603
1688,0.0076094517
1689,0.035823166
1690,0.099033296
1691,0.055346347
1692,0.007716362
1693,0.019322017
1694,0.019244637
1695,0.058125917
1696,0.22357212
1697,0.06670526
1698,0.06138276
1699,0.053854942
1700,0.02968172
1701,0.045886368
1702,0.016443333
1703,0.056413114
1704,0.22382006
1705,0.07481716
1706,0.009318188
1707,0.03267586
1708,0.016760789
1709,0.014354651
1710,0.021440472
1711,0.01785942
1712,0.024923846
1713,0.012741228
1714,0.019712873
1715,0.027325552
1716,0.049964413
1717,0.044848133
1718,0.077783465
1719,0.007277366
1720,0.009901776
1721,0.094199166
1722,0.009552802
1723,0.094375335
1724,0.009084976
1725,0.028128466
1726,0.017000373
1727,0.021946957
1728,0.011345784
1729,0.0203136
1730,0.01671977
1731,0.009282019
1732,0.008281649
1733,0.05535807
1734,0.040119063
1735,0.016874526
1736,0.057285313
1737,0.0164914
1738,0.008394176
1739,0.013419901
1740,0.013363637
1741,0.06120668
1742,0.030763842
1743,0.044260338
1744,0.012579889
1745,0.010887984
1746,0.033156835
1747,0.009946821
1748,0.017307175
1749,0.014076226
1750,0.072849624
1751,0.016796486
1752,0.012625745
1753,0.015499037
1754,0.08963602
1755,0.054758105
1756,0.051397882
1757,0.05369162
1758,0.006390448
1759,0.0684234
1760,0.025208954
1761,0.014457213
1762,0.05935867
1763,0.014508681
1764,0.053433005
1765,0.093822554
1766,0.019060781
1767,0.029794678
1768,0.034359284
1769,0.029961808
1770,0.029662034
1771,0.007054262
1772,0.015131952
1773,0.01781791
1774,0.00732653
1775,0.0126704145
1776,0.03326896
1777,0.01242608
1778,0.0101107685
1779,0.0516486
1780,0.053513482
1781,0.033048343
1782,0.0075168023
1783,0.0804616
1784,0.027225252
1785,0.016787345
1786,0.022077963
1787,0.005388197
1788,0.020428494
1789,0.050010245
1790,0.022488518
1791,0.018494215
1792,0.028718947
1793,0.02147885
1794,0.011269016
1795,0.04224057
1796,0.056328535
1797,0.08801646
1798,0.009143422
1799,0.021004915
1800,0.069866635
1801,0.016664002
1802,0.04306465
1803,0.03455622
1804,0.026864417
1805,0.037202284
1806,0.050085176
1807,0.013466437
1808,0.036032382
1809,0.043386787
1810,0.0366533
1811,0.06286991
1812,0.059589315
1813,0.028249513
1814,0.061411973
1815,0.04293837
1816,0.23339365
1817,0.22090244
1818,0.07495198
1819,0.061088424
1820,0.0737065
1821,0.06473813
1822,0.07310533
1823,0.05524897
1824,0.01880603
1825,0.031173883
1826,0.05920824
1827,0.03132757
1828,0.59580505
1829,0.06161486
1830,0.043576635
1831,0.0646443
1832,0.0563622
1833,0.0055686934
1834,0.0067217113
1835,0.027240265
1836,0.04291175
1837,0.036865827
1838,0.020514725
1839,0.020431127
1840,0.0669096
1841,0.066734225
1842,0.25429952
1843,0.44582325
1844,0.04177489
1845,0.067872524
1846,0.068549804
1847,0.013859454
1848,0.010984488
1849,0.050422505
1850,0.057326272
1851,0.062075786
1852,0.45720306
1853,0.06692805
1854,0.06264496
1855,0.39960602
1856,0.0682933
1857,0.48348108
1858,0.017537883
1859,0.052271828
1860,0.077593714
1861,0.04805554
1862,0.04514763
1863,0.034311067
1864,0.060396988
1865,0.02644085
1866,0.06319486
1867,0.066664815
1868,0.06267704
1869,0.051467232
1870,0.24416225
1871,0.041884694
1872,0.050084297
1873,0.052235447
1874,0.062043328
1875,0.030313246
1876,0.03799796
1877,0.04202378
1878,0.026438303
1879,0.068221085
1880,0.032190066
1881,0.071930215
1882,0.049729
1883,0.038600467
1884,0.014004372
1885,0.072947346
1886,0.06605265
1887,0.060825843
1888,0.079472825
1889,0.49192473
1890,0.005799553
1891,0.059918426
1892,0.047225792
1893,0.021360794
1894,0.015536487
1895,0.035232298
1896,0.00670618
1897,0.07775159
1898,0.062610395
1899,0.070810445
1900,0.24486661
1901,0.021097314
1902,0.020380786
1903,0.043359127
1904,0.02484144
1905,0.034021035
1906,0.066729344
1907,0.022095686
1908,0.042345487
1909,0.04677969
1910,0.042949136
1911,0.06441689
1912,0.49863198
1913,0.060912512
1914,0.018082464
1915,0.020531248
1916,0.040197186
1917,0.052684307
1918,0.027240265
1919,0.06574112
1920,0.07904015
1921,0.062772736
1922,0.06359163
1923,0.052980483
1924,0.0057904776
1925,0.031178381
1926,0.02944657
1927,0.034197398
1928,0.059631392
1929,0.048733298
1930,0.21538927
1931,0.013371532
1932,0.034703083
1933,0.027495742
1934,0.01732252
1935,0.02030942
1936,0.023774603
1937,0.039607484
1938,0.023804007
1939,0.056193642
1940,0.070892714
1941,0.41392532
1942,0.042266097
1943,0.038461395
1944,0.03959766
1945,0.062716834
1946,0.057344195
1947,0.014181413
1948,0.05002448
1949,0.014633374
1950,0.029606953
1951,0.062186632
1952,0.026563311
1953,0.02370791
1954,0.030634942
1955,0.051329024
1956,0.051718652
1957,0.22105369
1958,0.062666066
1959,0.066524275
1960,0.051389825
1961,0.037916124
1962,0.017723959
1963,0.047682196
1964,0.04304342
1965,0.06912734
1966,0.042932965
1967,0.5605581
1968,0.21790951
1969,0.02428588
1970,0.064681016
1971,0.046441883
1972,0.045001145
1973,0.01823632
1974,0.015857162
1975,0.009768088
1976,0.052608635
1977,0.027111158
1978,0.017063625
1979,0.018093089
1980,0.059912596
1981,0.04240765
1982,0.05869558
1983,0.05132464
1984,0.06373921
1985,0.21685728
1986,0.24512911
1987,0.053183675
1988,0.021639273
1989,0.06000925
1990,0.015569358
1991,0.008157395
1992,0.030809103
1993,0.06131599
1994,0.048168126
1995,0.06526302
1996,0.039683614
1997,0.062293813
1998,0.037977308
1999,0.049471524
2000,0.035817806
2001,0.01678653
2002,0.017942179
2003,0.06774603
2004,0.013318122
2005,0.05519334
2006,0.030998886
2007,0.010145608
2008,0.022098588
2009,0.034918495
2010,0.04944756
2011,0.056049068
2012,0.06575198
2013,0.06033234
2014,0.23537026
2015,0.06671744
2016,0.06777923
2017,0.012260652
2018,0.060803287
2019,0.011527619
2020,0.046251368
2021,0.04002553
2022,0.06152086
2023,0.031316143
2024,0.019898873
2025,0.043274507
2026,0.03605237
2027,0.012807717
2028,0.04628588
2029,0.060963433
2030,0.030964492
2031,0.048159834
2032,0.022247633
2033,0.03079546
2034,0.05627773
2035,0.016772794
2036,0.035366844
2037,0.06299506
2038,0.05067204
2039,0.06831956
2040,0.49170572
2041,0.06060534
2042,0.063295096
2043,0.05061027
2044,0.056786664
2045,0.055477653
2046,0.060775798
2047,0.046906866
2048,0.009119155
2049,0.018564073
2050,0.41512662
2051,0.055422295
2052,0.05987496
2053,0.05045774
2054,0.059329744
2055,0.018127734
2056,0.025824092
2057,0.019633679
2058,0.035424285
2059,0.07201247
2060,0.05224561
2061,0.042247016
2062,0.062193718
2063,0.59267855
2064,0.061126105
2065,0.013869268
2066,0.065080464
2067,0.04827528
2068,0.23769394
2069,0.23925811
2070,0.05246493
2071,0.043734018
2072,0.04304426
2073,0.06372045
2074,0.07535728
2075,0.03823889
2076,0.23577894
2077,0.06020489
2078,0.05635154
2079,0.020662101
2080,0.015345571
2081,0.01873786
2082,0.04557837
2083,0.052774537
2084,0.014283622
2085,0.06645666
2086,0.07102432
2087,0.06692216
2088,0.060518216
2089,0.031529818
2090,0.06410764
2091,0.06414127
2092,0.23600996
2093,0.047247294
2094,0.01090158
2095,0.043821394
2096,0.020430813
2097,0.052153282
2098,0.5348858
2099,0.035267897
2100,0.059180316
2101,0.25131673
2102,0.22676708
2103,0.017707946
2104,0.011189851
2105,0.015242052
2106,0.037672233
2107,0.04718721
2108,0.05395333
2109,0.07723167
2110,0.058401912
2111,0.06002904
2112,0.2271196
2113,0.06938831
2114,0.067264326
2115,0.073693104
2116,0.24209937
2117,0.059489015
2118,0.043610837
2119,0.06058831
2120,0.047465928
2121,0.07162019
2122,0.51054287
2123,0.008590018
2124,0.0061418796
2125,0.04026664
2126,0.4064831
2127,0.043334257
2128,0.24261232
2129,0.012910494
2130,0.04337062
2131,0.057378173
2132,0.01622538
2133,0.039698914
2134,0.0743707
2135,0.03818599
2136,0.058381423
2137,0.2323245
2138,0.06755923
2139,0.070503235
2140,0.36878434
2141,0.07126333
2142,0.026885524
2143,0.23243241
2144,0.063781604
2145,0.066062175
2146,0.5166718
2147,0.455986
2148,0.24458562
2149,0.0056541096
2150,0.024113728
2151,0.06718597
2152,0.016625388
2153,0.05174461
2154,0.02645472
2155,0.022852989
2156,0.01223136
2157,0.047179587
2158,0.007564819
2159,0.011219127
2160,0.031211535
2161,0.04812086
2162,0.060411345
2163,0.060569745
2164,0.063947834
2165,0.06046854
2166,0.22009979
2167,0.21402305
2168,0.026872724
2169,0.06291834
2170,0.23295882
2171,0.0180004
2172,0.048235737
2173,0.5095702
2174,0.52987266
2175,0.5838056
2176,0.006150036
2177,0.026160425
2178,0.016893005
2179,0.06040324
2180,0.23769496
2181,0.060619507
2182,0.016800525
2183,0.011199765
2184,0.047292616
2185,0.051740702
2186,0.043444198
2187,0.011819508
2188,0.23988882
2189,0.017146371
2190,0.027315322
2191,0.06382763
2192,0.06332589
2193,0.044416804
2194,0.042533245
2195,0.06750304
2196,0.061484538
2197,0.025026567
2198,0.066615395
2199,0.06120762
2200,0.06383324
2201,0.5563871
2202,0.6416736
2203,0.56839883
2204,0.020870425
2205,0.051663626
2206,0.026289066
2207,0.008018233
2208,0.07076386
2209,0.06179867
2210,0.07225965
2211,0.037878565
2212,0.060331937
2213,0.017945303
2214,0.06078208
2215,0.062413953
2216,0.22541413
2217,0.06284125
2218,0.5036485
2219,0.24191871
2220,0.2238497
2221,0.07055087
2222,0.060596403
2223,0.049511783
2224,0.06398929
2225,0.03977272
2226,0.031532556
2227,0.022157535
2228,0.06704712
2229,0.067069255
2230,0.052252624
2231,0.063154526
2232,0.023758829
2233,0.49207523
2234,0.6147792
2235,0.5630029
2236,0.050161056
2237,0.04306543
2238,0.22379903
2239,0.07590688
2240,0.026745146
2241,0.013323002
2242,0.016835162
2243,0.016457362
2244,0.03193985
2245,0.060616985
2246,0.042973205
2247,0.39702162
2248,0.4845706
2249,0.05523917
2250,0.06192304
2251,0.060576953
2252,0.07695044
2253,0.055572115
2254,0.40226817
2255,0.0635984
2256,0.035262123
2257,0.06259201
2258,0.063799605
2259,0.06379588
2260,0.042326972
2261,0.02571938
2262,0.25058773
2263,0.41175666
2264,0.23013106
2265,0.058993805
2266,0.02640665
2267,0.064065784
2268,0.01668082
2269,0.055732056
2270,0.071992554
2271,0.02898922
2272,0.03824622
2273,0.0406486
2274,0.016086005
2275,0.018203996
2276,0.037882455
2277,0.039697237
2278,0.23454973
2279,0.58395135
2280,0.24228355
2281,0.23308271
2282,0.06443576
2283,0.22987059
2284,0.07248106
2285,0.47326913
2286,0.050070062
2287,0.027388444
2288,0.035281528
2289,0.031237638
2290,0.06825453
2291,0.05949034
2292,0.06491903
2293,0.087262884
2294,0.43282548
2295,0.23292048
2296,0.588236
2297,0.07071778
2298,0.016877359
2299,0.06610345
2300,0.07738218
2301,0.04755756
2302,0.4806525
2303,0.05194649
2304,0.034332085
2305,0.03463436
2306,0.042634867
2307,0.070215866
2308,0.4129443
2309,0.36167148
2310,0.49174973
2311,0.3884861
2312,0.07091822
2313,0.067892134
2314,0.24071649
2315,0.02726426
2316,0.07576111
2317,0.057959843
2318,0.043719567
2319,0.24347976
2320,0.24041536
2321,0.04739906
2322,0.21419032
2323,0.24201351
2324,0.060615845
2325,0.063904196
2326,0.060467415
2327,0.043326225
2328,0.012338509
2329,0.008870881
2330,0.014117471
2331,0.027700542
2332,0.047569737
2333,0.06106799
2334,0.061303433
2335,0.067418836
2336,0.3889241
2337,0.6483637
2338,0.424107
2339,0.23958415
2340,0.5017469
2341,0.060580697
2342,0.056816373
2343,0.057637483
2344,0.0683624
2345,0.068541296
2346,0.052389532
2347,0.026390178
2348,0.0052320436
2349,0.052679718
2350,0.068248294
2351,0.041952465
2352,0.06329702
2353,0.014399382
2354,0.034663063
2355,0.017952036
2356,0.022643885
2357,0.011750394
2358,0.030829981
2359,0.055663254
2360,0.04755756
2361,0.05977413
2362,0.23187065
2363,0.2249359
2364,0.36843175
2365,0.6447188
2366,0.6315109
2367,0.36630422
2368,0.06314523
2369,0.04218866
2370,0.019209724
2371,0.04314609
2372,0.06366111
2373,0.01409504
2374,0.008927187
2375,0.030532643
2376,0.49932897
2377,0.04291824
2378,0.016490633
2379,0.0509248
2380,0.043609023
2381,0.06247731
2382,0.034418903
2383,0.04394711
2384,0.042401507
2385,0.016397981
2386,0.020687042
2387,0.026494617
2388,0.060703386
2389,0.06472689
2390,0.5030932
2391,0.42428458
2392,0.06691342
2393,0.47121757
2394,0.3997689
2395,0.46077353
2396,0.06496342
2397,0.036037125
2398,0.03114246
2399,0.04362606
2400,0.03986897
2401,0.052096758
2402,0.48162463
2403,0.062135585
2404,0.2385706
2405,0.029450921
2406,0.062864415
2407,0.06544039
2408,0.067980506
2409,0.078289345
2410,0.042531036
2411,0.030350111
2412,0.038477123
2413,0.06844888
2414,0.48803332
2415,0.38640288
2416,0.52811927
2417,0.23515886
2418,0.43197745
2419,0.073978364
2420,0.060733225
2421,0.03796203
2422,0.011177515
2423,0.02632724
2424,0.01209165
2425,0.03641413
2426,0.029053913
2427,0.06745635
2428,0.06756591
2429,0.060293183
2430,0.24240027
2431,0.026527423
2432,0.05622151
2433,0.24133897
2434,0.037882455
2435,0.010488225
2436,0.010507993
2437,0.066070534
2438,0.066290885
2439,0.027525533
2440,0.21713103
2441,0.06284655
2442,0.055823024
2443,0.062108103
2444,0.061011434
2445,0.05995475
2446,0.034669887
2447,0.067422226
2448,0.063770756
2449,0.037963144
2450,0.026143104
2451,0.021510832
2452,0.06343659
2453,0.011854303
2454,0.018584764
2455,0.062303197
2456,0.0072365296
2457,0.03797995
2458,0.031248564
2459,0.06720881
2460,0.032270342
2461,0.040752694
2462,0.00839633
2463,0.037993938
2464,0.064809
2465,0.36662436
2466,0.3943607
2467,0.06287091
2468,0.045493312
2469,0.013676194
2470,0.05232066
2471,0.06972787
2472,0.013173922
2473,0.030062089
2474,0.014018553
2475,0.033411406
2476,0.019289507
2477,0.01366455
2478,0.028359273
2479,0.05615385
2480,0.0605736
2481,0.3905399
2482,0.013630576
2483,0.030885682
2484,0.05612581
2485,0.060273938
2486,0.24417755
2487,0.064131275
2488,0.012914827
2489,0.06686523
2490,0.014303905
2491,0.056688998
2492,0.21884082
2493,0.044612795
2494,0.015362499
2495,0.022554716
2496,0.012122906
2497,0.24384548
2498,0.026159756
2499,0.013690005
2500,0.025041869
2501,0.069788456
2502,0.052058488
2503,0.03543271
2504,0.01676001
2505,0.026502127
2506,0.050551955
2507,0.07514849
2508,0.02963624
2509,0.01802095
2510,0.027537776
2511,0.038516868
2512,0.050337903
2513,0.06758689
2514,0.052516878
2515,0.23376743
2516,0.06134395
2517,0.02754135
2518,0.04285624
2519,0.042718522
2520,0.030592013
2521,0.07016254
2522,0.017347101
2523,0.01670068
2524,0.060348704
2525,0.017109841
2526,0.061015144
2527,0.043317102
2528,0.010676341
2529,0.24488677
2530,0.5806401
2531,0.063397735
2532,0.060471516
2533,0.010564722
2534,0.061301608
2535,0.043366622
2536,0.039794445
2537,0.06193777
2538,0.06077903
2539,0.06218669
2540,0.6868671
2541,0.058826227
2542,0.014562977
2543,0.060923606
2544,0.059597395
2545,0.015265086
2546,0.03465769
2547,0.07608332
2548,0.50216925
2549,0.05633578
2550,0.07140507
2551,0.02524985
2552,0.057355843
2553,0.020538801
2554,0.059934534
2555,0.027522996
2556,0.023764377
2557,0.0050679287
2558,0.045643684
2559,0.048261378
2560,0.04835378
2561,0.016613908
2562,0.0641756
2563,0.03167934
2564,0.038288474
2565,0.01377256
2566,0.030935517
2567,0.0616953
2568,0.063206516
2569,0.01992056
2570,0.04715761
2571,0.48231328
2572,0.05269356
2573,0.0622508
2574,0.03568002
2575,0.03527648
2576,0.04307549
2577,0.043636687
2578,0.017846335
2579,0.021311663
2580,0.10682815
2581,0.026469901
2582,0.015519367
2583,0.043226473
2584,0.06145103
2585,0.018468808
2586,0.013828725
2587,0.063156195
2588,0.037713934
2589,0.024827244
2590,0.04313483
2591,0.39109728
2592,0.01858916
2593,0.009565767
2594,0.018866334
2595,0.014971986
2596,0.040295888
2597,0.012139268
2598,0.030272081
2599,0.07264739
2600,0.05094149
2601,0.014397051
2602,0.052487332
2603,0.06794598
2604,0.060421478
2605,0.057055198
2606,0.051785078
2607,0.045291312
2608,0.021360004
2609,0.052221946
2610,0.238881
2611,0.06664482
2612,0.010275453
2613,0.03115918
2614,0.013392208
2615,0.011943374
2616,0.015221349
2617,0.011867615
2618,0.018492835
2619,0.009735409
2620,0.014266483
2621,0.01879859
2622,0.022236954
2623,0.04704752
2624,0.043484002
2625,0.062799916
2626,0.009412322
2627,0.01007294
2628,0.06687506
2629,0.014928949
2630,0.0705893
2631,0.01628314
2632,0.009637676
2633,0.024935056
2634,0.017114436
2635,0.018127298
2636,0.008384808
2637,0.02629874
2638,0.011037162
2639,0.0144031765
2640,0.008265644
2641,0.05035491
2642,0.024841184
2643,0.04032796
2644,0.012880616
2645,0.044919297
2646,0.013361661
2647,0.012485487
2648,0.009975471
2649,0.06192723
2650,0.026155299
2651,0.043610074
2652,0.0084731495
2653,0.016663007
2654,0.03115732
2655,0.061958723
2656,0.012097601
2657,0.0107601555
2658,0.07019839
2659,0.052268714
2660,0.051818423
2661,0.020260561
2662,0.0061655208
2663,0.060358815
2664,0.020234343
2665,0.010567695
2666,0.059918426
2667,0.018276377
2668,0.061614472
2669,0.06832624
2670,0.021515219
2671,0.03042385
2672,0.030412508
2673,0.030833993
2674,0.026786257
2675,0.026451511
2676,0.008238598
2677,0.010604991
2678,0.01185262
2679,0.01299057
2680,0.0105162775
2681,0.030448789
2682,0.010184058
2683,0.01565639
2684,0.04811964
2685,0.06266607
2686,0.015590619
2687,0.043309208
2688,0.018143773
2689,0.013417564
2690,0.025040366
2691,0.027840666
2692,0.020043878
2693,0.036415778
2694,0.06212798
2695,0.06652074
2696,0.01812754
2697,0.060740426
2698,0.04457661
2699,0.02042811
2700,0.035558578
2701,0.04457481
2702,0.05570663
2703,0.04607955
2704,0.078429855
2705,0.05197773
2706,0.07052137
2707,0.038954157
2708,0.067717336
2709,0.11940514
2710,0.41200444
2711,0.020143298
2712,0.026927698
2713,0.045164336
2714,0.10144469
2715,0.103097536
2716,0.07579876
2717,0.09330376
2718,0.05903172
2719,0.028787414
2720,0.04398734
2721,0.013700752
2722,0.012529146
2723,0.231501
2724,0.031241914
2725,0.6213241
2726,0.082116835
2727,0.045726586
2728,0.23713395
2729,0.0604265
2730,0.009335473
2731,0.028173815
2732,0.044783585
2733,0.03562796
2734,0.017329086
2735,0.013531543
2736,0.08570281
2737,0.08599476
2738,0.46039203
2739,0.53446895
2740,0.044963997
2741,0.06551395
2742,0.08782642
2743,0.087906145
2744,0.008889427
2745,0.053051982
2746,0.04238954
2747,0.060373347
2748,0.029362125
2749,0.26967356
2750,0.08805001
2751,0.4245419
2752,0.44075248
2753,0.08964522
2754,0.27095512
2755,0.0083512915
2756,0.017284678
2757,0.05535189
2758,0.0980492
2759,0.05139274
2760,0.048607185
2761,0.03543242
2762,0.06477892
2763,0.0068996954
2764,0.07389577
2765,0.08480413
2766,0.073277324
2767,0.038808886
2768,0.06377175
2769,0.40637696
2770,0.04478862
2771,0.030982971
2772,0.055652056
2773,0.06553231
2774,0.0393072
2775,0.043407016
2776,0.055689096
2777,0.09597174
2778,0.047346663
2779,0.2652772
2780,0.038214736
2781,0.017345829
2782,0.01141283
2783,0.50243056
2784,0.0839635
2785,0.06643978
2786,0.2691974
2787,0.2696477
2788,0.06390033
2789,0.05089811
2790,0.013360713
2791,0.021966137
2792,0.021513911
2793,0.016076948
2794,0.0073388205
2795,0.035573296
2796,0.009739642
2797,0.067017436
2798,0.06925648
2799,0.07382086
2800,0.26107305
2801,0.2686506
2802,0.020300355
2803,0.044915654
2804,0.025348429
2805,0.034706384
2806,0.09305466
2807,0.043705296
2808,0.060467318
2809,0.0442968
2810,0.0829557
2811,0.5149111
2812,0.06706917
2813,0.019845366
2814,0.020782838
2815,0.041191734
2816,0.05507711
2817,0.027644657
2818,0.011209367
2819,0.08407325
2820,0.09658975
2821,0.07362255
2822,0.07599067
2823,0.054666776
2824,0.031599175
2825,0.03000934
2826,0.035054214
2827,0.06672641
2828,0.05116212
2829,0.06696831
2830,0.014003455
2831,0.035033762
2832,0.027675683
2833,0.017171975
2834,0.015923537
2835,0.024180548
2836,0.04029382
2837,0.017559031
2838,0.056272134
2839,0.26624104
2840,0.26223916
2841,0.042995878
2842,0.03911323
2843,0.03555744
2844,0.07274626
2845,0.060012564
2846,0.015304873
2847,0.053427294
2848,0.014657616
2849,0.03045022
2850,0.08165999
2851,0.026397372
2852,0.024183273
2853,0.032159314
2854,0.0070406683
2855,0.053873196
2856,0.055180978
2857,0.23536691
2858,0.07767002
2859,0.22780798
2860,0.053990815
2861,0.03945071
2862,0.018173473
2863,0.050921343
2864,0.044308335
2865,0.08737319
2866,0.044722036
2867,0.49762237
2868,0.07781009
2869,0.012424911
2870,0.07780545
2871,0.049633052
2872,0.04709344
2873,0.018540045
2874,0.054961763
2875,0.027772706
2876,0.012295207
2877,0.017745651
2878,0.018552322
2879,0.06396425
2880,0.044134732
2881,0.063209556
2882,0.053677354
2883,0.0736945
2884,0.23750079
2885,0.42354357
2886,0.05514712
2887,0.021560106
2888,0.06466552
2889,0.016123313
2890,0.03871183
2891,0.009382772
2892,0.025989518
2893,0.06584374
2894,0.052636646
2895,0.08413328
2896,0.040217713
2897,0.07420986
2898,0.038707852
2899,0.05284396
2900,0.035091814
2901,0.017468743
2902,0.018451741
2903,0.08787744
2904,0.01057448
2905,0.030970445
2906,0.05926309
2907,0.03140799
2908,0.011306675
2909,0.022540176
2910,0.036338978
2911,0.05352136
2912,0.060233198
2913,0.084293045
2914,0.06736124
2915,0.24728103
2916,0.08542816
2917,0.08857433
2918,0.012551938
2919,0.06662394
2920,0.049502876
2921,0.04042486
2922,0.06559821
2923,0.032518476
2924,0.045934126
2925,0.03650676
2926,0.04965491
2927,0.06748949
2928,0.03204653
2929,0.052927237
2930,0.02245051
2931,0.031219613
2932,0.017409232
2933,0.059391484
2934,0.014401897
2935,0.035712466
2936,0.078375794
2937,0.053415533
2938,0.087179445
2939,0.5612642
2940,0.067027695
2941,0.22291262
2942,0.053742018
2943,0.061311215
2944,0.05870745
2945,0.066304214
2946,0.049431495
2947,0.012694629
2948,0.01577524
2949,0.01913044
2950,0.26707205
2951,0.060090378
2952,0.06522953
2953,0.054701544
2954,0.06342011
2955,0.017996246
2956,0.027087368
2957,0.009342312
2958,0.020302825
2959,0.034995027
2960,0.10226808
2961,0.05504887
2962,0.04324231
2963,0.07488587
2964,0.65586406
2965,0.0653514
2966,0.013791891
2967,0.07759624
2968,0.05172339
2969,0.25381866
2970,0.100349545
2971,0.05506923
2972,0.023395315
2973,0.04470096
2974,0.073352315
2975,0.24714151
2976,0.039201684
2977,0.24673857
2978,0.06643224
2979,0.060387187
2980,0.014767419
2981,0.013639981
2982,0.015215951
2983,0.019275954
2984,0.048887882
2985,0.05515001
2986,0.014573067
2987,0.08276936
2988,0.2372543
2989,0.088166654
2990,0.06452632
2991,0.03140422
2992,0.0736207
2993,0.083712034
2994,0.25300148
2995,0.050540153
2996,0.010046355
2997,0.045929857
2998,0.020725917
2999,0.056065634
3000,0.65380424
3001,0.035719775
3002,0.072500795
3003,0.49733028
3004,0.24110113
3005,0.013356979
3006,0.016593855
3007,0.011089075
3008,0.038736474
3009,0.05071589
3010,0.07339869
3011,0.24722706
3012,0.062070172
3013,0.064387776
3014,0.2433137
3015,0.23730929
3016,0.08758491
3017,0.09681733
3018,0.4331085
3019,0.064508386
3020,0.0051459754
3021,0.018287776
3022,0.044757176
3023,0.066931024
3024,0.04963415
3025,0.10167204
3026,0.6674384
3027,0.0059255017
3028,0.040904544
3029,0.3821936
3030,0.014207949
3031,0.04494655
3032,0.26296055
3033,0.013101272
3034,0.0465041
3035,0.059986334
3036,0.016100649
3037,0.040572476
3038,0.099950664
3039,0.038513053
3040,0.061993733
3041,0.08549121
3042,0.088668086
3043,0.09972428
3044,0.4325153
3045,0.09768028
3046,0.027840128
3047,0.2514038
3048,0.22146347
3049,0.08632944
3050,0.65311956
3051,0.4492079
3052,0.2677308
3053,0.006642177
3054,0.02435768
3055,0.0875309
3056,0.01665037
3057,0.054930605
3058,0.019407336
3059,0.009879937
3060,0.0507636
3061,0.009065268
3062,0.010819224
3063,0.031530578
3064,0.051675882
3065,0.068123244
3066,0.06663682
3067,0.07444054
3068,0.06605545
3069,0.23675875
3070,0.073335454
3071,0.0281408
3072,0.077325635
3073,0.08715588
3074,0.01823687
3075,0.051773865
3076,0.72255325
3077,0.78473276
3078,0.62483686
3079,0.0066552805
3080,0.02687848
3081,0.06625961
3082,0.26357606
3083,0.06592519
3084,0.054612864
3085,0.00980113
3086,0.05037114
3087,0.055048708
3088,0.044315904
3089,0.011710938
3090,0.26233456
3091,0.017288169
3092,0.027875805
3093,0.07392244
3094,0.07560673
3095,0.045953415
3096,0.044399183
3097,0.08940854
3098,0.21436962
3099,0.025507817
3100,0.08474711
3101,0.07364169
3102,0.07329765
3103,0.6220163
3104,0.7699227
3105,0.6737916
3106,0.013951282
3107,0.20072782
3108,0.010233437
3109,0.10011792
3110,0.06800294
3111,0.25365093
3112,0.039024845
3113,0.06666827
3114,0.018287776
3115,0.068316214
3116,0.0741176
3117,0.23994738
3118,0.08216752
3119,0.4515833
3120,0.26685807
3121,0.08944487
3122,0.08895174
3123,0.064173564
3124,0.053452585
3125,0.077885695
3126,0.040336575
3127,0.03200135
3128,0.088979825
3129,0.088513255
3130,0.054799322
3131,0.07339261
3132,0.6645681
3133,0.69956535
3134,0.7962832
3135,0.08395789
3136,0.045051023
3137,0.088225745
3138,0.011374267
3139,0.101373345
3140,0.027128443
3141,0.017343087
3142,0.01676486
3143,0.033496264
3144,0.06631912
3145,0.044630617
3146,0.43333402
3147,0.5034116
3148,0.060127065
3149,0.06927072
3150,0.06653181
3151,0.09382903
3152,0.05803002
3153,0.23429482
3154,0.073886424
3155,0.035063773
3156,0.068404555
3157,0.074124806
3158,0.07209126
3159,0.043058395
3160,0.27881545
3161,0.42557952
3162,0.24309137
3163,0.06393146
3164,0.027028162
3165,0.0781338
3166,0.012271539
3167,0.059886087
3168,0.09958026
3169,0.029216744
3170,0.03952763
3171,0.04032549
3172,0.01634275
3173,0.018060565
3174,0.038426694
3175,0.040570367
3176,0.24599138
3177,0.6870351
3178,0.26293725
3179,0.25338346
3180,0.07975093
3181,0.088495776
3182,0.093501225
3183,0.54519415
3184,0.053297028
3185,0.028315682
3186,0.034859963
3187,0.031751353
3188,0.088595085
3189,0.082116835
3190,0.08552294
3191,0.11913022
3192,0.4253423
3193,0.24571918
3194,0.639662
3195,0.23751895
3196,0.017497703
3197,0.08395789
3198,0.09801215
3199,0.019575745
3200,0.050556436
3201,0.26622632
3202,0.053940203
3203,0.034717243
3204,0.034574956
3205,0.04212961
3206,0.22747259
3207,0.42049173
3208,0.26212516
3209,0.5323923
3210,0.26523522
3211,0.091297776
3212,0.088038206
3213,0.26157656
3214,0.018769266
3215,0.0269949
3216,0.09440903
3217,0.06107575
3218,0.04601846
3219,0.10276262
3220,0.26528767
3221,0.049574472
3222,0.47643733
3223,0.2657777
3224,0.065304995
3225,0.07750695
3226,0.065351985
3227,0.045670934
3228,0.0094292825
3229,0.02755577
3230,0.05024462
3231,0.06571162
3232,0.0663428
3233,0.08495086
3234,0.26336697
3235,0.60272974
3236,0.4183638
3237,0.40160653
3238,0.492429
3239,0.06638131
3240,0.059950948
3241,0.06258219
3242,0.087163806
3243,0.2522043
3244,0.05598774
3245,0.027435763
3246,0.054900635
3247,0.08839962
3248,0.07490489
3249,0.024454862
3250,0.014734293
3251,0.035826612
3252,0.01840512
3253,0.01941659
3254,0.01251157
3255,0.031401545
3256,0.0579683
3257,0.050615832
3258,0.063490845
3259,0.08662004
3260,0.24198098
3261,0.4083852
3262,0.67418903
3263,0.5518695
3264,0.26273653
3265,0.07713734
3266,0.043315414
3267,0.019308902
3268,0.046372548
3269,0.07712739
3270,0.014805006
3271,0.010484886
3272,0.03135517
3273,0.6488154
3274,0.04458661
3275,0.017227976
3276,0.052941557
3277,0.045200303
3278,0.07392506
3279,0.035961982
3280,0.044552635
3281,0.01724773
3282,0.04437331
3283,0.013012407
3284,0.014752562
3285,0.02694878
3286,0.06605482
3287,0.073961906
3288,0.47756603
3289,0.43070334
3290,0.08543308
3291,0.6008
3292,0.42533198
3293,0.48866773
3294,0.083424926
3295,0.03657588
3296,0.034651812
3297,0.044364586
3298,0.04239531
3299,0.034453034
3300,0.054837804
3301,0.45804027
3302,0.06641608
3303,0.26301596
3304,0.029128388
3305,0.07375879
3306,0.083594605
3307,0.08995316
3308,0.10046025
3309,0.04314152
3310,0.028075209
3311,0.008387801
3312,0.03934304
3313,0.08791915
3314,0.51612633
3315,0.42514238
3316,0.5408667
3317,0.096629545
3318,0.41372055
3319,0.09354801
3320,0.065385304
3321,0.04118985
3322,0.014728744
3323,0.02229011
3324,0.016817419
3325,0.035269137
3326,0.084781244
3327,0.088086456
3328,0.06585662
3329,0.099274516
3330,0.027586564
3331,0.060635876
3332,0.2596508
3333,0.038672395
3334,0.013688738
3335,0.010801337
3336,0.07898735
3337,0.088028386
3338,0.028127069
3339,0.079045914
3340,0.23816113
3341,0.05895519
3342,0.069168456
3343,0.02900695
3344,0.06634111
3345,0.06344213
3346,0.03492893
3347,0.08456664
3348,0.077331275
3349,0.03876203
3350,0.026538352
3351,0.00949494
3352,0.078494936
3353,0.012066763
3354,0.068085015
3355,0.038716663
3356,0.032203406
3357,0.22576337
3358,0.032710038
3359,0.04077714
3360,0.038486425
3361,0.08363984
3362,0.4016583
3363,0.41228327
3364,0.077526405
3365,0.011018275
3366,0.017632175
3367,0.029112546
3368,0.049416892
3369,0.05561505
3370,0.09022994
3371,0.013442278
3372,0.030332489
3373,0.015283912
3374,0.030531835
3375,0.018268302
3376,0.025742453
3377,0.059898127
3378,0.06629665
3379,0.40407917
3380,0.0132917
3381,0.016741931
3382,0.031291675
3383,0.059209213
3384,0.06616538
3385,0.26972932
3386,0.07879004
3387,0.012759627
3388,0.010786998
3389,0.08674732
3390,0.034868825
3391,0.014457525
3392,0.059784293
3393,0.08615204
3394,0.04670313
3395,0.018025149
3396,0.010390496
3397,0.26524195
3398,0.01401845
3399,0.025578791
3400,0.08873375
3401,0.05552766
3402,0.036344822
3403,0.017081115
3404,0.026730593
3405,0.05334358
3406,0.264502
3407,0.030680861
3408,0.01952869
3409,0.027785154
3410,0.039040014
3411,0.05293973
3412,0.08769432
3413,0.05499743
3414,0.08548209
3415,0.067501895
3416,0.028301474
3417,0.017626286
3418,0.04454144
3419,0.044951178
3420,0.027739365
3421,0.1010487
3422,0.017329887
3423,0.08238625
3424,0.017329887
3425,0.06496199
3426,0.044423446
3427,0.01396774
3428,0.011072317
3429,0.2649833
3430,0.6899844
3431,0.22440484
3432,0.067260176
3433,0.066291824
3434,0.044638284
3435,0.0414358
3436,0.068391375
3437,0.06345917
3438,0.07347219
3439,0.80741405
3440,0.063262925
3441,0.0638095
3442,0.06379922
3443,0.034925807
3444,0.09214792
3445,0.5049763
3446,0.060328167
3447,0.092721336
3448,0.025527578
3449,0.02095013
3450,0.06359531
3451,0.027566122
3452,0.023965437
3453,0.0040652636
3454,0.04815513
3455,0.050836686
3456,0.051395286
3457,0.01994075
3458,0.016699594
3459,0.083392136
3460,0.03523716
3461,0.039335556
3462,0.031789657
3463,0.06549424
3464,0.077959456
3465,0.020554442
3466,0.050247245
3467,0.5430459
3468,0.055774324
3469,0.07405613
3470,0.04424244
3471,0.03466721
3472,0.043304574
3473,0.0447163
3474,0.013067742
3475,0.26942056
3476,0.026547551
3477,0.006189608
3478,0.0072094393
3479,0.015283996
3480,0.044943523
3481,0.073046245
3482,0.019487815
3483,0.08219853
3484,0.03873692
3485,0.044780884
3486,0.26435718
3487,0.029950276
3488,0.019825311
3489,0.04160014
3490,0.009130797
3491,0.030510483
3492,0.09187132
3493,0.05356864
3494,0.0058403546
3495,0.01939669
3496,0.01513368
3497,0.0074266046
3498,0.054493777
3499,0.08913596
3500,0.06746201
3501,0.06307019
3502,0.055298515
3503,0.026940659
3504,0.04837839
3505,0.016707359
3506,0.05516986
3507,0.09357803
3508,0.08665268
3509,0.010103635
3510,0.031261012
3511,0.014346617
3512,0.015992897
3513,0.011716286
3514,0.01827097
3515,0.009368287
3516,0.011020703
3517,0.014533797
3518,0.014230738
3519,0.022406114
3520,0.05065862
3521,0.045664158
3522,0.07765069
3523,0.08896111
3524,0.101072505
3525,0.013293907
3526,0.025238512
3527,0.01181394
3528,0.016872402
3529,0.018292392
3530,0.008453091
3531,0.013776542
3532,0.03314661
3533,0.013272363
3534,0.014219957
3535,0.053338937
3536,0.03226527
3537,0.041267842
3538,0.04360131
3539,0.014758034
3540,0.012695549
3541,0.0740137
3542,0.026741095
3543,0.044489756
3544,0.011057038
3545,0.03169748
3546,0.012105355
3547,0.018146478
3548,0.06728502
3549,0.012252718
3550,0.0053309863
3551,0.011308799
3552,0.0999762
3553,0.052723363
3554,0.054759048
3555,0.055027813
3556,0.0190474
3557,0.065761216
3558,0.020576803
3559,0.010305553
3560,0.0052558156
3561,0.063773364
3562,0.014178434
3563,0.07301889
3564,0.01919915
3565,0.08809209
3566,0.016742673
3567,0.02944559
3568,0.026822433
3569,0.02708971
3570,0.012310822
3571,0.012246884
3572,0.01179241
3573,0.010504705
3574,0.010107126
3575,0.031485002
3576,0.010472697
3577,0.063909136
3578,0.050989285
3579,0.08390634
3580,0.023068925
3581,0.024534056
3582,0.01665784
3583,0.0148023935
3584,0.045273293
3585,0.018771833
3586,0.013517575
3587,0.025718858
3588,0.015994417
3589,0.03259569
3590,0.08215147
3591,0.08827178
3592,0.018236002
3593,0.06682141
3594,0.010096167
3595,0.04329572
3596,0.03509542
3597,0.04311382
3598,0.053316977
3599,0.03248545
3600,0.04466364
3601,0.042313658
3602,0.06806395
3603,0.044653974
3604,0.012723178
3605,0.03648083
3606,0.060449556
3607,0.03492499
3608,0.065154955
3609,0.38800332
3610,0.372577
3611,0.019145817
3612,0.044686284
3613,0.40736756
3614,0.06320593
3615,0.2432348
3616,0.06532464
3617,0.22740133
3618,0.05642729
3619,0.027374517
3620,0.056581598
3621,0.0151208015
3622,0.011936235
3623,0.2176688
3624,0.031665288
3625,0.5116725
3626,0.063785315
3627,0.0667995
3628,0.0574495
3629,0.027731258
3630,0.043988466
3631,0.034959536
3632,0.016699828
3633,0.013255035
3634,0.07105847
3635,0.067804426
3636,0.42420563
3637,0.52124715
3638,0.042580836
3639,0.063511334
3640,0.07208345
3641,0.23131147
3642,0.00859727
3643,0.051871955
3644,0.042283215
3645,0.057688124
3646,0.065370634
3647,0.41541964
3648,0.071405
3649,0.37963971
3650,0.46976715
3651,0.07390089
3652,0.4625757
3653,0.011692015
3654,0.053188957
3655,0.24922515
3656,0.04956624
3657,0.04649514
3658,0.03472831
3659,0.06088241
3660,0.026815014
3661,0.06675094
3662,0.07189822
3663,0.065110445
3664,0.033389695
3665,0.061164513
3666,0.24377024
3667,0.043328796
3668,0.031234616
3669,0.0519042
3670,0.053104326
3671,0.062481437
3672,0.030968897
3673,0.038784318
3674,0.04214209
3675,0.06694842
3676,0.026550742
3677,0.05395851
3678,0.074561164
3679,0.053006317
3680,0.24271423
3681,0.039433625
3682,0.010278949
3683,0.014178385
3684,0.017934356
3685,0.46125883
3686,0.06998133
3687,0.06281623
3688,0.080798015
3689,0.45934048
3690,0.0076904013
3691,0.060991514
3692,0.049330276
3693,0.012814709
3694,0.022980176
3695,0.021112643
3696,0.015752831
3697,0.007145321
3698,0.036193885
3699,0.005222553
3700,0.0636169
3701,0.0610388
3702,0.06554905
3703,0.24343841
3704,0.24673331
3705,0.020195214
3706,0.04320778
3707,0.031189855
3708,0.025213726
3709,0.035237942
3710,0.07002966
3711,0.018398799
3712,0.042781867
3713,0.057633676
3714,0.06890739
3715,0.46180403
3716,0.06368292
3717,0.020510478
3718,0.039497413
3719,0.052952196
3720,0.02791712
3721,0.07101216
3722,0.08302909
3723,0.06696853
3724,0.06907059
3725,0.052962635
3726,0.0367445
3727,0.031228572
3728,0.029824829
3729,0.03528082
3730,0.06326121
3731,0.0496876
3732,0.21111539
3733,0.013513049
3734,0.03503088
3735,0.027579939
3736,0.016919551
3737,0.015231958
3738,0.023767784
3739,0.040185057
3740,0.023016704
3741,0.05458771
3742,0.07665147
3743,0.24436544
3744,0.043106675
3745,0.038477175
3746,0.034276195
3747,0.066089876
3748,0.05722571
3749,0.015390593
3750,0.051950537
3751,0.014674217
3752,0.029979425
3753,0.06790134
3754,0.026608936
3755,0.023559066
3756,0.031298008
3757,0.052153207
3758,0.05293538
3759,0.07359471
3760,0.0669366
3761,0.070970386
3762,0.054125767
3763,0.03838938
3764,0.017916132
3765,0.04904728
3766,0.043535948
3767,0.072475515
3768,0.04340439
3769,0.47238564
3770,0.06961048
3771,0.019984283
3772,0.012349105
3773,0.0683442
3774,0.047599465
3775,0.04607236
3776,0.018471854
3777,0.016020877
3778,0.05372323
3779,0.011821663
3780,0.017718991
3781,0.018027866
3782,0.06106216
3783,0.044638187
3784,0.05992701
3785,0.052506458
3786,0.06817807
3787,0.22115237
3788,0.39018974
3789,0.053227115
3790,0.02139351
3791,0.061274514
3792,0.015422883
3793,0.03970565
3794,0.0639949
3795,0.049467895
3796,0.073440984
3797,0.040124606
3798,0.06680363
3799,0.038561102
3800,0.050743088
3801,0.016963888
3802,0.018052297
3803,0.07268748
3804,0.009417621
3805,0.031457238
3806,0.057406146
3807,0.010256055
3808,0.021914082
3809,0.034915935
3810,0.05075647
3811,0.057751168
3812,0.07106451
3813,0.06412036
3814,0.2293116
3815,0.071805835
3816,0.07313863
3817,0.012247537
3818,0.06298062
3819,0.04748121
3820,0.040304746
3821,0.06322624
3822,0.03168032
3823,0.020003961
3824,0.044712737
3825,0.037130985
3826,0.012186044
3827,0.048195776
3828,0.06391978
3829,0.031638067
3830,0.049645916
3831,0.022185264
3832,0.031319268
3833,0.057405133
3834,0.013468956
3835,0.03550865
3836,0.067895226
3837,0.051572558
3838,0.07206844
3839,0.53179353
3840,0.06341045
3841,0.06726448
3842,0.051392667
3843,0.058855258
3844,0.05689953
3845,0.06342672
3846,0.04663338
3847,0.00948961
3848,0.009280991
3849,0.018560374
3850,0.24284565
3851,0.057012282
3852,0.06252841
3853,0.05125616
3854,0.06104111
3855,0.01771735
3856,0.026387405
3857,0.00914643
3858,0.019359276
3859,0.035159726
3860,0.07813853
3861,0.05349336
3862,0.04338551
3863,0.06760644
3864,0.5788485
3865,0.062468708
3866,0.013688149
3867,0.21489955
3868,0.049542077
3869,0.07804356
3870,0.09909207
3871,0.053976458
3872,0.01888423
3873,0.04344344
3874,0.044493254
3875,0.06692268
3876,0.08155605
3877,0.039015308
3878,0.2293745
3879,0.062595166
3880,0.058249693
3881,0.014225961
3882,0.010495705
3883,0.019105807
3884,0.046058234
3885,0.053920735
3886,0.013996369
3887,0.071167745
3888,0.07506748
3889,0.07490781
3890,0.061611924
3891,0.031028258
3892,0.06692816
3893,0.067724586
3894,0.23477034
3895,0.048795067
3896,0.044301122
3897,0.053838626
3898,0.52053845
3899,0.035540275
3900,0.06584126
3901,0.24519406
3902,0.22405949
3903,0.017822197
3904,0.017848084
3905,0.015263637
3906,0.03850043
3907,0.04799407
3908,0.06097177
3909,0.23343772
3910,0.059074156
3911,0.061182752
3912,0.2306672
3913,0.07305886
3914,0.073214434
3915,0.07621105
3916,0.3889616
3917,0.061858453
3918,0.018792197
3919,0.0437687
3920,0.06358053
3921,0.04805514
3922,0.24470297
3923,0.5284243
3924,0.0059486898
3925,0.040561236
3926,0.36341104
3927,0.013877578
3928,0.042881526
3929,0.24418439
3930,0.01267453
3931,0.044824094
3932,0.058732767
3933,0.01567267
3934,0.039576814
3935,0.009813012
3936,0.24204853
3937,0.038561612
3938,0.059727326
3939,0.06842473
3940,0.072490975
3941,0.24125174
3942,0.41903552
3943,0.07718921
3944,0.027763944
3945,0.23472579
3946,0.06691011
3947,0.07171852
3948,0.61139506
3949,0.47064918
3950,0.2491672
3951,0.0060108155
3952,0.024310742
3953,0.073716536
3954,0.052665014
3955,0.026722297
3956,0.013081279
3957,0.016843894
3958,0.011860487
3959,0.049297955
3960,0.011076521
3961,0.032132734
3962,0.049740262
3963,0.064942405
3964,0.06336625
3965,0.06827119
3966,0.06461162
3967,0.22067985
3968,0.2138552
3969,0.027653417
3970,0.06884871
3971,0.23021406
3972,0.017848084
3973,0.04932961
3974,0.635746
3975,0.52925587
3976,0.5817932
3977,0.02797446
3978,0.06288638
3979,0.24500191
3980,0.062680155
3981,0.053610295
3982,0.009266504
3983,0.04999189
3984,0.05283646
3985,0.043207627
3986,0.011676727
3987,0.24525124
3988,0.016516725
3989,0.027915847
3990,0.06799127
3991,0.06635031
3992,0.044385366
3993,0.04272645
3994,0.07213552
3995,0.21090323
3996,0.025228227
3997,0.072380275
3998,0.06694642
3999,0.06748515
4000,0.52680767
4001,0.58991903
4002,0.5029041
4003,0.013849333
4004,0.1992419
4005,0.02682827
4006,0.07968729
4007,0.06397204
4008,0.23672839
4009,0.03850669
4010,0.06477177
4011,0.018079536
4012,0.06462118
4013,0.06725758
4014,0.22131741
4015,0.065822855
4016,0.42309973
4017,0.24722277
4018,0.07579575
4019,0.07203908
4020,0.06291782
4021,0.050817814
4022,0.06804167
4023,0.040039953
4024,0.031650785
4025,0.022148842
4026,0.07178388
4027,0.22016886
4028,0.053218544
4029,0.068001986
4030,0.023800353
4031,0.49362057
4032,0.64873904
4033,0.4496701
4034,0.071586564
4035,0.043516666
4036,0.07211834
4037,0.014666098
4038,0.077879496
4039,0.027763553
4040,0.017085342
4041,0.016075628
4042,0.032537036
4043,0.064226955
4044,0.04357654
4045,0.40196857
4046,0.48928115
4047,0.05677588
4048,0.066272974
4049,0.06250571
4050,0.2242294
4051,0.054876916
4052,0.2220244
4053,0.06762722
4054,0.034861796
4055,0.06375698
4056,0.066154286
4057,0.06716023
4058,0.042495016
4059,0.5245944
4060,0.36138064
4061,0.07908745
4062,0.06083077
4063,0.027178764
4064,0.069385976
4065,0.057191055
4066,0.077144094
4067,0.029402116
4068,0.038876597
4069,0.04020972
4070,0.017968465
4071,0.03849322
4072,0.040312607
4073,0.23118581
4074,0.561967
4075,0.24335699
4076,0.23164889
4077,0.06960161
4078,0.07437623
4079,0.22420155
4080,0.48292026
4081,0.05161637
4082,0.027821336
4083,0.034927577
4084,0.031437013
4085,0.07468663
4086,0.06541493
4087,0.06750028
4088,0.26487765
4089,0.24279514
4090,0.08449172
4091,0.6140305
4092,0.073313504
4093,0.017476838
4094,0.07188086
4095,0.08169765
4096,0.0194591
4097,0.048780914
4098,0.07424539
4099,0.05195907
4100,0.035076857
4101,0.034528967
4102,0.04197985
4103,0.075349435
4104,0.39280432
4105,0.24368303
4106,0.4557372
4107,0.41691956
4108,0.076811165
4109,0.070720956
4110,0.3913225
4111,0.013094517
4112,0.027427403
4113,0.08152446
4114,0.058399197
4115,0.044624936
4116,0.24541983
4117,0.24233036
4118,0.04844485
4119,0.51053494
4120,0.2425653
4121,0.062367316
4122,0.066858776
4123,0.06258026
4124,0.044190306
4125,0.010796716
4126,0.009034162
4127,0.01350705
4128,0.031566378
4129,0.048754163
4130,0.06353357
4131,0.06363388
4132,0.07100452
4133,0.42095092
4134,0.5334993
4135,0.3921885
4136,0.24122892
4137,0.54140455
4138,0.06393644
4139,0.057611797
4140,0.05917946
4141,0.07246116
4142,0.074543245
4143,0.053215716
4144,0.026763573
4145,0.05273961
4146,0.072873294
4147,0.016963888
4148,0.04189721
4149,0.06681355
4150,0.020233465
4151,0.03537852
4152,0.017853277
4153,0.011703988
4154,0.03122688
4155,0.057887822
4156,0.049076118
4157,0.061095517
4158,0.06480855
4159,0.06918194
4160,0.36333355
4161,0.5560552
4162,0.5540656
4163,0.40055278
4164,0.06830238
4165,0.0077340906
4166,0.042653233
4167,0.019079268
4168,0.044722587
4169,0.067274
4170,0.009200027
4171,0.032205917
4172,0.59998316
4173,0.043285526
4174,0.016932352
4175,0.0510337
4176,0.042848043
4177,0.06695596
4178,0.035781965
4179,0.044070955
4180,0.013492882
4181,0.027939832
4182,0.062819764
4183,0.06653454
4184,0.4824182
4185,0.39917013
4186,0.07121218
4187,0.48198235
4188,0.40490285
4189,0.4323829
4190,0.06848755
4191,0.03685738
4192,0.031604994
4193,0.035138294
4194,0.043525916
4195,0.041817125
4196,0.03445149
4197,0.053059634
4198,0.4911442
4199,0.06372285
4200,0.37213966
4201,0.029178422
4202,0.066613406
4203,0.07238242
4204,0.07387609
4205,0.083753735
4206,0.042195704
4207,0.027828509
4208,0.00845316
4209,0.039131697
4210,0.07405053
4211,0.5857779
4212,0.38189596
4213,0.55068904
4214,0.08394457
4215,0.39049348
4216,0.07850619
4217,0.062410943
4218,0.040803332
4219,0.012370162
4220,0.021385748
4221,0.015748471
4222,0.035182305
4223,0.07217378
4224,0.07236005
4225,0.06418608
4226,0.07788189
4227,0.02694415
4228,0.05771942
4229,0.24263754
4230,0.038232632
4231,0.010319761
4232,0.010211063
4233,0.06978941
4234,0.07295885
4235,0.02770564
4236,0.067866616
4237,0.22515433
4238,0.056592524
4239,0.066238984
4240,0.028638622
4241,0.063444555
4242,0.06123357
4243,0.035688415
4244,0.07151758
4245,0.067972995
4246,0.038551945
4247,0.026449017
4248,0.009763843
4249,0.06821633
4250,0.011805238
4251,0.06281925
4252,0.03833031
4253,0.03157002
4254,0.07075418
4255,0.032644067
4256,0.040449757
4257,0.017035518
4258,0.038525727
4259,0.06764917
4260,0.37376106
4261,0.48598966
4262,0.06857236
4263,0.013264678
4264,0.021266041
4265,0.018001253
4266,0.027421625
4267,0.047109008
4268,0.014311063
4269,0.053979978
4270,0.073549934
4271,0.013225381
4272,0.029948108
4273,0.013679336
4274,0.02996843
4275,0.018543778
4276,0.057645623
4277,0.06288638
4278,0.24361531
4279,0.013181449
4280,0.017240804
4281,0.031290624
4282,0.055929624
4283,0.063358516
4284,0.2462287
4285,0.06791122
4286,0.011947668
4287,0.071614
4288,0.034822896
4289,0.01399265
4290,0.057696793
4291,0.071661465
4292,0.045231435
4293,0.011835282
4294,0.016802313
4295,0.010173917
4296,0.24291737
4297,0.02500068
4298,0.076133765
4299,0.053312138
4300,0.036189612
4301,0.016809193
4302,0.026800394
4303,0.052527346
4304,0.24386048
4305,0.029931854
4306,0.017948927
4307,0.02772905
4308,0.03870367
4309,0.051423945
4310,0.23063959
4311,0.05291711
4312,0.23292403
4313,0.063783
4314,0.028176762
4315,0.043550972
4316,0.043346584
4317,0.028249938
4318,0.24389634
4319,0.017041286
4320,0.067599446
4321,0.016887976
4322,0.06284849
4323,0.043704063
4324,0.010744218
4325,0.24336769
4326,0.2943604
4327,0.06792593
4328,0.06367108
4329,0.06375875
4330,0.043338966
4331,0.040942453
4332,0.06529926
4333,0.061337743
4334,0.066726156
4335,0.56365097
4336,0.060662195
4337,0.06105999
4338,0.060226142
4339,0.035063356
4340,0.076812185
4341,0.44189182
4342,0.05781398
4343,0.07613498
4344,0.024792556
4345,0.05867682
4346,0.008727217
4347,0.020729966
4348,0.060960345
4349,0.027500598
4350,0.023817241
4351,0.04657914
4352,0.049036928
4353,0.022152845
4354,0.050548963
4355,0.016339853
4356,0.06808549
4357,0.034929942
4358,0.03142997
4359,0.062348776
4360,0.06747047
4361,0.019962253
4362,0.048673883
4363,0.5764467
4364,0.053514846
4365,0.06503225
4366,0.04383593
4367,0.03507963
4368,0.042895794
4369,0.04336137
4370,0.016017362
4371,0.48138562
4372,0.027507978
4373,0.003640163
4374,0.015282593
4375,0.043373596
4376,0.06764189
4377,0.017809076
4378,0.067805
4379,0.038376853
4380,0.025511606
4381,0.0063593485
4382,0.043259777
4383,0.41132855
4384,0.026883828
4385,0.018994186
4386,0.017762503
4387,0.01873847
4388,0.04170101
4389,0.009934419
4390,0.030516246
4391,0.07947589
4392,0.052188583
4393,0.0114798695
4394,0.01339197
4395,0.014501573
4396,0.052763168
4397,0.07177747
4398,0.06358792
4399,0.059055224
4400,0.05333905
4401,0.026753765
4402,0.04668691
4403,0.016645128
4404,0.053299632
4405,0.07216561
4406,0.072515614
4407,0.010028953
4408,0.0099319955
4409,0.031476654
4410,0.013220094
4411,0.015382201
4412,0.018238287
4413,0.008747435
4414,0.015825452
4415,0.014064255
4416,0.013900201
4417,0.021938864
4418,0.049916938
4419,0.045958173
4420,0.06850636
4421,0.0726242
4422,0.07825918
4423,0.00948961
4424,0.025758483
4425,0.018373735
4426,0.016692162
4427,0.01794993
4428,0.013662632
4429,0.012020023
4430,0.013439197
4431,0.008289144
4432,0.05261846
4433,0.040868796
4434,0.043500103
4435,0.013489366
4436,0.01280815
4437,0.0092538735
4438,0.065836735
4439,0.026337976
4440,0.043346085
4441,0.008175432
4442,0.010739527
4443,0.031227589
4444,0.015484065
4445,0.06323821
4446,0.010981503
4447,0.0101259155
4448,0.07743907
4449,0.050951622
4450,0.0534301
4451,0.05333207
4452,0.06312737
4453,0.02120635
4454,0.010468073
4455,0.0067134146
4456,0.061559074
4457,0.013891457
4458,0.06764189
4459,0.008401804
4460,0.07383707
4461,0.016204445
4462,0.026546288
4463,0.026383683
4464,0.009133275
4465,0.011701383
4466,0.031279758
4467,0.010095347
4468,0.010983417
4469,0.061879218
4470,0.04951353
4471,0.03131027
4472,0.06982144
4473,0.01712574
4474,0.023622654
4475,0.006163932
4476,0.014464266
4477,0.0431807
4478,0.017940115
4479,0.0129741
4480,0.02598371
4481,0.03197796
4482,0.0163255
4483,0.010527306
4484,0.015536658
4485,0.029821418
4486,0.06642929
4487,0.07266809
4488,0.018334573
4489,0.06451233
4490,0.022679133
4491,0.01893383
4492,0.043947246
4493,0.021091754
4494,0.0355344
4495,0.044130005
4496,0.054533552
4497,0.014587376
4498,0.032738823
4499,0.045382343
4500,0.042519268
4501,0.06859065
4502,0.045019664
4503,0.03654536
4504,0.044070452
4505,0.06431717
4506,0.044556122
4507,0.23277162
4508,0.40091738
4509,0.02733613
4510,0.04529831
4511,0.24283268
4512,0.06342708
4513,0.07868549
4514,0.06597199
4515,0.12370056
4516,0.057554457
4517,0.06708036
4518,0.013959387
4519,0.039960895
4520,0.22229758
4521,0.031343743
4522,0.5067855
4523,0.06980885
4524,0.06656551
4525,0.058384355
4526,0.028276091
4527,0.04420816
4528,0.03539214
4529,0.017946985
4530,0.014432199
4531,0.22174887
4532,0.06942763
4533,0.45175672
4534,0.43206748
4535,0.04501506
4536,0.06308118
4537,0.07484283
4538,0.07171977
4539,0.052357484
4540,0.042631917
4541,0.05819716
4542,0.065553546
4543,0.46436876
4544,0.22043413
4545,0.06836162
4546,0.48171797
4547,0.22184853
4548,0.48913783
4549,0.054086562
4550,0.24943571
4551,0.04999403
4552,0.04766607
4553,0.035082623
4554,0.062176086
4555,0.026984233
4556,0.21671557
4557,0.07191568
4558,0.06689721
4559,0.039319187
4560,0.061867155
4561,0.0784107
4562,0.031468283
4563,0.05292908
4564,0.05515859
4565,0.06283119
4566,0.031869862
4567,0.040915783
4568,0.04349673
4569,0.06680417
4570,0.027435543
4571,0.053704787
4572,0.23732978
4573,0.05346553
4574,0.24458928
4575,0.04437078
4576,0.023116782
4577,0.009411967
4578,0.015242436
4579,0.43432954
4580,0.0718674
4581,0.016862307
4582,0.063024476
4583,0.07784753
4584,0.43374673
4585,0.0074568386
4586,0.06268887
4587,0.04849091
4588,0.014190373
4589,0.016250307
4590,0.03595533
4591,0.006386255
4592,0.061917573
4593,0.061880846
4594,0.06728909
4595,0.2439858
4596,0.48222652
4597,0.01776108
4598,0.021105971
4599,0.04489252
4600,0.011494501
4601,0.0101038935
4602,0.026063668
4603,0.03473673
4604,0.073192455
4605,0.019358305
4606,0.043587614
4607,0.058531
4608,0.027481481
4609,0.06667823
4610,0.43876955
4611,0.06293596
4612,0.018540232
4613,0.021169765
4614,0.0420925
4615,0.05270942
4616,0.01996262
4617,0.029052017
4618,0.015200224
4619,0.072115004
4620,0.23811677
4621,0.06835591
4622,0.07022635
4623,0.054116406
4624,0.03619605
4625,0.031490766
4626,0.030258588
4627,0.035067394
4628,0.06296344
4629,0.050281413
4630,0.21701029
4631,0.014815104
4632,0.035449732
4633,0.027712265
4634,0.018049644
4635,0.016341683
4636,0.024462314
4637,0.04086967
4638,0.024703784
4639,0.057690755
4640,0.07317636
4641,0.24431704
4642,0.043533467
4643,0.03891914
4644,0.038845316
4645,0.068503045
4646,0.05841539
4647,0.015027158
4648,0.052189693
4649,0.015592912
4650,0.030695435
4651,0.01145073
4652,0.067146465
4653,0.026987955
4654,0.024967026
4655,0.031497084
4656,0.0537467
4657,0.05455635
4658,0.22511858
4659,0.067147404
4660,0.22302306
4661,0.05382577
4662,0.039191473
4663,0.01846397
4664,0.049122356
4665,0.043577217
4666,0.073404446
4667,0.043913048
4668,0.5411341
4669,0.2197038
4670,0.021136228
4671,0.0679317
4672,0.0486122
4673,0.046594623
4674,0.018848188
4675,0.016746324
4676,0.010620386
4677,0.054663952
4678,0.012720274
4679,0.018048182
4680,0.018753665
4681,0.06214716
4682,0.04343235
4683,0.061039947
4684,0.051801812
4685,0.06726771
4686,0.2221273
4687,0.42757568
4688,0.054123506
4689,0.02207955
4690,0.06153405
4691,0.01617153
4692,0.038769484
4693,0.06305717
4694,0.05013286
4695,0.072953634
4696,0.040749475
4697,0.066625
4698,0.0393285
4699,0.05146616
4700,0.017749634
4701,0.018767435
4702,0.074380405
4703,0.011499819
4704,0.031874157
4705,0.057061117
4706,0.03147696
4707,0.011282327
4708,0.023064943
4709,0.03554301
4710,0.051477805
4711,0.058649167
4712,0.072115004
4713,0.060792875
4714,0.23310657
4715,0.07141806
4716,0.07410093
4717,0.012906464
4718,0.06335017
4719,0.012969588
4720,0.04820444
4721,0.041002285
4722,0.063994326
4723,0.0318696
4724,0.020746896
4725,0.04498775
4726,0.036595274
4727,0.013423775
4728,0.04837331
4729,0.0634398
4730,0.03172242
4731,0.050572913
4732,0.008623384
4733,0.023059966
4734,0.031692304
4735,0.058923356
4736,0.014386665
4737,0.035647146
4738,0.068818994
4739,0.05246011
4740,0.073221974
4741,0.54636407
4742,0.06330182
4743,0.0685402
4744,0.0525255
4745,0.059469793
4746,0.057747755
4747,0.06344516
4748,0.048046794
4749,0.010784672
4750,0.01988487
4751,0.24474788
4752,0.05688005
4753,0.06278016
4754,0.05176471
4755,0.062395804
4756,0.018717965
4757,0.026566615
4758,0.0113806985
4759,0.022819536
4760,0.020228246
4761,0.035757214
4762,0.07516898
4763,0.0545115
4764,0.043947954
4765,0.06730776
4766,0.60752445
4767,0.06327741
4768,0.2199544
4769,0.04955982
4770,0.2386302
4771,0.07502484
4772,0.054542255
4773,0.045332324
4774,0.044899072
4775,0.067343675
4776,0.23097232
4777,0.03976643
4778,0.07483302
4779,0.063664
4780,0.05828421
4781,0.015662756
4782,0.019918958
4783,0.046369508
4784,0.05445372
4785,0.015028653
4786,0.070923045
4787,0.0763434
4788,0.07413638
4789,0.06290374
4790,0.032003086
4791,0.06743102
4792,0.06881885
4793,0.23666136
4794,0.04988698
4795,0.04500432
4796,0.021392742
4797,0.010597304
4798,0.054678287
4799,0.4934637
4800,0.03612266
4801,0.06292728
4802,0.47210112
4803,0.22807507
4804,0.013398615
4805,0.018763375
4806,0.038634725
4807,0.048810214
4808,0.059933405
4809,0.2356972
4810,0.05997657
4811,0.061857592
4812,0.22981499
4813,0.07534457
4814,0.07351234
4815,0.07450819
4816,0.24481256
4817,0.062346753
4818,0.04488893
4819,0.063065216
4820,0.04858935
4821,0.24389017
4822,0.5228941
4823,0.006755026
4824,0.04131736
4825,0.42109516
4826,0.014465304
4827,0.04408713
4828,0.24270496
4829,0.016118355
4830,0.0136006335
4831,0.04524774
4832,0.058558606
4833,0.017137414
4834,0.04058157
4835,0.24391219
4836,0.03871695
4837,0.059964497
4838,0.06979856
4839,0.073830575
4840,0.07495525
4841,0.40267208
4842,0.24331014
4843,0.08378111
4844,0.21978118
4845,0.07214286
4846,0.52094716
4847,0.42513135
4848,0.24726671
4849,0.0067757783
4850,0.025490966
4851,0.07416036
4852,0.05434049
4853,0.007148327
4854,0.01274371
4855,0.011499787
4856,0.049398877
4857,0.011987354
4858,0.03199594
4859,0.050466914
4860,0.06278378
4861,0.06337966
4862,0.06748486
4863,0.06256366
4864,0.22585438
4865,0.06778425
4866,0.027807834
4867,0.06887686
4868,0.073312946
4869,0.018677225
4870,0.049892887
4871,0.68711174
4872,0.6600209
4873,0.60433257
4874,0.006630804
4875,0.028011454
4876,0.06349841
4877,0.24809828
4878,0.063140005
4879,0.05357396
4880,0.009997885
4881,0.049033124
4882,0.05407078
4883,0.04422426
4884,0.012615611
4885,0.24307875
4886,0.0174601
4887,0.028331934
4888,0.0686967
4889,0.067342654
4890,0.04533466
4891,0.04437811
4892,0.07286397
4893,0.21466322
4894,0.025611201
4895,0.07214479
4896,0.06680864
4897,0.0678055
4898,0.5516908
4899,0.5254124
4900,0.6204725
4901,0.01451599
4902,0.051394098
4903,0.027567962
4904,0.010039511
4905,0.078497626
4906,0.06410277
4907,0.23658016
4908,0.038427338
4909,0.062186766
4910,0.018823039
4911,0.06440666
4912,0.0679903
4913,0.07674258
4914,0.06759968
4915,0.4904078
4916,0.24458842
4917,0.07483925
4918,0.07363408
4919,0.06271453
4920,0.051620163
4921,0.06827178
4922,0.04093021
4923,0.0319904
4924,0.07201894
4925,0.07271493
4926,0.053908326
4927,0.06675542
4928,0.024482658
4929,0.63454556
4930,0.52555186
4931,0.48876476
4932,0.07126431
4933,0.044472873
4934,0.22145323
4935,0.07784107
4936,0.027636029
4937,0.017739778
4938,0.017165532
4939,0.033264935
4940,0.06305314
4941,0.044248924
4942,0.40645114
4943,0.61503136
4944,0.05732713
4945,0.0642797
4946,0.062979475
4947,0.080814265
4948,0.057045016
4949,0.22396065
4950,0.21908915
4951,0.03575633
4952,0.06373173
4953,0.06719666
4954,0.067181416
4955,0.043373812
4956,0.0222864
4957,0.5049376
4958,0.41581464
4959,0.2327987
4960,0.06072408
4961,0.027467648
4962,0.06821907
4963,0.012749928
4964,0.05819716
4965,0.07724366
4966,0.029839998
4967,0.039561756
4968,0.041065652
4969,0.016872207
4970,0.018730002
4971,0.038583394
4972,0.04077278
4973,0.37629995
4974,0.6871491
4975,0.24317904
4976,0.23596586
4977,0.06794682
4978,0.07418885
4979,0.077931285
4980,0.44136104
4981,0.05196601
4982,0.028155835
4983,0.035169873
4984,0.031268436
4985,0.07549133
4986,0.22338282
4987,0.069582365
4988,0.088278726
4989,0.24386278
4990,0.07983168
4991,0.5784987
4992,0.074202366
4993,0.017351951
4994,0.072060995
4995,0.0828744
4996,0.019985685
4997,0.04920424
4998,0.07034942
4999,0.05279545
5000,0.034806482
5001,0.03479326
5002,0.042765055
5003,0.07687369
5004,0.40639177
5005,0.24638009
5006,0.43784627
5007,0.24380744
5008,0.0766277
5009,0.0731855
5010,0.24355552
5011,0.026987955
5012,0.081944734
5013,0.05952856
5014,0.045474105
5015,0.24368964
5016,0.24436623
5017,0.049184572
5018,0.44778252
5019,0.24304701
5020,0.063047856
5021,0.069291934
5022,0.06310004
5023,0.04414679
5024,0.009592409
5025,0.014299505
5026,0.028547863
5027,0.049011044
5028,0.06319469
5029,0.0632116
5030,0.072118215
5031,0.09802741
5032,0.56315297
5033,0.4219367
5034,0.24336363
5035,0.5422843
5036,0.06331916
5037,0.019533921
5038,0.058758225
5039,0.06061433
5040,0.22282232
5041,0.07292019
5042,0.054827336
5043,0.027272057
5044,0.05446482
5045,0.0759729
5046,0.017746754
5047,0.04251555
5048,0.06933114
5049,0.02107772
5050,0.035518143
5051,0.019181002
5052,0.01274371
5053,0.031573188
5054,0.05768951
5055,0.0493721
5056,0.061396122
5057,0.23115262
5058,0.06911206
5059,0.4183621
5060,0.66086197
5061,0.52610755
5062,0.3976337
5063,0.06960236
5064,0.007139634
5065,0.042601608
5066,0.019804394
5067,0.04485073
5068,0.068324685
5069,0.0101706395
5070,0.03138123
5071,0.4879077
5072,0.04421321
5073,0.017701246
5074,0.05203402
5075,0.044081282
5076,0.067798704
5077,0.035720974
5078,0.04419069
5079,0.017316783
5080,0.014258921
5081,0.014784223
5082,0.02774324
5083,0.0628979
5084,0.06739962
5085,0.5451375
5086,0.3867015
5087,0.073848486
5088,0.49261266
5089,0.39011517
5090,0.50586814
5091,0.069784254
5092,0.031930752
5093,0.035267554
5094,0.044090696
5095,0.041410875
5096,0.053984087
5097,0.49298936
5098,0.21183522
5099,0.24544175
5100,0.029743401
5101,0.067830265
5102,0.071651444
5103,0.07327611
5104,0.083268024
5105,0.043356728
5106,0.02846406
5107,0.009854251
5108,0.039656036
5109,0.07522565
5110,0.5740292
5111,0.40718642
5112,0.47090352
5113,0.23584384
5114,0.24259028
5115,0.07945139
5116,0.0637156
5117,0.041222602
5118,0.013224175
5119,0.022181494
5120,0.036029283
5121,0.029684406
5122,0.07412138
5123,0.07412542
5124,0.06452246
5125,0.07573523
5126,0.028007733
5127,0.058136586
5128,0.41048807
5129,0.0388316
5130,0.011081995
5131,0.011137527
5132,0.0689835
5133,0.07347663
5134,0.028820569
5135,0.21997339
5136,0.06752327
5137,0.057453718
5138,0.06504421
5139,0.02964565
5140,0.063026175
5141,0.062863484
5142,0.03524556
5143,0.072000384
5144,0.06951313
5145,0.03866719
5146,0.027180951
5147,0.010728103
5148,0.21577102
5149,0.012585647
5150,0.01941336
5151,0.06277778
5152,0.038986616
5153,0.031873737
5154,0.07192006
5155,0.033091214
5156,0.04142698
5157,0.009442911
5158,0.039049156
5159,0.070286006
5160,0.10912771
5161,0.4898367
5162,0.06826384
5163,0.027579552
5164,0.047425147
5165,0.052951485
5166,0.0742509
5167,0.013939374
5168,0.03108167
5169,0.014784885
5170,0.030710151
5171,0.018674495
5172,0.017978221
5173,0.057673883
5174,0.06437407
5175,0.40209356
5176,0.0142381415
5177,0.017272322
5178,0.031754926
5179,0.05713067
5180,0.06292875
5181,0.4620013
5182,0.070320055
5183,0.011137031
5184,0.072058305
5185,0.036045507
5186,0.0155402385
5187,0.05805627
5188,0.07239504
5189,0.046579644
5190,0.018079093
5191,0.07693288
5192,0.03380941
5193,0.014537047
5194,0.025341809
5195,0.07478465
5196,0.053561293
5197,0.0358111
5198,0.0177003
5199,0.027243325
5200,0.051938288
5201,0.24258181
5202,0.030503666
5203,0.018485414
5204,0.028400354
5205,0.039613914
5206,0.052414633
5207,0.23676953
5208,0.05367558
5209,0.07084481
5210,0.062234472
5211,0.028418971
5212,0.044345632
5213,0.044579063
5214,0.0278131
5215,0.077838846
5216,0.017669942
5217,0.017808698
5218,0.07000259
5219,0.017996022
5220,0.06315831
5221,0.044673357
5222,0.010136279
5223,0.011353247
5224,0.24066491
5225,0.5867433
5226,0.06746391
5227,0.0630604
5228,0.012717576
5229,0.063112035
5230,0.044367623
5231,0.041292667
5232,0.06434456
5233,0.061907228
5234,0.06721671
5235,0.52111614
5236,0.017626762
5237,0.06095797
5238,0.016840361
5239,0.06225521
5240,0.0622401
5241,0.023180427
5242,0.035888284
5243,0.07720474
5244,0.45125934
5245,0.058007788
5246,0.07797594
5247,0.017415656
5248,0.05942331
5249,0.021192977
5250,0.0616742
5251,0.02723177
5252,0.024737831
5253,0.047399703
5254,0.050625682
5255,0.027217034
5256,0.018733034
5257,0.050416894
5258,0.017369447
5259,0.06895799
5260,0.03515395
5261,0.0144387
5262,0.032065827
5263,0.06330022
5264,0.06819168
5265,0.020592796
5266,0.050677277
5267,0.5659842
5268,0.05413671
5269,0.06575194
5270,0.04317058
5271,0.044096824
5272,0.016931165
5273,0.47843176
5274,0.026936522
5275,0.015983546
5276,0.044236735
5277,0.06666413
5278,0.020129016
5279,0.06747979
5280,0.039085746
5281,0.025820123
5282,0.04452792
5283,0.38918746
5284,0.019425053
5285,0.007587944
5286,0.019663539
5287,0.013262505
5288,0.041109275
5289,0.014878571
5290,0.032059014
5291,0.07952468
5292,0.052853618
5293,0.014972566
5294,0.0156152565
5295,0.053768277
5296,0.07253995
5297,0.06405147
5298,0.05956768
5299,0.054318525
5300,0.027488286
5301,0.047198165
5302,0.017372817
5303,0.05531734
5304,0.23763181
5305,0.07283191
5306,0.0076473067
5307,0.031855904
5308,0.014202523
5309,0.013073493
5310,0.016147036
5311,0.013346708
5312,0.01829618
5313,0.00937173
5314,0.010035424
5315,0.01496444
5316,0.014610218
5317,0.02265676
5318,0.048965905
5319,0.04506587
5320,0.06939477
5321,0.0068494226
5322,0.01502815
5323,0.010975188
5324,0.07539757
5325,0.009778305
5326,0.07726842
5327,0.012257622
5328,0.021048443
5329,0.025590064
5330,0.012707874
5331,0.013586633
5332,0.017511988
5333,0.018761082
5334,0.030869512
5335,0.013995018
5336,0.015159491
5337,0.05283558
5338,0.02736014
5339,0.04127899
5340,0.043554682
5341,0.014276222
5342,0.009774586
5343,0.06774554
5344,0.027287183
5345,0.044105273
5346,0.032435745
5347,0.015725719
5348,0.063710794
5349,0.011881952
5350,0.011435931
5351,0.073943436
5352,0.052520365
5353,0.053887967
5354,0.054292835
5355,0.014965168
5356,0.062809385
5357,0.021308003
5358,0.011141397
5359,0.06366089
5360,0.014798113
5361,0.06710145
5362,0.07491365
5363,0.017362192
5364,0.026167901
5365,0.03216192
5366,0.027453082
5367,0.027177036
5368,0.012560846
5369,0.012772444
5370,0.010368187
5371,0.031675033
5372,0.010907025
5373,0.012553042
5374,0.062188394
5375,0.0507067
5376,0.03168988
5377,0.007981084
5378,0.0072654923
5379,0.06887418
5380,0.017797291
5381,0.015164326
5382,0.015313157
5383,0.04439422
5384,0.020129016
5385,0.013871314
5386,0.026212802
5387,0.016398478
5388,0.03232795
5389,0.011655147
5390,0.01610377
5391,0.030214585
5392,0.065523535
5393,0.07292846
5394,0.018844487
5395,0.06233946
5396,0.01383838
5397,0.019625725
5398,0.011381784
5399,0.020680618
5400,0.044944994
5401,0.027342366
5402,0.044073425
5403,0.053700984
5404,0.014127948
5405,0.030901933
5406,0.04518077
5407,0.042016126
5408,0.067491755
5409,0.044672567
5410,0.057748526
5411,0.043539077
5412,0.06363978
5413,0.39265147
5414,0.39140534
5415,0.027111562
5416,0.044665426
5417,0.2452401
5418,0.061397966
5419,0.24047303
5420,0.066746555
5421,0.07824779
5422,0.056664668
5423,0.067627
5424,0.013983521
5425,0.039047785
5426,0.024171334
5427,0.012650732
5428,0.22192845
5429,0.031731755
5430,0.5047516
5431,0.06904059
5432,0.044218857
5433,0.22470482
5434,0.057127014
5435,0.028278835
5436,0.022566926
5437,0.044072423
5438,0.035188522
5439,0.014375976
5440,0.22432737
5441,0.06746405
5442,0.44910476
5443,0.45707792
5444,0.0629674
5445,0.070781164
5446,0.07263769
5447,0.010055529
5448,0.00921495
5449,0.052554585
5450,0.04241779
5451,0.057505492
5452,0.064434774
5453,0.40848693
5454,0.07088075
5455,0.23295331
5456,0.5197545
5457,0.22510643
5458,0.026986081
5459,0.44702038
5460,0.053764693
5461,0.24546799
5462,0.04966981
5463,0.046562888
5464,0.034735262
5465,0.061708473
5466,0.06759391
5467,0.06953102
5468,0.038634818
5469,0.061996065
5470,0.3585562
5471,0.043700833
5472,0.03101728
5473,0.0521494
5474,0.05352966
5475,0.06276265
5476,0.03131016
5477,0.038958352
5478,0.04291619
5479,0.06729406
5480,0.027297184
5481,0.05395887
5482,0.23745279
5483,0.053656757
5484,0.24415591
5485,0.05193518
5486,0.03943128
5487,0.024506273
5488,0.015172719
5489,0.024709791
5490,0.4354403
5491,0.06313968
5492,0.082208164
5493,0.24806088
5494,0.0069769453
5495,0.061514467
5496,0.048950505
5497,0.021717584
5498,0.016332293
5499,0.008593312
5500,0.035640195
5501,0.0060174405
5502,0.0610575
5503,0.06124966
5504,0.06741239
5505,0.24375615
5506,0.24850693
5507,0.017823443
5508,0.021126658
5509,0.04436282
5510,0.009911853
5511,0.031265847
5512,0.025411868
5513,0.03439745
5514,0.2366795
5515,0.019251924
5516,0.04303094
5517,0.011284536
5518,0.057825394
5519,0.044006247
5520,0.22707605
5521,0.4436179
5522,0.06259691
5523,0.019160066
5524,0.021065889
5525,0.040515415
5526,0.052930754
5527,0.02242913
5528,0.028101379
5529,0.013398628
5530,0.070663445
5531,0.23738442
5532,0.06659734
5533,0.06743222
5534,0.053866673
5535,0.03549589
5536,0.031326015
5537,0.030246345
5538,0.03502149
5539,0.06373408
5540,0.049596477
5541,0.21235088
5542,0.015719742
5543,0.035503384
5544,0.027816584
5545,0.01792351
5546,0.015433453
5547,0.0293051
5548,0.040517528
5549,0.021018375
5550,0.023542771
5551,0.0574071
5552,0.07866883
5553,0.07831104
5554,0.043219443
5555,0.03852661
5556,0.03706954
5557,0.06477905
5558,0.05823449
5559,0.014872987
5560,0.051779617
5561,0.030244594
5562,0.010062302
5563,0.0658354
5564,0.026957493
5565,0.024421975
5566,0.03272587
5567,0.053144
5568,0.053742893
5569,0.07270582
5570,0.06812054
5571,0.22478385
5572,0.053317416
5573,0.038601216
5574,0.018832885
5575,0.049244925
5576,0.04404315
5577,0.07304499
5578,0.0433095
5579,0.5511742
5580,0.06816668
5581,0.068301536
5582,0.047892213
5583,0.045567412
5584,0.01900191
5585,0.01683762
5586,0.010568047
5587,0.0135824885
5588,0.053225677
5589,0.019804815
5590,0.012499114
5591,0.017800024
5592,0.018695356
5593,0.061867032
5594,0.04332628
5595,0.060292054
5596,0.05125888
5597,0.06749591
5598,0.22207403
5599,0.3858334
5600,0.05362727
5601,0.021845989
5602,0.06177276
5603,0.016197463
5604,0.038207997
5605,0.06305851
5606,0.04982883
5607,0.07065456
5608,0.040755782
5609,0.066196784
5610,0.03848102
5611,0.05087482
5612,0.034572557
5613,0.01735183
5614,0.07266871
5615,0.011015115
5616,0.031204699
5617,0.057009056
5618,0.031291198
5619,0.010989494
5620,0.023590548
5621,0.03477553
5622,0.050892666
5623,0.057653274
5624,0.07087688
5625,0.063122615
5626,0.23444133
5627,0.07103723
5628,0.0732125
5629,0.012768601
5630,0.062629096
5631,0.012481752
5632,0.048248794
5633,0.040645156
5634,0.062831454
5635,0.0320102
5636,0.02040578
5637,0.04459053
5638,0.036200494
5639,0.047896214
5640,0.064137205
5641,0.04980975
5642,0.010733237
5643,0.022625463
5644,0.031244667
5645,0.0581012
5646,0.035253443
5647,0.06742129
5648,0.051506113
5649,0.07351822
5650,0.5237642
5651,0.06216068
5652,0.068129405
5653,0.052451994
5654,0.20702574
5655,0.05717498
5656,0.062919796
5657,0.04831497
5658,0.011048707
5659,0.019281683
5660,0.24665892
5661,0.05693547
5662,0.06164554
5663,0.05158441
5664,0.061621845
5665,0.018619094
5666,0.027352208
5667,0.0102005545
5668,0.018608414
5669,0.01986906
5670,0.03497265
5671,0.07402763
5672,0.054508645
5673,0.042708803
5674,0.06555973
5675,0.5047055
5676,0.06212324
5677,0.014536554
5678,0.2167779
5679,0.049563967
5680,0.2369931
5681,0.07946811
5682,0.053745694
5683,0.02018153
5684,0.045126963
5685,0.06671275
5686,0.082467794
5687,0.03938917
5688,0.07365635
5689,0.06364546
5690,0.058359005
5691,0.015703177
5692,0.01948403
5693,0.04597842
5694,0.053819567
5695,0.015423641
5696,0.07035762
5697,0.07540288
5698,0.07217936
5699,0.06183023
5700,0.031159133
5701,0.06710265
5702,0.066446885
5703,0.23773293
5704,0.048794758
5705,0.044696927
5706,0.021149153
5707,0.05393434
5708,0.59251565
5709,0.0360204
5710,0.059855636
5711,0.44203106
5712,0.22720586
5713,0.013326016
5714,0.010194432
5715,0.038428873
5716,0.04811752
5717,0.058933843
5718,0.234715
5719,0.05961328
5720,0.062230747
5721,0.2326445
5722,0.074262604
5723,0.0727065
5724,0.07528924
5725,0.24347632
5726,0.061599653
5727,0.044161543
5728,0.06267087
5729,0.047657527
5730,0.24412762
5731,0.5005851
5732,0.0064758346
5733,0.040774442
5734,0.40725464
5735,0.014389941
5736,0.043877926
5737,0.24375615
5738,0.01598284
5739,0.04459053
5740,0.057892222
5741,0.016782572
5742,0.040450893
5743,0.0074982373
5744,0.2433046
5745,0.03905843
5746,0.059580803
5747,0.067349
5748,0.07312965
5749,0.07298213
5750,0.42149577
5751,0.24515764
5752,0.02811332
5753,0.23957306
5754,0.41494408
5755,0.22295205
5756,0.6183787
5757,0.43538824
5758,0.45055738
5759,0.024211757
5760,0.07159127
5761,0.053912714
5762,0.019776959
5763,0.008656249
5764,0.012607412
5765,0.017693795
5766,0.010904098
5767,0.04887651
5768,0.009438182
5769,0.011732411
5770,0.031591773
5771,0.049771715
5772,0.062294744
5773,0.062191058
5774,0.068177044
5775,0.062612064
5776,0.22593018
5777,0.065813385
5778,0.027734417
5779,0.06814609
5780,0.2355809
5781,0.19231267
5782,0.6184729
5783,0.49515736
5784,0.62616396
5785,0.0071772635
5786,0.02700052
5787,0.018205773
5788,0.06270407
5789,0.24203482
5790,0.06310518
5791,0.052954674
5792,0.009953126
5793,0.049035285
5794,0.053423796
5795,0.043634333
5796,0.012440102
5797,0.24348025
5798,0.017532356
5799,0.027943308
5800,0.067575805
5801,0.06658543
5802,0.04391501
5803,0.04358451
5804,0.07141339
5805,0.06741388
5806,0.02550091
5807,0.07176115
5808,0.066672996
5809,0.0670579
5810,0.5643448
5811,0.612296
5812,0.6729452
5813,0.014604939
5814,0.20528987
5815,0.027481938
5816,0.07465868
5817,0.06483269
5818,0.23644464
5819,0.06297975
5820,0.018604347
5821,0.062933624
5822,0.064935334
5823,0.22800931
5824,0.06623637
5825,0.4117302
5826,0.24208952
5827,0.07378109
5828,0.07240293
5829,0.061639767
5830,0.051627442
5831,0.06847861
5832,0.041245602
5833,0.0316041
5834,0.0719139
5835,0.07090097
5836,0.053170167
5837,0.06527007
5838,0.023981547
5839,0.6030798
5840,0.6571853
5841,0.44902486
5842,0.070431784
5843,0.043847546
5844,0.3876673
5845,0.07242185
5846,0.027126886
5847,0.017404445
5848,0.017217332
5849,0.033313658
5850,0.06273735
5851,0.043985922
5852,0.37339365
5853,0.5733166
5854,0.05705989
5855,0.063810855
5856,0.06266404
5857,0.07850091
5858,0.05700382
5859,0.22520548
5860,0.066872075
5861,0.03503292
5862,0.062269293
5863,0.06642979
5864,0.06578294
5865,0.04264922
5866,0.44389847
5867,0.4026512
5868,0.23158376
5869,0.060794182
5870,0.026450701
5871,0.067621246
5872,0.05818601
5873,0.073775664
5874,0.029403055
5875,0.039233822
5876,0.040595055
5877,0.01664263
5878,0.018708238
5879,0.03838476
5880,0.040351164
5881,0.23649539
5882,0.5592165
5883,0.42236942
5884,0.23866838
5885,0.0681572
5886,0.072462484
5887,0.2256342
5888,0.40605327
5889,0.19370931
5890,0.028066248
5891,0.035153437
5892,0.031546094
5893,0.07427264
5894,0.22468384
5895,0.06947205
5896,0.0850791
5897,0.2435949
5898,0.08002815
5899,0.57595086
5900,0.07310045
5901,0.017495055
5902,0.071912855
5903,0.08511266
5904,0.020069214
5905,0.04852356
5906,0.07771828
5907,0.053165555
5908,0.034490623
5909,0.034596972
5910,0.043658555
5911,0.073937856
5912,0.3885094
5913,0.24544008
5914,0.48581448
5915,0.36875686
5916,0.07563468
5917,0.07241658
5918,0.24393007
5919,0.08033959
5920,0.059129734
5921,0.044527583
5922,0.4789869
5923,0.38926744
5924,0.048875924
5925,0.45637584
5926,0.4278538
5927,0.062341888
5928,0.066494204
5929,0.06288737
5930,0.04447083
5931,0.009350405
5932,0.013969685
5933,0.027576732
5934,0.04811143
5935,0.062422313
5936,0.0627655
5937,0.07071289
5938,0.24057996
5939,0.6117336
5940,0.38079998
5941,0.40408406
5942,0.46039647
5943,0.062394768
5944,0.05788351
5945,0.059887413
5946,0.07430967
5947,0.23773293
5948,0.053351324
5949,0.027765354
5950,0.0037488653
5951,0.053761646
5952,0.07337318
5953,0.018148186
5954,0.042667124
5955,0.06760454
5956,0.02058547
5957,0.03513463
5958,0.019072976
5959,0.012668041
5960,0.031761646
5961,0.058453616
5962,0.04890811
5963,0.06184921
5964,0.22877634
5965,0.22789729
5966,0.40569144
5967,0.5664473
5968,0.62513953
5969,0.24126174
5970,0.067389496
5971,0.0070152106
5972,0.043211598
5973,0.019721303
5974,0.045075506
5975,0.06869981
5976,0.010041261
5977,0.031462688
5978,0.6067251
5979,0.18465638
5980,0.017498652
5981,0.0516017
5982,0.044146586
5983,0.06698577
5984,0.03622772
5985,0.044046186
5986,0.017302625
5987,0.043154538
5988,0.013947031
5989,0.01418397
5990,0.026891544
5991,0.06237544
5992,0.06705868
5993,0.48936513
5994,0.38904968
5995,0.07017825
5996,0.63547355
5997,0.3923592
5998,0.4411469
5999,0.219106
6000,0.03638982
6001,0.031902306
6002,0.034551937
6003,0.043720663
6004,0.040914577
6005,0.03439745
6006,0.053718716
6007,0.47056076
6008,0.21297394
6009,0.24017824
6010,0.029149331
6011,0.06704708
6012,0.0707189
6013,0.073651075
6014,0.08305547
6015,0.04265984
6016,0.02799413
6017,0.038987014
6018,0.071501344
6019,0.5827455
6020,0.42447603
6021,0.5375036
6022,0.085871875
6023,0.24445114
6024,0.078600764
6025,0.06263921
6026,0.035197068
6027,0.029107908
6028,0.07138121
6029,0.07298932
6030,0.06337845
6031,0.2445603
6032,0.026412116
6033,0.056985725
6034,0.24376482
6035,0.03814704
6036,0.011219388
6037,0.067368135
6038,0.07215639
6039,0.029456472
6040,0.00542658
6041,0.21965139
6042,0.067072004
6043,0.05577235
6044,0.06408703
6045,0.029212346
6046,0.062416855
6047,0.06273493
6048,0.03510237
6049,0.070673645
6050,0.0671217
6051,0.038729485
6052,0.026771933
6053,0.010232208
6054,0.38181847
6055,0.012454575
6056,0.01462619
6057,0.06221936
6058,0.03905843
6059,0.031473983
6060,0.070685215
6061,0.033527996
6062,0.04127277
6063,0.017240928
6064,0.03885069
6065,0.06867142
6066,0.4057568
6067,0.4264499
6068,0.06655543
6069,0.018487753
6070,0.027796147
6071,0.046982165
6072,0.014882859
6073,0.05355335
6074,0.07430135
6075,0.0138486875
6076,0.030417223
6077,0.0143254725
6078,0.030427448
6079,0.018681305
6080,0.0579409
6081,0.06310446
6082,0.38991696
6083,0.014183252
6084,0.017979061
6085,0.031229693
6086,0.056559417
6087,0.062486615
6088,0.42835638
6089,0.06702446
6090,0.07180414
6091,0.0350999
6092,0.014788279
6093,0.057769846
6094,0.073129684
6095,0.046044406
6096,0.017952664
6097,0.010735156
6098,0.24463691
6099,0.031221274
6100,0.014184965
6101,0.025539506
6102,0.07476436
6103,0.053053565
6104,0.036302082
6105,0.017733024
6106,0.026841568
6107,0.051416796
6108,0.36242872
6109,0.030072289
6110,0.0051749945
6111,0.019546144
6112,0.028102534
6113,0.039048135
6114,0.052281857
6115,0.2362873
6116,0.053262427
6117,0.2338546
6118,0.06276181
6119,0.027977038
6120,0.044597525
6121,0.043946102
6122,0.027448658
6123,0.24406883
6124,0.064294696
6125,0.017917333
6126,0.06295919
6127,0.044335023
6128,0.00972932
6129,0.011971084
6130,0.24153265
6131,0.6861118
6132,0.06730462
6133,0.06265306
6134,0.06389094
6135,0.04358269
6136,0.040997457
6137,0.06323615
6138,0.06157281
6139,0.06629109
6140,0.7034215
6141,0.060546573
6142,0.01646894
6143,0.06331921
6144,0.061632838
6145,0.017532203
6146,0.035146356
6147,0.07604725
6148,0.440403
6149,0.058129776
6150,0.076806344
6151,0.059397586
6152,0.01315325
6153,0.020879477
6154,0.06116171
6155,0.026154868
6156,0.024877993
6157,0.04694076
6158,0.04972705
6159,0.026676385
6160,0.018740151
6161,0.049522605
6162,0.017559597
6163,0.07272494
6164,0.035367925
6165,0.03923509
6166,0.014385483
6167,0.031890664
6168,0.06255421
6169,0.067571834
6170,0.020724645
6171,0.048956066
6172,0.45258385
6173,0.05397306
6174,0.06658448
6175,0.04369328
6176,0.04388424
6177,0.017147843
6178,0.47903758
6179,0.02728563
6180,0.010251696
6181,0.008626485
6182,0.009556838
6183,0.043564316
6184,0.06531427
6185,0.01867299
6186,0.01156073
6187,0.06636014
6188,0.03835561
6189,0.044069253
6190,0.3930887
6191,0.027194265
6192,0.023515683
6193,0.019954594
6194,0.012739001
6195,0.041498624
6196,0.00978498
6197,0.030975213
6198,0.07912777
6199,0.052195393
6200,0.014521775
6201,0.01584229
6202,0.05432455
6203,0.071923934
6204,0.06259306
6205,0.05858449
6206,0.05404874
6207,0.027077937
6208,0.047923617
6209,0.017399622
6210,0.05387906
6211,0.23968555
6212,0.072280586
6213,0.031358086
6214,0.014266107
6215,0.012453721
6216,0.016279178
6217,0.012761656
6218,0.018969502
6219,0.010173747
6220,0.018015055
6221,0.01032356
6222,0.014376721
6223,0.023590548
6224,0.048630815
6225,0.04423508
6226,0.06771091
6227,0.00709409
6228,0.009882155
6229,0.07297334
6230,0.010095096
6231,0.07550326
6232,0.01737553
6233,0.025577506
6234,0.01266221
6235,0.0108387675
6236,0.01780935
6237,0.019210966
6238,0.014271416
6239,0.030464925
6240,0.0143652335
6241,0.051133342
6242,0.027065981
6243,0.041063532
6244,0.013539175
6245,0.043050006
6246,0.014186395
6247,0.01426263
6248,0.013238245
6249,0.06637561
6250,0.026993815
6251,0.04375286
6252,0.009130527
6253,0.0058114952
6254,0.011762191
6255,0.03135228
6256,0.010549836
6257,0.01238286
6258,0.015705477
6259,0.06352903
6260,0.012958196
6261,0.011360538
6262,0.07277798
6263,0.051544417
6264,0.053422138
6265,0.05322775
6266,0.014834004
6267,0.06266026
6268,0.021080865
6269,0.011621791
6270,0.06184463
6271,0.014311846
6272,0.06498687
6273,0.075339705
6274,0.017461581
6275,0.012687506
6276,0.025664309
6277,0.03123563
6278,0.026969634
6279,0.026927978
6280,0.013032276
6281,0.007957383
6282,0.012972861
6283,0.012388698
6284,0.007963632
6285,0.010787595
6286,0.03132568
6287,0.01062525
6288,0.061696187
6289,0.049554933
6290,0.06818957
6291,0.024364734
6292,0.02916607
6293,0.015184815
6294,0.044212606
6295,0.018704748
6296,0.013777305
6297,0.026117256
6298,0.016687237
6299,0.032445632
6300,0.010140868
6301,0.011124851
6302,0.029713655
6303,0.06536872
6304,0.07142808
6305,0.019601531
6306,0.06251862
6307,0.019614141
6308,0.036145315
6309,0.05440772
6310,0.04560989
6311,0.05701477
6312,0.014657571
6313,0.03401668
6314,0.048204184
6315,0.039614983
6316,0.04237472
6317,0.07960813
6318,0.047472727
6319,0.0106866555
6320,0.07774842
6321,0.042041123
6322,0.06929233
6323,0.045545835
6324,0.4262365
6325,0.42163628
6326,0.04726359
6327,0.39211676
6328,0.06642679
6329,0.2626853
6330,0.22176163
6331,0.09601125
6332,0.060476925
6333,0.07553033
6334,0.014910542
6335,0.0402414
6336,0.015096207
6337,0.23640947
6338,0.03224778
6339,0.64942527
6340,0.086081505
6341,0.08662582
6342,0.061909102
6343,0.028821835
6344,0.023841264
6345,0.045774806
6346,0.015223242
6347,0.04160152
6348,0.08870703
6349,0.08871542
6350,0.51529527
6351,0.5453129
6352,0.046099044
6353,0.06745778
6354,0.093948655
6355,0.08790826
6356,0.011014203
6357,0.009974455
6358,0.02078197
6359,0.054463655
6360,0.043625094
6361,0.061713483
6362,0.07227169
6363,0.038630273
6364,0.48877338
6365,0.09189551
6366,0.2430586
6367,0.45166168
6368,0.09316875
6369,0.022395967
6370,0.45966187
6371,0.017785693
6372,0.05668734
6373,0.2682624
6374,0.052915744
6375,0.049012344
6376,0.035778385
6377,0.064351484
6378,0.02808661
6379,0.22018638
6380,0.08467105
6381,0.03643775
6382,0.065728754
6383,0.4286682
6384,0.0455933
6385,0.032763712
6386,0.054393336
6387,0.0564954
6388,0.0688281
6389,0.032313734
6390,0.044649653
6391,0.076519504
6392,0.027322326
6393,0.056376245
6394,0.09949596
6395,0.44045922
6396,0.05457745
6397,0.03994065
6398,0.013456566
6399,0.015267988
6400,0.0071811033
6401,0.02096322
6402,0.4394801
6403,0.08853206
6404,0.06642175
6405,0.27432168
6406,0.45744637
6407,0.065425694
6408,0.051742718
6409,0.022638926
6410,0.016539635
6411,0.008399517
6412,0.03651326
6413,0.014562021
6414,0.065884456
6415,0.0646063
6416,0.075696155
6417,0.41428572
6418,0.4664018
6419,0.01805992
6420,0.37337965
6421,0.04560902
6422,0.010582061
6423,0.026343452
6424,0.03611753
6425,0.25649723
6426,0.019943926
6427,0.044148177
6428,0.0121058
6429,0.04540761
6430,0.027770653
6431,0.08342894
6432,0.47093508
6433,0.01184354
6434,0.03849945
6435,0.068952665
6436,0.041876525
6437,0.056636795
6438,0.028870355
6439,0.01284044
6440,0.08667834
6441,0.0995859
6442,0.07522704
6443,0.077997155
6444,0.05627229
6445,0.035778433
6446,0.03231846
6447,0.03077442
6448,0.035824645
6449,0.068081185
6450,0.05159564
6451,0.21503158
6452,0.01511587
6453,0.036424324
6454,0.02855135
6455,0.01817855
6456,0.016018152
6457,0.025192939
6458,0.041735325
6459,0.0077256323
6460,0.052710224
6461,0.02175818
6462,0.025008442
6463,0.060096756
6464,0.10670255
6465,0.10573561
6466,0.044033512
6467,0.03947515
6468,0.036795028
6469,0.075860515
6470,0.0612441
6471,0.015955782
6472,0.054411527
6473,0.01539062
6474,0.020464772
6475,0.031448666
6476,0.08277161
6477,0.027775763
6478,0.025557587
6479,0.032240063
6480,0.055017564
6481,0.05665287
6482,0.23985149
6483,0.22090705
6484,0.08654534
6485,0.05584168
6486,0.039578028
6487,0.018844113
6488,0.05201213
6489,0.045588497
6490,0.008960744
6491,0.012569273
6492,0.09132846
6493,0.046041127
6494,0.616012
6495,0.07963897
6496,0.021300547
6497,0.013392357
6498,0.0820576
6499,0.05170792
6500,0.04796013
6501,0.018961428
6502,0.01745579
6503,0.0108761005
6504,0.05560977
6505,0.012997841
6506,0.018287405
6507,0.019655501
6508,0.06582951
6509,0.04454447
6510,0.063959375
6511,0.055326033
6512,0.07694919
6513,0.23630995
6514,0.41633737
6515,0.056898482
6516,0.022420364
6517,0.0661511
6518,0.017447388
6519,0.03954146
6520,0.06781623
6521,0.053184442
6522,0.08757453
6523,0.041492887
6524,0.07595088
6525,0.03966189
6526,0.05365646
6527,0.03594362
6528,0.018144548
6529,0.019046899
6530,0.09115865
6531,0.011765311
6532,0.032321755
6533,0.06030129
6534,0.032402176
6535,0.011120785
6536,0.02327284
6537,0.03601849
6538,0.053499848
6539,0.062546015
6540,0.08836587
6541,0.069005415
6542,0.3968146
6543,0.0865114
6544,0.09056118
6545,0.013249206
6546,0.06798775
6547,0.013883846
6548,0.050767895
6549,0.041291174
6550,0.066522315
6551,0.032534197
6552,0.021506662
6553,0.045965545
6554,0.03716262
6555,0.051029656
6556,0.06784459
6557,0.032793585
6558,0.052514017
6559,0.009464745
6560,0.032656662
6561,0.06138199
6562,0.01440814
6563,0.03642688
6564,0.080709934
6565,0.054282278
6566,0.090445004
6567,0.5208815
6568,0.06917906
6569,0.077748336
6570,0.05528491
6571,0.062093172
6572,0.060318384
6573,0.067567244
6574,0.051032934
6575,0.012486934
6576,0.020299176
6577,0.26410377
6578,0.059785493
6579,0.06560064
6580,0.055147834
6581,0.06605929
6582,0.019291306
6583,0.020313494
6584,0.036197044
6585,0.10543652
6586,0.056224536
6587,0.04447152
6588,0.07575319
6589,0.5852701
6590,0.067313075
6591,0.014953691
6592,0.42074355
6593,0.05245359
6594,0.25948307
6595,0.2689597
6596,0.056346748
6597,0.046050034
6598,0.076815754
6599,0.10165027
6600,0.03983979
6601,0.09334479
6602,0.06801351
6603,0.008489286
6604,0.061281502
6605,0.016304607
6606,0.020543395
6607,0.048430312
6608,0.05662469
6609,0.015287311
6610,0.08604062
6611,0.096135795
6612,0.0946422
6613,0.06541659
6614,0.0322853
6615,0.07769742
6616,0.08899906
6617,0.25268114
6618,0.05170715
6619,0.011268513
6620,0.046800796
6621,0.022373658
6622,0.011114706
6623,0.056583412
6624,0.48646227
6625,0.03650273
6626,0.079466015
6627,0.45656544
6628,0.24065076
6629,0.018405525
6630,0.013655339
6631,0.010794323
6632,0.040141232
6633,0.050832897
6634,0.23032434
6635,0.24561922
6636,0.063060656
6637,0.0657229
6638,0.24231175
6639,0.092156075
6640,0.09010323
6641,0.1040224
6642,0.3887596
6643,0.06573257
6644,0.019260626
6645,0.04629703
6646,0.069403715
6647,0.050208107
6648,0.4267123
6649,0.67961246
6650,0.007013158
6651,0.04224099
6652,0.4018956
6653,0.0146632055
6654,0.045732804
6655,0.26506448
6656,0.013601531
6657,0.046870697
6658,0.06134896
6659,0.017004384
6660,0.04189489
6661,0.3819839
6662,0.039317746
6663,0.06323398
6664,0.24832365
6665,0.092699304
6666,0.26193586
6667,0.42429772
6668,0.26450142
6669,0.10532943
6670,0.41360778
6671,0.2276825
6672,0.5816017
6673,0.42930377
6674,0.43233752
6675,0.0068987776
6676,0.025156641
6677,0.091134965
6678,0.05600263
6679,0.027630586
6680,0.020555569
6681,0.012302421
6682,0.051952973
6683,0.009560828
6684,0.012621599
6685,0.03260022
6686,0.052633706
6687,0.068861574
6688,0.068705
6689,0.07614836
6690,0.06751067
6691,0.23592858
6692,0.07595771
6693,0.029164694
6694,0.07948753
6695,0.088945195
6696,0.019185768
6697,0.18911035
6698,0.59249663
6699,0.5872735
6700,0.52701193
6701,0.007510999
6702,0.027725786
6703,0.01844444
6704,0.068786055
6705,0.27497393
6706,0.0676486
6707,0.017831324
6708,0.054071743
6709,0.010549267
6710,0.051046144
6711,0.05597204
6712,0.04535044
6713,0.013001443
6714,0.26221403
6715,0.017798062
6716,0.030113744
6717,0.07729343
6718,0.07618534
6719,0.04686846
6720,0.045312576
6721,0.09005033
6722,0.21396236
6723,0.006738365
6724,0.025914062
6725,0.08699
6726,0.07390039
6727,0.22065197
6728,0.728121
6729,0.778207
6730,0.6558604
6731,0.015016814
6732,0.20039374
6733,0.027889257
6734,0.2664817
6735,0.06940041
6736,0.257381
6737,0.039500184
6738,0.069211535
6739,0.019114042
6740,0.06907189
6741,0.076073796
6742,0.23964971
6743,0.08375968
6744,0.5237025
6745,0.27063692
6746,0.09183556
6747,0.09194811
6748,0.06513015
6749,0.053348195
6750,0.07948753
6751,0.041529015
6752,0.03262917
6753,0.093355335
6754,0.090080336
6755,0.055971574
6756,0.07520454
6757,0.02539659
6758,0.73117775
6759,0.6423721
6760,0.7832808
6761,0.087893985
6762,0.045959786
6763,0.23573074
6764,0.012755475
6765,0.10133553
6766,0.02751463
6767,0.010660673
6768,0.01817862
6769,0.017385496
6770,0.033806067
6771,0.06876057
6772,0.045781817
6773,0.4361588
6774,0.6798406
6775,0.061302416
6776,0.07126131
6777,0.06786442
6778,0.096023455
6779,0.059824165
6780,0.42508382
6781,0.075346194
6782,0.035812706
6783,0.068628214
6784,0.076646805
6785,0.073650375
6786,0.0446237
6787,0.022261925
6788,0.49119368
6789,0.40547234
6790,0.24487364
6791,0.063649975
6792,0.027449384
6793,0.07975649
6794,0.061775338
6795,0.26063755
6796,0.02959978
6797,0.040531714
6798,0.041492153
6799,0.019317782
6800,0.039482478
6801,0.041624088
6802,0.24945809
6803,0.63011587
6804,0.39809266
6805,0.2563273
6806,0.08060003
6807,0.0948299
6808,0.24012223
6809,0.4564562
6810,0.19298288
6811,0.028377127
6812,0.035626326
6813,0.033308953
6814,0.0923908
6815,0.08481731
6816,0.09023227
6817,0.27827048
6818,0.26811475
6819,0.1015764
6820,0.6962312
6821,0.23745476
6822,0.018587016
6823,0.22879279
6824,0.10082673
6825,0.020441592
6826,0.05373766
6827,0.10749408
6828,0.05547305
6829,0.035382617
6830,0.036175393
6831,0.043978233
6832,0.09069383
6833,0.38759348
6834,0.2660804
6835,0.4460413
6836,0.4281941
6837,0.10546073
6838,0.092902325
6839,0.26431227
6840,0.1015764
6841,0.062420808
6842,0.046881177
6843,0.48318306
6844,0.26253033
6845,0.05117357
6846,0.47755533
6847,0.43965024
6848,0.0075813825
6849,0.0666734
6850,0.07817984
6851,0.066757694
6852,0.046477284
6853,0.010574847
6854,0.015157963
6855,0.028839396
6856,0.05167603
6857,0.06828442
6858,0.06852529
6859,0.088943325
6860,0.43623063
6861,0.57269156
6862,0.395116
6863,0.3871517
6864,0.60697997
6865,0.06846033
6866,0.0623988
6867,0.062149223
6868,0.09143749
6869,0.10278813
6870,0.05624018
6871,0.027519327
6872,0.056787357
6873,0.09088346
6874,0.018231718
6875,0.043497052
6876,0.076043114
6877,0.016082859
6878,0.03649848
6879,0.0190894
6880,0.012996156
6881,0.032185946
6882,0.060318384
6883,0.05172478
6884,0.06477592
6885,0.2409028
6886,0.23713024
6887,0.3675735
6888,0.6463626
6889,0.6475244
6890,0.40109885
6891,0.07956911
6892,0.0071153403
6893,0.04410901
6894,0.020323507
6895,0.04680679
6896,0.08066434
6897,0.015544521
6898,0.5659752
6899,0.18424596
6900,0.018049007
6901,0.054520432
6902,0.04606409
6903,0.07707724
6904,0.036508836
6905,0.045936868
6906,0.044599075
6907,0.014222751
6908,0.014588505
6909,0.027783347
6910,0.06713215
6911,0.076043114
6912,0.5177774
6913,0.41471356
6914,0.0872501
6915,0.60532254
6916,0.4434073
6917,0.45350626
6918,0.090116486
6919,0.037434366
6920,0.033717528
6921,0.035585407
6922,0.04573584
6923,0.041933574
6924,0.036022592
6925,0.05494498
6926,0.50699276
6927,0.21311599
6928,0.41373616
6929,0.030210836
6930,0.07539877
6931,0.087366074
6932,0.094546594
6933,0.099350065
6934,0.044567414
6935,0.027635673
6936,0.040174205
6937,0.23503302
6938,0.5529533
6939,0.4288223
6940,0.580653
6941,0.25133812
6942,0.41115394
6943,0.09607967
6944,0.06787726
6945,0.042196613
6946,0.022563342
6947,0.036633663
6948,0.03001287
6949,0.08864812
6950,0.08870299
6951,0.06945808
6952,0.42772618
6953,0.027669923
6954,0.060991332
6955,0.405314
6956,0.03951083
6957,0.0053056255
6958,0.011682485
6959,0.0799299
6960,0.2327364
6961,0.028999189
6962,0.22397628
6963,0.2417027
6964,0.059840728
6965,0.07055124
6966,0.03131638
6967,0.06933915
6968,0.06492929
6969,0.035897993
6970,0.08697316
6971,0.08068919
6972,0.03953237
6973,0.027498772
6974,0.010413923
6975,0.22503576
6976,0.013247434
6977,0.069110096
6978,0.03945736
6979,0.032497782
6980,0.088111795
6981,0.033568222
6982,0.04198538
6983,0.010736414
6984,0.04109886
6985,0.087805055
6986,0.40843824
6987,0.47464687
6988,0.079386264
6989,0.011719179
6990,0.028372163
6991,0.049259238
6992,0.014589307
6993,0.056859113
6994,0.093098685
6995,0.014613131
6996,0.031599022
6997,0.014610182
6998,0.019521216
6999,0.012696042
7000,0.06139036
7001,0.06694349
7002,0.399358
7003,0.014615685
7004,0.032727383
7005,0.06060666
7006,0.06876143
7007,0.43721482
7008,0.079209775
7009,0.013440115
7010,0.011191851
7011,0.09217727
7012,0.036049847
7013,0.015936827
7014,0.061001305
7015,0.22888528
7016,0.048246063
7017,0.018435352
7018,0.010993037
7019,0.2657511
7020,0.014929156
7021,0.02690012
7022,0.09262085
7023,0.056059815
7024,0.037089083
7025,0.017661123
7026,0.027963523
7027,0.054449674
7028,0.26477498
7029,0.030990373
7030,0.006863602
7031,0.019149724
7032,0.029465046
7033,0.040347002
7034,0.05411272
7035,0.2506329
7036,0.05598843
7037,0.2476916
7038,0.0698907
7039,0.029109629
7040,0.04620995
7041,0.046046015
7042,0.028723536
7043,0.2638572
7044,0.01790716
7045,0.082665816
7046,0.018881641
7047,0.067202434
7048,0.046143763
7049,0.011160835
7050,0.011653331
7051,0.2650158
7052,0.6419742
7053,0.22387235
7054,0.069689676
7055,0.014562943
7056,0.067268185
7057,0.045717586
7058,0.04224026
7059,0.068467796
7060,0.06517497
7061,0.07545254
7062,0.6797928
7063,0.063620076
7064,0.0155571615
7065,0.06507131
7066,0.06540923
7067,0.017932888
7068,0.0358923
7069,0.09616934
7070,0.43513548
7071,0.06142717
7072,0.09652863
7073,0.06273441
7074,0.010658661
7075,0.022147078
7076,0.064462945
7077,0.028562905
7078,0.025049474
7079,0.049257
7080,0.05239565
7081,0.028697222
7082,0.019265912
7083,0.052444078
7084,0.017755046
7085,0.084503464
7086,0.035725024
7087,0.040135726
7088,0.015278508
7089,0.03265213
7090,0.066038415
7091,0.07818412
7092,0.021288512
7093,0.05125928
7094,0.65916014
7095,0.053626098
7096,0.0753683
7097,0.035649136
7098,0.043703914
7099,0.045612693
7100,0.0135161625
7101,0.2705212
7102,0.027446903
7103,0.009026798
7104,0.013796175
7105,0.04582205
7106,0.07495204
7107,0.019181268
7108,0.081193954
7109,0.039826214
7110,0.026520515
7111,0.045553673
7112,0.40886244
7113,0.02813825
7114,0.019597478
7115,0.020324953
7116,0.013118946
7117,0.04192277
7118,0.031010667
7119,0.0075026043
7120,0.0954782
7121,0.054733824
7122,0.01626387
7123,0.05661544
7124,0.090512045
7125,0.06855463
7126,0.062376335
7127,0.05675654
7128,0.027656315
7129,0.049503356
7130,0.017632294
7131,0.19838917
7132,0.25644144
7133,0.08991517
7134,0.011683181
7135,0.011355634
7136,0.032271497
7137,0.014383556
7138,0.013307992
7139,0.017443748
7140,0.019267838
7141,0.010386803
7142,0.015828496
7143,0.010307837
7144,0.015505085
7145,0.014830019
7146,0.02309924
7147,0.051600058
7148,0.047114816
7149,0.08105877
7150,0.010186357
7151,0.090796106
7152,0.10611056
7153,0.011500814
7154,0.0262578
7155,0.013339066
7156,0.011576974
7157,0.018366084
7158,0.019654712
7159,0.014934313
7160,0.03153148
7161,0.013461476
7162,0.01508975
7163,0.010489978
7164,0.009699398
7165,0.05457263
7166,0.027396226
7167,0.042421293
7168,0.013856581
7169,0.01341162
7170,0.044483136
7171,0.015146056
7172,0.0105430335
7173,0.07459535
7174,0.027809357
7175,0.045931313
7176,0.009618473
7177,0.009021319
7178,0.014365717
7179,0.033203863
7180,0.01119317
7181,0.01624779
7182,0.06669455
7183,0.017208885
7184,0.0058960323
7185,0.011936026
7186,0.105309874
7187,0.054633275
7188,0.05649922
7189,0.054801542
7190,0.066418454
7191,0.021235906
7192,0.011371394
7193,0.006926537
7194,0.06620361
7195,0.015189701
7196,0.07607672
7197,0.01394144
7198,0.090403475
7199,0.017849855
7200,0.0131720705
7201,0.026171463
7202,0.03181142
7203,0.03235384
7204,0.027654085
7205,0.027726257
7206,0.013016955
7207,0.01332808
7208,0.008292892
7209,0.010504857
7210,0.032319363
7211,0.011311913
7212,0.011797651
7213,0.009690922
7214,0.06602946
7215,0.052767724
7216,0.03209777
7217,0.0081657795
7218,0.088320136
7219,0.024953803
7220,0.03081747
7221,0.007169531
7222,0.012817
7223,0.015674941
7224,0.045525827
7225,0.019528724
7226,0.02651656
7227,0.033308953
7228,0.011125077
7229,0.012021658
7230,0.016668793
7231,0.030849362
7232,0.08767482
7233,0.09171526
7234,0.06922606
7235,0.020574234
7236,0.020965928
7237,0.03578103
7238,0.05226831
7239,0.028435733
7240,0.044759274
7241,0.054474022
7242,0.014526511
7243,0.0336978
7244,0.04540847
7245,0.039480783
7246,0.042333256
7247,0.07279152
7248,0.045311775
7249,0.009850479
7250,0.037342027
7251,0.03529678
7252,0.06505666
7253,0.0659018
7254,0.044288278
7255,0.2330215
7256,0.39880642
7257,0.020230634
7258,0.045392748
7259,0.24281137
7260,0.064572394
7261,0.3911446
7262,0.069496684
7263,0.0825568
7264,0.057532854
7265,0.028146492
7266,0.07282387
7267,0.039391216
7268,0.014376461
7269,0.0125226425
7270,0.065363236
7271,0.032234594
7272,0.610773
7273,0.069802076
7274,0.04514288
7275,0.04395291
7276,0.0693586
7277,0.05825831
7278,0.028559826
7279,0.022838142
7280,0.044044934
7281,0.035616297
7282,0.017569406
7283,0.015019722
7284,0.04092376
7285,0.07520244
7286,0.074696705
7287,0.43855697
7288,0.48157024
7289,0.04457927
7290,0.06411572
7291,0.22389053
7292,0.074927606
7293,0.019852202
7294,0.05266205
7295,0.04270941
7296,0.05928366
7297,0.06871867
7298,0.42266256
7299,0.07587047
7300,0.38277447
7301,0.52228856
7302,0.07712776
7303,0.022643447
7304,0.4583749
7305,0.05493482
7306,0.25185928
7307,0.050039798
7308,0.04783997
7309,0.03532727
7310,0.062122207
7311,0.21318181
7312,0.07521418
7313,0.07090211
7314,0.038628515
7315,0.06273374
7316,0.43451437
7317,0.044402998
7318,0.03168861
7319,0.052353784
7320,0.054822434
7321,0.06532177
7322,0.039644424
7323,0.043432985
7324,0.07091563
7325,0.027664488
7326,0.05422648
7327,0.23603319
7328,0.084730476
7329,0.05229911
7330,0.03991747
7331,0.006211004
7332,0.014650465
7333,0.41737
7334,0.07599661
7335,0.06550585
7336,0.47963277
7337,0.45846018
7338,0.06301723
7339,0.049737707
7340,0.018942887
7341,0.015973957
7342,0.036350936
7343,0.014747691
7344,0.06408492
7345,0.06214561
7346,0.015030803
7347,0.07095805
7348,0.24578044
7349,0.49389654
7350,0.012748729
7351,0.017607907
7352,0.021204105
7353,0.04170521
7354,0.010271388
7355,0.031937025
7356,0.025636725
7357,0.035005942
7358,0.23657559
7359,0.019604191
7360,0.043792456
7361,0.009574334
7362,0.05868984
7363,0.0441747
7364,0.02722807
7365,0.07211517
7366,0.43065706
7367,0.04424814
7368,0.06542993
7369,0.018645456
7370,0.021068536
7371,0.04174617
7372,0.055084717
7373,0.010509291
7374,0.028767873
7375,0.012959571
7376,0.07637821
7377,0.08705507
7378,0.0708171
7379,0.072413385
7380,0.054939535
7381,0.03658385
7382,0.031594194
7383,0.030714178
7384,0.03563504
7385,0.06613334
7386,0.05039648
7387,0.20926763
7388,0.014254159
7389,0.035746202
7390,0.028316736
7391,0.017932955
7392,0.01599125
7393,0.024427988
7394,0.041010123
7395,0.021261912
7396,0.024359766
7397,0.05811729
7398,0.08636079
7399,0.24575274
7400,0.043304674
7401,0.039042637
7402,0.03613362
7403,0.070158444
7404,0.058956757
7405,0.014862987
7406,0.052379526
7407,0.0151736075
7408,0.013280505
7409,0.03096686
7410,0.071976975
7411,0.027160306
7412,0.024306437
7413,0.032300998
7414,0.053047415
7415,0.05501099
7416,0.077178806
7417,0.071014866
7418,0.21836503
7419,0.054508116
7420,0.039567925
7421,0.018264258
7422,0.049786415
7423,0.04270229
7424,0.016225712
7425,0.07718986
7426,0.04433349
7427,0.4679673
7428,0.07175783
7429,0.020971116
7430,0.07352373
7431,0.0487823
7432,0.047105312
7433,0.019000271
7434,0.016979877
7435,0.0104933
7436,0.05451952
7437,0.019446775
7438,0.012403057
7439,0.017108997
7440,0.018827358
7441,0.062274933
7442,0.043340657
7443,0.20705786
7444,0.052782234
7445,0.07008882
7446,0.40992466
7447,0.42314866
7448,0.0543952
7449,0.021988675
7450,0.06354662
7451,0.016646856
7452,0.039219223
7453,0.00809467
7454,0.064585075
7455,0.05006698
7456,0.07475322
7457,0.04082036
7458,0.0710082
7459,0.03922781
7460,0.05170793
7461,0.035644505
7462,0.01800015
7463,0.018461315
7464,0.077931024
7465,0.010153247
7466,0.031672526
7467,0.057563685
7468,0.03154693
7469,0.012287603
7470,0.02359496
7471,0.03515316
7472,0.051889848
7473,0.05845144
7474,0.074648246
7475,0.06575876
7476,0.23532619
7477,0.07275074
7478,0.07827791
7479,0.012595034
7480,0.064750075
7481,0.048678614
7482,0.04025305
7483,0.06292692
7484,0.03249224
7485,0.04522053
7486,0.037058026
7487,0.04829594
7488,0.06468608
7489,0.032260858
7490,0.050569993
7491,0.00912963
7492,0.022613544
7493,0.0319836
7494,0.023570329
7495,0.05861586
7496,0.014133234
7497,0.035648245
7498,0.07250792
7499,0.05231672
7500,0.078204185
7501,0.557581
7502,0.065614656
7503,0.0711456
7504,0.053188566
7505,0.05952266
7506,0.05735751
7507,0.06570863
7508,0.048597027
7509,0.019542344
7510,0.24355169
7511,0.056959935
7512,0.06322724
7513,0.052525945
7514,0.06274205
7515,0.018476227
7516,0.018701918
7517,0.02041566
7518,0.036084063
7519,0.08202591
7520,0.054637782
7521,0.043679632
7522,0.071107075
7523,0.6200679
7524,0.064838655
7525,0.014036277
7526,0.39238214
7527,0.050270475
7528,0.23919459
7529,0.24590054
7530,0.05529003
7531,0.04453711
7532,0.045415927
7533,0.07036199
7534,0.08365299
7535,0.040042676
7536,0.07995779
7537,0.065377645
7538,0.058619164
7539,0.015067973
7540,0.015726948
7541,0.04677417
7542,0.05473851
7543,0.015434824
7544,0.07459879
7545,0.079715416
7546,0.078144394
7547,0.063536584
7548,0.03190523
7549,0.069465995
7550,0.073243015
7551,0.23716661
7552,0.049647547
7553,0.010596671
7554,0.045335107
7555,0.020906325
7556,0.05518821
7557,0.5665973
7558,0.03632676
7559,0.06287843
7560,0.45297715
7561,0.22735973
7562,0.013161954
7563,0.018614007
7564,0.010647805
7565,0.014441249
7566,0.04003905
7567,0.048677467
7568,0.06287843
7569,0.086930305
7570,0.20543663
7571,0.06157786
7572,0.22803248
7573,0.2224786
7574,0.07703358
7575,0.23630747
7576,0.39185932
7577,0.062979996
7578,0.04602736
7579,0.06593937
7580,0.048435744
7581,0.24583815
7582,0.5528485
7583,0.006868009
7584,0.041375346
7585,0.39860517
7586,0.0147027485
7587,0.044379324
7588,0.24318162
7589,0.01586217
7590,0.013256324
7591,0.045249294
7592,0.05880477
7593,0.017142555
7594,0.041233283
7595,0.2476544
7596,0.039402187
7597,0.0612084
7598,0.2325819
7599,0.07814787
7600,0.081022814
7601,0.392613
7602,0.08467818
7603,0.028095482
7604,0.23190269
7605,0.3837632
7606,0.22165214
7607,0.56340694
7608,0.4378235
7609,0.25089833
7610,0.0066824863
7611,0.02753708
7612,0.076677434
7613,0.05388419
7614,0.019978423
7615,0.010617569
7616,0.006468104
7617,0.04878437
7618,0.011292977
7619,0.032213844
7620,0.050457902
7621,0.066282004
7622,0.06498683
7623,0.06994292
7624,0.06484884
7625,0.22141731
7626,0.07035094
7627,0.027696567
7628,0.07147102
7629,0.23533267
7630,0.018859044
7631,0.18455392
7632,0.49036035
7633,0.70036703
7634,0.67189246
7635,0.007448174
7636,0.02719009
7637,0.06487962
7638,0.24958819
7639,0.06445395
7640,0.054553583
7641,0.049363986
7642,0.053890634
7643,0.044092372
7644,0.013769279
7645,0.3961834
7646,0.017299784
7647,0.028347293
7648,0.071173504
7649,0.0707769
7650,0.046589486
7651,0.044811502
7652,0.22046903
7653,0.21119873
7654,0.0105848685
7655,0.026082344
7656,0.21833698
7657,0.07013717
7658,0.07127728
7659,0.63417697
7660,0.5886642
7661,0.6569435
7662,0.0101234345
7663,0.016571797
7664,0.19609377
7665,0.027606677
7666,0.08466829
7667,0.065534696
7668,0.23949134
7669,0.038463414
7670,0.06630332
7671,0.018550556
7672,0.065519094
7673,0.06973037
7674,0.08164405
7675,0.07380753
7676,0.45853373
7677,0.24987602
7678,0.22207247
7679,0.07663519
7680,0.06333414
7681,0.05178697
7682,0.071261
7683,0.04060914
7684,0.032514714
7685,0.022744814
7686,0.07733512
7687,0.07548954
7688,0.054544084
7689,0.0703115
7690,0.023541406
7691,0.49172273
7692,0.61323917
7693,0.54762393
7694,0.07527579
7695,0.044857807
7696,0.3814774
7697,0.012467172
7698,0.08417163
7699,0.027449261
7700,0.017383331
7701,0.016627738
7702,0.033283617
7703,0.065516606
7704,0.044235546
7705,0.3942881
7706,0.52402425
7707,0.05771531
7708,0.06871006
7709,0.064508796
7710,0.22976542
7711,0.05755926
7712,0.38134664
7713,0.07049562
7714,0.03573664
7715,0.06619159
7716,0.0702556
7717,0.07032654
7718,0.043095175
7719,0.02200132
7720,0.44321388
7721,0.36773595
7722,0.22896028
7723,0.061486114
7724,0.027016101
7725,0.07318291
7726,0.058544725
7727,0.24575494
7728,0.029206485
7729,0.03961592
7730,0.0401638
7731,0.016785659
7732,0.018832874
7733,0.038605615
7734,0.04075748
7735,0.23297259
7736,0.5894671
7737,0.42316133
7738,0.23719242
7739,0.072327
7740,0.097135834
7741,0.22666888
7742,0.4247298
7743,0.052782234
7744,0.02918034
7745,0.03583275
7746,0.032085788
7747,0.0776436
7748,0.07191978
7749,0.07512788
7750,0.5323724
7751,0.24351723
7752,0.08347367
7753,0.70147496
7754,0.07702991
7755,0.017851839
7756,0.07426324
7757,0.08872829
7758,0.020250328
7759,0.04981891
7760,0.25681874
7761,0.05313869
7762,0.03536592
7763,0.035280716
7764,0.042950124
7765,0.22195368
7766,0.42384443
7767,0.24338125
7768,0.48471624
7769,0.40649873
7770,0.08031116
7771,0.07650167
7772,0.41934896
7773,0.027141599
7774,0.085486926
7775,0.05945647
7776,0.045620438
7777,0.48555124
7778,0.3804737
7779,0.049614705
7780,0.48444152
7781,0.4364746
7782,0.064020775
7783,0.07065277
7784,0.064047344
7785,0.04425975
7786,0.010040659
7787,0.01462186
7788,0.0279735
7789,0.049394853
7790,0.06521036
7791,0.06512153
7792,0.07724139
7793,0.41544497
7794,0.62553364
7795,0.4338579
7796,0.40157714
7797,0.48158547
7798,0.06554367
7799,0.018659592
7800,0.05844735
7801,0.06021156
7802,0.07839389
7803,0.23495647
7804,0.054221775
7805,0.02640964
7806,0.054820996
7807,0.07826447
7808,0.018896766
7809,0.042820457
7810,0.070062675
7811,0.015471443
7812,0.035791736
7813,0.01900429
7814,0.013289802
7815,0.03205862
7816,0.05804973
7817,0.049677268
7818,0.06227239
7819,0.23013753
7820,0.22510508
7821,0.39484695
7822,0.58752143
7823,0.5348041
7824,0.2499879
7825,0.07311449
7826,0.0066160765
7827,0.04351223
7828,0.019786786
7829,0.0447705
7830,0.07186087
7831,0.014950237
7832,0.010184525
7833,0.03183122
7834,0.52545553
7835,0.17869388
7836,0.017932078
7837,0.05213716
7838,0.044874724
7839,0.07074896
7840,0.036467165
7841,0.044124052
7842,0.017291863
7843,0.043267626
7844,0.014483417
7845,0.027532173
7846,0.06531756
7847,0.06978919
7848,0.45825133
7849,0.39920425
7850,0.21908456
7851,0.48901471
7852,0.38590124
7853,0.49778596
7854,0.07615792
7855,0.036944322
7856,0.031989638
7857,0.03571728
7858,0.04399639
7859,0.04172223
7860,0.035087865
7861,0.05422171
7862,0.43085852
7863,0.21020913
7864,0.3935671
7865,0.029647985
7866,0.0704467
7867,0.07463528
7868,0.07754484
7869,0.10025042
7870,0.0433531
7871,0.028321208
7872,0.0406286
7873,0.2208631
7874,0.56166613
7875,0.41222075
7876,0.54022473
7877,0.08861793
7878,0.39205903
7879,0.082765505
7880,0.063914165
7881,0.039170366
7882,0.013079379
7883,0.012500217
7884,0.019128833
7885,0.035770588
7886,0.029775074
7887,0.07492062
7888,0.07804495
7889,0.06412808
7890,0.084679164
7891,0.027606677
7892,0.0583917
7893,0.39193913
7894,0.04000433
7895,0.0050455295
7896,0.0112984665
7897,0.011355736
7898,0.07137103
7899,0.22188291
7900,0.02976691
7901,0.3964828
7902,0.22740422
7903,0.057563607
7904,0.06848392
7905,0.029490795
7906,0.065428056
7907,0.062095035
7908,0.035762254
7909,0.07497928
7910,0.07177387
7911,0.039262358
7912,0.010348472
7913,0.3735003
7914,0.012461479
7915,0.065626815
7916,0.009810161
7917,0.039322358
7918,0.0322379
7919,0.07470476
7920,0.03304901
7921,0.041344922
7922,0.009663914
7923,0.039077137
7924,0.07318387
7925,0.42937392
7926,0.45046523
7927,0.07100187
7928,0.011777956
7929,0.018642584
7930,0.027869143
7931,0.04750221
7932,0.0546909
7933,0.0818866
7934,0.014174888
7935,0.030912979
7936,0.014320591
7937,0.030561155
7938,0.018761562
7939,0.01248202
7940,0.025990698
7941,0.05878146
7942,0.06479408
7943,0.41161177
7944,0.014065123
7945,0.017665805
7946,0.031883582
7947,0.05709172
7948,0.065466166
7949,0.4719364
7950,0.071698755
7951,0.012499893
7952,0.07656553
7953,0.034311693
7954,0.059757013
7955,0.21923618
7956,0.04694325
7957,0.01844054
7958,0.010844572
7959,0.08226715
7960,0.014187484
7961,0.025612058
7962,0.08088175
7963,0.054391433
7964,0.037213586
7965,0.017466586
7966,0.027428435
7967,0.052201845
7968,0.2505272
7969,0.030189797
7970,0.019241324
7971,0.028141811
7972,0.038785573
7973,0.05299409
7974,0.23574764
7975,0.054190952
7976,0.076072596
7977,0.06635259
7978,0.028570456
7979,0.044584833
7980,0.044424288
7981,0.028057795
7982,0.07921582
7983,0.017569406
7984,0.072188236
7985,0.018082311
7986,0.063935
7987,0.044988297
7988,0.010257997
7989,0.011580714
7990,0.2461602
7991,0.6990594
7992,0.2164239
7993,0.06503077
7994,0.013470672
7995,0.065612316
7996,0.04463675
7997,0.041650396
7998,0.06622445
7999,0.06300139
8000,0.0695102
8001,0.49111006
8002,0.020395627
8003,0.061431248
8004,0.015514618
8005,0.063413985
8006,0.06243338
8007,0.017102743
8008,0.036456164
8009,0.08116507
8010,0.49825457
8011,0.058401864
8012,0.07995202
8013,0.025661325
8014,0.05880963
8015,0.009830842
8016,0.021108355
8017,0.063025914
8018,0.028107813
8019,0.024569562
8020,0.04762878
8021,0.05039886
8022,0.026961297
8023,0.050643027
8024,0.017515408
8025,0.070836306
8026,0.035431754
8027,0.040294994
8028,0.014467538
8029,0.03201461
8030,0.06421738
8031,0.072417416
8032,0.020754233
8033,0.019007202
8034,0.0496295
8035,0.6167309
8036,0.054164488
8037,0.06940561
8038,0.044496935
8039,0.03651837
8040,0.043911546
8041,0.044382863
8042,0.43164045
8043,0.026560247
8044,0.015654782
8045,0.045107495
8046,0.070179544
8047,0.018561944
8048,0.07232141
8049,0.039635804
8050,0.025989342
8051,0.045007735
8052,0.37424126
8053,0.027612299
8054,0.019256124
8055,0.006870356
8056,0.01959338
8057,0.04232528
8058,0.009516103
8059,0.030929249
8060,0.23017696
8061,0.052976802
8062,0.053755313
8063,0.077097595
8064,0.06587303
8065,0.05958885
8066,0.05418733
8067,0.048911553
8068,0.19653903
8069,0.23697029
8070,0.07766027
8071,0.007967913
8072,0.005303759
8073,0.031529948
8074,0.013811745
8075,0.012576546
8076,0.016214887
8077,0.011555219
8078,0.018948456
8079,0.0098203905
8080,0.015490577
8081,0.010240916
8082,0.015210143
8083,0.009820508
8084,0.022984337
8085,0.049436927
8086,0.045428332
8087,0.06889299
8088,0.07661442
8089,0.07921576
8090,0.010990901
8091,0.010450668
8092,0.025704974
8093,0.0127388295
8094,0.010882188
8095,0.018787108
8096,0.014249041
8097,0.030804936
8098,0.013020196
8099,0.009782703
8100,0.009669685
8101,0.052782483
8102,0.04194397
8103,0.013475835
8104,0.043342534
8105,0.014338643
8106,0.01302757
8107,0.010094907
8108,0.070473954
8109,0.026936285
8110,0.044239275
8111,0.009004206
8112,0.00622654
8113,0.011716218
8114,0.031937025
8115,0.0104949735
8116,0.06376482
8117,0.0069723637
8118,0.08055469
8119,0.052026782
8120,0.054214574
8121,0.05429551
8122,0.009762733
8123,0.064166516
8124,0.020910047
8125,0.010153247
8126,0.06237603
8127,0.019319374
8128,0.068917766
8129,0.009109845
8130,0.078904144
8131,0.017106712
8132,0.031853363
8133,0.032135427
8134,0.02723323
8135,0.012692347
8136,0.012335673
8137,0.010563104
8138,0.032098204
8139,0.010588476
8140,0.012345598
8141,0.062950216
8142,0.05029768
8143,0.03196428
8144,0.07599954
8145,0.024486998
8146,0.0060767923
8147,0.011420377
8148,0.015752941
8149,0.044379037
8150,0.018813092
8151,0.01370066
8152,0.025773449
8153,0.032166276
8154,0.010198112
8155,0.074188516
8156,0.07657564
8157,0.010106062
8158,0.018546462
8159,0.065315805
8160,0.014218448
8161,0.020010019
8162,0.04366802
8163,0.054883335
8164,0.03272181
8165,0.036060795
8166,0.06865686
8167,0.044342835
8168,0.036346596
8169,0.06095
8170,0.04303501
8171,0.06315761
8172,0.044350598
8173,0.23316626
8174,0.3899329
8175,0.24383917
8176,0.062434286
8177,0.24769068
8178,0.21990804
8179,0.22769329
8180,0.056388877
8181,0.02737367
8182,0.022871645
8183,0.068533294
8184,0.013462404
8185,0.03900827
8186,0.013968127
8187,0.222564
8188,0.031107765
8189,0.5140809
8190,0.22499977
8191,0.044092957
8192,0.044370547
8193,0.22441196
8194,0.057789654
8195,0.02787734
8196,0.04347372
8197,0.035712674
8198,0.017054113
8199,0.013819087
8200,0.040190976
8201,0.07186525
8202,0.07254621
8203,0.451916
8204,0.47048378
8205,0.043570813
8206,0.06276627
8207,0.22268407
8208,0.23608996
8209,0.009675715
8210,0.05172817
8211,0.042175144
8212,0.058002546
8213,0.0645449
8214,0.034591552
8215,0.47660592
8216,0.07374403
8217,0.06822672
8218,0.45320702
8219,0.07382204
8220,0.021426585
8221,0.44074023
8222,0.053460903
8223,0.44543976
8224,0.048776302
8225,0.04638684
8226,0.034072876
8227,0.060693163
8228,0.026949644
8229,0.06735473
8230,0.07143743
8231,0.06718368
8232,0.032905746
8233,0.037867565
8234,0.0617536
8235,0.39046988
8236,0.043685544
8237,0.051756524
8238,0.0545888
8239,0.062228
8240,0.030769104
8241,0.039032917
8242,0.043356717
8243,0.06817825
8244,0.026681792
8245,0.05463004
8246,0.0752028
8247,0.42131776
8248,0.051225055
8249,0.039109603
8250,0.0058272025
8251,0.013520844
8252,0.52012676
8253,0.072151564
8254,0.06265031
8255,0.45726973
8256,0.114349134
8257,0.00918841
8258,0.006285653
8259,0.061945274
8260,0.04950568
8261,0.018242994
8262,0.021528672
8263,0.015350556
8264,0.03501407
8265,0.06256573
8266,0.061317947
8267,0.067971565
8268,0.07602069
8269,0.44090042
8270,0.01720543
8271,0.020193797
8272,0.009949384
8273,0.031236509
8274,0.025328187
8275,0.03427215
8276,0.23989077
8277,0.018758392
8278,0.04293503
8279,0.010316479
8280,0.057948526
8281,0.043120578
8282,0.026447497
8283,0.06856106
8284,0.4792293
8285,0.053456146
8286,0.06422329
8287,0.018279532
8288,0.021053689
8289,0.04076882
8290,0.052951112
8291,0.010825716
8292,0.027451245
8293,0.012069501
8294,0.07096859
8295,0.08762587
8296,0.069052994
8297,0.069422804
8298,0.053356033
8299,0.035535205
8300,0.031136766
8301,0.029420333
8302,0.03448658
8303,0.062921695
8304,0.04968321
8305,0.21188334
8306,0.014007217
8307,0.03470281
8308,0.027286422
8309,0.016924893
8310,0.015111046
8311,0.023737539
8312,0.040433932
8313,0.02404057
8314,0.05685686
8315,0.08131476
8316,0.07628069
8317,0.04288476
8318,0.0386114
8319,0.035257485
8320,0.06627204
8321,0.058123033
8322,0.014505136
8323,0.050987832
8324,0.014890364
8325,0.0135022905
8326,0.030014142
8327,0.06650662
8328,0.026419045
8329,0.024006067
8330,0.03101206
8331,0.051939093
8332,0.05381681
8333,0.225608
8334,0.21968994
8335,0.2199481
8336,0.05314406
8337,0.038415648
8338,0.018158615
8339,0.048758794
8340,0.043413017
8341,0.012224224
8342,0.07462165
8343,0.043393508
8344,0.50790286
8345,0.069388375
8346,0.01988124
8347,0.07003597
8348,0.047568984
8349,0.04569831
8350,0.018132716
8351,0.010090565
8352,0.012164569
8353,0.053075653
8354,0.011502179
8355,0.017407674
8356,0.01802085
8357,0.06191802
8358,0.0425791
8359,0.060203783
8360,0.051312495
8361,0.06713035
8362,0.3876917
8363,0.42404908
8364,0.053700946
8365,0.021408722
8366,0.06136157
8367,0.01556258
8368,0.038405873
8369,0.026775045
8370,0.011439302
8371,0.063520215
8372,0.049678538
8373,0.07259331
8374,0.040238336
8375,0.06798971
8376,0.039415967
8377,0.05062354
8378,0.016924726
8379,0.018155338
8380,0.07452236
8381,0.010756948
8382,0.030910406
8383,0.056674447
8384,0.010099641
8385,0.027973894
8386,0.03514857
8387,0.05093878
8388,0.057702683
8389,0.22200775
8390,0.06407253
8391,0.23612998
8392,0.07166245
8393,0.07472436
8394,0.012303708
8395,0.0626967
8396,0.012031891
8397,0.047798272
8398,0.010438875
8399,0.03994194
8400,0.06389173
8401,0.031159662
8402,0.01992035
8403,0.04519685
8404,0.035966784
8405,0.047818925
8406,0.063651495
8407,0.031494744
8408,0.050337967
8409,0.008399617
8410,0.03101206
8411,0.0573437
8412,0.03451012
8413,0.06864064
8414,0.05121628
8415,0.07355934
8416,0.53537697
8417,0.062480744
8418,0.068213254
8419,0.05189679
8420,0.21020825
8421,0.0569535
8422,0.06393002
8423,0.047831815
8424,0.01886172
8425,0.244707
8426,0.057096805
8427,0.061250817
8428,0.05116505
8429,0.062184297
8430,0.018344793
8431,0.026972178
8432,0.018192451
8433,0.019614128
8434,0.034873117
8435,0.079577334
8436,0.053855516
8437,0.043120828
8438,0.069052994
8439,0.5354153
8440,0.063535556
8441,0.0139945
8442,0.22107156
8443,0.050142333
8444,0.23718317
8445,0.24426623
8446,0.053291205
8447,0.019289149
8448,0.043967664
8449,0.0437686
8450,0.06697941
8451,0.08162391
8452,0.038757015
8453,0.074457705
8454,0.06304674
8455,0.05799804
8456,0.015182918
8457,0.019458031
8458,0.045909353
8459,0.053724304
8460,0.014458683
8461,0.07121079
8462,0.07779344
8463,0.07268521
8464,0.06197962
8465,0.030994177
8466,0.068148725
8467,0.069245376
8468,0.23616423
8469,0.048856914
8470,0.00999278
8471,0.04476739
8472,0.053846955
8473,0.47178352
8474,0.03543988
8475,0.063229255
8476,0.45538476
8477,0.22841787
8478,0.012990433
8479,0.018237708
8480,0.012757291
8481,0.03831843
8482,0.047813922
8483,0.062267512
8484,0.23599538
8485,0.010074834
8486,0.059362058
8487,0.061601754
8488,0.2327765
8489,0.07375118
8490,0.07351812
8491,0.23832262
8492,0.40399346
8493,0.061084297
8494,0.043903537
8495,0.0630726
8496,0.047638185
8497,0.24275169
8498,0.52930766
8499,0.006078361
8500,0.041016914
8501,0.43955407
8502,0.01413271
8503,0.04367525
8504,0.40985742
8505,0.012742884
8506,0.044496443
8507,0.057983007
8508,0.01611815
8509,0.04034452
8510,0.42498785
8511,0.0383256
8512,0.05982213
8513,0.23792759
8514,0.08897979
8515,0.2427797
8516,0.43409535
8517,0.24586517
8518,0.027653452
8519,0.23896538
8520,0.21551496
8521,0.07226448
8522,0.5194044
8523,0.43724272
8524,0.4186434
8525,0.006179079
8526,0.024133358
8527,0.07307703
8528,0.017190503
8529,0.054562423
8530,0.02673665
8531,0.019892063
8532,0.012215075
8533,0.010803843
8534,0.0062949173
8535,0.04910439
8536,0.012671134
8537,0.031201864
8538,0.04967662
8539,0.06336712
8540,0.06307285
8541,0.06759527
8542,0.062989615
8543,0.22523975
8544,0.21541454
8545,0.027434146
8546,0.06841017
8547,0.07268142
8548,0.018158615
8549,0.19229896
8550,0.64261466
8551,0.67044747
8552,0.6104211
8553,0.00659709
8554,0.026561208
8555,0.016377926
8556,0.06248856
8557,0.43650106
8558,0.063421115
8559,0.017009644
8560,0.052898522
8561,0.009553268
8562,0.048997834
8563,0.053070024
8564,0.04366469
8565,0.012126834
8566,0.3793905
8567,0.01672138
8568,0.027660802
8569,0.067719154
8570,0.067711405
8571,0.044533644
8572,0.043741174
8573,0.22414733
8574,0.21035494
8575,0.024773076
8576,0.21903312
8577,0.067843884
8578,0.22135466
8579,0.58894145
8580,0.54738426
8581,0.5393482
8582,0.013940841
8583,0.20155077
8584,0.026593434
8585,0.07595209
8586,0.063692756
8587,0.23794709
8588,0.03833856
8589,0.062445473
8590,0.01799312
8591,0.06350545
8592,0.06600502
8593,0.075988986
8594,0.0685678
8595,0.4495563
8596,0.41829914
8597,0.22631933
8598,0.0739981
8599,0.061527815
8600,0.049176034
8601,0.06854726
8602,0.03984057
8603,0.031364206
8604,0.07392924
8605,0.07256576
8606,0.05292737
8607,0.06645044
8608,0.024199402
8609,0.63139236
8610,0.5979417
8611,0.653777
8612,0.07186511
8613,0.0436506
8614,0.3679422
8615,0.2421562
8616,0.016829547
8617,0.016115725
8618,0.032263875
8619,0.06280674
8620,0.04391289
8621,0.4264347
8622,0.49082053
8623,0.057171352
8624,0.06619852
8625,0.06267093
8626,0.07871529
8627,0.056581963
8628,0.39756763
8629,0.22098972
8630,0.03463691
8631,0.063107476
8632,0.068018
8633,0.06952626
8634,0.042723704
8635,0.021102255
8636,0.50576687
8637,0.24616326
8638,0.2293414
8639,0.06020419
8640,0.026414404
8641,0.06981428
8642,0.05774993
8643,0.098552786
8644,0.028887477
8645,0.038828373
8646,0.040077172
8647,0.016742155
8648,0.018883508
8649,0.038226597
8650,0.03998359
8651,0.23267296
8652,0.6260573
8653,0.3912311
8654,0.23889998
8655,0.06903386
8656,0.072491825
8657,0.07853463
8658,0.5139514
8659,0.051889088
8660,0.027407993
8661,0.031398907
8662,0.07533486
8663,0.06755125
8664,0.07012266
8665,0.25346157
8666,0.24515858
8667,0.23328032
8668,0.7570688
8669,0.07494979
8670,0.017047854
8671,0.072072975
8672,0.23515272
8673,0.019923149
8674,0.049125805
8675,0.24735294
8676,0.051790956
8677,0.03448268
8678,0.03393117
8679,0.04222518
8680,0.2249205
8681,0.3938749
8682,0.40259367
8683,0.5084898
8684,0.3876254
8685,0.07555208
8686,0.07407243
8687,0.24471895
8688,0.013308055
8689,0.026310423
8690,0.08056802
8691,0.058887966
8692,0.044145003
8693,0.25024733
8694,0.36946237
8695,0.048734758
8696,0.52759486
8697,0.39618888
8698,0.008800076
8699,0.06212663
8700,0.06930715
8701,0.06254503
8702,0.04424723
8703,0.013404307
8704,0.028117206
8705,0.048658326
8706,0.06274181
8707,0.06319956
8708,0.07165421
8709,0.39631787
8710,0.6280965
8711,0.4314467
8712,0.4050878
8713,0.48393342
8714,0.062649846
8715,0.018295612
8716,0.057436347
8717,0.05968343
8718,0.07390127
8719,0.24048902
8720,0.054069992
8721,0.026684212
8722,0.052830316
8723,0.2243735
8724,0.017327156
8725,0.005185551
8726,0.041455243
8727,0.06792184
8728,0.014882205
8729,0.035635423
8730,0.019509448
8731,0.011821074
8732,0.030985422
8733,0.057236027
8734,0.04887705
8735,0.061377153
8736,0.23210545
8737,0.2270297
8738,0.37534514
8739,0.697327
8740,0.52533525
8741,0.37289074
8742,0.06862465
8743,0.0064334925
8744,0.042171657
8745,0.019475337
8746,0.044576816
8747,0.068489455
8748,0.014516067
8749,0.010003969
8750,0.031166514
8751,0.5911311
8752,0.19074251
8753,0.01677935
8754,0.051444877
8755,0.043736145
8756,0.22089571
8757,0.036039192
8758,0.04336063
8759,0.01735112
8760,0.043048497
8761,0.013524733
8762,0.014034199
8763,0.026609678
8764,0.062426455
8765,0.06798007
8766,0.49547377
8767,0.42055127
8768,0.22318304
8769,0.5715649
8770,0.42711613
8771,0.4547356
8772,0.079726905
8773,0.035957903
8774,0.031756252
8775,0.034217414
8776,0.043407854
8777,0.041071933
8778,0.022021847
8779,0.03493059
8780,0.053792726
8781,0.5098653
8782,0.21039294
8783,0.39140755
8784,0.029054875
8785,0.06766731
8786,0.070977524
8787,0.0731789
8788,0.082486264
8789,0.042918745
8790,0.027565576
8791,0.038757015
8792,0.07527127
8793,0.5903248
8794,0.41313916
8795,0.5285211
8796,0.2368488
8797,0.2435068
8798,0.07917606
8799,0.06279266
8800,0.040659454
8801,0.021413587
8802,0.011987123
8803,0.03494166
8804,0.028929664
8805,0.07103899
8806,0.07377084
8807,0.063613646
8808,0.24527006
8809,0.026557958
8810,0.057980057
8811,0.4050878
8812,0.03837548
8813,0.005673819
8814,0.010371583
8815,0.010876885
8816,0.069303244
8817,0.22004823
8818,0.027891548
8819,0.2170282
8820,0.23042634
8821,0.056830496
8822,0.065353274
8823,0.029342676
8824,0.06279288
8825,0.061451953
8826,0.0345585
8827,0.073748276
8828,0.06858161
8829,0.038399618
8830,0.009420804
8831,0.41968778
8832,0.011984669
8833,0.013748637
8834,0.06456644
8835,0.0075223413
8836,0.037460335
8837,0.031445492
8838,0.072021544
8839,0.032230023
8840,0.040245675
8841,0.009330266
8842,0.039415967
8843,0.06894855
8844,0.39964882
8845,0.48063135
8846,0.068010405
8847,0.011219916
8848,0.01786831
8849,0.018179914
8850,0.027124241
8851,0.04681376
8852,0.013691837
8853,0.05393666
8854,0.074321985
8855,0.0132402945
8856,0.030474477
8857,0.013976642
8858,0.030391619
8859,0.01844864
8860,0.011881344
8861,0.02507876
8862,0.057656445
8863,0.062422257
8864,0.36993316
8865,0.013248443
8866,0.016775932
8867,0.030737733
8868,0.05665177
8869,0.062541656
8870,0.43836895
8871,0.065819636
8872,0.012303708
8873,0.22490987
8874,0.0347942
8875,0.014523262
8876,0.05842084
8877,0.073086075
8878,0.045521703
8879,0.012320239
8880,0.016928405
8881,0.010186151
8882,0.07641417
8883,0.014021515
8884,0.025245264
8885,0.076008186
8886,0.053224854
8887,0.035951428
8888,0.016694846
8889,0.02673665
8890,0.051477592
8891,0.37577844
8892,0.029987559
8893,0.0058841985
8894,0.019285632
8895,0.027631253
8896,0.038815413
8897,0.051227633
8898,0.23737559
8899,0.053044148
8900,0.23240629
8901,0.06643107
8902,0.027873836
8903,0.043299884
8904,0.043811537
8905,0.027591074
8906,0.078992575
8907,0.018044133
8908,0.06642593
8909,0.017149469
8910,0.06280208
8911,0.043429036
8912,0.009672353
8913,0.010848085
8914,0.24499331
8915,0.6197226
8916,0.21735114
8917,0.06325134
8918,0.06240822
8919,0.043761235
8920,0.040410418
8921,0.06369511
8922,0.06171785
8923,0.06885351
8924,0.71109784
8925,0.01807959
8926,0.060906727
8927,0.015138338
8928,0.06175151
8929,0.061048996
8930,0.017041922
8931,0.034987245
8932,0.07838373
8933,0.49331227
8934,0.057470463
8935,0.22607994
8936,0.025052398
8937,0.017332584
8938,0.059459295
8939,0.009645318
8940,0.02163714
8941,0.06156227
8942,0.027131893
8943,0.023843244
8944,0.0060446463
8945,0.046910446
8946,0.04924733
8947,0.026344594
8948,0.018279532
8949,0.04963036
8950,0.016829237
8951,0.06940634
8952,0.03459086
8953,0.038697537
8954,0.0139598055
8955,0.031595267
8956,0.06253782
8957,0.06748123
8958,0.020201564
8959,0.025007458
8960,0.048652813
8961,0.4914808
8962,0.05405526
8963,0.06722286
8964,0.044110764
8965,0.034735106
8966,0.042572796
8967,0.04279769
8968,0.016974445
8969,0.4015062
8970,0.026160598
8971,0.0057377536
8972,0.00859339
8973,0.0150980875
8974,0.04387298
8975,0.06802631
8976,0.018406393
8977,0.06819209
8978,0.03809364
8979,0.025228739
8980,0.006144998
8981,0.043689225
8982,0.37494844
8983,0.026696926
8984,0.01872196
8985,0.0062462734
8986,0.019188453
8987,0.01205752
8988,0.04090854
8989,0.008856732
8990,0.03013051
8991,0.0057987226
8992,0.2295797
8993,0.05268405
8994,0.0139221335
8995,0.014223708
8996,0.014790465
8997,0.010055792
8998,0.05349281
8999,0.0729352
9000,0.06275658
9001,0.05879571
9002,0.05268744
9003,0.026436873
9004,0.046827853
9005,0.016549205
9006,0.05354297
9007,0.24004057
9008,0.07319897
9009,0.0075590066
9010,0.004438692
9011,0.03137916
9012,0.013315994
9013,0.0117672775
9014,0.015912669
9015,0.012226087
9016,0.018407566
9017,0.009199094
9018,0.014694181
9019,0.009627132
9020,0.014505405
9021,0.023359938
9022,0.047802318
9023,0.044641763
9024,0.069424205
9025,0.006414548
9026,0.07440262
9027,0.24802984
9028,0.018784303
9029,0.009617411
9030,0.018183703
9031,0.010270983
9032,0.018024916
9033,0.018083977
9034,0.013814062
9035,0.030192835
9036,0.009452254
9037,0.008545107
9038,0.051851623
9039,0.0408187
9040,0.012817249
9041,0.042665306
9042,0.013858327
9043,0.012699712
9044,0.0092638265
9045,0.06718368
9046,0.026469864
9047,0.043002933
9048,0.005834838
9049,0.011284788
9050,0.030985422
9051,0.009852538
9052,0.06279774
9053,0.0063017323
9054,0.012051562
9055,0.07698471
9056,0.051381286
9057,0.053664997
9058,0.05306573
9059,0.06272645
9060,0.020539314
9061,0.010589551
9062,0.061543062
9063,0.015065741
9064,0.067115545
9065,0.008313473
9066,0.07410369
9067,0.01683809
9068,0.024952311
9069,0.030970251
9070,0.026434543
9071,0.026814219
9072,0.012958365
9073,0.012001799
9074,0.012203717
9075,0.007772434
9076,0.010074834
9077,0.031121334
9078,0.010450679
9079,0.011170093
9080,0.062039226
9081,0.04995809
9082,0.031415664
9083,0.0056666927
9084,0.069971405
9085,0.017349953
9086,0.024104824
9087,0.029817635
9088,0.0056151566
9089,0.0107261175
9090,0.014645444
9091,0.04401106
9092,0.018328896
9093,0.025709258
9094,0.031127553
9095,0.015668986
9096,0.030801972
9097,0.067209765
9098,0.07346084
9099,0.009569958
9100,0.063372515
9101,0.03551418
9102,0.043719046
9103,0.05479219
9104,0.033013638
9105,0.037616998
9106,0.045692574
9107,0.008367275
9108,0.07010835
9109,0.045562733
9110,0.004066512
9111,0.061323058
9112,0.045069903
9113,0.064697854
9114,0.044029094
9115,0.23555851
9116,0.37843096
9117,0.014481078
9118,0.24259229
9119,0.0633282
9120,0.07812223
9121,0.06866978
9122,0.07926671
9123,0.05680182
9124,0.01890697
9125,0.06920761
9126,0.0143132815
9127,0.0391846
9128,0.014447534
9129,0.012292597
9130,0.060853947
9131,0.03155696
9132,0.5307713
9133,0.06778736
9134,0.045562733
9135,0.044091545
9136,0.06817349
9137,0.05834938
9138,0.028260604
9139,0.04405738
9140,0.01840942
9141,0.014333322
9142,0.04086536
9143,0.07316119
9144,0.072639056
9145,0.48588687
9146,0.5169227
9147,0.044588957
9148,0.06376084
9149,0.42317036
9150,0.07447078
9151,0.05211714
9152,0.042913117
9153,0.058317423
9154,0.06709184
9155,0.035071924
9156,0.47464532
9157,0.075365014
9158,0.23673724
9159,0.20229514
9160,0.075774774
9161,0.02167299
9162,0.4945913
9163,0.009505846
9164,0.053837508
9165,0.25122517
9166,0.050158866
9167,0.047381986
9168,0.034843165
9169,0.06167211
9170,0.007061174
9171,0.027143208
9172,0.06915136
9173,0.073024206
9174,0.03326678
9175,0.038673203
9176,0.42886546
9177,0.41915777
9178,0.044159066
9179,0.03133705
9180,0.052385904
9181,0.05465931
9182,0.063789345
9183,0.03147473
9184,0.03922137
9185,0.043427248
9186,0.07014296
9187,0.054598056
9188,0.073744826
9189,0.054256815
9190,0.39953765
9191,0.051737264
9192,0.039106335
9193,0.024296278
9194,0.014953075
9195,0.012847088
9196,0.015033398
9197,0.01401983
9198,0.016550096
9199,0.43455127
9200,0.07274943
9201,0.06430926
9202,0.43361238
9203,0.2512383
9204,0.0624516
9205,0.0492687
9206,0.01380824
9207,0.021864844
9208,0.016335882
9209,0.03654232
9210,0.0064934795
9211,0.062699586
9212,0.061473526
9213,0.06936346
9214,0.42770168
9215,0.39093104
9216,0.017576732
9217,0.020298965
9218,0.044493243
9219,0.009883132
9220,0.00799625
9221,0.031380516
9222,0.025340514
9223,0.035578303
9224,0.07672105
9225,0.019389752
9226,0.043037552
9227,0.011382906
9228,0.058531504
9229,0.067306474
9230,0.4290265
9231,0.054177467
9232,0.064126275
9233,0.018392423
9234,0.021662133
9235,0.041174136
9236,0.052873004
9237,0.017574053
9238,0.028209176
9239,0.07281711
9240,0.085672274
9241,0.06786039
9242,0.21801496
9243,0.053877264
9244,0.03536146
9245,0.03234271
9246,0.030252192
9247,0.03511535
9248,0.06417278
9249,0.050003447
9250,0.22367568
9251,0.014243509
9252,0.036155168
9253,0.027865382
9254,0.017731644
9255,0.015878031
9256,0.024752462
9257,0.040390167
9258,0.050156947
9259,0.021646688
9260,0.024645416
9261,0.05791368
9262,0.0799655
9263,0.07782976
9264,0.04375615
9265,0.039918598
9266,0.035644464
9267,0.06889148
9268,0.058164973
9269,0.015026336
9270,0.013511921
9271,0.030706072
9272,0.06952454
9273,0.027009176
9274,0.02409487
9275,0.031239962
9276,0.052947942
9277,0.054455005
9278,0.22736695
9279,0.06853463
9280,0.2244156
9281,0.05346476
9282,0.03861462
9283,0.018578464
9284,0.049813934
9285,0.043866526
9286,0.07522107
9287,0.0443842
9288,0.21088298
9289,0.070403084
9290,0.020252284
9291,0.013222752
9292,0.07141154
9293,0.04832289
9294,0.046194542
9295,0.019292569
9296,0.010623773
9297,0.053889
9298,0.012394051
9299,0.017563283
9300,0.01879563
9301,0.06232964
9302,0.04372375
9303,0.060702365
9304,0.052152734
9305,0.070170596
9306,0.22523527
9307,0.41052896
9308,0.0540407
9309,0.022200359
9310,0.062599584
9311,0.016354522
9312,0.039525315
9313,0.026920246
9314,0.06322873
9315,0.050215516
9316,0.073139764
9317,0.04111254
9318,0.06897042
9319,0.038644716
9320,0.05155379
9321,0.035183772
9322,0.017565614
9323,0.018535407
9324,0.07543274
9325,0.031137535
9326,0.057591338
9327,0.01112826
9328,0.02299377
9329,0.03477244
9330,0.05116069
9331,0.05822083
9332,0.22325222
9333,0.06414351
9334,0.06965242
9335,0.07429643
9336,0.0769112
9337,0.012867964
9338,0.0645754
9339,0.0123945465
9340,0.048615675
9341,0.040634852
9342,0.064158715
9343,0.031869892
9344,0.02067716
9345,0.044772618
9346,0.036347482
9347,0.04813692
9348,0.063750416
9349,0.031928524
9350,0.050375685
9351,0.022581186
9352,0.031829346
9353,0.014447583
9354,0.058467165
9355,0.014266877
9356,0.035738192
9357,0.070404984
9358,0.05227343
9359,0.076156005
9360,0.59853435
9361,0.06561159
9362,0.06991875
9363,0.052702878
9364,0.058963515
9365,0.057261955
9366,0.06360751
9367,0.048360594
9368,0.011382801
9369,0.01938434
9370,0.24547859
9371,0.057058427
9372,0.06250235
9373,0.051513594
9374,0.062056214
9375,0.018774891
9376,0.02726485
9377,0.020033814
9378,0.035921317
9379,0.077431366
9380,0.0544276
9381,0.04321557
9382,0.069548234
9383,0.6219432
9384,0.06338488
9385,0.014423437
9386,0.22544767
9387,0.049849045
9388,0.23787992
9389,0.24683647
9390,0.054989807
9391,0.020423204
9392,0.044374976
9393,0.0684238
9394,0.081406444
9395,0.039157555
9396,0.24195245
9397,0.06326376
9398,0.05800379
9399,0.01543809
9400,0.019738602
9401,0.04591323
9402,0.054104544
9403,0.015070788
9404,0.073276326
9405,0.07830975
9406,0.074948065
9407,0.06270838
9408,0.031268954
9409,0.0717372
9410,0.23022997
9411,0.23969698
9412,0.04932658
9413,0.010769155
9414,0.04518266
9415,0.020812094
9416,0.009864853
9417,0.051620852
9418,0.51053596
9419,0.03590732
9420,0.05982313
9421,0.45435524
9422,0.069679655
9423,0.014703742
9424,0.018715646
9425,0.010851649
9426,0.013441894
9427,0.038860038
9428,0.04838926
9429,0.062202357
9430,0.23761547
9431,0.06045668
9432,0.062821485
9433,0.2345185
9434,0.2243955
9435,0.07459621
9436,0.23738681
9437,0.41520473
9438,0.06257179
9439,0.01880967
9440,0.044318326
9441,0.065376654
9442,0.048020847
9443,0.24508944
9444,0.6326831
9445,0.00678071
9446,0.041579343
9447,0.40474197
9448,0.014515351
9449,0.044256914
9450,0.24540353
9451,0.013468842
9452,0.04501397
9453,0.058095947
9454,0.016866427
9455,0.040691227
9456,0.0067715067
9457,0.25297555
9458,0.038904432
9459,0.05998704
9460,0.2335332
9461,0.07642606
9462,0.24646404
9463,0.36826026
9464,0.24365975
9465,0.027890667
9466,0.085211016
9467,0.22143762
9468,0.21946034
9469,0.61486
9470,0.4389
9471,0.24762882
9472,0.024669869
9473,0.07516964
9474,0.017389575
9475,0.053137116
9476,0.027318334
9477,0.019725274
9478,0.0126616545
9479,0.011063222
9480,0.04929089
9481,0.009233184
9482,0.0118213715
9483,0.03164942
9484,0.05078811
9485,0.06339555
9486,0.06362174
9487,0.069009356
9488,0.06362512
9489,0.07648856
9490,0.22375198
9491,0.02758937
9492,0.06880762
9493,0.23410702
9494,0.018778613
9495,0.049969006
9496,0.4792483
9497,0.57611364
9498,0.5099651
9499,0.006408481
9500,0.027248984
9501,0.017564017
9502,0.06415603
9503,0.4846204
9504,0.06362098
9505,0.017866291
9506,0.054874904
9507,0.010110919
9508,0.049214132
9509,0.053997044
9510,0.044037428
9511,0.013307813
9512,0.40169364
9513,0.01856643
9514,0.028726086
9515,0.06873663
9516,0.06928471
9517,0.044822466
9518,0.043789674
9519,0.2281508
9520,0.21721596
9521,0.4200247
9522,0.068758
9523,0.068703815
9524,0.6069748
9525,0.65423983
9526,0.51904994
9527,0.01454033
9528,0.053543344
9529,0.026730115
9530,0.009609996
9531,0.24893387
9532,0.06498333
9533,0.24034467
9534,0.038589492
9535,0.063859716
9536,0.018596143
9537,0.063498504
9538,0.067645796
9539,0.07817178
9540,0.067997344
9541,0.4723486
9542,0.2508332
9543,0.07671096
9544,0.07507788
9545,0.063018665
9546,0.051688526
9547,0.07217395
9548,0.040672265
9549,0.032225214
9550,0.022700047
9551,0.07344923
9552,0.22349562
9553,0.053800076
9554,0.06937667
9555,0.024441428
9556,0.60481834
9557,0.5367182
9558,0.595085
9559,0.07437875
9560,0.044351563
9561,0.22538811
9562,0.012621396
9563,0.24714032
9564,0.027143473
9565,0.010194723
9566,0.017534098
9567,0.017149825
9568,0.032765374
9569,0.06371107
9570,0.044041105
9571,0.4049736
9572,0.6348854
9573,0.055626966
9574,0.06672417
9575,0.06358513
9576,0.08046953
9577,0.057591338
9578,0.38848484
9579,0.068723075
9580,0.03521126
9581,0.064392164
9582,0.0706329
9583,0.068534695
9584,0.04332512
9585,0.022012569
9586,0.4605824
9587,0.3958668
9588,0.23592079
9589,0.060645416
9590,0.027155923
9591,0.06997259
9592,0.057611197
9593,0.24559113
9594,0.029049909
9595,0.03953947
9596,0.040568125
9597,0.016942713
9598,0.018654726
9599,0.038441844
9600,0.04031099
9601,0.39001116
9602,0.6925513
9603,0.3996231
9604,0.24220893
9605,0.07072803
9606,0.077396825
9607,0.22953007
9608,0.45297894
9609,0.0517987
9610,0.02814453
9611,0.035284307
9612,0.032244656
9613,0.22344272
9614,0.069065064
9615,0.07327866
9616,0.25463077
9617,0.07832589
9618,0.2343028
9619,0.7055984
9620,0.07537746
9621,0.22649054
9622,0.23634154
9623,0.019861199
9624,0.049311943
9625,0.465305
9626,0.0531988
9627,0.03682988
9628,0.03461262
9629,0.042492002
9630,0.225988
9631,0.41800183
9632,0.24765827
9633,0.50982267
9634,0.38629845
9635,0.07697195
9636,0.22671083
9637,0.3871475
9638,0.013849685
9639,0.027131531
9640,0.23522188
9641,0.05920433
9642,0.046028502
9643,0.4297387
9644,0.24712826
9645,0.04905158
9646,0.522767
9647,0.41696092
9648,0.006528458
9649,0.06392179
9650,0.070564635
9651,0.063692585
9652,0.044773154
9653,0.011585036
9654,0.014566372
9655,0.028175874
9656,0.048500963
9657,0.06420175
9658,0.0635777
9659,0.07330827
9660,0.39828143
9661,0.5262225
9662,0.42975584
9663,0.38505948
9664,0.4622408
9665,0.06485375
9666,0.018870741
9667,0.05824646
9668,0.06021946
9669,0.22398472
9670,0.23569797
9671,0.053705517
9672,0.027064953
9673,0.054221954
9674,0.2250593
9675,0.02363869
9676,0.0062109767
9677,0.042446177
9678,0.068282925
9679,0.020602675
9680,0.015375818
9681,0.03547018
9682,0.018548861
9683,0.01290362
9684,0.03170414
9685,0.057023376
9686,0.049376644
9687,0.061469637
9688,0.23299742
9689,0.22795983
9690,0.42510384
9691,0.64941955
9692,0.6015846
9693,0.39912075
9694,0.069093265
9695,0.043473523
9696,0.019509468
9697,0.045692574
9698,0.069973566
9699,0.016229814
9700,0.03176402
9701,0.5007869
9702,0.04429563
9703,0.01755413
9704,0.19908665
9705,0.044465076
9706,0.22806479
9707,0.044036
9708,0.017251335
9709,0.043068085
9710,0.013740892
9711,0.014813473
9712,0.027466893
9713,0.06309698
9714,0.06989551
9715,0.49509797
9716,0.40376434
9717,0.22472626
9718,0.51894504
9719,0.40532503
9720,0.47415382
9721,0.07301969
9722,0.03627405
9723,0.036151897
9724,0.04483897
9725,0.04224076
9726,0.016164599
9727,0.034500606
9728,0.054248463
9729,0.50041187
9730,0.21564661
9731,0.3976023
9732,0.028882595
9733,0.06911513
9734,0.07325058
9735,0.075173385
9736,0.08589244
9737,0.04292101
9738,0.02806312
9739,0.039625194
9740,0.07603261
9741,0.61752784
9742,0.39125636
9743,0.49943158
9744,0.24154511
9745,0.42295352
9746,0.08045911
9747,0.063242495
9748,0.040979743
9749,0.021760045
9750,0.012616725
9751,0.013248128
9752,0.035144314
9753,0.029232752
9754,0.073346704
9755,0.07456628
9756,0.06481447
9757,0.24602515
9758,0.027178776
9759,0.056332268
9760,0.011495574
9761,0.24279903
9762,0.038910184
9763,0.011001559
9764,0.011249893
9765,0.07001336
9766,0.07478088
9767,0.02801266
9768,0.0038051284
9769,0.21885704
9770,0.22642809
9771,0.0571191
9772,0.06624847
9773,0.06373615
9774,0.061824903
9775,0.035330914
9776,0.07387858
9777,0.07108494
9778,0.0388779
9779,0.010153449
9780,0.21883745
9781,0.012652497
9782,0.01254944
9783,0.014612648
9784,0.06421033
9785,0.038264383
9786,0.031697225
9787,0.07320182
9788,0.03356176
9789,0.041251156
9790,0.009870642
9791,0.0388686
9792,0.2341901
9793,0.43293327
9794,0.46850792
9795,0.07073778
9796,0.01173931
9797,0.019643806
9798,0.018830422
9799,0.027824106
9800,0.04836941
9801,0.014205526
9802,0.05397063
9803,0.077332765
9804,0.02175938
9805,0.030748742
9806,0.0145804975
9807,0.03118993
9808,0.018671652
9809,0.01284965
9810,0.025887351
9811,0.058038875
9812,0.063240364
9813,0.41687897
9814,0.013705334
9815,0.017324615
9816,0.03201336
9817,0.057019178
9818,0.063757576
9819,0.24768345
9820,0.07023666
9821,0.01307625
9822,0.22425725
9823,0.0353802
9824,0.058369856
9825,0.073527224
9826,0.046150222
9827,0.012744361
9828,0.017718071
9829,0.0111262845
9830,0.079119235
9831,0.014555857
9832,0.02570964
9833,0.07889118
9834,0.054108433
9835,0.036461104
9836,0.017819371
9837,0.027188638
9838,0.051382735
9839,0.3969526
9840,0.030776817
9841,0.0062907417
9842,0.027948953
9843,0.039340466
9844,0.052252077
9845,0.23944405
9846,0.053562652
9847,0.2333745
9848,0.06392006
9849,0.028124262
9850,0.044045888
9851,0.045032743
9852,0.027709447
9853,0.24310663
9854,0.017903334
9855,0.06826973
9856,0.018085178
9857,0.06370773
9858,0.044091105
9859,0.010624535
9860,0.011399511
9861,0.437457
9862,0.7403338
9863,0.21796837
9864,0.06519639
9865,0.0137576
9866,0.06372688
9867,0.045331124
9868,0.04081337
9869,0.06530477
9870,0.0631437
9871,0.06920044
9872,0.7211569
9873,0.018500568
9874,0.060993664
9875,0.06308968
9876,0.06161282
9877,0.018081201
9878,0.03609258
9879,0.077747256
9880,0.2557733
9881,0.058055706
9882,0.23037562
9883,0.025303056
9884,0.05894799
9885,0.010158121
9886,0.020889452
9887,0.06168681
9888,0.027965872
9889,0.024433494
9890,0.047361467
9891,0.04997134
9892,0.018888094
9893,0.05022501
9894,0.01822539
9895,0.06814268
9896,0.035343602
9897,0.040581077
9898,0.014551123
9899,0.032104008
9900,0.0642005
9901,0.07005211
9902,0.049786143
9903,0.65336037
9904,0.05371416
9905,0.0673432
9906,0.04399275
9907,0.043352883
9908,0.043981157
9909,0.017132519
9910,0.48315436
9911,0.02708711
9912,0.0078006634
9913,0.0059262826
9914,0.043966662
9915,0.06909189
9916,0.018884376
9917,0.010555153
9918,0.06951737
9919,0.038589492
9920,0.025787214
9921,0.04413797
9922,0.39333233
9923,0.026906112
9924,0.01906596
9925,0.019540967
9926,0.01331198
9927,0.04100849
9928,0.03110628
9929,0.006426512
9930,0.2348305
9931,0.052625865
9932,0.013419516
9933,0.020473711
9934,0.013076204
9935,0.053383794
9936,0.07571786
9937,0.06373615
9938,0.058961775
9939,0.054794896
9940,0.02701436
9941,0.04733879
9942,0.054463375
9943,0.23754226
9944,0.074638925
9945,0.012198906
9946,0.03176801
9947,0.013792654
9948,0.016843155
9949,0.012226146
9950,0.01965092
9951,0.009562554
9952,0.00976174
9953,0.014358812
9954,0.011514249
9955,0.023088587
9956,0.04903913
9957,0.046028502
9958,0.07069531
9959,0.012166706
9960,0.01017728
9961,0.22966295
9962,0.076662034
9963,0.011417824
9964,0.014591479
9965,0.019634534
9966,0.025570966
9967,0.012608679
9968,0.010748711
9969,0.01710351
9970,0.018559486
9971,0.01432865
9972,0.030589057
9973,0.012528873
9974,0.0101977
9975,0.009061701
9976,0.027155923
9977,0.041234948
9978,0.043384135
9979,0.014254627
9980,0.010051532
9981,0.06871821
9982,0.026811149
9983,0.044585563
9984,0.031250592
9985,0.010638964
9986,0.06374492
9987,0.012532592
9988,0.011250199
9989,0.07757775
9990,0.052269474
9991,0.055127095
9992,0.05383636
9993,0.014590056
9994,0.062942296
9995,0.021131251
9996,0.011150684
9997,0.006830313
9998,0.06272322
9999,0.06920044
10000,0.0092432145
10001,0.07604423
10002,0.01736978
10003,0.03155271
10004,0.03174182
10005,0.027318334
10006,0.02761578
10007,0.012381566
10008,0.011493706
10009,0.010615588
10010,0.0312761
10011,0.011242654
10012,0.01179153
10013,0.062396213
10014,0.051179178
10015,0.031698726
10016,0.07170287
10017,0.018051269
10018,0.02432211
10019,0.0058022733
10020,0.012011725
10021,0.015470309
10022,0.04448757
10023,0.018986357
10024,0.013982949
10025,0.0268333
10026,0.016295006
10027,0.010409574
10028,0.0298582
10029,0.06817044
10030,0.073357
10031,0.06432658
10032,0.019738229
10033,0.04539935
10034,0.036080386
10035,0.18574442
10036,0.055970963
10037,0.033786498
10038,0.037317332
10039,0.047239974
10040,0.043398015
10041,0.08200758
10042,0.04666271
10043,0.037224006
10044,0.032109242
10045,0.07796652
10046,0.06924356
10047,0.044960666
10048,0.40748647
10049,0.39586985
10050,0.0205389
10051,0.027636547
10052,0.046852015
10053,0.014725595
10054,0.2670763
10055,0.06748009
10056,0.27101183
10057,0.07685682
10058,0.24823761
10059,0.060847413
10060,0.019286184
10061,0.07815683
10062,0.042203102
10063,0.015406635
10064,0.07455683
10065,0.03298597
10066,0.6399612
10067,0.23706295
10068,0.04700657
10069,0.045403033
10070,0.2398086
10071,0.061698914
10072,0.00881053
10073,0.04679249
10074,0.036291767
10075,0.014941708
10076,0.0415204
10077,0.08937725
10078,0.24924682
10079,0.52603424
10080,0.5134322
10081,0.06851387
10082,0.091049455
10083,0.24956875
10084,0.010855784
10085,0.020321185
10086,0.054880578
10087,0.06176726
10088,0.014746519
10089,0.07173943
10090,0.4451184
10091,0.09114544
10092,0.24597861
10093,0.4937792
10094,0.09369704
10095,0.021844335
10096,0.48232743
10097,0.056686215
10098,0.27525818
10099,0.0521904
10100,0.04982209
10101,0.035363626
10102,0.065088
10103,0.027544485
10104,0.22246711
10105,0.085412055
10106,0.07613524
10107,0.034363907
10108,0.21905197
10109,0.26923224
10110,0.045289773
10111,0.032471508
10112,0.054683972
10113,0.056654014
10114,0.0676882
10115,0.03228726
10116,0.040304843
10117,0.044137407
10118,0.077086054
10119,0.027703533
10120,0.055990793
10121,0.09997117
10122,0.056777306
10123,0.26411474
10124,0.025087355
10125,0.054428175
10126,0.040279362
10127,0.025207195
10128,0.015141408
10129,0.015268578
10130,0.016519805
10131,0.51641196
10132,0.089353204
10133,0.0666559
10134,0.4588229
10135,0.27540883
10136,0.065522954
10137,0.051525474
10138,0.014290821
10139,0.018939355
10140,0.022617782
10141,0.008774156
10142,0.03643564
10143,0.0071385084
10144,0.019282686
10145,0.06582826
10146,0.06531937
10147,0.07562203
10148,0.26421916
10149,0.46254253
10150,0.01827514
10151,0.021285785
10152,0.045731828
10153,0.011761502
10154,0.010831022
10155,0.032691613
10156,0.026484821
10157,0.035861086
10158,0.25869924
10159,0.019978303
10160,0.044469662
10161,0.061480924
10162,0.027699003
10163,0.08511106
10164,0.4749139
10165,0.056196447
10166,0.070066504
10167,0.019217355
10168,0.021645175
10169,0.042659808
10170,0.056422662
10171,0.011265855
10172,0.028903741
10173,0.013241063
10174,0.08596135
10175,0.10360891
10176,0.07823582
10177,0.0792845
10178,0.055519458
10179,0.035885483
10180,0.03273327
10181,0.030856961
10182,0.03577694
10183,0.068973355
10184,0.05367469
10185,0.21915126
10186,0.015724918
10187,0.036623135
10188,0.028637048
10189,0.018291175
10190,0.01624851
10191,0.02967057
10192,0.041549698
10193,0.0086206235
10194,0.052225355
10195,0.024757756
10196,0.059639975
10197,0.27327034
10198,0.2658957
10199,0.044342436
10200,0.040191356
10201,0.036797933
10202,0.07719841
10203,0.06177242
10204,0.015535063
10205,0.031431057
10206,0.08508291
10207,0.027731102
10208,0.024831548
10209,0.03244509
10210,0.055362362
10211,0.055745423
10212,0.23920017
10213,0.22507642
10214,0.22842133
10215,0.05616506
10216,0.039595332
10217,0.019171836
10218,0.05185282
10219,0.04560756
10220,0.09150612
10221,0.04602043
10222,0.48264888
10223,0.082458846
10224,0.021079777
10225,0.08146003
10226,0.050918993
10227,0.04801048
10228,0.011194367
10229,0.056287184
10230,0.01993172
10231,0.013024431
10232,0.018543927
10233,0.019540863
10234,0.06507536
10235,0.044898264
10236,0.06370088
10237,0.054739915
10238,0.07648241
10239,0.38769677
10240,0.43207023
10241,0.05726254
10242,0.02251796
10243,0.06587364
10244,0.01684948
10245,0.03965416
10246,0.008671042
10247,0.01006926
10248,0.06809085
10249,0.05159632
10250,0.08663499
10251,0.041736063
10252,0.077779986
10253,0.0400305
10254,0.05388362
10255,0.036210015
10256,0.01835407
10257,0.019235171
10258,0.09082049
10259,0.011279066
10260,0.03206489
10261,0.06007899
10262,0.011409682
10263,0.011749291
10264,0.035736866
10265,0.053946577
10266,0.061462324
10267,0.08871899
10268,0.06934988
10269,0.08782031
10270,0.08794414
10271,0.092741065
10272,0.013038722
10273,0.06797442
10274,0.013118744
10275,0.050578214
10276,0.011045579
10277,0.04131646
10278,0.067958914
10279,0.03272042
10280,0.021271909
10281,0.047512114
10282,0.03854597
10283,0.013913305
10284,0.05052568
10285,0.06779566
10286,0.03263261
10287,0.052521106
10288,0.009161222
10289,0.02350401
10290,0.03348971
10291,0.061297815
10292,0.014664766
10293,0.03582372
10294,0.08169003
10295,0.054275252
10296,0.09036033
10297,0.62916714
10298,0.0694377
10299,0.08103968
10300,0.054897
10301,0.06280066
10302,0.060498286
10303,0.06714586
10304,0.0513385
10305,0.01975533
10306,0.4331682
10307,0.060234535
10308,0.06675565
10309,0.05395605
10310,0.06444274
10311,0.019019237
10312,0.027670559
10313,0.010758428
10314,0.02064835
10315,0.036131144
10316,0.26682213
10317,0.057119507
10318,0.045456253
10319,0.07550089
10320,0.30526045
10321,0.06848031
10322,0.015662974
10323,0.079765104
10324,0.052659914
10325,0.25817552
10326,0.26587206
10327,0.05698138
10328,0.020029034
10329,0.045681838
10330,0.076477684
10331,0.24467267
10332,0.03974685
10333,0.09469661
10334,0.06761147
10335,0.061362814
10336,0.012048248
10337,0.016261403
10338,0.020185212
10339,0.04781617
10340,0.056272965
10341,0.015698563
10342,0.08642147
10343,0.09430098
10344,0.0908353
10345,0.065299496
10346,0.032381974
10347,0.07541585
10348,0.24059488
10349,0.25225034
10350,0.052453686
10351,0.011280419
10352,0.047093008
10353,0.021622915
10354,0.010561038
10355,0.057438027
10356,0.55377483
10357,0.036792528
10358,0.07902289
10359,0.4695348
10360,0.23948011
10361,0.019198159
10362,0.011674848
10363,0.039897125
10364,0.05056636
10365,0.07798441
10366,0.24868207
10367,0.06352116
10368,0.06582876
10369,0.24637096
10370,0.09416224
10371,0.09056144
10372,0.2542275
10373,0.4107425
10374,0.06575705
10375,0.009689447
10376,0.019063622
10377,0.045761693
10378,0.06956739
10379,0.051652893
10380,0.10395363
10381,0.6851168
10382,0.0071003013
10383,0.042098537
10384,0.40806863
10385,0.015180549
10386,0.04603048
10387,0.2657698
10388,0.016456457
10389,0.013856466
10390,0.046956018
10391,0.061640196
10392,0.017102832
10393,0.042550173
10394,0.40330797
10395,0.039545078
10396,0.06448774
10397,0.24627222
10398,0.09413486
10399,0.2625475
10400,0.42893234
10401,0.26588967
10402,0.029157648
10403,0.43613395
10404,0.22650754
10405,0.22861592
10406,0.7236351
10407,0.2748788
10408,0.44282627
10409,0.02525594
10410,0.09136783
10411,0.017755292
10412,0.056069694
10413,0.020173525
10414,0.017970422
10415,0.011601421
10416,0.051758166
10417,0.009418284
10418,0.011741598
10419,0.032566585
10420,0.052668724
10421,0.06997582
10422,0.06779128
10423,0.07647462
10424,0.06728747
10425,0.23621573
10426,0.07626258
10427,0.028653286
10428,0.079756916
10429,0.24811706
10430,0.019180648
10431,0.052128777
10432,0.61546034
10433,0.7291306
10434,0.69082713
10435,0.0071884766
10436,0.027374206
10437,0.018270643
10438,0.06817147
10439,0.5068855
10440,0.06632809
10441,0.0563781
10442,0.01052075
10443,0.051880825
10444,0.056463275
10445,0.045884997
10446,0.013284324
10447,0.41613564
10448,0.018100616
10449,0.032889258
10450,0.0762377
10451,0.07668503
10452,0.04726245
10453,0.04672783
10454,0.23591623
10455,0.21956715
10456,0.007975807
10457,0.026409045
10458,0.4278997
10459,0.07442296
10460,0.077113174
10461,0.61285496
10462,0.66850126
10463,0.63740927
10464,0.015171904
10465,0.056488164
10466,0.027876783
10467,0.10417464
10468,0.06888135
10469,0.25680265
10470,0.039595332
10471,0.06944085
10472,0.018954167
10473,0.069553085
10474,0.075837456
10475,0.0951491
10476,0.08418295
10477,0.5027827
10478,0.5128747
10479,0.2335888
10480,0.09214811
10481,0.06635195
10482,0.05388362
10483,0.081730165
10484,0.041534662
10485,0.033351246
10486,0.09197599
10487,0.23662679
10488,0.056777306
10489,0.07588235
10490,0.025134206
10491,0.69652325
10492,0.8958787
10493,0.6083303
10494,0.087316155
10495,0.046117533
10496,0.23832968
10497,0.2715531
10498,0.027596531
10499,0.017088844
10500,0.017424107
10501,0.033885
10502,0.06909829
10503,0.045691136
10504,0.38771832
10505,0.5852086
10506,0.059909157
10507,0.072830714
10508,0.06647444
10509,0.09593776
10510,0.06025518
10511,0.419094
10512,0.078655005
10513,0.03674951
10514,0.07024151
10515,0.07685963
10516,0.07622388
10517,0.04446484
10518,0.022544947
10519,0.46224084
10520,0.44105566
10521,0.24405472
10522,0.064786695
10523,0.027676357
10524,0.08082393
10525,0.061477907
10526,0.3882529
10527,0.030023916
10528,0.04030517
10529,0.04189684
10530,0.019049363
10531,0.039370753
10532,0.041299753
10533,0.407727
10534,0.7522826
10535,0.40150252
10536,0.2538307
10537,0.08178296
10538,0.24922238
10539,0.09588669
10540,0.50154525
10541,0.05442899
10542,0.02832834
10543,0.035641257
10544,0.032680556
10545,0.09358455
10546,0.08741767
10547,0.090479754
10548,0.28475374
10549,0.40152496
10550,0.24484974
10551,0.68495584
10552,0.23807828
10553,0.23015441
10554,0.24966843
10555,0.051355503
10556,0.27158108
10557,0.055557825
10558,0.03568591
10559,0.036202084
10560,0.043791514
10561,0.23188622
10562,0.42712724
10563,0.4139025
10564,0.48317596
10565,0.40499946
10566,0.09470229
10567,0.23724635
10568,0.2701945
10569,0.014576188
10570,0.09770172
10571,0.06253717
10572,0.04765196
10573,0.47283784
10574,0.10095637
10575,0.051603027
10576,0.5070271
10577,0.3914898
10578,0.012238191
10579,0.06649846
10580,0.07818561
10581,0.06702107
10582,0.014756444
10583,0.028373254
10584,0.051483907
10585,0.06788598
10586,0.06787361
10587,0.22877702
10588,0.42658105
10589,0.70737267
10590,0.44852126
10591,0.423775
10592,0.56674784
10593,0.06909239
10594,0.01928145
10595,0.061523627
10596,0.06354071
10597,0.091547556
10598,0.25648087
10599,0.05670576
10600,0.027676357
10601,0.056172527
10602,0.09086441
10603,0.018189285
10604,0.043130785
10605,0.0763222
10606,0.020933025
10607,0.01589622
10608,0.036733024
10609,0.01928145
10610,0.012736332
10611,0.032442294
10612,0.060606096
10613,0.051695082
10614,0.065008104
10615,0.41009226
10616,0.24112995
10617,0.3889603
10618,0.58362335
10619,0.58600694
10620,0.3849314
10621,0.07977587
10622,0.007409768
10623,0.020358045
10624,0.04721917
10625,0.08032759
10626,0.0153518915
10627,0.011645471
10628,0.03278002
10629,0.6961521
10630,0.04575218
10631,0.01756795
10632,0.19812196
10633,0.0461752
10634,0.07684656
10635,0.03733884
10636,0.04573781
10637,0.017354855
10638,0.044356838
10639,0.014093539
10640,0.015269237
10641,0.02730901
10642,0.06769667
10643,0.076758005
10644,0.46594173
10645,0.4025197
10646,0.08912262
10647,0.6812993
10648,0.42245126
10649,0.48706013
10650,0.23532002
10651,0.037548356
10652,0.032481197
10653,0.03549165
10654,0.044350512
10655,0.04258465
10656,0.03557804
10657,0.05563094
10658,0.52474725
10659,0.06874869
10660,0.434273
10661,0.18578665
10662,0.07730194
10663,0.0877763
10664,0.092281595
10665,0.102245376
10666,0.044182513
10667,0.028527824
10668,0.039876197
10669,0.090978526
10670,0.676979
10671,0.42359015
10672,0.58288753
10673,0.443104
10674,0.26359338
10675,0.09642283
10676,0.068019316
10677,0.041860055
10678,0.02227362
10679,0.03609268
10680,0.029485296
10681,0.08904447
10682,0.09033475
10683,0.06901459
10684,0.40475568
10685,0.027685005
10686,0.060819842
10687,0.01668244
10688,0.26121956
10689,0.039437566
10690,0.07879301
10691,0.09072047
10692,0.028917996
10693,0.23054719
10694,0.24237946
10695,0.06007707
10696,0.07283516
10697,0.030481327
10698,0.068331145
10699,0.06536712
10700,0.036502633
10701,0.087745786
10702,0.079765104
10703,0.039150283
10704,0.010472696
10705,0.23033811
10706,0.013447709
10707,0.017990464
10708,0.014943147
10709,0.06975794
10710,0.0085904
10711,0.039674312
10712,0.032592893
10713,0.08861846
10714,0.033865873
10715,0.041321464
10716,0.010136066
10717,0.039623052
10718,0.08904932
10719,0.421878
10720,0.48722562
10721,0.07939383
10722,0.012362091
10723,0.017937772
10724,0.01935847
10725,0.028734157
10726,0.049456123
10727,0.014970183
10728,0.05658728
10729,0.09386433
10730,0.015307718
10731,0.03130561
10732,0.014801321
10733,0.03140614
10734,0.01901911
10735,0.026474914
10736,0.061850995
10737,0.06756143
10738,0.40563512
10739,0.014419639
10740,0.017545236
10741,0.19002822
10742,0.060611688
10743,0.07030558
10744,0.44612834
10745,0.07956581
10746,0.013158237
10747,0.090734005
10748,0.035717893
10749,0.015603014
10750,0.06084931
10751,0.084561735
10752,0.048531868
10753,0.013187932
10754,0.012626675
10755,0.018693315
10756,0.011426715
10757,0.10312517
10758,0.0154447965
10759,0.025978612
10760,0.09217842
10761,0.056345962
10762,0.0369652
10763,0.0182793
10764,0.027764669
10765,0.054980535
10766,0.2715721
10767,0.03150565
10768,0.006696919
10769,0.019011514
10770,0.028414326
10771,0.040238533
10772,0.054843277
10773,0.24922238
10774,0.056451898
10775,0.24681073
10776,0.07005482
10777,0.028860677
10778,0.04543822
10779,0.046264306
10780,0.028586013
10781,0.39163628
10782,0.08334907
10783,0.018172558
10784,0.0670559
10785,0.046279665
10786,0.010580374
10787,0.01187922
10788,0.4510919
10789,0.7492934
10790,0.22455843
10791,0.06904515
10792,0.067542344
10793,0.0462604
10794,0.04166519
10795,0.0687568
10796,0.06532407
10797,0.074842
10798,0.78291124
10799,0.019398294
10800,0.06436816
10801,0.06584913
10802,0.06489568
10803,0.018072952
10804,0.036071133
10805,0.09587101
10806,0.50669867
10807,0.061510842
10808,0.094393045
10809,0.02620788
10810,0.062487457
10811,0.021653187
10812,0.06536008
10813,0.02856932
10814,0.025683055
10815,0.04952683
10816,0.052190784
10817,0.052476577
10818,0.017985702
10819,0.08409136
10820,0.03625447
10821,0.040238533
10822,0.014629118
10823,0.032993853
10824,0.067155845
10825,0.07848867
10826,0.020903217
10827,0.025069403
10828,0.051471803
10829,0.7114886
10830,0.056319755
10831,0.07625142
10832,0.046022527
10833,0.036635153
10834,0.043980386
10835,0.0457701
10836,0.018416127
10837,0.017118737
10838,0.44968325
10839,0.02742284
10840,0.0069974046
10841,0.04638138
10842,0.07569991
10843,0.08063532
10844,0.039561447
10845,0.026263725
10846,0.04560402
10847,0.40364546
10848,0.027482536
10849,0.02033575
10850,0.013497468
10851,0.042271398
10852,0.03152467
10853,0.006904417
10854,0.09591671
10855,0.055782683
10856,0.006197588
10857,0.014602794
10858,0.056782823
10859,0.09227473
10860,0.069288224
10861,0.06327841
10862,0.056196447
10863,0.0278189
10864,0.051659234
10865,0.056836534
10866,0.095959164
10867,0.090612896
10868,0.008787389
10869,0.012231784
10870,0.014234965
10871,0.013424551
10872,0.016504843
10873,0.012801842
10874,0.01929611
10875,0.010190927
10876,0.010617102
10877,0.015599507
10878,0.015100679
10879,0.010304626
10880,0.023388986
10881,0.0514625
10882,0.047023673
10883,0.08044866
10884,0.0071608443
10885,0.016528105
10886,0.09122552
10887,0.2615793
10888,0.01990456
10889,0.010473077
10890,0.025962794
10891,0.013787187
10892,0.011377021
10893,0.017923022
10894,0.019448848
10895,0.0096082175
10896,0.01487225
10897,0.031096099
10898,0.01728701
10899,0.010925566
10900,0.009089766
10901,0.055491447
10902,0.027607804
10903,0.040687617
10904,0.044075444
10905,0.010236
10906,0.07590974
10907,0.02709972
10908,0.045512673
10909,0.009654848
10910,0.0066723884
10911,0.0325399
10912,0.012938373
10913,0.06899873
10914,0.014295552
10915,0.0066019124
10916,0.011051244
10917,0.013425615
10918,0.011845785
10919,0.26440278
10920,0.054377995
10921,0.055592693
10922,0.056199443
10923,0.014943862
10924,0.008502542
10925,0.007424346
10926,0.0676167
10927,0.021858504
10928,0.011408079
10929,0.06518185
10930,0.01507866
10931,0.07610637
10932,0.0097225085
10933,0.2366436
10934,0.017562447
10935,0.03326692
10936,0.02768512
10937,0.027238248
10938,0.008787389
10939,0.012796377
10940,0.013234573
10941,0.0088689765
10942,0.011568762
10943,0.03192442
10944,0.011426996
10945,0.066054136
10946,0.05218779
10947,0.032368302
10948,0.24695942
10949,0.018048277
10950,0.02508838
10951,0.007426789
10952,0.011924155
10953,0.0154685145
10954,0.045943156
10955,0.019202324
10956,0.026267804
10957,0.01662158
10958,0.010941573
10959,0.0118726725
10960,0.016679365
10961,0.03201244
10962,0.08616473
10963,0.089969285
10964,0.06820571
10965,0.027271748
10966,0.052624132
10967,0.044313196
10968,0.054545924
10969,0.033011895
10970,0.03644774
10971,0.04520846
10972,0.05014525
10973,0.042653833
10974,0.07247038
10975,0.04550396
10976,0.036806583
10977,0.032772724
10978,0.064277515
10979,0.065886304
10980,0.04421282
10981,0.23333828
10982,0.38709715
10983,0.020072838
10984,0.04578691
10985,0.014094001
10986,0.2458717
10987,0.063818164
10988,0.08436079
10989,0.07008022
10990,0.082279734
10991,0.057679728
10992,0.028550664
10993,0.019647192
10994,0.0393461
10995,0.0647747
10996,0.031705823
10997,0.60008246
10998,0.22761138
10999,0.044486772
11000,0.2263378
11001,0.058240745
11002,0.027823087
11003,0.022473339
11004,0.044202525
11005,0.03571168
11006,0.01745694
11007,0.014163013
11008,0.04067598
11009,0.07475957
11010,0.07143816
11011,0.5073514
11012,0.4908605
11013,0.044484783
11014,0.064014226
11015,0.028035572
11016,0.2235377
11017,0.07593304
11018,0.010410548
11019,0.052719686
11020,0.04244496
11021,0.05965605
11022,0.067816265
11023,0.4760555
11024,0.075801946
11025,0.23166284
11026,0.4834198
11027,0.078035235
11028,0.47222695
11029,0.0545557
11030,0.48690125
11031,0.0500139
11032,0.04736248
11033,0.03501668
11034,0.06213576
11035,0.027629226
11036,0.07108991
11037,0.07463255
11038,0.07058217
11039,0.06287998
11040,0.25565916
11041,0.04407779
11042,0.03138363
11043,0.052327264
11044,0.06416087
11045,0.031664357
11046,0.039597288
11047,0.007414073
11048,0.043617092
11049,0.07107283
11050,0.02710357
11051,0.05482902
11052,0.24040915
11053,0.08372071
11054,0.024270399
11055,0.052346554
11056,0.050402377
11057,0.03987806
11058,0.025427079
11059,0.014857507
11060,0.46214354
11061,0.0754744
11062,0.06419059
11063,0.25663614
11064,0.44922346
11065,0.06333415
11066,0.049697116
11067,0.018555438
11068,0.021408794
11069,0.007957154
11070,0.03700573
11071,0.012247822
11072,0.06049729
11073,0.06212545
11074,0.070640236
11075,0.08053493
11076,0.4270615
11077,0.0070057143
11078,0.18582991
11079,0.043068692
11080,0.0114065735
11081,0.009811025
11082,0.03139772
11083,0.025889356
11084,0.034868646
11085,0.23924597
11086,0.019184025
11087,0.042966332
11088,0.011009974
11089,0.011225314
11090,0.04434057
11091,0.027568905
11092,0.07203814
11093,0.45238873
11094,0.051686324
11095,0.06665673
11096,0.018857026
11097,0.02075494
11098,0.04147316
11099,0.053292897
11100,0.0099733025
11101,0.016555712
11102,0.027946016
11103,0.012686616
11104,0.07578678
11105,0.086959995
11106,0.06983052
11107,0.07238092
11108,0.053577293
11109,0.036302477
11110,0.03172564
11111,0.030742172
11112,0.03551684
11113,0.06588499
11114,0.050975118
11115,0.064669564
11116,0.014417873
11117,0.035446916
11118,0.027895689
11119,0.017568417
11120,0.024327058
11121,0.040796865
11122,0.02420558
11123,0.057453338
11124,0.08393093
11125,0.24671799
11126,0.043442626
11127,0.039207242
11128,0.036325537
11129,0.07018775
11130,0.05930745
11131,0.014508721
11132,0.05235583
11133,0.03066413
11134,0.23168384
11135,0.02703227
11136,0.024310553
11137,0.031918466
11138,0.053350434
11139,0.05397979
11140,0.22434816
11141,0.21977885
11142,0.2215421
11143,0.053519722
11144,0.03958216
11145,0.018254302
11146,0.049494486
11147,0.044469584
11148,0.01212914
11149,0.07886424
11150,0.043931685
11151,0.49406403
11152,0.072039045
11153,0.020298814
11154,0.012666414
11155,0.073053434
11156,0.048710626
11157,0.046573944
11158,0.018540688
11159,0.010609876
11160,0.054372795
11161,0.0124881705
11162,0.017269341
11163,0.018906416
11164,0.062474385
11165,0.04356426
11166,0.061846506
11167,0.051957704
11168,0.071165375
11169,0.22464621
11170,0.3735064
11171,0.05415029
11172,0.022002514
11173,0.06226661
11174,0.016146291
11175,0.03957592
11176,0.007774084
11177,0.010144183
11178,0.06520692
11179,0.049247112
11180,0.07538838
11181,0.04114435
11182,0.07197997
11183,0.03886889
11184,0.05176557
11185,0.035330072
11186,0.018700816
11187,0.078517355
11188,0.010947585
11189,0.031315576
11190,0.056880545
11191,0.010823956
11192,0.022780776
11193,0.035985045
11194,0.05176557
11195,0.05801117
11196,0.07542234
11197,0.06631122
11198,0.23409584
11199,0.07559467
11200,0.078236654
11201,0.013347179
11202,0.06282499
11203,0.012489202
11204,0.04831722
11205,0.0101909805
11206,0.0404255
11207,0.06441556
11208,0.03243486
11209,0.0203706
11210,0.04544148
11211,0.036367774
11212,0.048706125
11213,0.06438357
11214,0.031899355
11215,0.049746163
11216,0.022835353
11217,0.032201264
11218,0.058299784
11219,0.014032185
11220,0.035435386
11221,0.072529085
11222,0.052226856
11223,0.08839959
11224,0.2868792
11225,0.06624393
11226,0.07335707
11227,0.052826557
11228,0.05961164
11229,0.057802375
11230,0.06481079
11231,0.047956347
11232,0.010091345
11233,0.00950246
11234,0.019635854
11235,0.4028119
11236,0.05796154
11237,0.06314186
11238,0.052586373
11239,0.06202917
11240,0.018062208
11241,0.027042666
11242,0.020122865
11243,0.03557041
11244,0.2506112
11245,0.054053146
11246,0.043300617
11247,0.071407534
11248,0.6097162
11249,0.06412723
11250,0.014146449
11251,0.21599472
11252,0.051085852
11253,0.23862335
11254,0.2464107
11255,0.055107363
11256,0.020656236
11257,0.044204324
11258,0.04592652
11259,0.07093929
11260,0.08466969
11261,0.03969713
11262,0.07727682
11263,0.06432058
11264,0.058682602
11265,0.014715846
11266,0.011232715
11267,0.01574129
11268,0.019327141
11269,0.04672297
11270,0.05472906
11271,0.014947392
11272,0.0750503
11273,0.079772465
11274,0.078932576
11275,0.06268503
11276,0.03235628
11277,0.06994764
11278,0.22601673
11279,0.23871543
11280,0.04959331
11281,0.010609876
11282,0.045849975
11283,0.021043697
11284,0.055104766
11285,0.5409857
11286,0.036880247
11287,0.06554202
11288,0.47734785
11289,0.22650193
11290,0.013153204
11291,0.039053902
11292,0.04843962
11293,0.062927276
11294,0.23630014
11295,0.010510814
11296,0.060435176
11297,0.06305839
11298,0.08233107
11299,0.07785052
11300,0.077332996
11301,0.08046088
11302,0.37768835
11303,0.063872226
11304,0.04511333
11305,0.0656551
11306,0.04938208
11307,0.24876718
11308,0.5576378
11309,0.0067451536
11310,0.040909056
11311,0.3974685
11312,0.014119174
11313,0.044149794
11314,0.2457135
11315,0.0131960865
11316,0.04540574
11317,0.059164427
11318,0.0168057
11319,0.040437624
11320,0.006258669
11321,0.4091104
11322,0.03868173
11323,0.060564153
11324,0.23466676
11325,0.07731215
11326,0.24841508
11327,0.39452058
11328,0.24516156
11329,0.027929759
11330,0.08747165
11331,0.22442353
11332,0.22183436
11333,0.55395716
11334,0.25784317
11335,0.48178467
11336,0.024505705
11337,0.07675806
11338,0.055805434
11339,0.027243422
11340,0.01936253
11341,0.0120896185
11342,0.010726416
11343,0.04739197
11344,0.008771978
11345,0.011588916
11346,0.03211997
11347,0.05057301
11348,0.06518011
11349,0.06519305
11350,0.07005041
11351,0.06518789
11352,0.09020136
11353,0.22240552
11354,0.027780313
11355,0.071672425
11356,0.23469117
11357,0.018474309
11358,0.04982964
11359,0.6697786
11360,0.6086152
11361,0.6289752
11362,0.006789899
11363,0.027053898
11364,0.06559297
11365,0.4283047
11366,0.063560314
11367,0.054014485
11368,0.0490736
11369,0.054056328
11370,0.04422785
11371,0.012248382
11372,0.37591186
11373,0.017472707
11374,0.028293759
11375,0.070795484
11376,0.070665
11377,0.045387574
11378,0.044433545
11379,0.22551338
11380,0.2223516
11381,0.025481744
11382,0.07552668
11383,0.070999645
11384,0.07008695
11385,0.52232474
11386,0.5555822
11387,0.5243186
11388,0.014450006
11389,0.053661864
11390,0.027138082
11391,0.25122774
11392,0.066407114
11393,0.23893978
11394,0.039529815
11395,0.06502361
11396,0.018284688
11397,0.06579119
11398,0.06905622
11399,0.07928631
11400,0.06906774
11401,0.4459836
11402,0.43705297
11403,0.22434826
11404,0.0776309
11405,0.062847786
11406,0.051989306
11407,0.07183232
11408,0.04077925
11409,0.03230048
11410,0.022928331
11411,0.07716462
11412,0.075851366
11413,0.05466309
11414,0.07079175
11415,0.02557438
11416,0.53888667
11417,0.6185461
11418,0.57721704
11419,0.075415924
11420,0.044987097
11421,0.22241965
11422,0.2517053
11423,0.02679618
11424,0.017288987
11425,0.016675273
11426,0.033202343
11427,0.06680427
11428,0.04518641
11429,0.3930512
11430,0.54320955
11431,0.057987444
11432,0.06850047
11433,0.06374705
11434,0.08085309
11435,0.057346616
11436,0.38964337
11437,0.07061536
11438,0.035267454
11439,0.06601617
11440,0.06996646
11441,0.06966653
11442,0.042741794
11443,0.021835152
11444,0.26262948
11445,0.39248028
11446,0.0833817
11447,0.062106084
11448,0.027310085
11449,0.07132129
11450,0.059266355
11451,0.24438733
11452,0.029364526
11453,0.03749744
11454,0.040621746
11455,0.017351128
11456,0.018377695
11457,0.038694713
11458,0.04036896
11459,0.41851875
11460,0.57797325
11461,0.3883329
11462,0.0745668
11463,0.07154152
11464,0.07586104
11465,0.080093905
11466,0.51857525
11467,0.0524292
11468,0.028949775
11469,0.035716873
11470,0.031977113
11471,0.07893922
11472,0.07011876
11473,0.07377334
11474,0.47082284
11475,0.38107857
11476,0.2338867
11477,0.51950586
11478,0.2266023
11479,0.017498404
11480,0.07542618
11481,0.10060916
11482,0.019701304
11483,0.049803153
11484,0.08822792
11485,0.053030767
11486,0.03510395
11487,0.035177726
11488,0.043249805
11489,0.07840621
11490,0.39348787
11491,0.39561093
11492,0.51729983
11493,0.41684902
11494,0.080306664
11495,0.22462052
11496,0.2442626
11497,0.013723749
11498,0.026882615
11499,0.08562798
11500,0.059920568
11501,0.45048112
11502,0.08335892
11503,0.049507815
11504,0.5147133
11505,0.37482664
11506,0.0065722386
11507,0.063522495
11508,0.07006852
11509,0.064420275
11510,0.04511724
11511,0.014035337
11512,0.027849577
11513,0.049475197
11514,0.06282499
11515,0.0637179
11516,0.22560868
11517,0.42475593
11518,0.55561966
11519,0.42484698
11520,0.40100586
11521,0.5041648
11522,0.06522396
11523,0.05896825
11524,0.060827803
11525,0.078098655
11526,0.07985917
11527,0.054193713
11528,0.027294254
11529,0.05377489
11530,0.07758397
11531,0.01820571
11532,0.0060308734
11533,0.041286398
11534,0.07039739
11535,0.020462783
11536,0.03571647
11537,0.012611695
11538,0.03141275
11539,0.05583703
11540,0.04977707
11541,0.062071506
11542,0.23077036
11543,0.2293926
11544,0.39524907
11545,0.66444474
11546,0.5413948
11547,0.4237578
11548,0.0677264
11549,0.019646054
11550,0.045868967
11551,0.07142261
11552,0.014390345
11553,0.010071954
11554,0.03174976
11555,0.63084584
11556,0.044964947
11557,0.017267242
11558,0.052122865
11559,0.04492855
11560,0.071789324
11561,0.035870627
11562,0.044000067
11563,0.013767963
11564,0.014501364
11565,0.027393632
11566,0.06480043
11567,0.0705634
11568,0.5262341
11569,0.40612254
11570,0.0762001
11571,0.5214375
11572,0.39934593
11573,0.48100382
11574,0.0728908
11575,0.036676493
11576,0.031961974
11577,0.03612453
11578,0.04491638
11579,0.041569073
11580,0.034864996
11581,0.05455172
11582,0.5073757
11583,0.21848267
11584,0.40210393
11585,0.029306639
11586,0.070177674
11587,0.07410018
11588,0.07645127
11589,0.23806956
11590,0.043329313
11591,0.027937422
11592,0.009277073
11593,0.0392458
11594,0.07717087
11595,0.5478747
11596,0.41142187
11597,0.56915265
11598,0.23990884
11599,0.409934
11600,0.08158959
11601,0.06370241
11602,0.041005753
11603,0.021752255
11604,0.012840029
11605,0.035582125
11606,0.029513815
11607,0.076668635
11608,0.07669462
11609,0.064632475
11610,0.100032516
11611,0.027310899
11612,0.05848915
11613,0.24449377
11614,0.03889357
11615,0.011376964
11616,0.07097332
11617,0.22318636
11618,0.02869394
11619,0.22037174
11620,0.06881649
11621,0.057612773
11622,0.06946526
11623,0.06536938
11624,0.06288176
11625,0.035744347
11626,0.07434393
11627,0.07302313
11628,0.039032917
11629,0.0099227335
11630,0.2163341
11631,0.0120896185
11632,0.01464116
11633,0.06658844
11634,0.032471508
11635,0.07475957
11636,0.034009315
11637,0.040725984
11638,0.038855758
11639,0.073722474
11640,0.38182572
11641,0.46377248
11642,0.071875885
11643,0.011790586
11644,0.018529708
11645,0.028027479
11646,0.048102878
11647,0.015024002
11648,0.05472025
11649,0.07793516
11650,0.03087462
11651,0.014358527
11652,0.030802716
11653,0.018704196
11654,0.01223339
11655,0.025375891
11656,0.058702573
11657,0.0641706
11658,0.41198877
11659,0.013458089
11660,0.017197406
11661,0.03228851
11662,0.057675455
11663,0.0652155
11664,0.44125518
11665,0.06771657
11666,0.012765348
11667,0.07801102
11668,0.013121886
11669,0.035040412
11670,0.059310593
11671,0.07520629
11672,0.04707828
11673,0.012176181
11674,0.012433421
11675,0.017516682
11676,0.010833409
11677,0.085610226
11678,0.014317254
11679,0.02528554
11680,0.078604415
11681,0.054454282
11682,0.03671549
11683,0.017151918
11684,0.02686686
11685,0.05233703
11686,0.38398105
11687,0.030442048
11688,0.005935333
11689,0.011086317
11690,0.018525455
11691,0.02809633
11692,0.040613703
11693,0.052336954
11694,0.23519397
11695,0.05399798
11696,0.23585266
11697,0.06582735
11698,0.028399918
11699,0.014442171
11700,0.04406658
11701,0.045191906
11702,0.027506225
11703,0.40057346
11704,0.06913919
11705,0.017729703
11706,0.06336837
11707,0.04439557
11708,0.009494376
11709,0.011160079
11710,0.43348387
11711,0.6800343
11712,0.071838886
11713,0.06525503
11714,0.06448218
11715,0.044663224
11716,0.04140704
11717,0.06575424
11718,0.06253956
11719,0.06985005
11720,0.50114363
11721,0.06160661
11722,0.06258684
11723,0.062280774
11724,0.017418008
11725,0.036145315
11726,0.08168616
11727,0.48888102
11728,0.058241032
11729,0.0792823
11730,0.025563505
11731,0.059827846
11732,0.021209728
11733,0.062430426
11734,0.028134707
11735,0.023779
11736,0.0060369195
11737,0.049649697
11738,0.050359134
11739,0.030101892
11740,0.019268755
11741,0.050588544
11742,0.07228591
11743,0.03963743
11744,0.014357115
11745,0.032020837
11746,0.06363616
11747,0.07031508
11748,0.020175086
11749,0.049573973
11750,0.5501941
11751,0.054547485
11752,0.06918433
11753,0.0071065985
11754,0.044528294
11755,0.036183074
11756,0.04412739
11757,0.04396789
11758,0.01350172
11759,0.016393496
11760,0.2587097
11761,0.02683304
11762,0.04417383
11763,0.06909161
11764,0.018586852
11765,0.21964501
11766,0.039163932
11767,0.02670734
11768,0.044615533
11769,0.39521337
11770,0.02712927
11771,0.019271674
11772,0.006618743
11773,0.020262608
11774,0.012469626
11775,0.04198553
11776,0.0092649255
11777,0.03066413
11778,0.08077046
11779,0.052960433
11780,0.013089064
11781,0.014868184
11782,0.054214034
11783,0.0775217
11784,0.06556581
11785,0.059644133
11786,0.05379652
11787,0.027369304
11788,0.047632176
11789,0.2083774
11790,0.07483439
11791,0.07628873
11792,0.008061962
11793,0.011368633
11794,0.031886786
11795,0.0134690665
11796,0.01247455
11797,0.015889967
11798,0.0124147665
11799,0.00940474
11800,0.009791743
11801,0.01462786
11802,0.014501364
11803,0.009602897
11804,0.022311904
11805,0.048751347
11806,0.045089036
11807,0.07103121
11808,0.013146959
11809,0.07701809
11810,0.009598276
11811,0.08056557
11812,0.010967365
11813,0.019146543
11814,0.025632069
11815,0.012070633
11816,0.010745732
11817,0.017087456
11818,0.018494392
11819,0.0090336725
11820,0.014344759
11821,0.030460773
11822,0.013973015
11823,0.0087836655
11824,0.052381262
11825,0.027135625
11826,0.04187589
11827,0.013289971
11828,0.043829855
11829,0.014585242
11830,0.013123407
11831,0.010124943
11832,0.069367565
11833,0.02682286
11834,0.04524439
11835,0.0085919835
11836,0.0061465777
11837,0.011888222
11838,0.031672083
11839,0.012382833
11840,0.015740035
11841,0.06328613
11842,0.013848242
11843,0.24428311
11844,0.051922318
11845,0.054294977
11846,0.05500657
11847,0.0063452
11848,0.06176198
11849,0.020874076
11850,0.011014326
11851,0.0061051506
11852,0.06329913
11853,0.01436543
11854,0.071386896
11855,0.07860719
11856,0.01684779
11857,0.031936835
11858,0.026952088
11859,0.026952088
11860,0.013088933
11861,0.012495173
11862,0.012354833
11863,0.007986999
11864,0.03166012
11865,0.010435562
11866,0.06244651
11867,0.050035384
11868,0.035928123
11869,0.006116545
11870,0.23514664
11871,0.024622953
11872,0.014530413
11873,0.030480979
11874,0.0058103856
11875,0.015070213
11876,0.045411743
11877,0.018579619
11878,0.013763035
11879,0.025234545
11880,0.0109886285
11881,0.01128886
11882,0.031360295
11883,0.06871557
11884,0.22476406
11885,0.018365614
11886,0.066359736
11887,0.01950857
11888,0.035481736
11889,0.05135402
11890,0.044183407
11891,0.05369083
11892,0.03623438
11893,0.044865936
11894,0.03825522
11895,0.042376097
11896,0.069584556
11897,0.044394363
11898,0.03659351
11899,0.027407892
11900,0.03090876
11901,0.06384198
11902,0.041574102
11903,0.064316645
11904,0.07478845
11905,0.37900743
11906,0.049224325
11907,0.044201747
11908,0.4197694
11909,0.06254641
11910,0.25174442
11911,0.06791115
11912,0.22900483
11913,0.05709974
11914,0.01802838
11915,0.03849963
11916,0.062375605
11917,0.031533953
11918,0.61866766
11919,0.22735064
11920,0.044343356
11921,0.23052639
11922,0.057802077
11923,0.022495218
11924,0.04370156
11925,0.03491687
11926,0.017158672
11927,0.013717592
11928,0.040652607
11929,0.07217844
11930,0.07132722
11931,0.43090174
11932,0.5216993
11933,0.044155773
11934,0.063406825
11935,0.027309822
11936,0.22305581
11937,0.241478
11938,0.009669374
11939,0.01968827
11940,0.051604092
11941,0.0421728
11942,0.058000453
11943,0.06564184
11944,0.43031654
11945,0.07491354
11946,0.23707758
11947,0.48449576
11948,0.07496297
11949,0.021404013
11950,0.43534806
11951,0.053043365
11952,0.44127342
11953,0.049806032
11954,0.047064714
11955,0.034703612
11956,0.0623855
11957,0.026324311
11958,0.0692943
11959,0.07186079
11960,0.038332216
11961,0.06169919
11962,0.39073396
11963,0.043799832
11964,0.030824102
11965,0.051444277
11966,0.06291008
11967,0.031086542
11968,0.039212022
11969,0.0075707175
11970,0.042639576
11971,0.06950363
11972,0.05362343
11973,0.07750732
11974,0.0534055
11975,0.24848579
11976,0.024067614
11977,0.051620547
11978,0.038821068
11979,0.024190795
11980,0.015013456
11981,0.49377832
11982,0.07227049
11983,0.06260966
11984,0.26379672
11985,0.49776906
11986,0.0065423166
11987,0.062223516
11988,0.048561387
11989,0.012694846
11990,0.018276904
11991,0.021437675
11992,0.0156221185
11993,0.00735736
11994,0.036139004
11995,0.011033469
11996,0.01210649
11997,0.061599836
11998,0.061082527
11999,0.069248624
12000,0.08113944
12001,0.41407883
12002,0.01692222
12003,0.020264871
12004,0.043989506
12005,0.010804447
12006,0.010522686
12007,0.03156634
12008,0.025289854
12009,0.03436338
12010,0.24038641
12011,0.01899324
12012,0.04322867
12013,0.010902182
12014,0.058205396
12015,0.04379343
12016,0.06992787
12017,0.46431053
12018,0.007593282
12019,0.0535706
12020,0.06461856
12021,0.018153505
12022,0.021002872
12023,0.040720727
12024,0.052987184
12025,0.0099359155
12026,0.027422851
12027,0.012087904
12028,0.07277095
12029,0.089869104
12030,0.067473985
12031,0.06845951
12032,0.053978104
12033,0.035144396
12034,0.031771936
12035,0.029838799
12036,0.03447061
12037,0.06374295
12038,0.04984731
12039,0.22320606
12040,0.014032515
12041,0.03506706
12042,0.027698424
12043,0.017796313
12044,0.024103438
12045,0.04013566
12046,0.020698674
12047,0.024114205
12048,0.056221038
12049,0.084754296
12050,0.24953921
12051,0.042971354
12052,0.03844026
12053,0.03610895
12054,0.06916859
12055,0.05772352
12056,0.014547661
12057,0.051287558
12058,0.014454215
12059,0.030255664
12060,0.07161882
12061,0.026722588
12062,0.024021478
12063,0.031543154
12064,0.05254063
12065,0.054365907
12066,0.22500567
12067,0.21885702
12068,0.22753245
12069,0.05353007
12070,0.038514595
12071,0.017980948
12072,0.048850942
12073,0.043706026
12074,0.07502617
12075,0.04350141
12076,0.5634184
12077,0.07006126
12078,0.020107085
12079,0.06870299
12080,0.048146013
12081,0.046059176
12082,0.018228488
12083,0.016424542
12084,0.05375772
12085,0.011701313
12086,0.017466955
12087,0.018434666
12088,0.06123125
12089,0.043068014
12090,0.06031619
12091,0.051898126
12092,0.06899728
12093,0.22907105
12094,0.38193163
12095,0.053823
12096,0.02143899
12097,0.06190186
12098,0.015983459
12099,0.038007315
12100,0.026290968
12101,0.010052196
12102,0.063180104
12103,0.049810704
12104,0.07264013
12105,0.040451113
12106,0.06878129
12107,0.038105976
12108,0.050808594
12109,0.03510901
12110,0.07579815
12111,0.010926501
12112,0.031406607
12113,0.056728207
12114,0.030663721
12115,0.011191314
12116,0.010715677
12117,0.02251626
12118,0.034631975
12119,0.05061653
12120,0.059001368
12121,0.0722669
12122,0.06336655
12123,0.23948509
12124,0.22516172
12125,0.07694635
12126,0.018159298
12127,0.06305527
12128,0.01279204
12129,0.048001546
12130,0.040311564
12131,0.06301997
12132,0.031611186
12133,0.020361314
12134,0.0452519
12135,0.035891324
12136,0.012521524
12137,0.047686435
12138,0.06312606
12139,0.031099671
12140,0.04984514
12141,0.057919078
12142,0.013943845
12143,0.035053402
12144,0.069294065
12145,0.05165001
12146,0.07520352
12147,0.27787992
12148,0.06316298
12149,0.06871055
12150,0.051411476
12151,0.05901419
12152,0.05724763
12153,0.06278562
12154,0.047171645
12155,0.018963454
12156,0.38122603
12157,0.056758456
12158,0.061671834
12159,0.051287558
12160,0.061388414
12161,0.018816594
12162,0.02679144
12163,0.019312812
12164,0.0344764
12165,0.24997357
12166,0.05399857
12167,0.04261522
12168,0.06713983
12169,0.53540426
12170,0.06272182
12171,0.0136619015
12172,0.22353142
12173,0.049309473
12174,0.08081143
12175,0.2466153
12176,0.053474646
12177,0.019545373
12178,0.043824982
12179,0.06952868
12180,0.08184841
12181,0.037714247
12182,0.07839084
12183,0.06287664
12184,0.05757981
12185,0.014291648
12186,0.015309742
12187,0.019712096
12188,0.04571541
12189,0.05357617
12190,0.014533296
12191,0.07236264
12192,0.07607065
12193,0.07442829
12194,0.062239625
12195,0.031151926
12196,0.066938706
12197,0.07174179
12198,0.24255106
12199,0.048512574
12200,0.044432215
12201,0.020794308
12202,0.05331728
12203,0.5614073
12204,0.03557888
12205,0.061870042
12206,0.4780015
12207,0.23014148
12208,0.012178876
12209,0.0385169
12210,0.048021007
12211,0.22297199
12212,0.23993526
12213,0.059787508
12214,0.061897326
12215,0.23560414
12216,0.23010436
12217,0.07485242
12218,0.080319196
12219,0.38448766
12220,0.06148714
12221,0.04406417
12222,0.06353664
12223,0.047510874
12224,0.24877404
12225,0.5442343
12226,0.0062508043
12227,0.040727507
12228,0.39258626
12229,0.014151111
12230,0.043653123
12231,0.24761961
12232,0.013154567
12233,0.04440347
12234,0.0582851
12235,0.016360687
12236,0.040066138
12237,0.006180476
12238,0.37914371
12239,0.0387092
12240,0.0595141
12241,0.24005602
12242,0.07465661
12243,0.2478774
12244,0.37718987
12245,0.2475683
12246,0.027130263
12247,0.23828958
12248,0.06801292
12249,0.2238981
12250,0.6307489
12251,0.47681114
12252,0.2521824
12253,0.024170058
12254,0.22802699
12255,0.031103713
12256,0.019399185
12257,0.012062904
12258,0.04826809
12259,0.008635948
12260,0.011294433
12261,0.03115251
12262,0.049648486
12263,0.06367095
12264,0.06292431
12265,0.06893929
12266,0.06273654
12267,0.22620647
12268,0.2214813
12269,0.027399331
12270,0.06865611
12271,0.0760687
12272,0.050320465
12273,0.6307666
12274,0.6725537
12275,0.61002105
12276,0.026523964
12277,0.016679335
12278,0.062728226
12279,0.40802395
12280,0.062537365
12281,0.053616937
12282,0.009656261
12283,0.04901402
12284,0.0537898
12285,0.043847904
12286,0.012409053
12287,0.40879446
12288,0.017145481
12289,0.027949989
12290,0.06804689
12291,0.06961679
12292,0.044360492
12293,0.043815855
12294,0.22746553
12295,0.22447178
12296,0.025124503
12297,0.22758539
12298,0.06775318
12299,0.06860217
12300,0.5409657
12301,0.53349245
12302,0.59429294
12303,0.053165637
12304,0.026664527
12305,0.009117136
12306,0.38041723
12307,0.06377706
12308,0.3683106
12309,0.038552538
12310,0.06347728
12311,0.01816372
12312,0.062508106
12313,0.068731055
12314,0.076700404
12315,0.07081493
12316,0.50515807
12317,0.41551742
12318,0.22835977
12319,0.2261474
12320,0.061563488
12321,0.050977964
12322,0.06901629
12323,0.040403858
12324,0.031519778
12325,0.023433875
12326,0.07331203
12327,0.075482495
12328,0.054490235
12329,0.068893865
12330,0.02437751
12331,0.61759776
12332,0.60820633
12333,0.6012856
12334,0.07273562
12335,0.04414096
12336,0.38437206
12337,0.012586617
12338,0.2514911
12339,0.026501412
12340,0.009296122
12341,0.017057495
12342,0.032599777
12343,0.06292101
12344,0.04336316
12345,0.38425162
12346,0.5250112
12347,0.056879766
12348,0.06684797
12349,0.06313593
12350,0.07840515
12351,0.05715402
12352,0.41040266
12353,0.068402335
12354,0.034956887
12355,0.06304203
12356,0.06877573
12357,0.066285886
12358,0.0438769
12359,0.021522647
12360,0.44673693
12361,0.25286987
12362,0.23572503
12363,0.060538456
12364,0.06867754
12365,0.057784338
12366,0.24923421
12367,0.029730251
12368,0.03911645
12369,0.04025903
12370,0.018622108
12371,0.0388052
12372,0.040082894
12373,0.3936551
12374,0.7258464
12375,0.4131461
12376,0.24366868
12377,0.07039228
12378,0.23781957
12379,0.23121703
12380,0.49251816
12381,0.052058082
12382,0.028280342
12383,0.034976505
12384,0.03530512
12385,0.076277904
12386,0.075385064
12387,0.2230686
12388,0.26022613
12389,0.24912167
12390,0.23459536
12391,0.5682484
12392,0.22863676
12393,0.017282186
12394,0.22265804
12395,0.23993526
12396,0.048513006
12397,0.08054038
12398,0.05250433
12399,0.035129327
12400,0.034111597
12401,0.042424552
12402,0.22509429
12403,0.37455902
12404,0.24700978
12405,0.46343637
12406,0.25282386
12407,0.077126466
12408,0.074712485
12409,0.36923522
12410,0.013475275
12411,0.082380146
12412,0.058973685
12413,0.044761915
12414,0.44981313
12415,0.24802396
12416,0.05017943
12417,0.4978274
12418,0.41482744
12419,0.06299142
12420,0.064615846
12421,0.062747695
12422,0.044588584
12423,0.010945591
12424,0.0137578165
12425,0.02774289
12426,0.0491288
12427,0.06260822
12428,0.06286273
12429,0.07311477
12430,0.39642882
12431,0.5580428
12432,0.41948354
12433,0.41064796
12434,0.49720538
12435,0.06333505
12436,0.057584815
12437,0.06032543
12438,0.07590443
12439,0.076343134
12440,0.05345869
12441,0.02702168
12442,0.05339369
12443,0.07650009
12444,0.0060285754
12445,0.04185578
12446,0.06757512
12447,0.01998773
12448,0.035739828
12449,0.01929126
12450,0.019615151
12451,0.010702705
12452,0.012323791
12453,0.03144524
12454,0.057314616
12455,0.04902081
12456,0.06255378
12457,0.23608911
12458,0.23075777
12459,0.40620905
12460,0.6564018
12461,0.6219594
12462,0.41591182
12463,0.070380434
12464,0.043051787
12465,0.01960799
12466,0.04404706
12467,0.069715455
12468,0.014365104
12469,0.030842684
12470,0.59989613
12471,0.04398008
12472,0.05107773
12473,0.044108354
12474,0.06659328
12475,0.036432505
12476,0.04382516
12477,0.01690373
12478,0.04256949
12479,0.013651361
12480,0.013869495
12481,0.026763864
12482,0.06342162
12483,0.068527594
12484,0.46039346
12485,0.40893456
12486,0.073208526
12487,0.62331444
12488,0.41736078
12489,0.48190618
12490,0.07131359
12491,0.0072261603
12492,0.03633088
12493,0.031371944
12494,0.03498273
12495,0.04361348
12496,0.041013345
12497,0.033869155
12498,0.053771257
12499,0.44529325
12500,0.22125508
12501,0.41353688
12502,0.029331848
12503,0.06719282
12504,0.07263038
12505,0.074833974
12506,0.085074395
12507,0.04303199
12508,0.027107911
12509,0.009244737
12510,0.03910957
12511,0.07643161
12512,0.6519748
12513,0.09123702
12514,0.5501334
12515,0.4120558
12516,0.3868971
12517,0.23571396
12518,0.063217826
12519,0.04068786
12520,0.021186333
12521,0.012234947
12522,0.035455514
12523,0.028630955
12524,0.07309042
12525,0.07453009
12526,0.062964104
12527,0.40762383
12528,0.026769372
12529,0.057777863
12530,0.3845361
12531,0.036552574
12532,0.010664083
12533,0.0107474895
12534,0.010507626
12535,0.070494816
12536,0.07418544
12537,0.027420895
12538,0.22354843
12539,0.23142815
12540,0.05699455
12541,0.0652774
12542,0.0283326
12543,0.06421554
12544,0.06116926
12545,0.03545911
12546,0.07327627
12547,0.06857655
12548,0.038446195
12549,0.02703316
12550,0.009894422
12551,0.22321478
12552,0.013984591
12553,0.06582918
12554,0.038105976
12555,0.03132546
12556,0.07248754
12557,0.032140523
12558,0.04069315
12559,0.009087113
12560,0.038552538
12561,0.24075685
12562,0.41046146
12563,0.44932052
12564,0.06894808
12565,0.018622108
12566,0.027012391
12567,0.046482235
12568,0.054374974
12569,0.077175386
12570,0.030347051
12571,0.014103025
12572,0.030076105
12573,0.018859498
12574,0.0120996535
12575,0.0577429
12576,0.06383204
12577,0.3768941
12578,0.013388401
12579,0.016915107
12580,0.030856917
12581,0.05682362
12582,0.06286176
12583,0.4137324
12584,0.068084106
12585,0.012735228
12586,0.073578015
12587,0.03494501
12588,0.014184806
12589,0.05753266
12590,0.07311617
12591,0.045676824
12592,0.012699684
12593,0.012239396
12594,0.017240064
12595,0.010461695
12596,0.07979985
12597,0.01430794
12598,0.024987066
12599,0.07605847
12600,0.05374392
12601,0.036582906
12602,0.01707676
12603,0.026611162
12604,0.0511987
12605,0.37305364
12606,0.03022905
12607,0.0056841546
12608,0.01789426
12609,0.027525166
12610,0.03927017
12611,0.051618684
12612,0.075426616
12613,0.05315189
12614,0.24141875
12615,0.06425461
12616,0.027823431
12617,0.013980421
12618,0.043863364
12619,0.044739082
12620,0.027379801
12621,0.24657728
12622,0.017533507
12623,0.06916991
12624,0.017255573
12625,0.06236178
12626,0.043903243
12627,0.00976798
12628,0.010723847
12629,0.41113102
12630,0.611985
12631,0.06930756
12632,0.06379
12633,0.063957706
12634,0.043776136
12635,0.04126692
12636,0.2292465
12637,0.062482994
12638,0.06742613
12639,0.6357951
12640,0.0183538
12641,0.06113925
12642,0.020214925
12643,0.061895743
12644,0.061524343
12645,0.016981523
12646,0.077190794
12647,0.50068325
12648,0.057833925
12649,0.07691872
12650,0.024840431
12651,0.058874384
12652,0.00922082
12653,0.020725586
12654,0.061810907
12655,0.027456248
12656,0.0063565373
12657,0.023662625
12658,0.0062916283
12659,0.04708341
12660,0.049393672
12661,0.019254575
12662,0.049580954
12663,0.01697784
12664,0.07240761
12665,0.03944539
12666,0.013878503
12667,0.03142139
12668,0.062226858
12669,0.069862075
12670,0.020023175
12671,0.04888672
12672,0.593546
12673,0.0538506
12674,0.067800425
12675,0.044302505
12676,0.034864336
12677,0.043289896
12678,0.043979272
12679,0.012976482
12680,0.01626004
12681,0.2557032
12682,0.026306909
12683,0.0061081965
12684,0.0074999775
12685,0.015265916
12686,0.043810338
12687,0.06872635
12688,0.010337056
12689,0.06925394
12690,0.03835502
12691,0.025016071
12692,0.043805704
12693,0.39165804
12694,0.026663069
12695,0.018848764
12696,0.019018922
12697,0.04018545
12698,0.030447861
12699,0.07815286
12700,0.052431777
12701,0.013107252
12702,0.014309803
12703,0.014796423
12704,0.053727075
12705,0.2243051
12706,0.06316752
12707,0.05893052
12708,0.053451184
12709,0.026690857
12710,0.046713255
12711,0.016929714
12712,0.20944385
12713,0.24205402
12714,0.07426634
12715,0.007497711
12716,0.009390447
12717,0.01164808
12718,0.031167883
12719,0.013622488
12720,0.011755443
12721,0.016093347
12722,0.012130978
12723,0.018622108
12724,0.009212032
12725,0.014830921
12726,0.014203992
12727,0.009639992
12728,0.022439364
12729,0.04846989
12730,0.04460321
12731,0.070249155
12732,0.0065407823
12733,0.012785393
12734,0.00959438
12735,0.07510693
12736,0.07826762
12737,0.01043057
12738,0.018868363
12739,0.010059836
12740,0.023198344
12741,0.012057973
12742,0.0100622205
12743,0.016807083
12744,0.018391697
12745,0.008445679
12746,0.01395644
12747,0.030642707
12748,0.006806249
12749,0.009569961
12750,0.00878474
12751,0.05221084
12752,0.026680091
12753,0.04045381
12754,0.042699054
12755,0.014150028
12756,0.012791386
12757,0.009551622
12758,0.066863135
12759,0.026210837
12760,0.043450385
12761,0.008604086
12762,0.0060047098
12763,0.011299944
12764,0.030839942
12765,0.012353435
12766,0.015444091
12767,0.06297467
12768,0.01335589
12769,0.0122068245
12770,0.0784576
12771,0.051861115
12772,0.053455144
12773,0.05416652
12774,0.06343255
12775,0.0208376
12776,0.010780498
12777,0.0068692234
12778,0.06275101
12779,0.013976003
12780,0.069847345
12781,0.008668311
12782,0.07599108
12783,0.01741169
12784,0.025554875
12785,0.030981272
12786,0.031050347
12787,0.026801666
12788,0.026775155
12789,0.011719386
12790,0.01205936
12791,0.031045267
12792,0.010248306
12793,0.061775845
12794,0.049812805
12795,0.030801332
12796,0.070595086
12797,0.017522346
12798,0.024655674
12799,0.0052509275
12800,0.010738994
12801,0.015336792
12802,0.044605758
12803,0.018278632
12804,0.014477419
12805,0.024937654
12806,0.015508966
12807,0.0315206
12808,0.0110091735
12809,0.029992962
12810,0.06650336
12811,0.07406698
12812,0.018173903
12813,0.0633538
12814,0.035106607
12815,0.05169501
12816,0.04386504
12817,0.053980615
12818,0.03278183
12819,0.0368553
12820,0.04434408
12821,0.038300958
12822,0.042866044
12823,0.07102292
12824,0.044371516
12825,0.036400277
12826,0.06447096
12827,0.043866903
12828,0.06432449
12829,0.04409471
12830,0.3998445
12831,0.40797338
12832,0.044567417
12833,0.015015982
12834,0.2505064
12835,0.06299623
12836,0.42138627
12837,0.068363756
12838,0.078631684
12839,0.06960815
12840,0.039464578
12841,0.06589285
12842,0.031872753
12843,0.51115227
12844,0.07680807
12845,0.044605967
12846,0.23296037
12847,0.05793055
12848,0.02859935
12849,0.04411682
12850,0.03506282
12851,0.017634582
12852,0.014380189
12853,0.04083341
12854,0.07318262
12855,0.073006354
12856,0.43138364
12857,0.4660296
12858,0.04403699
12859,0.027765008
12860,0.2293498
12861,0.07468093
12862,0.02003968
12863,0.052271124
12864,0.042494204
12865,0.05773102
12866,0.067297235
12867,0.43910164
12868,0.07468867
12869,0.23962764
12870,0.45876056
12871,0.077006266
12872,0.49442172
12873,0.017359005
12874,0.05442824
12875,0.25403005
12876,0.049374096
12877,0.046730712
12878,0.03570523
12879,0.060630634
12880,0.027272582
12881,0.070499994
12882,0.07265776
12883,0.06647145
12884,0.033497542
12885,0.038665358
12886,0.06131034
12887,0.25734732
12888,0.04396803
12889,0.031493325
12890,0.051860504
12891,0.054809496
12892,0.061034042
12893,0.039495196
12894,0.042751934
12895,0.06878366
12896,0.027103357
12897,0.054380987
12898,0.077894896
12899,0.05419988
12900,0.10115468
12901,0.05265079
12902,0.03880583
12903,0.024279388
12904,0.014228528
12905,0.015094555
12906,0.458387
12907,0.07444337
12908,0.06312275
12909,0.46357867
12910,0.48551267
12911,0.062303603
12912,0.048808318
12913,0.018857662
12914,0.021652173
12915,0.015749052
12916,0.0071423505
12917,0.035730872
12918,0.050486423
12919,0.012667176
12920,0.060611
12921,0.061118912
12922,0.068296045
12923,0.25077918
12924,0.44686517
12925,0.020527074
12926,0.043989804
12927,0.010995345
12928,0.010096157
12929,0.025829071
12930,0.03535455
12931,0.24072212
12932,0.019102404
12933,0.043063235
12934,0.01165738
12935,0.011281687
12936,0.05820112
12937,0.071843356
12938,0.43517375
12939,0.053645693
12940,0.06418427
12941,0.018890321
12942,0.021169912
12943,0.041439302
12944,0.05339077
12945,0.011113354
12946,0.028202087
12947,0.012649549
12948,0.07240258
12949,0.084999554
12950,0.068748645
12951,0.070648275
12952,0.053477243
12953,0.034782592
12954,0.032093626
12955,0.030383734
12956,0.035874538
12957,0.06363395
12958,0.04954575
12959,0.22760412
12960,0.014432376
12961,0.035166763
12962,0.027431682
12963,0.017918432
12964,0.015826266
12965,0.024953304
12966,0.040567245
12967,0.024405649
12968,0.057365127
12969,0.085527815
12970,0.2512857
12971,0.04238548
12972,0.03869444
12973,0.036094535
12974,0.06821649
12975,0.058827516
12976,0.014771614
12977,0.051479906
12978,0.031003248
12979,0.07099778
12980,0.026910882
12981,0.024596723
12982,0.03136084
12983,0.0066365195
12984,0.05224384
12985,0.054034937
12986,0.23179513
12987,0.22527026
12988,0.22795062
12989,0.05310683
12990,0.038655464
12991,0.018442096
12992,0.049510095
12993,0.04415882
12994,0.013046198
12995,0.07818169
12996,0.044234198
12997,0.4999783
12998,0.06958474
12999,0.069166034
13000,0.048248775
13001,0.04609264
13002,0.019233396
13003,0.017167268
13004,0.05343279
13005,0.027914362
13006,0.018116055
13007,0.018826043
13008,0.06175146
13009,0.043358665
13010,0.06024408
13011,0.05170683
13012,0.0686248
13013,0.23171248
13014,0.37967333
13015,0.054357268
13016,0.021883255
13017,0.06147802
13018,0.016277766
13019,0.038557537
13020,0.026868088
13021,0.0099202
13022,0.06289763
13023,0.049640603
13024,0.0728802
13025,0.04050231
13026,0.06723684
13027,0.03848872
13028,0.05077307
13029,0.037408877
13030,0.017875513
13031,0.018499067
13032,0.07788242
13033,0.011545404
13034,0.030967634
13035,0.05713827
13036,0.032055326
13037,0.012160113
13038,0.010497721
13039,0.022397732
13040,0.0349611
13041,0.051172286
13042,0.05800567
13043,0.07342949
13044,0.062985845
13045,0.23629753
13046,0.22661613
13047,0.07513224
13048,0.013010083
13049,0.0638179
13050,0.04771312
13051,0.0103347385
13052,0.04122742
13053,0.062567495
13054,0.032368314
13055,0.020575676
13056,0.044222504
13057,0.03514177
13058,0.0132616535
13059,0.047841467
13060,0.063219905
13061,0.031758785
13062,0.022812922
13063,0.032290217
13064,0.05851757
13065,0.014466586
13066,0.035304673
13067,0.06928962
13068,0.051425476
13069,0.23001656
13070,0.28569746
13071,0.06447543
13072,0.06924592
13073,0.052617412
13074,0.058700107
13075,0.057045788
13076,0.063249014
13077,0.047600366
13078,0.010788663
13079,0.01945643
13080,0.42304167
13081,0.05684037
13082,0.06161004
13083,0.051498838
13084,0.061408248
13085,0.018782498
13086,0.027172113
13087,0.018301351
13088,0.019955274
13089,0.035447933
13090,0.08112705
13091,0.05335825
13092,0.043692023
13093,0.067016736
13094,0.51904815
13095,0.06459206
13096,0.014473341
13097,0.22658882
13098,0.049367066
13099,0.24441397
13100,0.0839087
13101,0.05458324
13102,0.019539952
13103,0.044095017
13104,0.06837511
13105,0.08084886
13106,0.039322484
13107,0.078591794
13108,0.06307472
13109,0.057921354
13110,0.015856901
13111,0.02008578
13112,0.046139706
13113,0.0538869
13114,0.01531449
13115,0.07271535
13116,0.0780407
13117,0.07500087
13118,0.061870176
13119,0.031217229
13120,0.069930546
13121,0.07293806
13122,0.24643645
13123,0.048866726
13124,0.010639351
13125,0.044656556
13126,0.021021528
13127,0.054735716
13128,0.49604973
13129,0.036458742
13130,0.06616758
13131,0.45074454
13132,0.07274101
13133,0.013514943
13134,0.038959213
13135,0.048067667
13136,0.226324
13137,0.24208733
13138,0.059635777
13139,0.061487682
13140,0.08151629
13141,0.07673586
13142,0.07652837
13143,0.08021289
13144,0.4316078
13145,0.061315324
13146,0.019233396
13147,0.04409696
13148,0.06285609
13149,0.04802462
13150,0.25190458
13151,0.62323624
13152,0.006764836
13153,0.041196868
13154,0.38715956
13155,0.014387006
13156,0.044032764
13157,0.25072956
13158,0.019373097
13159,0.045115437
13160,0.058382615
13161,0.01732286
13162,0.040768594
13163,0.006999775
13164,0.40852416
13165,0.03865911
13166,0.05966368
13167,0.2449915
13168,0.074436024
13169,0.25076678
13170,0.39883214
13171,0.39264324
13172,0.24385609
13173,0.068396054
13174,0.073361196
13175,0.6781973
13176,0.4851769
13177,0.49389267
13178,0.02384793
13179,0.23184825
13180,0.053100877
13181,0.019717166
13182,0.0487751
13183,0.008876523
13184,0.011833229
13185,0.03171707
13186,0.04967894
13187,0.06389714
13188,0.06397172
13189,0.07001248
13190,0.06395782
13191,0.22923042
13192,0.069124095
13193,0.028461248
13194,0.070195094
13195,0.2442345
13196,0.049651448
13197,0.509406
13198,0.5463062
13199,0.6184362
13200,0.0066951117
13201,0.027240766
13202,0.01727685
13203,0.06304628
13204,0.49948093
13205,0.06185716
13206,0.053753696
13207,0.010282339
13208,0.049109016
13209,0.05387953
13210,0.044775896
13211,0.012700722
13212,0.3737602
13213,0.017292725
13214,0.027893186
13215,0.07087111
13216,0.0687531
13217,0.04447369
13218,0.044290144
13219,0.22978401
13220,0.40848437
13221,0.025839908
13222,0.22890598
13223,0.0669563
13224,0.06987011
13225,0.63206226
13226,0.63440126
13227,0.5184735
13228,0.014626449
13229,0.052881308
13230,0.027442101
13231,0.010125937
13232,0.3821118
13233,0.06394124
13234,0.24365337
13235,0.038763165
13236,0.06289339
13237,0.018806832
13238,0.065512195
13239,0.06781962
13240,0.07663055
13241,0.07056207
13242,0.45738322
13243,0.2526967
13244,0.23080027
13245,0.07464159
13246,0.061588336
13247,0.050899632
13248,0.069097646
13249,0.040377393
13250,0.03073718
13251,0.022741208
13252,0.073962726
13253,0.076198086
13254,0.053617068
13255,0.068087734
13256,0.02462873
13257,0.51008576
13258,0.6016461
13259,0.543853
13260,0.07337918
13261,0.044410877
13262,0.23179592
13263,0.2546244
13264,0.02698414
13265,0.017692424
13266,0.01687213
13267,0.032911606
13268,0.063262045
13269,0.044042286
13270,0.40263897
13271,0.601055
13272,0.057213344
13273,0.065308884
13274,0.06272898
13275,0.07921522
13276,0.057548597
13277,0.4256221
13278,0.0687991
13279,0.03462594
13280,0.06412694
13281,0.069265895
13282,0.066830985
13283,0.04337311
13284,0.022036327
13285,0.5075484
13286,0.40142453
13287,0.094055206
13288,0.06072325
13289,0.06982341
13290,0.057887465
13291,0.25309864
13292,0.029225068
13293,0.039859407
13294,0.040383853
13295,0.016886419
13296,0.018612616
13297,0.038670123
13298,0.040499616
13299,0.24389471
13300,0.65409184
13301,0.25139222
13302,0.24564527
13303,0.07013836
13304,0.073551565
13305,0.076857455
13306,0.4651589
13307,0.05146387
13308,0.02866767
13309,0.03586564
13310,0.031821374
13311,0.07810748
13312,0.07243083
13313,0.2259551
13314,0.27006125
13315,0.2495376
13316,0.23852128
13317,0.51210815
13318,0.231633
13319,0.017813854
13320,0.2267887
13321,0.24225749
13322,0.019817105
13323,0.04836583
13324,0.09110995
13325,0.052441876
13326,0.034757037
13327,0.034182202
13328,0.042756572
13329,0.22865596
13330,0.42529964
13331,0.2523225
13332,0.51059973
13333,0.25298214
13334,0.07765399
13335,0.22912213
13336,0.25146353
13337,0.014365575
13338,0.027134793
13339,0.082316265
13340,0.22189617
13341,0.04412195
13342,0.4798755
13343,0.25031582
13344,0.049236715
13345,0.5122015
13346,0.39580157
13347,0.063407645
13348,0.06891043
13349,0.06275177
13350,0.044540368
13351,0.011649088
13352,0.009932252
13353,0.014492799
13354,0.027745854
13355,0.04815567
13356,0.06380649
13357,0.06328282
13358,0.0740736
13359,0.3930967
13360,0.63154227
13361,0.43418667
13362,0.4180594
13363,0.53248495
13364,0.0635132
13365,0.057729993
13366,0.05983974
13367,0.07545492
13368,0.079521395
13369,0.05350849
13370,0.026694719
13371,0.0532856
13372,0.075164676
13373,0.0058613378
13374,0.04224532
13375,0.06809694
13376,0.020603413
13377,0.035259698
13378,0.018797101
13379,0.020192612
13380,0.0059512774
13381,0.012710769
13382,0.031669036
13383,0.057423875
13384,0.048860766
13385,0.060940463
13386,0.23891266
13387,0.23392001
13388,0.40766656
13389,0.7064243
13390,0.54732656
13391,0.3975985
13392,0.06970671
13393,0.043317754
13394,0.01944917
13395,0.044249278
13396,0.069507465
13397,0.0147335045
13398,0.032071397
13399,0.52782416
13400,0.04399781
13401,0.01739402
13402,0.051243644
13403,0.04377869
13404,0.22861512
13405,0.03654096
13406,0.044467878
13407,0.042981688
13408,0.013932184
13409,0.01466762
13410,0.027134793
13411,0.06285427
13412,0.069862686
13413,0.45282152
13414,0.39338234
13415,0.07454537
13416,0.2190966
13417,0.38517106
13418,0.4979721
13419,0.22733693
13420,0.036877926
13421,0.031637974
13422,0.035425756
13423,0.043957014
13424,0.040490225
13425,0.035347503
13426,0.053105045
13427,0.42718512
13428,0.22932203
13429,0.40365434
13430,0.028902458
13431,0.068189375
13432,0.07269748
13433,0.07500732
13434,0.08737711
13435,0.04328247
13436,0.028216565
13437,0.009405198
13438,0.03950041
13439,0.07500087
13440,0.51977944
13441,0.4246621
13442,0.4826933
13443,0.3957455
13444,0.25095162
13445,0.23904228
13446,0.06435092
13447,0.04110302
13448,0.012108405
13449,0.035383534
13450,0.029593755
13451,0.07307597
13452,0.07484073
13453,0.063563526
13454,0.25083098
13455,0.027185498
13456,0.05827507
13457,0.011535605
13458,0.25032997
13459,0.038557537
13460,0.011417395
13461,0.07061552
13462,0.23089588
13463,0.02838077
13464,0.00626961
13465,0.06920816
13466,0.06931115
13467,0.057630718
13468,0.0660163
13469,0.028905421
13470,0.063122526
13471,0.06101027
13472,0.03383313
13473,0.07261034
13474,0.069013394
13475,0.03909497
13476,0.010173595
13477,0.40674773
13478,0.012129322
13479,0.014372134
13480,0.064797625
13481,0.039001994
13482,0.031524748
13483,0.07362066
13484,0.03298684
13485,0.041049514
13486,0.00951333
13487,0.038477886
13488,0.07567273
13489,0.43039888
13490,0.45098132
13491,0.069040075
13492,0.012000602
13493,0.018772965
13494,0.027802976
13495,0.0468305
13496,0.053908315
13497,0.07740971
13498,0.013648928
13499,0.03060011
13500,0.01404242
13501,0.030566782
13502,0.018577676
13503,0.012397044
13504,0.058128893
13505,0.06286956
13506,0.4065666
13507,0.0136330305
13508,0.017386043
13509,0.031792242
13510,0.0570712
13511,0.063604884
13512,0.47538155
13513,0.069850184
13514,0.012472298
13515,0.07668394
13516,0.03524846
13517,0.05734747
13518,0.072752945
13519,0.04610372
13520,0.012072629
13521,0.018379083
13522,0.010989047
13523,0.07962444
13524,0.0315311
13525,0.0145658
13526,0.025460621
13527,0.077367775
13528,0.053332996
13529,0.03538184
13530,0.017352927
13531,0.027666965
13532,0.051847305
13533,0.3966832
13534,0.030132517
13535,0.018892832
13536,0.028514944
13537,0.03956288
13538,0.05183002
13539,0.07563369
13540,0.053018726
13541,0.07943773
13542,0.0630807
13543,0.02813871
13544,0.0142650185
13545,0.043287694
13546,0.044754297
13547,0.027870445
13548,0.2534988
13549,0.07266059
13550,0.017803404
13551,0.06265443
13552,0.04381587
13553,0.010024174
13554,0.011018386
13555,0.4160637
13556,0.6643614
13557,0.068979524
13558,0.06256627
13559,0.013756013
13560,0.06287959
13561,0.04488193
13562,0.04137904
13563,0.22637516
13564,0.06178286
13565,0.06642321
13566,0.6916916
13567,0.018529555
13568,0.061236944
13569,0.015567485
13570,0.06253863
13571,0.0616146
13572,0.017651333
13573,0.035137292
13574,0.07757025
13575,0.5107761
13576,0.058001254
13577,0.23313648
13578,0.02560315
13579,0.017594429
13580,0.060069393
13581,0.020883359
13582,0.061692476
13583,0.028406424
13584,0.024798302
13585,0.04719373
13586,0.04965635
13587,0.026507035
13588,0.018700402
13589,0.050265003
13590,0.017173843
13591,0.07491442
13592,0.03967306
13593,0.014559866
13594,0.03145092
13595,0.06262173
13596,0.06907304
13597,0.020573076
13598,0.048196916
13599,0.57866895
13600,0.05406645
13601,0.22695796
13602,0.03477868
13603,0.042696748
13604,0.0441272
13605,0.4077773
13606,0.02665565
13607,0.013738036
13608,0.008027077
13609,0.015628027
13610,0.04414191
13611,0.06686187
13612,0.018797101
13613,0.069458626
13614,0.039360017
13615,0.025452256
13616,0.044467878
13617,0.38614747
13618,0.027190855
13619,0.019489972
13620,0.009329507
13621,0.019536324
13622,0.04087883
13623,0.03081245
13624,0.07921195
13625,0.053094283
13626,0.014032022
13627,0.014300112
13628,0.015397976
13629,0.053577527
13630,0.07627795
13631,0.0635153
13632,0.059568297
13633,0.052706245
13634,0.026909454
13635,0.04670394
13636,0.016605726
13637,0.21177617
13638,0.24652846
13639,0.074613035
13640,0.031600054
13641,0.014073185
13642,0.012573186
13643,0.01687962
13644,0.012714481
13645,0.01878854
13646,0.008992954
13647,0.014641399
13648,0.014893633
13649,0.022604557
13650,0.048416607
13651,0.044146642
13652,0.07037153
13653,0.01325763
13654,0.23003161
13655,0.010127934
13656,0.25019506
13657,0.0110282935
13658,0.018985286
13659,0.025303558
13660,0.012489974
13661,0.01047393
13662,0.017198449
13663,0.01885418
13664,0.014437165
13665,0.031186357
13666,0.014361475
13667,0.010258359
13668,0.052103728
13669,0.027217742
13670,0.04108637
13671,0.043027967
13672,0.015004841
13673,0.013125045
13674,0.016756821
13675,0.06714286
13676,0.02678048
13677,0.04508531
13678,0.0089932205
13679,0.0062436527
13680,0.011693315
13681,0.00530336
13682,0.031773333
13683,0.015780006
13684,0.06287891
13685,0.013812155
13686,0.07911231
13687,0.051141065
13688,0.05392566
13689,0.053302918
13690,0.014173404
13691,0.063603535
13692,0.020658577
13693,0.011502299
13694,0.06285039
13695,0.0147658875
13696,0.06913215
13697,0.07452584
13698,0.017649949
13699,0.03207011
13700,0.031815384
13701,0.027249385
13702,0.012449228
13703,0.012518181
13704,0.0074570705
13705,0.010576332
13706,0.031653803
13707,0.010994981
13708,0.061413724
13709,0.04793852
13710,0.03162999
13711,0.07660189
13712,0.01738583
13713,0.017651573
13714,0.02436141
13715,0.030709771
13716,0.0063483207
13717,0.015421592
13718,0.043893818
13719,0.018834421
13720,0.013712867
13721,0.025491377
13722,0.016049074
13723,0.031974304
13724,0.011516808
13725,0.0163008
13726,0.030058067
13727,0.06840913
13728,0.07487318
13729,0.01865501
13730,0.06247129
13731,0.019559614
13732,0.035715096
13733,0.05381477
13734,0.04418474
13735,0.057211217
13736,0.035436824
13737,0.04682771
13738,0.050272867
13739,0.03815099
13740,0.04167807
13741,0.078813545
13742,0.046098776
13743,0.03579599
13744,0.027713666
13745,0.035802953
13746,0.074793905
13747,0.045095082
13748,0.06853633
13749,0.04505025
13750,0.08624391
13751,0.41408554
13752,0.019840576
13753,0.014026832
13754,0.26897842
13755,0.0674712
13756,0.108054265
13757,0.074449115
13758,0.093268104
13759,0.017856358
13760,0.014395426
13761,0.075094685
13762,0.032079816
13763,0.571697
13764,0.08107362
13765,0.045844775
13766,0.24729694
13767,0.060638074
13768,0.028043153
13769,0.022346053
13770,0.045630313
13771,0.035870053
13772,0.01644927
13773,0.014590334
13774,0.042214476
13775,0.0862395
13776,0.092294894
13777,0.503156
13778,0.56991374
13779,0.04511696
13780,0.090447366
13781,0.24804044
13782,0.020169554
13783,0.054350086
13784,0.04266843
13785,0.060968935
13786,0.07045343
13787,0.43736967
13788,0.090498835
13789,0.4338906
13790,0.48368725
13791,0.021769464
13792,0.4616347
13793,0.053764466
13794,0.27796662
13795,0.05167745
13796,0.04862179
13797,0.03586133
13798,0.064670056
13799,0.0270947
13800,0.07515087
13801,0.084246255
13802,0.0727207
13803,0.039299283
13804,0.06471815
13805,0.27778688
13806,0.04591105
13807,0.031433757
13808,0.053326692
13809,0.05660141
13810,0.06737368
13811,0.0317913
13812,0.03966919
13813,0.044136636
13814,0.07377648
13815,0.027096145
13816,0.05546232
13817,0.10426508
13818,0.27054495
13819,0.023640353
13820,0.039024986
13821,0.02437773
13822,0.51243526
13823,0.08586293
13824,0.06692475
13825,0.279954
13826,0.27619278
13827,0.06400625
13828,0.050172985
13829,0.019546391
13830,0.021803828
13831,0.0079899505
13832,0.035762917
13833,0.010268527
13834,0.05203567
13835,0.06521419
13836,0.062468845
13837,0.07447394
13838,0.10293272
13839,0.51086617
13840,0.017762223
13841,0.020736517
13842,0.045085523
13843,0.011399354
13844,0.009611344
13845,0.031674597
13846,0.025844274
13847,0.035355866
13848,0.39930776
13849,0.019325593
13850,0.04395904
13851,0.06024641
13852,0.08840549
13853,0.48490956
13854,0.0077437013
13855,0.053884696
13856,0.06862101
13857,0.021346292
13858,0.040286887
13859,0.055215776
13860,0.010546727
13861,0.01767896
13862,0.027456822
13863,0.084725775
13864,0.10395614
13865,0.076682046
13866,0.07741924
13867,0.05579017
13868,0.011768615
13869,0.03442069
13870,0.030825775
13871,0.031523064
13872,0.035166796
13873,0.068090856
13874,0.051821258
13875,0.22187835
13876,0.013301399
13877,0.035654493
13878,0.02808637
13879,0.017822834
13880,0.015571403
13881,0.024404112
13882,0.03965254
13883,0.051954694
13884,0.023651054
13885,0.05921365
13886,0.27496147
13887,0.2721747
13888,0.043890405
13889,0.03877382
13890,0.035425305
13891,0.07448443
13892,0.06086397
13893,0.014889701
13894,0.053732477
13895,0.03076752
13896,0.09211787
13897,0.027014537
13898,0.02393276
13899,0.030729856
13900,0.00685091
13901,0.05442759
13902,0.055157386
13903,0.24095127
13904,0.22575016
13905,0.23086178
13906,0.055628337
13907,0.038924728
13908,0.018606177
13909,0.051991887
13910,0.044565
13911,0.012445925
13912,0.090120964
13913,0.044872843
13914,0.5664032
13915,0.07936108
13916,0.07893772
13917,0.050087743
13918,0.047773674
13919,0.018912766
13920,0.0169317
13921,0.012631261
13922,0.0562716
13923,0.027943494
13924,0.017741272
13925,0.018723713
13926,0.06459548
13927,0.04378708
13928,0.062133197
13929,0.05387561
13930,0.076604135
13931,0.2409161
13932,0.15989509
13933,0.05651064
13934,0.021895155
13935,0.06523876
13936,0.016191112
13937,0.039001726
13938,0.0075616306
13939,0.026849734
13940,0.06665243
13941,0.05191579
13942,0.087363444
13943,0.040023208
13944,0.07511684
13945,0.03786181
13946,0.0533997
13947,0.036091477
13948,0.017783415
13949,0.017774338
13950,0.090795845
13951,0.031561945
13952,0.059584107
13953,0.031593025
13954,0.009912689
13955,0.022534044
13956,0.035817806
13957,0.053177554
13958,0.060306907
13959,0.0833976
13960,0.06798424
13961,0.24833798
13962,0.22978076
13963,0.08994402
13964,0.011939113
13965,0.06772708
13966,0.050363652
13967,0.0097022075
13968,0.0425581
13969,0.06628308
13970,0.03187308
13971,0.019588424
13972,0.046478372
13973,0.03656002
13974,0.0500686
13975,0.06549842
13976,0.032075778
13977,0.05217684
13978,0.023100238
13979,0.0316892
13980,0.015029184
13981,0.060786676
13982,0.013913446
13983,0.036018692
13984,0.07774888
13985,0.052792963
13986,0.08976888
13987,0.28966245
13988,0.06881673
13989,0.078971855
13990,0.0529662
13991,0.061908755
13992,0.05990021
13993,0.06677155
13994,0.050897807
13995,0.010128617
13996,0.019556431
13997,0.2706284
13998,0.058748152
13999,0.0649567
14000,0.0538375
14001,0.064680666
14002,0.018694926
14003,0.020015111
14004,0.035931814
14005,0.10394664
14006,0.05646415
14007,0.043788195
14008,0.07589859
14009,0.598592
14010,0.06675113
14011,0.013314336
14012,0.22733212
14013,0.0525671
14014,0.2628407
14015,0.10867455
14016,0.05698228
14017,0.0453281
14018,0.07470786
14019,0.094415456
14020,0.03935984
14021,0.095678136
14022,0.067213826
14023,0.059365153
14024,0.015735459
14025,0.01890213
14026,0.04584149
14027,0.05438994
14028,0.01389942
14029,0.085768156
14030,0.091614194
14031,0.09093832
14032,0.06510798
14033,0.031079825
14034,0.07506899
14035,0.23833025
14036,0.26402053
14037,0.050539058
14038,0.010423855
14039,0.046390902
14040,0.021337176
14041,0.009916275
14042,0.05660529
14043,0.5919546
14044,0.0354651
14045,0.0752551
14046,0.49186733
14047,0.23787872
14048,0.0125224665
14049,0.018690398
14050,0.03916157
14051,0.048876308
14052,0.23346248
14053,0.25631154
14054,0.0618002
14055,0.065818064
14056,0.09320264
14057,0.0915594
14058,0.0884872
14059,0.11073188
14060,0.40465707
14061,0.065592244
14062,0.045360863
14063,0.068379164
14064,0.049686536
14065,0.27230114
14066,0.6540328
14067,0.007527488
14068,0.041499615
14069,0.40693408
14070,0.013430573
14071,0.04422425
14072,0.27015465
14073,0.045198526
14074,0.06106731
14075,0.01674942
14076,0.039572384
14077,0.40743706
14078,0.038780287
14079,0.063113414
14080,0.25314838
14081,0.24097504
14082,0.27207613
14083,0.42365792
14084,0.4232467
14085,0.027866205
14086,0.43116906
14087,0.22877394
14088,0.23055378
14089,0.5872311
14090,0.43893456
14091,0.4319413
14092,0.024613727
14093,0.23897891
14094,0.054797933
14095,0.026906593
14096,0.0112445485
14097,0.049462657
14098,0.00882184
14099,0.011091595
14100,0.031637892
14101,0.051606
14102,0.06842506
14103,0.0673408
14104,0.075387046
14105,0.06778761
14106,0.24001142
14107,0.07577635
14108,0.027043354
14109,0.07880756
14110,0.24622674
14111,0.017786367
14112,0.051620062
14113,0.6752788
14114,0.62861156
14115,0.6561867
14116,0.0070487973
14117,0.027053911
14118,0.017372508
14119,0.06796717
14120,0.53288144
14121,0.06627325
14122,0.053095113
14123,0.009883405
14124,0.05096698
14125,0.0559019
14126,0.04534308
14127,0.012372096
14128,0.43303987
14129,0.017092107
14130,0.028209748
14131,0.076644234
14132,0.076717034
14133,0.04608069
14134,0.045350682
14135,0.23851034
14136,0.22293468
14137,0.02617627
14138,0.086551435
14139,0.07448443
14140,0.07642699
14141,0.6960843
14142,0.71877545
14143,0.6656621
14144,0.013689483
14145,0.05521936
14146,0.027282722
14147,0.009547799
14148,0.41905457
14149,0.06838389
14150,0.25798532
14151,0.037914652
14152,0.0675442
14153,0.0186376
14154,0.069604896
14155,0.07498906
14156,0.09091184
14157,0.083335996
14158,0.5199711
14159,0.48394033
14160,0.2320778
14161,0.08984983
14162,0.067305684
14163,0.053325966
14164,0.07874814
14165,0.04087073
14166,0.032044075
14167,0.022825956
14168,0.09067225
14169,0.08989737
14170,0.05579794
14171,0.075145304
14172,0.02452151
14173,0.5961668
14174,0.8091683
14175,0.7254905
14176,0.0861425
14177,0.045251947
14178,0.09063733
14179,0.3958077
14180,0.02639594
14181,0.01720645
14182,0.015632031
14183,0.033676
14184,0.06924953
14185,0.045488268
14186,0.41462687
14187,0.72377
14188,0.059122875
14189,0.07063456
14190,0.06834535
14191,0.09692763
14192,0.059209485
14193,0.41864392
14194,0.07524248
14195,0.035351817
14196,0.06664813
14197,0.076757394
14198,0.07444124
14199,0.043686476
14200,0.0221505
14201,0.48631126
14202,0.27065
14203,0.095201865
14204,0.06353554
14205,0.078365296
14206,0.060987256
14207,0.2750595
14208,0.029302983
14209,0.0396651
14210,0.040824838
14211,0.01666334
14212,0.01853903
14213,0.039060555
14214,0.039672077
14215,0.38954276
14216,0.6339613
14217,0.26989847
14218,0.2636045
14219,0.078407094
14220,0.08834252
14221,0.24234888
14222,0.512694
14223,0.05383846
14224,0.027222376
14225,0.036002617
14226,0.03208688
14227,0.2378021
14228,0.23509876
14229,0.08867329
14230,0.5057311
14231,0.2682704
14232,0.24260457
14233,0.8937932
14234,0.23989396
14235,0.017753746
14236,0.23086178
14237,0.2483666
14238,0.019131513
14239,0.050273243
14240,0.2772756
14241,0.0076607815
14242,0.054667413
14243,0.03556227
14244,0.034810003
14245,0.04177191
14246,0.091142185
14247,0.42236724
14248,0.26588702
14249,0.55116296
14250,0.43753195
14251,0.089974515
14252,0.23864143
14253,0.27012613
14254,0.026915688
14255,0.09864746
14256,0.062011573
14257,0.04650636
14258,0.42440626
14259,0.2713427
14260,0.050706044
14261,0.49479246
14262,0.41087782
14263,0.0065931403
14264,0.06420974
14265,0.07741924
14266,0.06607988
14267,0.046406228
14268,0.009494226
14269,0.014061625
14270,0.027721766
14271,0.05062253
14272,0.06592077
14273,0.067248255
14274,0.085266545
14275,0.43549612
14276,0.68294436
14277,0.416796
14278,0.27304175
14279,0.5164157
14280,0.06862102
14281,0.019057918
14282,0.059735
14283,0.063194744
14284,0.08983393
14285,0.1044881
14286,0.05628136
14287,0.02774849
14288,0.055213016
14289,0.090180464
14290,0.040724546
14291,0.075997286
14292,0.019615846
14293,0.034705
14294,0.0065242737
14295,0.011631953
14296,0.03136714
14297,0.059096716
14298,0.051193442
14299,0.064426586
14300,0.24937488
14301,0.087211765
14302,0.3821811
14303,0.6819266
14304,0.6645
14305,0.3844187
14306,0.07829257
14307,0.01851549
14308,0.046098776
14309,0.078633994
14310,0.01516528
14311,0.031593103
14312,0.5527925
14313,0.04535089
14314,0.017287854
14315,0.05278689
14316,0.044557303
14317,0.0738112
14318,0.035818093
14319,0.041281503
14320,0.016338224
14321,0.042273793
14322,0.013070579
14323,0.014392841
14324,0.027233295
14325,0.06569301
14326,0.07812435
14327,0.5405694
14328,0.41420272
14329,0.085266545
14330,0.5938762
14331,0.4011431
14332,0.5335076
14333,0.23786275
14334,0.037060812
14335,0.03224067
14336,0.035103437
14337,0.044946108
14338,0.04174686
14339,0.055945177
14340,0.47405335
14341,0.06809212
14342,0.42810753
14343,0.028227694
14344,0.075722955
14345,0.08601031
14346,0.09064457
14347,0.24940401
14348,0.042558096
14349,0.027424201
14350,0.009215813
14351,0.039424606
14352,0.09030262
14353,0.6459587
14354,0.42197827
14355,0.5192439
14356,0.4252735
14357,0.38913906
14358,0.09217843
14359,0.06767734
14360,0.04124196
14361,0.022277305
14362,0.036080454
14363,0.029148286
14364,0.08727282
14365,0.090212025
14366,0.06684702
14367,0.27173203
14368,0.02600766
14369,0.061359517
14370,0.011979041
14371,0.26940057
14372,0.03882405
14373,0.009858304
14374,0.011477396
14375,0.078907534
14376,0.23957281
14377,0.028187355
14378,0.39638317
14379,0.2409623
14380,0.05876455
14381,0.07216415
14382,0.028253198
14383,0.06816686
14384,0.06448299
14385,0.034538053
14386,0.08643538
14387,0.079587616
14388,0.03882358
14389,0.009976675
14390,0.22575857
14391,0.012378443
14392,0.06839127
14393,0.032101102
14394,0.08658054
14395,0.032540612
14396,0.041725036
14397,0.008437161
14398,0.039190963
14399,0.08522182
14400,0.42195037
14401,0.47215918
14402,0.07881319
14403,0.018679483
14404,0.027902042
14405,0.048517417
14406,0.054354552
14407,0.09159027
14408,0.013932569
14409,0.031258095
14410,0.014064644
14411,0.030851912
14412,0.012248925
14413,0.02564423
14414,0.061160106
14415,0.06765342
14416,0.40751094
14417,0.014023562
14418,0.016966783
14419,0.030865818
14420,0.06015999
14421,0.06759252
14422,0.4451456
14423,0.079034805
14424,0.012725547
14425,0.23898245
14426,0.03425355
14427,0.058877226
14428,0.08686296
14429,0.04796581
14430,0.016658701
14431,0.26625368
14432,0.014222185
14433,0.025677001
14434,0.09104499
14435,0.055635624
14436,0.035337392
14437,0.017463915
14438,0.027052619
14439,0.05371966
14440,0.41144356
14441,0.029051065
14442,0.017823175
14443,0.03876119
14444,0.0538375
14445,0.24891138
14446,0.055179812
14447,0.090132974
14448,0.07221802
14449,0.027955228
14450,0.013856879
14451,0.045364838
14452,0.044612043
14453,0.029334648
14454,0.26902288
14455,0.01770065
14456,0.08638158
14457,0.066228606
14458,0.04551623
14459,0.009874988
14460,0.011447047
14461,0.48966062
14462,0.70452553
14463,0.22631131
14464,0.0680728
14465,0.014128674
14466,0.06759083
14467,0.04590939
14468,0.040236287
14469,0.0684709
14470,0.064735904
14471,0.071036495
14472,0.7953859
14473,0.06331855
14474,0.065153934
14475,0.064141765
14476,0.034647323
14477,0.091026716
14478,0.28460672
14479,0.060709614
14480,0.09255642
14481,0.025458386
14482,0.017580874
14483,0.06153355
14484,0.02105285
14485,0.064862855
14486,0.027947435
14487,0.023484312
14488,0.006430258
14489,0.04918086
14490,0.052148923
14491,0.027220592
14492,0.05114971
14493,0.01700219
14494,0.0831838
14495,0.038847174
14496,0.014406822
14497,0.032210976
14498,0.06570026
14499,0.075789884
14500,0.021279434
14501,0.02474834
14502,0.05091352
14503,0.66666776
14504,0.05456637
14505,0.07253559
14506,0.04535089
14507,0.035263814
14508,0.042634897
14509,0.043822918
14510,0.0132134035
14511,0.016942997
14512,0.28115728
14513,0.026876856
14514,0.015627783
14515,0.044876933
14516,0.22166641
14517,0.018748445
14518,0.010946518
14519,0.07885212
14520,0.038614307
14521,0.024995232
14522,0.04401909
14523,0.40732598
14524,0.027121946
14525,0.018123804
14526,0.009762475
14527,0.04143999
14528,0.03049286
14529,0.0928051
14530,0.05256341
14531,0.014608463
14532,0.014555193
14533,0.0556892
14534,0.08837626
14535,0.068058506
14536,0.0610393
14537,0.055180427
14538,0.026797505
14539,0.048872147
14540,0.05651814
14541,0.25679505
14542,0.09046989
14543,0.031570185
14544,0.01484988
14545,0.0125519745
14546,0.016226217
14547,0.012157851
14548,0.018533384
14549,0.01039727
14550,0.010880854
14551,0.015350071
14552,0.023105795
14553,0.050837997
14554,0.046686497
14555,0.07963282
14556,0.013206297
14557,0.08963757
14558,0.00918415
14559,0.10307669
14560,0.010293835
14561,0.019253286
14562,0.02535082
14563,0.012499017
14564,0.010383764
14565,0.01717856
14566,0.018723272
14567,0.007722834
14568,0.014508365
14569,0.012781519
14570,0.013826755
14571,0.0151831
14572,0.054162644
14573,0.005291599
14574,0.027188035
14575,0.041609332
14576,0.043356963
14577,0.021819716
14578,0.009731973
14579,0.0752971
14580,0.02685502
14581,0.045065902
14582,0.01159666
14583,0.03157177
14584,0.012482333
14585,0.015609495
14586,0.06763785
14587,0.011233572
14588,0.103843145
14589,0.053284958
14590,0.056510426
14591,0.055456113
14592,0.06611015
14593,0.0209986
14594,0.009760654
14595,0.063989714
14596,0.014029372
14597,0.0749853
14598,0.008667767
14599,0.09006886
14600,0.025804283
14601,0.03054939
14602,0.031858325
14603,0.026974753
14604,0.0262282
14605,0.013237446
14606,0.012467085
14607,0.01129497
14608,0.031351738
14609,0.010884381
14610,0.011517117
14611,0.06415748
14612,0.052025728
14613,0.030818313
14614,0.0935944
14615,0.013932182
14616,0.017503008
14617,0.022842778
14618,0.029439671
14619,0.005969525
14620,0.015298472
14621,0.045511298
14622,0.018818613
14623,0.013905778
14624,0.025793694
14625,0.016165808
14626,0.03190861
14627,0.010424588
14628,0.030231964
14629,0.08461157
14630,0.09126941
14631,0.068784915
14632,0.019632194
14633,0.02140253
14634,0.052447423
14635,0.031345908
14636,0.044403654
14637,0.054341815
14638,0.036969643
14639,0.045264166
14640,0.042836946
14641,0.22259423
14642,0.045434568
14643,0.037381317
14644,0.03185343
14645,0.06696182
14646,0.044687238
14647,0.06689668
14648,0.044023167
14649,0.24194115
14650,0.3821862
14651,0.02029526
14652,0.04525591
14653,0.25248867
14654,0.06538479
14655,0.08783605
14656,0.22027045
14657,0.0837975
14658,0.05846929
14659,0.018657487
14660,0.007971557
14661,0.04037051
14662,0.0629905
14663,0.5696283
14664,0.2295735
14665,0.045051016
14666,0.38724658
14667,0.059273954
14668,0.01343909
14669,0.028549958
14670,0.022987459
14671,0.04436787
14672,0.035896074
14673,0.014328427
14674,0.041322965
14675,0.07836338
14676,0.07670805
14677,0.4509919
14678,0.52299
14679,0.06485135
14680,0.22952282
14681,0.08009984
14682,0.020015348
14683,0.05311587
14684,0.043093074
14685,0.058935598
14686,0.069463044
14687,0.478719
14688,0.07913215
14689,0.075789884
14690,0.4286473
14691,0.07930382
14692,0.021953693
14693,0.46687272
14694,0.054622203
14695,0.25915596
14696,0.05045532
14697,0.035641816
14698,0.062194366
14699,0.027456507
14700,0.07076083
14701,0.07607724
14702,0.07080217
14703,0.06317681
14704,0.2541677
14705,0.044764582
14706,0.018139305
14707,0.032185037
14708,0.053388786
14709,0.05600034
14710,0.06537552
14711,0.031769108
14712,0.039861232
14713,0.043885894
14714,0.07339845
14715,0.027469184
14716,0.082025416
14717,0.25044233
14718,0.024590852
14719,0.039009638
14720,0.024767077
14721,0.011535416
14722,0.41252306
14723,0.07607724
14724,0.06575758
14725,0.49183303
14726,0.26296824
14727,0.063405655
14728,0.051878296
14729,0.02209798
14730,0.008184419
14731,0.036646802
14732,0.011462751
14733,0.050960265
14734,0.063761316
14735,0.062265605
14736,0.071277924
14737,0.08469016
14738,0.45154735
14739,0.37350923
14740,0.044708133
14741,0.010460117
14742,0.031871744
14743,0.025959224
14744,0.037241224
14745,0.37370047
14746,0.019131236
14747,0.043699365
14748,0.0586136
14749,0.04470738
14750,0.07342842
14751,0.48344627
14752,0.054528084
14753,0.066953644
14754,0.019043887
14755,0.021405911
14756,0.041926906
14757,0.05402212
14758,0.0109788515
14759,0.017880177
14760,0.028620476
14761,0.07651592
14762,0.088328876
14763,0.069517225
14764,0.07360519
14765,0.054368194
14766,0.01065885
14767,0.035623036
14768,0.03206393
14769,0.030789431
14770,0.03550681
14771,0.067266054
14772,0.05059143
14773,0.22352597
14774,0.014473338
14775,0.036439266
14776,0.028075164
14777,0.017497718
14778,0.01573682
14779,0.024848811
14780,0.040928748
14781,0.021551313
14782,0.024999384
14783,0.058701094
14784,0.25695866
14785,0.25113982
14786,0.043693144
14787,0.03927022
14788,0.036291838
14789,0.07078933
14790,0.05874826
14791,0.015132052
14792,0.052714497
14793,0.015723381
14794,0.03080622
14795,0.07563502
14796,0.027350204
14797,0.024944745
14798,0.031389933
14799,0.006724364
14800,0.05355495
14801,0.05507679
14802,0.22865994
14803,0.07383973
14804,0.2271488
14805,0.05465327
14806,0.039585736
14807,0.018803556
14808,0.04979792
14809,0.044261094
14810,0.011675358
14811,0.012499554
14812,0.078798555
14813,0.044209152
14814,0.4758878
14815,0.07377526
14816,0.020815322
14817,0.07322113
14818,0.04876382
14819,0.046430178
14820,0.018847449
14821,0.05592089
14822,0.009608307
14823,0.017830934
14824,0.019038057
14825,0.06360352
14826,0.04357279
14827,0.06178309
14828,0.052415542
14829,0.07301672
14830,0.22872755
14831,0.40522373
14832,0.055108223
14833,0.022040596
14834,0.063572325
14835,0.02312385
14836,0.039543305
14837,0.008460986
14838,0.027654884
14839,0.06497672
14840,0.05107991
14841,0.08062912
14842,0.040823545
14843,0.072947845
14844,0.039066795
14845,0.05201141
14846,0.036186818
14847,0.07910796
14848,0.0319211
14849,0.058254614
14850,0.03116982
14851,0.016657028
14852,0.0114556495
14853,0.022858901
14854,0.035601426
14855,0.052181367
14856,0.05890299
14857,0.22461483
14858,0.06691922
14859,0.23999026
14860,0.07696195
14861,0.07871691
14862,0.01292588
14863,0.06613973
14864,0.01270347
14865,0.0482203
14866,0.04129936
14867,0.064940825
14868,0.032525156
14869,0.020790044
14870,0.0450112
14871,0.03674241
14872,0.04933658
14873,0.065754674
14874,0.03218246
14875,0.050925024
14876,0.022600956
14877,0.018824818
14878,0.05912756
14879,0.014563987
14880,0.0361115
14881,0.07265849
14882,0.05207344
14883,0.22860739
14884,0.277428
14885,0.06622617
14886,0.07300465
14887,0.053166118
14888,0.06048528
14889,0.058648374
14890,0.06514067
14891,0.04918692
14892,0.01994431
14893,0.37851867
14894,0.057957377
14895,0.06381395
14896,0.062146805
14897,0.027414108
14898,0.018838523
14899,0.020374943
14900,0.0364211
14901,0.089536175
14902,0.05409663
14903,0.04442603
14904,0.072173126
14905,0.5340324
14906,0.06466909
14907,0.014565829
14908,0.22429392
14909,0.050558254
14910,0.24431156
14911,0.08446904
14912,0.05582673
14913,0.04480451
14914,0.07140025
14915,0.23583905
14916,0.03980991
14917,0.08075736
14918,0.06484086
14919,0.058825284
14920,0.015213212
14921,0.016032917
14922,0.0470071
14923,0.05503364
14924,0.015159695
14925,0.076984905
14926,0.0804277
14927,0.08023044
14928,0.06322825
14929,0.03233451
14930,0.07256571
14931,0.07251605
14932,0.24174793
14933,0.050156858
14934,0.04529519
14935,0.021483354
14936,0.010197619
14937,0.054476306
14938,0.4782085
14939,0.03667599
14940,0.06671991
14941,0.48622125
14942,0.23152484
14943,0.013541132
14944,0.018925583
14945,0.0109593235
14946,0.039146535
14947,0.04886175
14948,0.22254527
14949,0.23900193
14950,0.061473377
14951,0.06431376
14952,0.2357413
14953,0.081307344
14954,0.07874334
14955,0.082918845
14956,0.3705827
14957,0.06394758
14958,0.044879124
14959,0.06632184
14960,0.049081504
14961,0.2461561
14962,0.54905605
14963,0.0070015113
14964,0.04395242
14965,0.37849972
14966,0.014621897
14967,0.044553686
14968,0.25151908
14969,0.016571846
14970,0.013601148
14971,0.045070555
14972,0.059784617
14973,0.017270802
14974,0.04113133
14975,0.37642455
14976,0.03953665
14977,0.06064826
14978,0.23817225
14979,0.07849994
14980,0.2490272
14981,0.41789508
14982,0.41541874
14983,0.028241087
14984,0.24084991
14985,0.07129638
14986,0.076617025
14987,0.550255
14988,0.25869018
14989,0.25946364
14990,0.0248308
14991,0.2284269
14992,0.053861592
14993,0.019817926
14994,0.011042746
14995,0.05014328
14996,0.009131108
14997,0.011326246
14998,0.03255528
14999,0.05094624
15000,0.066020526
15001,0.06580027
15002,0.071484685
15003,0.0657976
15004,0.22885388
15005,0.07147616
15006,0.028207432
15007,0.072535515
15008,0.23977
15009,0.019359725
15010,0.051081926
15011,0.5058648
15012,0.6568859
15013,0.50494343
15014,0.027344853
15015,0.017752908
15016,0.066471584
15017,0.48357484
15018,0.065577574
15019,0.0548553
15020,0.010065006
15021,0.009772681
15022,0.049809176
15023,0.054669816
15024,0.045029994
15025,0.012783269
15026,0.41815606
15027,0.017682498
15028,0.028842235
15029,0.07129638
15030,0.07282043
15031,0.0448174
15032,0.044629216
15033,0.22755632
15034,0.22373381
15035,0.027329072
15036,0.22612934
15037,0.0721465
15038,0.071610086
15039,0.62229747
15040,0.6218682
15041,0.6375524
15042,0.014857991
15043,0.21048622
15044,0.027414108
15045,0.009199687
15046,0.25496015
15047,0.06699025
15048,0.38985953
15049,0.039239585
15050,0.066390105
15051,0.018995874
15052,0.065924056
15053,0.072980344
15054,0.080486424
15055,0.07468785
15056,0.44864818
15057,0.42134878
15058,0.2268464
15059,0.07825648
15060,0.0641284
15061,0.052229073
15062,0.07301421
15063,0.040616408
15064,0.032657016
15065,0.022788664
15066,0.078386925
15067,0.07818756
15068,0.05425979
15069,0.07106068
15070,0.024158342
15071,0.6556299
15072,0.51037115
15073,0.6258032
15074,0.077690914
15075,0.044850558
15076,0.2243979
15077,0.41281417
15078,0.026935954
15079,0.017722309
15080,0.016815042
15081,0.033189353
15082,0.06613212
15083,0.0451029
15084,0.36936307
15085,0.60875887
15086,0.058992516
15087,0.068689145
15088,0.0655078
15089,0.23628147
15090,0.057826962
15091,0.37691188
15092,0.22712673
15093,0.038906023
15094,0.066199295
15095,0.07271083
15096,0.07136576
15097,0.043459967
15098,0.022151338
15099,0.26966542
15100,0.255562
15101,0.0829313
15102,0.06204959
15103,0.027559686
15104,0.0737483
15105,0.05908757
15106,0.2523895
15107,0.029713757
15108,0.039098784
15109,0.041325357
15110,0.016774097
15111,0.019143384
15112,0.038939398
15113,0.040740725
15114,0.4042325
15115,0.69202346
15116,0.4089506
15117,0.07777916
15118,0.07409653
15119,0.08218396
15120,0.23275203
15121,0.4293894
15122,0.05271927
15123,0.035843607
15124,0.032535188
15125,0.08051297
15126,0.2286714
15127,0.07866535
15128,0.26684344
15129,0.25305322
15130,0.235893
15131,0.5409436
15132,0.07969159
15133,0.018250683
15134,0.2267295
15135,0.24180685
15136,0.049472917
15137,0.45002508
15138,0.053609885
15139,0.03544029
15140,0.03515883
15141,0.043458205
15142,0.080851585
15143,0.41841677
15144,0.2506032
15145,0.5048324
15146,0.25259745
15147,0.07866469
15148,0.22917767
15149,0.2523486
15150,0.013906647
15151,0.08449982
15152,0.06085285
15153,0.045579143
15154,0.43497738
15155,0.2516335
15156,0.049809176
15157,0.4739293
15158,0.38382846
15159,0.0070349057
15160,0.0646713
15161,0.0734338
15162,0.064995475
15163,0.045191005
15164,0.01124855
15165,0.009714551
15166,0.028050508
15167,0.049346346
15168,0.06556405
15169,0.06480651
15170,0.078194164
15171,0.3954154
15172,0.62578815
15173,0.39586642
15174,0.37912363
15175,0.5259734
15176,0.0665709
15177,0.018912248
15178,0.059215512
15179,0.06100339
15180,0.07916627
15181,0.08201586
15182,0.054601174
15183,0.027406022
15184,0.0547848
15185,0.22839078
15186,0.043731634
15187,0.07164988
15188,0.020893857
15189,0.01547721
15190,0.03582844
15191,0.018563485
15192,0.020338401
15193,0.012931605
15194,0.032236777
15195,0.059310906
15196,0.0502897
15197,0.06257092
15198,0.23595062
15199,0.07604476
15200,0.37754247
15201,0.60422623
15202,0.6257376
15203,0.25683254
15204,0.07367333
15205,0.043865114
15206,0.018814817
15207,0.04535759
15208,0.07392546
15209,0.0151446415
15210,0.031844694
15211,0.5580719
15212,0.044908002
15213,0.017708829
15214,0.20264073
15215,0.045074347
15216,0.07154215
15217,0.0363549
15218,0.04416073
15219,0.018043865
15220,0.043687504
15221,0.013941982
15222,0.022614054
15223,0.027292138
15224,0.06552373
15225,0.07332161
15226,0.5062594
15227,0.38110372
15228,0.22671947
15229,0.48667744
15230,0.4193613
15231,0.45328853
15232,0.2287537
15233,0.037258144
15234,0.032583095
15235,0.03541679
15236,0.04461379
15237,0.041600194
15238,0.0351959
15239,0.054708164
15240,0.4551827
15241,0.066390105
15242,0.41235122
15243,0.029535696
15244,0.07295306
15245,0.0767222
15246,0.08013789
15247,0.086489014
15248,0.043467455
15249,0.02890381
15250,0.040002756
15251,0.07865564
15252,0.59834206
15253,0.4060742
15254,0.5555512
15255,0.40854493
15256,0.25006202
15257,0.2367119
15258,0.064928934
15259,0.04163793
15260,0.021916308
15261,0.035462167
15262,0.07751641
15263,0.07937802
15264,0.065313265
15265,0.08217475
15266,0.05893902
15267,0.011577095
15268,0.25065327
15269,0.03956779
15270,0.011164335
15271,0.011779103
15272,0.07394853
15273,0.22945817
15274,0.029238466
15275,0.0066279517
15276,0.22254096
15277,0.23277278
15278,0.05813193
15279,0.0694988
15280,0.029194148
15281,0.0675587
15282,0.062671006
15283,0.03576668
15284,0.076439105
15285,0.07448014
15286,0.0391119
15287,0.01034641
15288,0.2220859
15289,0.012660563
15290,0.06724456
15291,0.0323726
15292,0.07987431
15293,0.03351374
15294,0.041696817
15295,0.039146535
15296,0.07450427
15297,0.380595
15298,0.51081276
15299,0.073640704
15300,0.018788856
15301,0.018722683
15302,0.028309565
15303,0.047935877
15304,0.014852209
15305,0.05567022
15306,0.079691984
15307,0.014734857
15308,0.030897973
15309,0.014928417
15310,0.030712187
15311,0.019017503
15312,0.012646612
15313,0.059309434
15314,0.065643236
15315,0.39260602
15316,0.013676542
15317,0.01735114
15318,0.032738596
15319,0.057653695
15320,0.06689717
15321,0.46273842
15322,0.072940975
15323,0.01360706
15324,0.011045319
15325,0.07830838
15326,0.037717495
15327,0.059632007
15328,0.07691584
15329,0.04738455
15330,0.012629574
15331,0.012517224
15332,0.017570138
15333,0.011116587
15334,0.2526601
15335,0.014928417
15336,0.025987767
15337,0.08003154
15338,0.054184645
15339,0.037142646
15340,0.017752908
15341,0.027284717
15342,0.052379932
15343,0.39349976
15344,0.030592918
15345,0.019230716
15346,0.02844172
15347,0.03986126
15348,0.05259295
15349,0.24131826
15350,0.054433726
15351,0.099638715
15352,0.06735065
15353,0.02877392
15354,0.044590544
15355,0.045801114
15356,0.028267417
15357,0.08466563
15358,0.01781707
15359,0.01740942
15360,0.07463267
15361,0.018374633
15362,0.06555325
15363,0.04478788
15364,0.011515502
15365,0.42197955
15366,0.6370176
15367,0.22179796
15368,0.063107245
15369,0.014005248
15370,0.064802855
15371,0.044500995
15372,0.04178331
15373,0.22463708
15374,0.062725365
15375,0.07066793
15376,0.71111345
15377,0.018583916
15378,0.0615268
15379,0.015509787
15380,0.0634134
15381,0.062167116
15382,0.01719135
15383,0.036105733
15384,0.08121131
15385,0.26419693
15386,0.05935793
15387,0.08073786
15388,0.02609846
15389,0.021714589
15390,0.062322367
15391,0.028661612
15392,0.024265323
15393,0.0061949836
15394,0.04745537
15395,0.051455576
15396,0.027116122
15397,0.05100102
15398,0.01399392
15399,0.076327436
15400,0.040210642
15401,0.014658799
15402,0.032574352
15403,0.06483516
15404,0.07295665
15405,0.020790044
15406,0.024782715
15407,0.050000954
15408,0.63728327
15409,0.055178776
15410,0.06937467
15411,0.043874975
15412,0.036181413
15413,0.043792084
15414,0.04430882
15415,0.013247145
15416,0.016815042
15417,0.4313652
15418,0.02694923
15419,0.006679762
15420,0.01116075
15421,0.044209152
15422,0.07051905
15423,0.019520648
15424,0.07282678
15425,0.039483264
15426,0.026044
15427,0.044705417
15428,0.39787087
15429,0.027238952
15430,0.019504758
15431,0.007143098
15432,0.019663215
15433,0.04137128
15434,0.031124601
15435,0.083022505
15436,0.053607218
15437,0.014565273
15438,0.015450712
15439,0.05457802
15440,0.07955443
15441,0.0665709
15442,0.059404287
15443,0.054650474
15444,0.027401669
15445,0.048157033
15446,0.21015161
15447,0.24334571
15448,0.07945017
15449,0.007903624
15450,0.0118103
15451,0.03199525
15452,0.014168214
15453,0.012721143
15454,0.016293468
15455,0.013311835
15456,0.018938508
15457,0.009560328
15458,0.01484101
15459,0.014348792
15460,0.0100055775
15461,0.02268446
15462,0.049143076
15463,0.04676618
15464,0.074350044
15465,0.009808203
15466,0.07924456
15467,0.010284116
15468,0.4080139
15469,0.01944281
15470,0.027623799
15471,0.010973968
15472,0.018183716
15473,0.018815294
15474,0.014344747
15475,0.030686926
15476,0.01305082
15477,0.014330007
15478,0.053181022
15479,0.027465984
15480,0.043966703
15481,0.043541122
15482,0.01636774
15483,0.010274972
15484,0.010256975
15485,0.07080217
15486,0.02884757
15487,0.04473412
15488,0.006475019
15489,0.011912354
15490,0.032236777
15491,0.012393023
15492,0.06560733
15493,0.013928177
15494,0.0117202755
15495,0.2506317
15496,0.054438382
15497,0.055033054
15498,0.054070514
15499,0.06501818
15500,0.02134726
15501,0.010910841
15502,0.062886
15503,0.014734479
15504,0.071133055
15505,0.009095581
15506,0.07898697
15507,0.017382583
15508,0.032020576
15509,0.031899642
15510,0.027799128
15511,0.008188908
15512,0.012546429
15513,0.013235565
15514,0.010434699
15515,0.03177775
15516,0.010968931
15517,0.011241099
15518,0.06370571
15519,0.050562046
15520,0.033288628
15521,0.07521177
15522,0.018541783
15523,0.024841482
15524,0.0153816575
15525,0.045170605
15526,0.01946903
15527,0.014113548
15528,0.026498357
15529,0.016099581
15530,0.032774877
15531,0.011739331
15532,0.030834781
15533,0.072871245
15534,0.22951211
15535,0.06710972
15536,0.020031624
15537,0.035447173
15538,0.043893423
15539,0.053992458
15540,0.03669928
15541,0.04456133
15542,0.042326424
15543,0.06947589
15544,0.043913595
15545,0.027134858
15546,0.061935004
15547,0.043461256
15548,0.22593404
15549,0.043901443
15550,0.41468972
15551,0.3939722
15552,0.044754695
15553,0.24934235
15554,0.06348156
15555,0.38362852
15556,0.06709724
15557,0.07946322
15558,0.056855436
15559,0.018222475
15560,0.06910972
15561,0.013469205
15562,0.03915827
15563,0.22609977
15564,0.031806313
15565,0.6103541
15566,0.07042048
15567,0.045135614
15568,0.22976379
15569,0.057232164
15570,0.02774697
15571,0.022899555
15572,0.043709017
15573,0.03484674
15574,0.016766744
15575,0.013582808
15576,0.07244097
15577,0.45349327
15578,0.5115466
15579,0.044021238
15580,0.0760314
15581,0.07607074
15582,0.019762244
15583,0.05177319
15584,0.041411046
15585,0.057475038
15586,0.06594003
15587,0.46475866
15588,0.07481083
15589,0.07197582
15590,0.50985736
15591,0.07624172
15592,0.021286469
15593,0.51858807
15594,0.016589643
15595,0.05392354
15596,0.25635812
15597,0.049644526
15598,0.047074918
15599,0.034669355
15600,0.061241347
15601,0.068819955
15602,0.07430712
15603,0.066969514
15604,0.032408096
15605,0.06287223
15606,0.3898713
15607,0.04381187
15608,0.031453103
15609,0.05214277
15610,0.053865418
15611,0.06314565
15612,0.031103559
15613,0.038715035
15614,0.0077025453
15615,0.04296368
15616,0.0696541
15617,0.028114758
15618,0.053677693
15619,0.07820413
15620,0.05302716
15621,0.2503336
15622,0.023970934
15623,0.051338397
15624,0.038961366
15625,0.024102807
15626,0.0138814
15627,0.4932646
15628,0.07336939
15629,0.062594496
15630,0.25596222
15631,0.44191265
15632,0.062399887
15633,0.048978005
15634,0.018079579
15635,0.021246579
15636,0.016717367
15637,0.007517004
15638,0.035635047
15639,0.013136423
15640,0.061893385
15641,0.061561167
15642,0.06959529
15643,0.25274688
15644,0.436045
15645,0.008619398
15646,0.016961597
15647,0.19078286
15648,0.04350053
15649,0.0096079735
15650,0.025262455
15651,0.0342701
15652,0.24453509
15653,0.018866949
15654,0.043009542
15655,0.010646848
15656,0.057731673
15657,0.23106141
15658,0.485725
15659,0.053046525
15660,0.06439533
15661,0.018041326
15662,0.020807222
15663,0.0415599
15664,0.052837703
15665,0.01010957
15666,0.027410887
15667,0.012321572
15668,0.073799655
15669,0.08533156
15670,0.068322666
15671,0.06827444
15672,0.054525908
15673,0.035486322
15674,0.031318706
15675,0.029936174
15676,0.035334736
15677,0.06350345
15678,0.04927545
15679,0.063134946
15680,0.014019687
15681,0.03483266
15682,0.027033562
15683,0.017392484
15684,0.01497715
15685,0.024271887
15686,0.040263288
15687,0.023839995
15688,0.056587778
15689,0.25457636
15690,0.25341225
15691,0.043470968
15692,0.03852255
15693,0.035653647
15694,0.06644243
15695,0.05780414
15696,0.014543513
15697,0.051324345
15698,0.012700182
15699,0.03025319
15700,0.06826968
15701,0.026435087
15702,0.024097688
15703,0.030891977
15704,0.20719095
15705,0.05358518
15706,0.23051433
15707,0.22376126
15708,0.0739835
15709,0.053498156
15710,0.038765043
15711,0.018492127
15712,0.048948124
15713,0.04358781
15714,0.009951354
15715,0.23119257
15716,0.04352654
15717,0.6212329
15718,0.070370235
15719,0.069782995
15720,0.047821794
15721,0.045984726
15722,0.018194618
15723,0.054076124
15724,0.018941928
15725,0.016949385
15726,0.017911278
15727,0.062252704
15728,0.043120343
15729,0.060335312
15730,0.051226187
15731,0.06868702
15732,0.23161277
15733,0.39250317
15734,0.053359773
15735,0.021752419
15736,0.06136879
15737,0.015819564
15738,0.03764086
15739,0.026148973
15740,0.06325296
15741,0.049556233
15742,0.07378872
15743,0.040329773
15744,0.068533614
15745,0.03841016
15746,0.051041707
15747,0.03417705
15748,0.017296914
15749,0.07633086
15750,0.011220296
15751,0.030589052
15752,0.056000095
15753,0.030799389
15754,0.010600075
15755,0.023017349
15756,0.034236792
15757,0.05137136
15758,0.057701744
15759,0.07373333
15760,0.06373452
15761,0.41163567
15762,0.074472815
15763,0.07632357
15764,0.0123061985
15765,0.06293494
15766,0.011879079
15767,0.047970664
15768,0.03996253
15769,0.06387969
15770,0.031820524
15771,0.020583319
15772,0.04483396
15773,0.036596835
15774,0.047927033
15775,0.06274533
15776,0.031429537
15777,0.04948357
15778,0.03095999
15779,0.05804881
15780,0.01445532
15781,0.035621855
15782,0.07008575
15783,0.051493403
15784,0.07577007
15785,0.49710417
15786,0.06548191
15787,0.069195904
15788,0.051345803
15789,0.059080902
15790,0.05657776
15791,0.0633912
15792,0.048026487
15793,0.010189077
15794,0.01893677
15795,0.4037287
15796,0.056938387
15797,0.061944462
15798,0.05158711
15799,0.061855197
15800,0.026776807
15801,0.018314205
15802,0.019667538
15803,0.034949355
15804,0.08148405
15805,0.054506093
15806,0.04246419
15807,0.068517745
15808,0.53891146
15809,0.063163474
15810,0.013921193
15811,0.35655203
15812,0.049146183
15813,0.24262725
15814,0.07916935
15815,0.05345073
15816,0.043987826
15817,0.04449885
15818,0.068545036
15819,0.08393794
15820,0.040091008
15821,0.07742333
15822,0.0632086
15823,0.0580434
15824,0.014092159
15825,0.011023604
15826,0.015336145
15827,0.019308504
15828,0.045780197
15829,0.0541688
15830,0.014751423
15831,0.07341234
15832,0.0787945
15833,0.075447045
15834,0.061525382
15835,0.03118807
15836,0.06905382
15837,0.070294484
15838,0.24408714
15839,0.04823621
15840,0.044803597
15841,0.020727571
15842,0.21587683
15843,0.55843943
15844,0.035984255
15845,0.06495321
15846,0.43410358
15847,0.07182312
15848,0.012633807
15849,0.048022848
15850,0.22411518
15851,0.24125953
15852,0.010149293
15853,0.059644684
15854,0.061970674
15855,0.23723766
15856,0.077602245
15857,0.07515091
15858,0.08427508
15859,0.36482906
15860,0.06178549
15861,0.043982893
15862,0.06395122
15863,0.04840227
15864,0.25239137
15865,0.6239712
15866,0.0065338714
15867,0.043122903
15868,0.39001152
15869,0.04443263
15870,0.2515845
15871,0.015364966
15872,0.012765956
15873,0.044168055
15874,0.058169622
15875,0.016421445
15876,0.040096503
15877,0.006628057
15878,0.41625398
15879,0.038265698
15880,0.059981976
15881,0.075577505
15882,0.07624417
15883,0.08185938
15884,0.38661656
15885,0.39362365
15886,0.027376778
15887,0.24488206
15888,0.22548985
15889,0.073910095
15890,0.54274046
15891,0.47073695
15892,0.2562884
15893,0.023638327
15894,0.23223095
15895,0.052955203
15896,0.017385315
15897,0.010692785
15898,0.04890081
15899,0.01113508
15900,0.03155062
15901,0.049858574
15902,0.06440663
15903,0.06317477
15904,0.0680419
15905,0.06280011
15906,0.23036082
15907,0.06949686
15908,0.028533725
15909,0.06866965
15910,0.39365038
15911,0.017783938
15912,0.050022047
15913,0.6245979
15914,0.51975137
15915,0.6176689
15916,0.027160443
15917,0.01758824
15918,0.062913515
15919,0.43614823
15920,0.06221196
15921,0.05350938
15922,0.04866271
15923,0.05380129
15924,0.0434719
15925,0.01203853
15926,0.4033796
15927,0.017054934
15928,0.027724888
15929,0.068574466
15930,0.067858666
15931,0.04390426
15932,0.04370801
15933,0.37973428
15934,0.41816923
15935,0.024969438
15936,0.07308617
15937,0.0676795
15938,0.06905286
15939,0.63132334
15940,0.545015
15941,0.6293391
15942,0.014039909
15943,0.053094797
15944,0.026657939
15945,0.39167073
15946,0.06600371
15947,0.38736883
15948,0.038205635
15949,0.0632375
15950,0.018255847
15951,0.06291388
15952,0.06808124
15953,0.07739025
15954,0.07394536
15955,0.45970535
15956,0.47189236
15957,0.22956973
15958,0.07671623
15959,0.062193166
15960,0.050661445
15961,0.06901846
15962,0.04024669
15963,0.031519677
15964,0.021135123
15965,0.07490584
15966,0.07565241
15967,0.053596105
15968,0.06913568
15969,0.023590462
15970,0.6321472
15971,0.7218952
15972,0.5158951
15973,0.07347897
15974,0.043885246
15975,0.22943366
15976,0.39480698
15977,0.026207814
15978,0.016919982
15979,0.01626294
15980,0.03288083
15981,0.06538461
15982,0.043907516
15983,0.3904499
15984,0.50730926
15985,0.057341993
15986,0.0658617
15987,0.06332985
15988,0.081170514
15989,0.057426002
15990,0.42101726
15991,0.23367909
15992,0.034688585
15993,0.06363862
15994,0.06747357
15995,0.06794427
15996,0.042043768
15997,0.5098416
15998,0.08130656
15999,0.08226999
16000,0.060786378
16001,0.026532963
16002,0.069419086
16003,0.2193623
16004,0.25043792
16005,0.03001164
16006,0.039190326
16007,0.039047297
16008,0.016824596
16009,0.018184762
16010,0.03827225
16011,0.04070113
16012,0.24248613
16013,0.5926318
16014,0.24925542
16015,0.24612616
16016,0.069483794
16017,0.079780295
16018,0.23476595
16019,0.49392873
16020,0.051358815
16021,0.027238894
16022,0.034662638
16023,0.031183466
16024,0.07759774
16025,0.2312704
16026,0.07546335
16027,0.26319617
16028,0.25105733
16029,0.08309314
16030,0.5953901
16031,0.07710262
16032,0.017347092
16033,0.22972678
16034,0.2417137
16035,0.04860298
16036,0.08502717
16037,0.05233188
16038,0.03417358
16039,0.034767542
16040,0.042404436
16041,0.0771078
16042,0.41045034
16043,0.24914451
16044,0.4556859
16045,0.25465924
16046,0.07770799
16047,0.07735254
16048,0.25298318
16049,0.08107661
16050,0.05881216
16051,0.044702
16052,0.47441953
16053,0.24958369
16054,0.048373748
16055,0.012814511
16056,0.41862434
16057,0.41242793
16058,0.062667854
16059,0.068834476
16060,0.062600315
16061,0.044669285
16062,0.0109479185
16063,0.009091814
16064,0.013438588
16065,0.027309312
16066,0.048791584
16067,0.06414022
16068,0.06301672
16069,0.07403715
16070,0.3951581
16071,0.5748555
16072,0.37938622
16073,0.395038
16074,0.53972197
16075,0.06288623
16076,0.018358994
16077,0.057764553
16078,0.059874434
16079,0.07578827
16080,0.24250059
16081,0.053689737
16082,0.02755974
16083,0.05344156
16084,0.07636381
16085,0.01725589
16086,0.04209248
16087,0.06878439
16088,0.015824579
16089,0.03499889
16090,0.018375732
16091,0.011774154
16092,0.031316936
16093,0.05730101
16094,0.04913235
16095,0.06158092
16096,0.23713501
16097,0.0735569
16098,0.38491514
16099,0.56965345
16100,0.6396134
16101,0.42247584
16102,0.07032087
16103,0.043399945
16104,0.01890844
16105,0.045665216
16106,0.07057492
16107,0.6144166
16108,0.04401215
16109,0.016930334
16110,0.051615763
16111,0.04377277
16112,0.06759449
16113,0.03568333
16114,0.043433998
16115,0.016853062
16116,0.04296868
16117,0.0135358265
16118,0.013969398
16119,0.026654802
16120,0.062488515
16121,0.06875168
16122,0.5355645
16123,0.37301353
16124,0.22776204
16125,0.21307682
16126,0.38784245
16127,0.47559345
16128,0.22890936
16129,0.036272407
16130,0.03130463
16131,0.034902375
16132,0.043794613
16133,0.040728875
16134,0.05454643
16135,0.4392396
16136,0.22703345
16137,0.4131702
16138,0.028513204
16139,0.069169834
16140,0.073556595
16141,0.07683499
16142,0.08473624
16143,0.042652544
16144,0.02783886
16145,0.038829215
16146,0.0771413
16147,0.5028091
16148,0.37121493
16149,0.526841
16150,0.2430801
16151,0.3955854
16152,0.23775348
16153,0.06261576
16154,0.040892005
16155,0.012624453
16156,0.021007584
16157,0.012075826
16158,0.035046414
16159,0.02905071
16160,0.07471752
16161,0.0756665
16162,0.062517665
16163,0.079342805
16164,0.057942227
16165,0.010405231
16166,0.40709352
16167,0.03855828
16168,0.01067859
16169,0.0109155085
16170,0.07052338
16171,0.23007211
16172,0.02794132
16173,0.0065769954
16174,0.38146326
16175,0.073752634
16176,0.057010543
16177,0.06697978
16178,0.028539548
16179,0.06474667
16180,0.061855197
16181,0.03439074
16182,0.074040495
16183,0.06651554
16184,0.03884074
16185,0.02585252
16186,0.01001846
16187,0.22445506
16188,0.01234806
16189,0.0119022885
16190,0.06472123
16191,0.038287487
16192,0.031519677
16193,0.073731765
16194,0.031079529
16195,0.040950064
16196,0.009136453
16197,0.038457178
16198,0.07143414
16199,0.37507567
16200,0.5088722
16201,0.07062656
16202,0.026967827
16203,0.046649978
16204,0.013687254
16205,0.05442429
16206,0.07791564
16207,0.013551231
16208,0.030950015
16209,0.014115767
16210,0.030250458
16211,0.018257782
16212,0.011821045
16213,0.025094246
16214,0.05813139
16215,0.06398888
16216,0.3873058
16217,0.013519492
16218,0.016622558
16219,0.03127354
16220,0.056958627
16221,0.063052855
16222,0.4338593
16223,0.07147946
16224,0.012240482
16225,0.07476752
16226,0.036043286
16227,0.014248112
16228,0.05764685
16229,0.07270899
16230,0.046219874
16231,0.012070972
16232,0.017826222
16233,0.08143457
16234,0.014026481
16235,0.025148697
16236,0.076453745
16237,0.053358123
16238,0.03630631
16239,0.01711452
16240,0.026132898
16241,0.05149188
16242,0.40424386
16243,0.029520076
16244,0.018276272
16245,0.027518194
16246,0.03914948
16247,0.05097174
16248,0.079780295
16249,0.053432737
16250,0.24224809
16251,0.06421725
16252,0.027833875
16253,0.014189809
16254,0.04481063
16255,0.043300956
16256,0.027440395
16257,0.25304058
16258,0.06724959
16259,0.017172769
16260,0.06247301
16261,0.044048335
16262,0.010405231
16263,0.42655757
16264,0.66750234
16265,0.069168516
16266,0.062487263
16267,0.013012596
16268,0.062154412
16269,0.044022102
16270,0.06317424
16271,0.062400714
16272,0.067465946
16273,0.5561839
16274,0.01809946
16275,0.060556684
16276,0.014893915
16277,0.062183402
16278,0.061342295
16279,0.036205262
16280,0.07956277
16281,0.26559013
16282,0.057497144
16283,0.076841936
16284,0.024693137
16285,0.058367226
16286,0.062313817
16287,0.02748156
16288,0.023818942
16289,0.0061291307
16290,0.046960402
16291,0.04979069
16292,0.025971452
16293,0.018366639
16294,0.048855647
16295,0.012757235
16296,0.01712852
16297,0.07029293
16298,0.03433789
16299,0.039140154
16300,0.013882059
16301,0.031015333
16302,0.06221196
16303,0.06980104
16304,0.04804081
16305,0.5801843
16306,0.053718314
16307,0.06816376
16308,0.035732385
16309,0.043043867
16310,0.04331779
16311,0.012564112
16312,0.43230787
16313,0.026089668
16314,0.015321745
16315,0.010635572
16316,0.043797687
16317,0.068648174
16318,0.018089388
16319,0.06974525
16320,0.03898441
16321,0.043536518
16322,0.38351336
16323,0.026532963
16324,0.018825296
16325,0.008641674
16326,0.019619111
16327,0.01309201
16328,0.041042145
16329,0.008918638
16330,0.030102849
16331,0.082796186
16332,0.052263767
16333,0.013478248
16334,0.014591957
16335,0.053352263
16336,0.23075464
16337,0.063343145
16338,0.058707867
16339,0.05320591
16340,0.026477154
16341,0.046777725
16342,0.2095989
16343,0.24310972
16344,0.22992001
16345,0.008549447
16346,0.011128249
16347,0.014049471
16348,0.011907754
16349,0.016186848
16350,0.0116562685
16351,0.018310092
16352,0.009054018
16353,0.014530873
16354,0.014080023
16355,0.009329975
16356,0.022161474
16357,0.048706893
16358,0.04468671
16359,0.06680089
16360,0.0060096527
16361,0.07715751
16362,0.009333333
16363,0.24958874
16364,0.010674804
16365,0.0103909355
16366,0.010113458
16367,0.025131833
16368,0.012399483
16369,0.010491511
16370,0.016616218
16371,0.018162169
16372,0.014014565
16373,0.009577014
16374,0.051871266
16375,0.026839338
16376,0.04097228
16377,0.04358379
16378,0.015132646
16379,0.01033867
16380,0.01264326
16381,0.0094908355
16382,0.06797863
16383,0.030897532
16384,0.043673825
16385,0.01121841
16386,0.030865066
16387,0.06380994
16388,0.010944334
16389,0.081176795
16390,0.05152918
16391,0.053157996
16392,0.053612858
16393,0.015075346
16394,0.06188221
16395,0.019501548
16396,0.009468632
16397,0.062097933
16398,0.013972121
16399,0.067805395
16400,0.008768625
16401,0.076357916
16402,0.016480621
16403,0.030781602
16404,0.0312821
16405,0.027558846
16406,0.007571827
16407,0.012017932
16408,0.0118944375
16409,0.010875962
16410,0.0307399
16411,0.009860315
16412,0.06220582
16413,0.04975912
16414,0.007794443
16415,0.071335405
16416,0.017272599
16417,0.023934327
16418,0.011478038
16419,0.015131146
16420,0.0441528
16421,0.017795308
16422,0.013568037
16423,0.02519649
16424,0.015814893
16425,0.03189373
16426,0.010960463
16427,0.06869308
16428,0.076277636
16429,0.06344617
16430,0.019330883
16431,0.035267126
16432,0.051288377
16433,0.043850332
16434,0.054333523
16435,0.035897963
16436,0.0380332
16437,0.042341113
16438,0.07005052
16439,0.04488441
16440,0.03619747
16441,0.06137762
16442,0.042534217
16443,0.065437056
16444,0.043880854
16445,0.0730553
16446,0.23001169
16447,0.01987881
16448,0.044384763
16449,0.25531152
16450,0.06300871
16451,0.2548117
16452,0.06722189
16453,0.23675656
16454,0.05689594
16455,0.018258769
16456,0.07053018
16457,0.013927253
16458,0.039184116
16459,0.01402171
16460,0.059892196
16461,0.031505026
16462,0.616095
16463,0.23065244
16464,0.07099551
16465,0.04385207
16466,0.03505418
16467,0.0145990085
16468,0.040446572
16469,0.07339998
16470,0.07392002
16471,0.26558053
16472,0.48149386
16473,0.027301667
16474,0.07556296
16475,0.074166745
16476,0.02000855
16477,0.05164882
16478,0.042028684
16479,0.058005486
16480,0.013524173
16481,0.06624201
16482,0.4184017
16483,0.07584275
16484,0.070324816
16485,0.4421307
16486,0.07523726
16487,0.021706492
16488,0.48239848
16489,0.05377779
16490,0.25935048
16491,0.049524862
16492,0.046901815
16493,0.034848895
16494,0.06110312
16495,0.068482816
16496,0.07327585
16497,0.067073025
16498,0.033065658
16499,0.03822286
16500,0.062153522
16501,0.417433
16502,0.04349816
16503,0.030722579
16504,0.052037217
16505,0.054475382
16506,0.06264705
16507,0.03125896
16508,0.067463025
16509,0.0540068
16510,0.24629112
16511,0.25197417
16512,0.051250137
16513,0.03877738
16514,0.02446843
16515,0.014324156
16516,0.4524031
16517,0.07437993
16518,0.0630412
16519,0.2578837
16520,0.43929732
16521,0.061920173
16522,0.04847322
16523,0.018406073
16524,0.022192143
16525,0.016385343
16526,0.036326103
16527,0.011263165
16528,0.006111629
16529,0.012840066
16530,0.061561123
16531,0.06160606
16532,0.25382784
16533,0.43587548
16534,0.01695128
16535,0.19151141
16536,0.043619264
16537,0.009789621
16538,0.035494264
16539,0.24299006
16540,0.018933255
16541,0.043154694
16542,0.010835168
16543,0.058206584
16544,0.02635898
16545,0.4185239
16546,0.45481202
16547,0.064561166
16548,0.020671912
16549,0.040450253
16550,0.05381223
16551,0.017428271
16552,0.028304158
16553,0.072865106
16554,0.08577478
16555,0.06975515
16556,0.06962036
16557,0.05348205
16558,0.034972034
16559,0.030823722
16560,0.030621415
16561,0.03495779
16562,0.06361316
16563,0.050849997
16564,0.2263452
16565,0.014215565
16566,0.035607465
16567,0.027618654
16568,0.017461255
16569,0.015595374
16570,0.024237953
16571,0.041088097
16572,0.020405974
16573,0.02410486
16574,0.05728642
16575,0.08682589
16576,0.24699599
16577,0.043142084
16578,0.038896088
16579,0.03523325
16580,0.06710589
16581,0.058082107
16582,0.01484428
16583,0.051893856
16584,0.030488865
16585,0.06852287
16586,0.027145384
16587,0.025713416
16588,0.031085348
16589,0.21120775
16590,0.053911317
16591,0.22843066
16592,0.22418547
16593,0.22835577
16594,0.053544283
16595,0.038682114
16596,0.018711375
16597,0.04862204
16598,0.04405374
16599,0.07583595
16600,0.043840997
16601,0.53250366
16602,0.07034264
16603,0.020542782
16604,0.07008736
16605,0.047487207
16606,0.046324953
16607,0.018102909
16608,0.010126612
16609,0.012259996
16610,0.053919896
16611,0.027599506
16612,0.017617755
16613,0.018308675
16614,0.062090382
16615,0.042729583
16616,0.06061635
16617,0.051854756
16618,0.0673956
16619,0.23061684
16620,0.40150657
16621,0.05394065
16622,0.021790193
16623,0.06193614
16624,0.016090227
16625,0.037611123
16626,0.026249545
16627,0.009992593
16628,0.06345349
16629,0.050080415
16630,0.07362313
16631,0.040671226
16632,0.06756667
16633,0.03858914
16634,0.051053304
16635,0.03540314
16636,0.07561427
16637,0.010924301
16638,0.03167894
16639,0.057091452
16640,0.03106841
16641,0.021889996
16642,0.02254742
16643,0.035685964
16644,0.051030304
16645,0.057776455
16646,0.07350232
16647,0.063723095
16648,0.24156159
16649,0.073207416
16650,0.07465019
16651,0.012742923
16652,0.06263024
16653,0.04787881
16654,0.010081667
16655,0.04079737
16656,0.06301466
16657,0.032045905
16658,0.020087508
16659,0.044782892
16660,0.03587035
16661,0.048312258
16662,0.06325148
16663,0.03141604
16664,0.049630787
16665,0.022503307
16666,0.031287316
16667,0.058271386
16668,0.0142008625
16669,0.034853097
16670,0.07027417
16671,0.051672682
16672,0.07601709
16673,0.55179954
16674,0.065156996
16675,0.06632375
16676,0.052087437
16677,0.058553044
16678,0.057373773
16679,0.06341974
16680,0.048060674
16681,0.019612268
16682,0.2507105
16683,0.057280116
16684,0.06270616
16685,0.051638216
16686,0.061444998
16687,0.01888588
16688,0.026322821
16689,0.018372115
16690,0.019927096
16691,0.03570139
16692,0.08052737
16693,0.05416991
16694,0.043182503
16695,0.06897715
16696,0.5897409
16697,0.06325588
16698,0.013915193
16699,0.2273922
16700,0.049643293
16701,0.24564712
16702,0.079765595
16703,0.054206513
16704,0.019206945
16705,0.043880705
16706,0.043983936
16707,0.06859226
16708,0.23735577
16709,0.03908641
16710,0.24368142
16711,0.06404361
16712,0.05777812
16713,0.011301323
16714,0.015162788
16715,0.019619009
16716,0.046076126
16717,0.054042716
16718,0.014819441
16719,0.072520815
16720,0.07413504
16721,0.22953922
16722,0.06223918
16723,0.03146164
16724,0.06856746
16725,0.06980612
16726,0.4131116
16727,0.048692577
16728,0.04471018
16729,0.020826431
16730,0.053999472
16731,0.55501497
16732,0.035591
16733,0.059595093
16734,0.42420486
16735,0.07039665
16736,0.012993834
16737,0.019254131
16738,0.010443454
16739,0.0383553
16740,0.04788422
16741,0.22637637
16742,0.24175097
16743,0.010307506
16744,0.059479784
16745,0.0628704
16746,0.2365657
16747,0.076094486
16748,0.07504321
16749,0.24692333
16750,0.4146864
16751,0.062089466
16752,0.044204995
16753,0.06428839
16754,0.04777589
16755,0.07964011
16756,0.5649578
16757,0.007715096
16758,0.040845215
16759,0.397035
16760,0.04363859
16761,0.2512563
16762,0.045430135
16763,0.058412462
16764,0.016395891
16765,0.039956287
16766,0.006488481
16767,0.4076912
16768,0.038165662
16769,0.059584506
16770,0.08601408
16771,0.07537757
16772,0.078880005
16773,0.39129212
16774,0.39945957
16775,0.027237913
16776,0.2453717
16777,0.06933117
16778,0.22840355
16779,0.49397302
16780,0.2581276
16781,0.2554754
16782,0.023998784
16783,0.22885501
16784,0.05330958
16785,0.026785063
16786,0.011438678
16787,0.04869825
16788,0.009112149
16789,0.011570581
16790,0.03187031
16791,0.04933477
16792,0.06359698
16793,0.06426905
16794,0.06856126
16795,0.06391073
16796,0.23155266
16797,0.06757057
16798,0.07042134
16799,0.24473421
16800,0.018655058
16801,0.050144345
16802,0.57861996
16803,0.59965926
16804,0.66619474
16805,0.02660416
16806,0.01806122
16807,0.06336468
16808,0.45159766
16809,0.063617066
16810,0.017430298
16811,0.054506123
16812,0.009836047
16813,0.049136136
16814,0.053200804
16815,0.043672677
16816,0.012306354
16817,0.39994055
16818,0.017216261
16819,0.028497625
16820,0.06882186
16821,0.070835546
16822,0.044545714
16823,0.043852028
16824,0.22643806
16825,0.39697257
16826,0.0251154
16827,0.07378944
16828,0.06838152
16829,0.22657925
16830,0.6084326
16831,0.5851875
16832,0.54867804
16833,0.014294626
16834,0.053663447
16835,0.027062818
16836,0.39630142
16837,0.06439201
16838,0.2468247
16839,0.03868744
16840,0.06401027
16841,0.018691435
16842,0.0641483
16843,0.06830315
16844,0.07673241
16845,0.06892798
16846,0.48314002
16847,0.4453807
16848,0.23002182
16849,0.07485682
16850,0.062270403
16851,0.051151257
16852,0.22893147
16853,0.040735077
16854,0.031554867
16855,0.022378458
16856,0.074722745
16857,0.074126326
16858,0.0546344
16859,0.06883085
16860,0.023888966
16861,0.5776527
16862,0.56750494
16863,0.5791694
16864,0.07322297
16865,0.043957748
16866,0.23141618
16867,0.25559843
16868,0.026891485
16869,0.016967926
16870,0.016631413
16871,0.033386998
16872,0.06330782
16873,0.044053353
16874,0.37236345
16875,0.5859544
16876,0.056991603
16877,0.06736384
16878,0.06622671
16879,0.080748715
16880,0.05680086
16881,0.39103094
16882,0.2255525
16883,0.03471288
16884,0.06560884
16885,0.068955004
16886,0.06833413
16887,0.043162342
16888,0.021519506
16889,0.26593125
16890,0.2587495
16891,0.08054362
16892,0.06096187
16893,0.026577778
16894,0.07005089
16895,0.057906657
16896,0.25190577
16897,0.028878372
16898,0.038979907
16899,0.0428012
16900,0.017090712
16901,0.018622454
16902,0.038215008
16903,0.040016714
16904,0.4170009
16905,0.5778438
16906,0.24763158
16907,0.2445899
16908,0.070906974
16909,0.07569014
16910,0.23368575
16911,0.51776546
16912,0.052090004
16913,0.035933144
16914,0.031186055
16915,0.07645425
16916,0.23227005
16917,0.075347185
16918,0.26308858
16919,0.25240958
16920,0.23845185
16921,0.65874594
16922,0.23084685
16923,0.01763069
16924,0.07432044
16925,0.24278444
16926,0.019772546
16927,0.04900205
16928,0.081565954
16929,0.053145215
16930,0.034661476
16931,0.035259705
16932,0.04222056
16933,0.077261604
16934,0.39329398
16935,0.25152847
16936,0.4723913
16937,0.2552551
16938,0.07709909
16939,0.07539384
16940,0.4132943
16941,0.027035369
16942,0.08117797
16943,0.059259508
16944,0.04533469
16945,0.4594274
16946,0.252237
16947,0.048540566
16948,0.017718712
16949,0.46975216
16950,0.38311687
16951,0.063036166
16952,0.06714158
16953,0.063634075
16954,0.0450668
16955,0.0111049
16956,0.027869262
16957,0.048825074
16958,0.06272993
16959,0.06282639
16960,0.07339828
16961,0.4118593
16962,0.6659807
16963,0.42279166
16964,0.39423564
16965,0.58735925
16966,0.06375784
16967,0.058253065
16968,0.059953146
16969,0.2314274
16970,0.078359544
16971,0.05427828
16972,0.026843468
16973,0.05384732
16974,0.07655464
16975,0.01873052
16976,0.0423785
16977,0.070593774
16978,0.020516578
16979,0.03485327
16980,0.018209426
16981,0.012051442
16982,0.03122235
16983,0.058178876
16984,0.048815485
16985,0.06087278
16986,0.23880394
16987,0.23301755
16988,0.40631834
16989,0.5981168
16990,0.6105848
16991,0.2572115
16992,0.07073085
16993,0.042871192
16994,0.019593319
16995,0.045169596
16996,0.069529496
16997,0.014605938
16998,0.010785136
16999,0.031106405
17000,0.47434103
17001,0.043574344
17002,0.017776879
17003,0.05179192
17004,0.044167608
17005,0.06856679
17006,0.035566535
17007,0.043866593
17008,0.017094193
17009,0.043177005
17010,0.013786829
17011,0.014215565
17012,0.026596596
17013,0.06287607
17014,0.068174995
17015,0.49107432
17016,0.3940981
17017,0.22608915
17018,0.6765814
17019,0.42279166
17020,0.49054876
17021,0.22956066
17022,0.036477022
17023,0.031747743
17024,0.034396395
17025,0.043635517
17026,0.041668005
17027,0.0346075
17028,0.05136171
17029,0.44545197
17030,0.22704749
17031,0.41781378
17032,0.028989002
17033,0.06805435
17034,0.07299149
17035,0.07631614
17036,0.08595183
17037,0.04343049
17038,0.027805315
17039,0.009801435
17040,0.038728975
17041,0.076223955
17042,0.6327051
17043,0.42439875
17044,0.54387
17045,0.24328153
17046,0.4141532
17047,0.08101133
17048,0.06340351
17049,0.04088811
17050,0.012892277
17051,0.021728462
17052,0.02852822
17053,0.0747388
17054,0.07636463
17055,0.06330092
17056,0.25230494
17057,0.059013665
17058,0.011091165
17059,0.4092448
17060,0.03894287
17061,0.011448445
17062,0.06875748
17063,0.2274109
17064,0.028088916
17065,0.00590444
17066,0.38486767
17067,0.07049606
17068,0.057469025
17069,0.06621202
17070,0.02858995
17071,0.06289536
17072,0.0630088
17073,0.035385024
17074,0.07220117
17075,0.06982536
17076,0.0380332
17077,0.00953449
17078,0.22417699
17079,0.012086987
17080,0.064284936
17081,0.031537004
17082,0.07342141
17083,0.032510154
17084,0.040600944
17085,0.009423665
17086,0.038367033
17087,0.072740644
17088,0.38503587
17089,0.44747585
17090,0.069075234
17091,0.027861796
17092,0.04708627
17093,0.013750151
17094,0.054194205
17095,0.07550989
17096,0.013532609
17097,0.030294294
17098,0.014877289
17099,0.0309033
17100,0.012207521
17101,0.025093513
17102,0.057940416
17103,0.06338396
17104,0.3957417
17105,0.013802715
17106,0.016777603
17107,0.031810354
17108,0.057596035
17109,0.06439335
17110,0.46082696
17111,0.06986641
17112,0.01252123
17113,0.07417011
17114,0.03552586
17115,0.057334337
17116,0.0732595
17117,0.04586647
17118,0.017119661
17119,0.079824746
17120,0.014390053
17121,0.014149047
17122,0.024847623
17123,0.076418534
17124,0.0532872
17125,0.03647279
17126,0.017016914
17127,0.026811376
17128,0.05135416
17129,0.25769183
17130,0.031090718
17131,0.018846605
17132,0.027620923
17133,0.03915852
17134,0.052627597
17135,0.076453395
17136,0.053310838
17137,0.24331151
17138,0.06354445
17139,0.028565336
17140,0.014003885
17141,0.04382621
17142,0.043909516
17143,0.027823161
17144,0.2523534
17145,0.06722491
17146,0.017579103
17147,0.0629649
17148,0.044033255
17149,0.011305622
17150,0.4290242
17151,0.5776556
17152,0.22285673
17153,0.06342884
17154,0.01347845
17155,0.06268265
17156,0.043982048
17157,0.062407605
17158,0.061410032
17159,0.06827044
17160,0.56871396
17161,0.01808364
17162,0.06076746
17163,0.06298987
17164,0.06134709
17165,0.017374804
17166,0.03563963
17167,0.07838471
17168,0.47746992
17169,0.0597035
17170,0.078014545
17171,0.025384856
17172,0.058782578
17173,0.021019123
17174,0.06166364
17175,0.027619937
17176,0.023911506
17177,0.0059494814
17178,0.0468147
17179,0.04986996
17180,0.026356934
17181,0.049743548
17182,0.01282724
17183,0.017121343
17184,0.07137251
17185,0.035620168
17186,0.039307028
17187,0.014249236
17188,0.031496074
17189,0.062836565
17190,0.07051329
17191,0.020495296
17192,0.049291078
17193,0.54730034
17194,0.053857483
17195,0.06697099
17196,0.043779206
17197,0.035266433
17198,0.042740878
17199,0.0438741
17200,0.01173494
17201,0.01699065
17202,0.25461528
17203,0.026179258
17204,0.0063990266
17205,0.006014127
17206,0.008828527
17207,0.015704364
17208,0.010775732
17209,0.04348419
17210,0.06835917
17211,0.018351376
17212,0.011211378
17213,0.068606
17214,0.03839316
17215,0.025064325
17216,0.04388637
17217,0.4123146
17218,0.0263252
17219,0.006857757
17220,0.019217806
17221,0.041143842
17222,0.009325877
17223,0.030856188
17224,0.08140302
17225,0.051938146
17226,0.013750151
17227,0.015191658
17228,0.053298227
17229,0.07617264
17230,0.06412331
17231,0.05877706
17232,0.05334778
17233,0.026788952
17234,0.046537347
17235,0.017094102
17236,0.21532975
17237,0.24544919
17238,0.075142086
17239,0.0073744007
17240,0.011542904
17241,0.03110797
17242,0.013532609
17243,0.012349652
17244,0.016034942
17245,0.012215482
17246,0.018322153
17247,0.014725836
17248,0.014122925
17249,0.00996771
17250,0.022503307
17251,0.04893276
17252,0.044445824
17253,0.07012643
17254,0.0067312135
17255,0.07647008
17256,0.009832398
17257,0.07701677
17258,0.010921193
17259,0.02521296
17260,0.012235815
17261,0.010451677
17262,0.017282607
17263,0.018796772
17264,0.013672721
17265,0.030533262
17266,0.013288798
17267,0.009598931
17268,0.052248795
17269,0.026735442
17270,0.04163534
17271,0.042953048
17272,0.014181715
17273,0.012859608
17274,0.009404786
17275,0.067370124
17276,0.026370183
17277,0.043678373
17278,0.006668682
17279,0.01166329
17280,0.031780962
17281,0.06340706
17282,0.005947568
17283,0.010837691
17284,0.078340076
17285,0.051510725
17286,0.05176456
17287,0.053293623
17288,0.014460564
17289,0.06288552
17290,0.020913335
17291,0.0108606005
17292,0.006144655
17293,0.062293105
17294,0.068125084
17295,0.008853885
17296,0.0767985
17297,0.01706239
17298,0.025421446
17299,0.031367116
17300,0.026820898
17301,0.026896024
17302,0.012343636
17303,0.012219969
17304,0.010979225
17305,0.03129994
17306,0.010430608
17307,0.062293112
17308,0.050160095
17309,0.0060118474
17310,0.23969157
17311,0.017404685
17312,0.024389371
17313,0.014252167
17314,0.006062284
17315,0.015168926
17316,0.04420709
17317,0.018542597
17318,0.013755174
17319,0.026334058
17320,0.0161055
17321,0.03134556
17322,0.015936058
17323,0.030222187
17324,0.07042403
17325,0.07283243
17326,0.06438873
17327,0.019481046
17328,0.046340674
17329,0.020650335
17330,0.054969802
17331,0.18908706
17332,0.033305824
17333,0.04320152
17334,0.07991675
17335,0.047728
17336,0.027762247
17337,0.081650406
17338,0.06943578
17339,0.04398152
17340,0.0928068
17341,0.42092183
17342,0.02102856
17343,0.046840444
17344,0.029889867
17345,0.2691567
17346,0.06723065
17347,0.27051073
17348,0.07571821
17349,0.09595639
17350,0.06101791
17351,0.019560738
17352,0.014103088
17353,0.014729012
17354,0.012890038
17355,0.39875522
17356,0.031867433
17357,0.5384983
17358,0.24108554
17359,0.04673264
17360,0.24264316
17361,0.02769584
17362,0.045217138
17363,0.03782996
17364,0.017720366
17365,0.014358666
17366,0.08785972
17367,0.2484177
17368,0.5028985
17369,0.44447747
17370,0.0917121
17371,0.24863325
17372,0.054565106
17373,0.043959156
17374,0.06177378
17375,0.0137007935
17376,0.07217652
17377,0.03548155
17378,0.48041767
17379,0.09278111
17380,0.24311829
17381,0.5420499
17382,0.093668394
17383,0.02220949
17384,0.4520209
17385,0.056423984
17386,0.27185842
17387,0.050142407
17388,0.04922651
17389,0.035029147
17390,0.065451086
17391,0.02698993
17392,0.07580117
17393,0.08630649
17394,0.07518881
17395,0.03391694
17396,0.039367825
17397,0.06471634
17398,0.38988426
17399,0.04470126
17400,0.031871382
17401,0.05435863
17402,0.05735912
17403,0.06753796
17404,0.031855203
17405,0.03949471
17406,0.043731708
17407,0.076572746
17408,0.028106658
17409,0.056340493
17410,0.10105622
17411,0.2696074
17412,0.054928884
17413,0.04066368
17414,0.024357153
17415,0.02101789
17416,0.014932871
17417,0.48819262
17418,0.0873278
17419,0.068051845
17420,0.4601553
17421,0.27503696
17422,0.010959768
17423,0.065115996
17424,0.051573183
17425,0.018562965
17426,0.021649636
17427,0.01670241
17428,0.008269452
17429,0.03725395
17430,0.006502514
17431,0.053181347
17432,0.066524565
17433,0.0645114
17434,0.07783163
17435,0.26679137
17436,0.5012992
17437,0.017908778
17438,0.18182553
17439,0.04531581
17440,0.010055416
17441,0.03210203
17442,0.025653854
17443,0.034478728
17444,0.25593483
17445,0.04350699
17446,0.01159005
17447,0.061342165
17448,0.045301937
17449,0.2392642
17450,0.5018994
17451,0.055739354
17452,0.0689218
17453,0.021161133
17454,0.04156202
17455,0.055787243
17456,0.017813703
17457,0.028165407
17458,0.012659493
17459,0.08790732
17460,0.104302794
17461,0.07609613
17462,0.07825891
17463,0.05613889
17464,0.011442323
17465,0.036184955
17466,0.03243054
17467,0.030570965
17468,0.06841831
17469,0.051990885
17470,0.22499004
17471,0.014654931
17472,0.035576615
17473,0.028667424
17474,0.01768684
17475,0.015967537
17476,0.024752459
17477,0.04099848
17478,0.022116741
17479,0.024720445
17480,0.060227223
17481,0.11097273
17482,0.27235976
17483,0.04422176
17484,0.039055258
17485,0.036184434
17486,0.07472205
17487,0.06105982
17488,0.014969262
17489,0.055080682
17490,0.013331046
17491,0.031835396
17492,0.081467405
17493,0.027151579
17494,0.024684833
17495,0.03164007
17496,0.05583125
17497,0.05591634
17498,0.2412075
17499,0.22560896
17500,0.2332041
17501,0.05548507
17502,0.03979001
17503,0.018712727
17504,0.052451454
17505,0.044983897
17506,0.012485272
17507,0.090920076
17508,0.04625793
17509,0.5603446
17510,0.07988542
17511,0.020701457
17512,0.08043322
17513,0.050188016
17514,0.048086915
17515,0.017243193
17516,0.057250377
17517,0.018426672
17518,0.019043306
17519,0.06497941
17520,0.04380248
17521,0.0645902
17522,0.05420884
17523,0.07635066
17524,0.2402078
17525,0.26970392
17526,0.055855352
17527,0.022132494
17528,0.06649927
17529,0.01635707
17530,0.038905326
17531,0.068574935
17532,0.05240547
17533,0.08780492
17534,0.040747356
17535,0.07558041
17536,0.039287385
17537,0.053362668
17538,0.035520457
17539,0.018983658
17540,0.091247804
17541,0.011111895
17542,0.032776326
17543,0.059985854
17544,0.03469655
17545,0.011438043
17546,0.023353249
17547,0.03674669
17548,0.05331697
17549,0.06105667
17550,0.08747443
17551,0.07050034
17552,0.2468153
17553,0.23063453
17554,0.091565385
17555,0.013072386
17556,0.06858143
17557,0.051628217
17558,0.04131149
17559,0.06881787
17560,0.032005377
17561,0.037629236
17562,0.013268203
17563,0.050338637
17564,0.06750782
17565,0.032222215
17566,0.052259758
17567,0.0090563595
17568,0.022932691
17569,0.031930573
17570,0.061938543
17571,0.014263343
17572,0.035475165
17573,0.08100468
17574,0.055167813
17575,0.090822026
17576,0.30337057
17577,0.06897902
17578,0.07960671
17579,0.054479737
17580,0.061759282
17581,0.06105474
17582,0.067296185
17583,0.051419128
17584,0.010932005
17585,0.019039452
17586,0.26913542
17587,0.060317833
17588,0.06578341
17589,0.05467363
17590,0.065161176
17591,0.027933978
17592,0.018585837
17593,0.019994697
17594,0.03568515
17595,0.10797813
17596,0.057258386
17597,0.043965556
17598,0.07678331
17599,0.6661957
17600,0.06692137
17601,0.014558113
17602,0.37931708
17603,0.052259758
17604,0.26118234
17605,0.10824744
17606,0.056514755
17607,0.02055003
17608,0.045397215
17609,0.07580332
17610,0.098028116
17611,0.03989902
17612,0.25616848
17613,0.067474745
17614,0.06176006
17615,0.015179277
17616,0.016850322
17617,0.02060717
17618,0.0478825
17619,0.056504402
17620,0.014994761
17621,0.08645223
17622,0.093260355
17623,0.093178
17624,0.06610441
17625,0.032002416
17626,0.074914455
17627,0.2428746
17628,0.3890493
17629,0.05143615
17630,0.04694016
17631,0.022050435
17632,0.011045044
17633,0.05651549
17634,0.57682735
17635,0.076070294
17636,0.4312912
17637,0.24409561
17638,0.013285343
17639,0.011182057
17640,0.010088521
17641,0.039093457
17642,0.050493754
17643,0.2376446
17644,0.2499603
17645,0.06269787
17646,0.064925835
17647,0.09684176
17648,0.09282142
17649,0.09047001
17650,0.10368588
17651,0.40420774
17652,0.066708945
17653,0.04603996
17654,0.07260577
17655,0.050964803
17656,0.26706707
17657,0.6115709
17658,0.041757133
17659,0.40840808
17660,0.046269465
17661,0.267892
17662,0.016704611
17663,0.04662328
17664,0.061927643
17665,0.016468434
17666,0.041143727
17667,0.007103342
17668,0.40155977
17669,0.03915577
17670,0.06320494
17671,0.24930142
17672,0.09264502
17673,0.122514926
17674,0.4050388
17675,0.41545793
17676,0.10197844
17677,0.23089959
17678,0.23301342
17679,0.70532894
17680,0.2796976
17681,0.46041435
17682,0.02435071
17683,0.23920687
17684,0.055422332
17685,0.0267721
17686,0.019911593
17687,0.011134807
17688,0.05152207
17689,0.011949161
17690,0.03330552
17691,0.052199025
17692,0.06790067
17693,0.06806194
17694,0.07671825
17695,0.06821001
17696,0.23994163
17697,0.22664827
17698,0.0801157
17699,0.38864657
17700,0.0185282
17701,0.05233202
17702,0.7089891
17703,0.61097914
17704,0.64179176
17705,0.008022978
17706,0.027212862
17707,0.01771489
17708,0.06763602
17709,0.44804943
17710,0.06674509
17711,0.017670143
17712,0.055762094
17713,0.010436729
17714,0.051064994
17715,0.056763213
17716,0.04615463
17717,0.012411025
17718,0.39936122
17719,0.018226743
17720,0.029332759
17721,0.22758447
17722,0.076787785
17723,0.04676005
17724,0.046231348
17725,0.23869759
17726,0.38587987
17727,0.025690885
17728,0.08725743
17729,0.07481536
17730,0.07559211
17731,0.7327676
17732,0.7451909
17733,0.6452325
17734,0.016075414
17735,0.055804588
17736,0.026748246
17737,0.2735166
17738,0.068627894
17739,0.2619157
17740,0.067737386
17741,0.018966569
17742,0.06867505
17743,0.07454152
17744,0.09527339
17745,0.081581585
17746,0.46623382
17747,0.49751043
17748,0.23308913
17749,0.090445824
17750,0.06521514
17751,0.054417726
17752,0.08200291
17753,0.041198153
17754,0.033084325
17755,0.0928472
17756,0.09214323
17757,0.056507044
17758,0.07725344
17759,0.025489533
17760,0.577053
17761,0.68635505
17762,0.64194834
17763,0.08787995
17764,0.045406025
17765,0.24075413
17766,0.26912755
17767,0.018101577
17768,0.01693977
17769,0.03391694
17770,0.06919609
17771,0.04638431
17772,0.43313712
17773,0.59024036
17774,0.06011953
17775,0.07388479
17776,0.06709289
17777,0.096112564
17778,0.0613883
17779,0.4008979
17780,0.07758026
17781,0.035342205
17782,0.068519816
17783,0.075833365
17784,0.076353185
17785,0.04471022
17786,0.021685025
17787,0.2904819
17788,0.41652644
17789,0.09611241
17790,0.0641395
17791,0.08022636
17792,0.06105932
17793,0.26834762
17794,0.029196735
17795,0.039925426
17796,0.04098863
17797,0.017611196
17798,0.019920882
17799,0.040006302
17800,0.041032456
17801,0.40120703
17802,0.34696853
17803,0.2696074
17804,0.25650156
17805,0.081897184
17806,0.09102106
17807,0.09774193
17808,0.5364319
17809,0.05363199
17810,0.028199818
17811,0.035067588
17812,0.03225776
17813,0.091757685
17814,0.08626214
17815,0.092498794
17816,0.486954
17817,0.2700161
17818,0.2458207
17819,0.8667628
17820,0.09445372
17821,0.018534666
17822,0.08881161
17823,0.25082034
17824,0.020273415
17825,0.051823273
17826,0.10408418
17827,0.05535934
17828,0.035250016
17829,0.03513626
17830,0.043214213
17831,0.2328387
17832,0.41126135
17833,0.2702273
17834,0.52473706
17835,0.3953395
17836,0.093855865
17837,0.09371566
17838,0.270527
17839,0.027845038
17840,0.09787549
17841,0.063169144
17842,0.046705533
17843,0.49186814
17844,0.2661471
17845,0.051897105
17846,0.014013158
17847,0.5393127
17848,0.38838673
17849,0.06669611
17850,0.07785331
17851,0.066640005
17852,0.046762932
17853,0.011230201
17854,0.026243933
17855,0.051225018
17856,0.06800489
17857,0.06755211
17858,0.08881161
17859,0.3937303
17860,0.57404155
17861,0.4275788
17862,0.43186247
17863,0.50737107
17864,0.0691791
17865,0.06183645
17866,0.06390725
17867,0.090105414
17868,0.100393385
17869,0.057302814
17870,0.028017567
17871,0.05595474
17872,0.09277561
17873,0.01743713
17874,0.043254126
17875,0.076530345
17876,0.020620706
17877,0.0152057735
17878,0.01945145
17879,0.012828002
17880,0.032069307
17881,0.06075139
17882,0.051578626
17883,0.064518385
17884,0.24538046
17885,0.08380916
17886,0.3887322
17887,0.6947754
17888,0.674991
17889,0.26967448
17890,0.07950268
17891,0.043618884
17892,0.019953147
17893,0.046530593
17894,0.07991324
17895,0.015284543
17896,0.010122858
17897,0.03159664
17898,0.56098753
17899,0.04522539
17900,0.018484544
17901,0.05378577
17902,0.04596456
17903,0.07519405
17904,0.03579805
17905,0.04493564
17906,0.017419834
17907,0.04499665
17908,0.013589369
17909,0.015792754
17910,0.027136547
17911,0.066785984
17912,0.07831282
17913,0.46806645
17914,0.41473854
17915,0.23088852
17916,0.57596844
17917,0.41200364
17918,0.538195
17919,0.23810832
17920,0.037052583
17921,0.03319885
17922,0.0351727
17923,0.045521516
17924,0.041982938
17925,0.03573284
17926,0.055729274
17927,0.4589533
17928,0.22141324
17929,0.40591344
17930,0.029018888
17931,0.07946507
17932,0.08694951
17933,0.09278406
17934,0.10133745
17935,0.044959772
17936,0.029264264
17937,0.039243594
17938,0.09207462
17939,0.5659767
17940,0.37614587
17941,0.49922013
17942,0.42023867
17943,0.26579586
17944,0.24364963
17945,0.06791384
17946,0.042683125
17947,0.022053638
17948,0.012299769
17949,0.036054377
17950,0.029454049
17951,0.08477811
17952,0.0903696
17953,0.06900769
17954,0.1071797
17955,0.027168188
17956,0.06127261
17957,0.011624518
17958,0.4285769
17959,0.039319925
17960,0.010571676
17961,0.01119274
17962,0.080378145
17963,0.24184027
17964,0.028055107
17965,0.0065020267
17966,0.22829384
17967,0.24652524
17968,0.060466573
17969,0.07361435
17970,0.029377481
17971,0.06956003
17972,0.06477363
17973,0.03569506
17974,0.0873278
17975,0.07979802
17976,0.03919114
17977,0.02669633
17978,0.07932409
17979,0.07049804
17980,0.032609522
17981,0.0878782
17982,0.033108726
17983,0.04192316
17984,0.009822511
17985,0.039367825
17986,0.08888802
17987,0.42425644
17988,0.4820775
17989,0.08025211
17990,0.018737758
17991,0.02839399
17992,0.049081214
17993,0.014198393
17994,0.05630325
17995,0.095056854
17996,0.014057925
17997,0.030186035
17998,0.0146152
17999,0.01945145
18000,0.012466781
18001,0.02573761
18002,0.061058838
18003,0.06847088
18004,0.4057693
18005,0.014255938
18006,0.018292744
18007,0.19332378
18008,0.060030382
18009,0.07020671
18010,0.4402992
18011,0.08070877
18012,0.012881298
18013,0.0912754
18014,0.035517205
18015,0.06155605
18016,0.088389605
18017,0.017805744
18018,0.10495652
18019,0.02548272
18020,0.09237069
18021,0.05664175
18022,0.038071986
18023,0.017713519
18024,0.02718589
18025,0.05362318
18026,0.2730757
18027,0.03038479
18028,0.018715769
18029,0.028142646
18030,0.03992769
18031,0.055719882
18032,0.09223707
18033,0.05575166
18034,0.25225982
18035,0.0686211
18036,0.029715203
18037,0.014500972
18038,0.04464945
18039,0.045671534
18040,0.027894521
18041,0.27069372
18042,0.08318627
18043,0.018421074
18044,0.06604117
18045,0.04545652
18046,0.010094349
18047,0.012195892
18048,0.48543063
18049,0.77326447
18050,0.22671206
18051,0.06871445
18052,0.06751571
18053,0.045175165
18054,0.04160674
18055,0.069051936
18056,0.066006824
18057,0.07709663
18058,0.7182845
18059,0.06480999
18060,0.021307692
18061,0.06539326
18062,0.06492474
18063,0.017720366
18064,0.035326947
18065,0.095339805
18066,0.44988182
18067,0.06091128
18068,0.24720478
18069,0.025746908
18070,0.06274459
18071,0.02120987
18072,0.06448426
18073,0.028328223
18074,0.02476116
18075,0.0060545765
18076,0.04892856
18077,0.05240547
18078,0.026790252
18079,0.01883612
18080,0.053339764
18081,0.01825192
18082,0.08512968
18083,0.03531154
18084,0.04083228
18085,0.014612066
18086,0.032019954
18087,0.06664822
18088,0.07784345
18089,0.020399839
18090,0.051015995
18091,0.6512692
18092,0.05550932
18093,0.2228175
18094,0.045178767
18095,0.03570237
18096,0.044049464
18097,0.04547777
18098,0.013063502
18099,0.28097457
18100,0.027911235
18101,0.006922484
18102,0.01566631
18103,0.04560317
18104,0.075939834
18105,0.019002147
18106,0.07936339
18107,0.039843112
18108,0.025856813
18109,0.04541851
18110,0.4019465
18111,0.02708551
18112,0.01961462
18113,0.010193778
18114,0.019518226
18115,0.012721696
18116,0.041938804
18117,0.030981965
18118,0.09616585
18119,0.054606322
18120,0.015429938
18121,0.055729274
18122,0.091614164
18123,0.06818337
18124,0.061794672
18125,0.055709995
18126,0.02708551
18127,0.050196845
18128,0.20544155
18129,0.25561234
18130,0.09029134
18131,0.007365995
18132,0.032073252
18133,0.014610119
18134,0.013246821
18135,0.016606273
18136,0.013230226
18137,0.01945145
18138,0.014729012
18139,0.024826426
18140,0.052085694
18141,0.04765143
18142,0.08116212
18143,0.0066951914
18144,0.09071363
18145,0.009704114
18146,0.10479827
18147,0.025665855
18148,0.012096977
18149,0.010974548
18150,0.01714349
18151,0.019920882
18152,0.014271788
18153,0.032156173
18154,0.008852372
18155,0.054646824
18156,0.027218875
18157,0.041722424
18158,0.014273623
18159,0.044153478
18160,0.014551058
18161,0.010713345
18162,0.007628398
18163,0.010094606
18164,0.07500047
18165,0.027133884
18166,0.045647126
18167,0.006603262
18168,0.03199107
18169,0.015738063
18170,0.06869713
18171,0.26798496
18172,0.054122653
18173,0.055115648
18174,0.05564702
18175,0.06792621
18176,0.022108076
18177,0.011255136
18178,0.06522628
18179,0.078063734
18180,0.009221086
18181,0.09275163
18182,0.016885504
18183,0.025641004
18184,0.03182548
18185,0.031851146
18186,0.026490735
18187,0.027400041
18188,0.009178118
18189,0.016789986
18190,0.012852999
18191,0.0082864035
18192,0.032214724
18193,0.010404243
18194,0.009288378
18195,0.06606069
18196,0.052183993
18197,0.00793708
18198,0.0064388043
18199,0.24994025
18200,0.017592218
18201,0.025607634
18202,0.015209371
18203,0.029805047
18204,0.0064605884
18205,0.011422907
18206,0.015423835
18207,0.04588558
18208,0.01867549
18209,0.014124973
18210,0.025505487
18211,0.032368805
18212,0.010541506
18213,0.012195892
18214,0.03148039
18215,0.08571695
18216,0.09260213
18217,0.018789627
18218,0.069067046
18219,0.019937932
18220,0.011774793
18221,0.044675317
18222,0.052835893
18223,0.18818976
18224,0.03263772
18225,0.0419958
18226,0.07239145
18227,0.045264605
18228,0.02716598
18229,0.06624637
18230,0.0437095
18231,0.06549064
18232,0.043941706
18233,0.3939856
18234,0.40456954
18235,0.045011457
18236,0.08619686
18237,0.06511521
18238,0.25307998
18239,0.06891883
18240,0.082214765
18241,0.017668644
18242,0.07144063
18243,0.039652616
18244,0.014659054
18245,0.22151689
18246,0.031327814
18247,0.6215744
18248,0.22870855
18249,0.0459108
18250,0.070101805
18251,0.059107907
18252,0.012561929
18253,0.028879337
18254,0.023017094
18255,0.043868177
18256,0.035334915
18257,0.0170876
18258,0.014508325
18259,0.076768756
18260,0.23959467
18261,0.49846607
18262,0.46809536
18263,0.064413615
18264,0.24081758
18265,0.019284982
18266,0.052323885
18267,0.04195417
18268,0.057844777
18269,0.06951307
18270,0.45335078
18271,0.0769038
18272,0.0708702
18273,0.51508373
18274,0.07793404
18275,0.020782322
18276,0.465625
18277,0.054185413
18278,0.47025147
18279,0.04987849
18280,0.04686653
18281,0.03638352
18282,0.06261811
18283,0.07044422
18284,0.22404206
18285,0.069158874
18286,0.03263941
18287,0.0397241
18288,0.06180443
18289,0.2548953
18290,0.043745887
18291,0.03209578
18292,0.051936284
18293,0.055336032
18294,0.06345292
18295,0.038687058
18296,0.043173384
18297,0.071520574
18298,0.054242197
18299,0.08028054
18300,0.2534392
18301,0.051494107
18302,0.03934397
18303,0.023637315
18304,0.014606382
18305,0.49339342
18306,0.07612509
18307,0.065815605
18308,0.2560769
18309,0.25280094
18310,0.061577603
18311,0.04912397
18312,0.017788623
18313,0.02136805
18314,0.015110733
18315,0.007704228
18316,0.0065386393
18317,0.050123017
18318,0.01955745
18319,0.062419813
18320,0.06126718
18321,0.07096196
18322,0.08214739
18323,0.43620506
18324,0.016766036
18325,0.18720698
18326,0.043888517
18327,0.008845035
18328,0.031045632
18329,0.024755519
18330,0.07771225
18331,0.04310243
18332,0.010660021
18333,0.059135523
18334,0.043432612
18335,0.026477022
18336,0.07405666
18337,0.49706745
18338,0.053292453
18339,0.06591917
18340,0.018791946
18341,0.020161804
18342,0.042045176
18343,0.054135244
18344,0.009845115
18345,0.027511915
18346,0.011864244
18347,0.07644208
18348,0.08838625
18349,0.071524546
18350,0.07351791
18351,0.05391337
18352,0.035319645
18353,0.032201234
18354,0.029426515
18355,0.034735125
18356,0.066785276
18357,0.050043885
18358,0.21770239
18359,0.01345458
18360,0.035203338
18361,0.026987644
18362,0.016752392
18363,0.014648589
18364,0.023864806
18365,0.040681943
18366,0.023701778
18367,0.057384748
18368,0.08479977
18369,0.38749927
18370,0.042873368
18371,0.03868586
18372,0.035955988
18373,0.06922111
18374,0.058368355
18375,0.01499527
18376,0.05148173
18377,0.07165099
18378,0.027137976
18379,0.023876026
18380,0.03138789
18381,0.006005037
18382,0.2021816
18383,0.054395247
18384,0.22945106
18385,0.22230734
18386,0.22476217
18387,0.05362256
18388,0.03861833
18389,0.018769292
18390,0.04912176
18391,0.043742955
18392,0.01137845
18393,0.080219336
18394,0.043831985
18395,0.5336913
18396,0.07290197
18397,0.020003976
18398,0.07260454
18399,0.04843385
18400,0.0459339
18401,0.017698584
18402,0.05390066
18403,0.026844807
18404,0.017818207
18405,0.017997729
18406,0.06188055
18407,0.0430284
18408,0.21581545
18409,0.051535565
18410,0.07036091
18411,0.2246167
18412,0.39334813
18413,0.05383871
18414,0.021541204
18415,0.06255552
18416,0.016256487
18417,0.03826305
18418,0.008296119
18419,0.02640055
18420,0.0100539345
18421,0.06441381
18422,0.050071456
18423,0.07612438
18424,0.040382106
18425,0.07262618
18426,0.03873004
18427,0.052583426
18428,0.034959774
18429,0.0784219
18430,0.032968964
18431,0.056878902
18432,0.030176723
18433,0.02181143
18434,0.034137107
18435,0.052130118
18436,0.058122937
18437,0.07687888
18438,0.065086275
18439,0.24108717
18440,0.07619603
18441,0.07816444
18442,0.011670398
18443,0.06601288
18444,0.011754195
18445,0.048575923
18446,0.009300961
18447,0.042317294
18448,0.064352706
18449,0.019902907
18450,0.045767576
18451,0.03598954
18452,0.012866196
18453,0.0481392
18454,0.06375365
18455,0.031143667
18456,0.049748044
18457,0.02203225
18458,0.05823585
18459,0.0135169355
18460,0.03483863
18461,0.06827673
18462,0.05242884
18463,0.07767509
18464,0.27207276
18465,0.06537264
18466,0.07189141
18467,0.053121164
18468,0.059992284
18469,0.057374183
18470,0.06387068
18471,0.048088226
18472,0.009975926
18473,0.018279746
18474,0.08421297
18475,0.05746916
18476,0.063039094
18477,0.051466916
18478,0.06301103
18479,0.02577001
18480,0.018058548
18481,0.019071694
18482,0.03541139
18483,0.083359964
18484,0.054868132
18485,0.042749867
18486,0.070826754
18487,0.52557886
18488,0.06535358
18489,0.013691374
18490,0.40487644
18491,0.0498547
18492,0.24360912
18493,0.086045556
18494,0.05528387
18495,0.018788833
18496,0.044292346
18497,0.05008174
18498,0.045885198
18499,0.0699103
18500,0.08476701
18501,0.040668663
18502,0.24001259
18503,0.064184494
18504,0.057853587
18505,0.014873006
18506,0.016169645
18507,0.019073205
18508,0.04687064
18509,0.054406222
18510,0.014066658
18511,0.07546534
18512,0.079809554
18513,0.22960731
18514,0.06206289
18515,0.030921007
18516,0.070322216
18517,0.071972325
18518,0.38481316
18519,0.05012531
18520,0.0447857
18521,0.020574365
18522,0.009370959
18523,0.055051774
18524,0.51610804
18525,0.036139753
18526,0.066591255
18527,0.46322232
18528,0.073426016
18529,0.018676518
18530,0.010142046
18531,0.009300984
18532,0.039034203
18533,0.048081964
18534,0.22204547
18535,0.23909573
18536,0.06089602
18537,0.06285614
18538,0.08298752
18539,0.079747975
18540,0.07824284
18541,0.0830329
18542,0.3687509
18543,0.06259611
18544,0.018866735
18545,0.04453774
18546,0.06556906
18547,0.048269004
18548,0.37352163
18549,0.54986393
18550,0.006147271
18551,0.039850563
18552,0.36054498
18553,0.043700486
18554,0.3995472
18555,0.044763856
18556,0.058495965
18557,0.016154315
18558,0.040250342
18559,0.3719305
18560,0.038362518
18561,0.061346337
18562,0.23781805
18563,0.0779534
18564,0.2521154
18565,0.38882357
18566,0.39623314
18567,0.027327493
18568,0.23984142
18569,0.22491977
18570,0.07575215
18571,0.52328277
18572,0.26046476
18573,0.43633106
18574,0.022893783
18575,0.07929966
18576,0.052555073
18577,0.026168063
18578,0.019842668
18579,0.007866873
18580,0.009509865
18581,0.05014515
18582,0.008133863
18583,0.010649278
18584,0.031608794
18585,0.19289617
18586,0.0662639
18587,0.0642813
18588,0.0707382
18589,0.06595821
18590,0.22837342
18591,0.22516997
18592,0.02718935
18593,0.07333842
18594,0.23596302
18595,0.05066587
18596,0.6332193
18597,0.61948514
18598,0.6282624
18599,0.026896868
18600,0.064774394
18601,0.44684753
18602,0.063860424
18603,0.017534588
18604,0.053710066
18605,0.009785504
18606,0.04993045
18607,0.0532813
18608,0.043401506
18609,0.011865128
18610,0.40299994
18611,0.017760932
18612,0.02883863
18613,0.07118806
18614,0.070382036
18615,0.044687077
18616,0.041894782
18617,0.22802955
18618,0.37137082
18619,0.024881423
18620,0.07586474
18621,0.06830179
18622,0.2276617
18623,0.5239803
18624,0.6893431
18625,0.5598413
18626,0.0143171
18627,0.054330517
18628,0.026038203
18629,0.2552015
18630,0.0666489
18631,0.24326138
18632,0.06512041
18633,0.017920153
18634,0.066965126
18635,0.06780379
18636,0.07929455
18637,0.07331446
18638,0.4922413
18639,0.420548
18640,0.22697641
18641,0.07894715
18642,0.06348673
18643,0.050982576
18644,0.0717738
18645,0.04021015
18646,0.031290714
18647,0.07872157
18648,0.07709763
18649,0.05351169
18650,0.06959313
18651,0.024937728
18652,0.6407602
18653,0.6880411
18654,0.50980914
18655,0.076081626
18656,0.043639917
18657,0.080029696
18658,0.37084582
18659,0.027199963
18660,0.016445015
18661,0.015964735
18662,0.03268306
18663,0.065981925
18664,0.04411614
18665,0.3924997
18666,0.5335937
18667,0.05732323
18668,0.06938333
18669,0.064670034
18670,0.08447737
18671,0.057418466
18672,0.3772877
18673,0.22192277
18674,0.035484515
18675,0.065523066
18676,0.07222282
18677,0.0723734
18678,0.042994965
18679,0.021369427
18680,0.27337784
18681,0.2544235
18682,0.08337327
18683,0.06064574
18684,0.026580982
18685,0.07189972
18686,0.057728946
18687,0.24837714
18688,0.029478021
18689,0.038759217
18690,0.040543277
18691,0.015604887
18692,0.019046383
18693,0.038987737
18694,0.040417463
18695,0.3933133
18696,0.6266261
18697,0.2503613
18698,0.077684365
18699,0.07278375
18700,0.07909019
18701,0.08059401
18702,0.4567139
18703,0.05280302
18704,0.02718181
18705,0.034776468
18706,0.031667046
18707,0.07888307
18708,0.07538064
18709,0.0788512
18710,0.5071336
18711,0.24989921
18712,0.23578767
18713,0.6927788
18714,0.0783864
18715,0.01701019
18716,0.075684845
18717,0.23842908
18718,0.020257907
18719,0.050322477
18720,0.44973058
18721,0.05440556
18722,0.034812607
18723,0.035049997
18724,0.042653203
18725,0.22686778
18726,0.39804438
18727,0.41732615
18728,0.5107719
18729,0.4041209
18730,0.079783455
18731,0.07771547
18732,0.39007992
18733,0.08487823
18734,0.059426308
18735,0.04444525
18736,0.47235802
18737,0.2530969
18738,0.04907699
18739,0.012849756
18740,0.4595803
18741,0.25277323
18742,0.0067691267
18743,0.06353745
18744,0.071905285
18745,0.06344732
18746,0.044940166
18747,0.010588467
18748,0.010566975
18749,0.01344403
18750,0.027431453
18751,0.04857359
18752,0.06388797
18753,0.06379753
18754,0.075719856
18755,0.40138367
18756,0.6180808
18757,0.37645155
18758,0.41156065
18759,0.5457427
18760,0.06567323
18761,0.017659428
18762,0.05898519
18763,0.05999271
18764,0.07926533
18765,0.07923307
18766,0.053729013
18767,0.026394704
18768,0.05412726
18769,0.07858049
18770,0.017024752
18771,0.0057430775
18772,0.04237636
18773,0.06990408
18774,0.020070717
18775,0.014684997
18776,0.035307433
18777,0.017668644
18778,0.012473608
18779,0.032394845
18780,0.0579962
18781,0.04887043
18782,0.06269385
18783,0.3970857
18784,0.07213885
18785,0.3806151
18786,0.64816356
18787,0.6267522
18788,0.25721994
18789,0.07231289
18790,0.0430582
18791,0.018940233
18792,0.045060553
18793,0.07362699
18794,0.014284565
18795,0.009380938
18796,0.031056827
18797,0.60954034
18798,0.04378067
18799,0.016529921
18800,0.051740758
18801,0.044390053
18802,0.071420394
18803,0.03587037
18804,0.043671478
18805,0.041772656
18806,0.013246903
18807,0.014541329
18808,0.026410773
18809,0.06345292
18810,0.070413776
18811,0.47176948
18812,0.39911845
18813,0.2233213
18814,0.5244729
18815,0.39511025
18816,0.5026085
18817,0.2264256
18818,0.010334947
18819,0.036124315
18820,0.031137442
18821,0.035860814
18822,0.043334246
18823,0.040848088
18824,0.015206021
18825,0.034251656
18826,0.05485253
18827,0.42573166
18828,0.06510239
18829,0.38196295
18830,0.028520241
18831,0.071520574
18832,0.07600847
18833,0.08031988
18834,0.10137789
18835,0.043003775
18836,0.026766943
18837,0.04023862
18838,0.07931782
18839,0.48868972
18840,0.38957518
18841,0.5296503
18842,0.24253657
18843,0.38684243
18844,0.08488767
18845,0.06420909
18846,0.040964395
18847,0.011809726
18848,0.03529579
18849,0.028098185
18850,0.076258175
18851,0.07725965
18852,0.06450354
18853,0.24920061
18854,0.026383946
18855,0.058065645
18856,0.010627238
18857,0.24979556
18858,0.03839276
18859,0.0140440855
18860,0.011140676
18861,0.071840435
18862,0.22672683
18863,0.02789875
18864,0.006011695
18865,0.37296343
18866,0.23015839
18867,0.057009567
18868,0.06814719
18869,0.028428186
18870,0.06589721
18871,0.0614945
18872,0.036544725
18873,0.075332284
18874,0.07174964
18875,0.038656734
18876,0.010172805
18877,0.22204965
18878,0.06695612
18879,0.03155033
18880,0.075911425
18881,0.03255356
18882,0.04098518
18883,0.008906224
18884,0.03813654
18885,0.07730748
18886,0.42221195
18887,0.48233226
18888,0.07352479
18889,0.01801027
18890,0.028197266
18891,0.04732635
18892,0.054475762
18893,0.08039313
18894,0.013149906
18895,0.029892799
18896,0.013381872
18897,0.018529184
18898,0.01165943
18899,0.025735848
18900,0.059059627
18901,0.06419762
18902,0.40207052
18903,0.013172073
18904,0.016231768
18905,0.19092406
18906,0.05674339
18907,0.06392737
18908,0.42410824
18909,0.07241452
18910,0.012395845
18911,0.010226419
18912,0.22883682
18913,0.034906518
18914,0.013920957
18915,0.060454924
18916,0.07735137
18917,0.046138395
18918,0.017811054
18919,0.08500764
18920,0.015030824
18921,0.025860598
18922,0.07961312
18923,0.053799376
18924,0.036280356
18925,0.027720394
18926,0.051774237
18927,0.25839496
18928,0.029354312
18929,0.018851124
18930,0.027824841
18931,0.0390349
18932,0.05188346
18933,0.08036231
18934,0.053750806
18935,0.23964253
18936,0.065726504
18937,0.027698213
18938,0.013348063
18939,0.04441037
18940,0.044017434
18941,0.027245175
18942,0.24799323
18943,0.076762296
18944,0.016659394
18945,0.06381906
18946,0.043936793
18947,0.01007946
18948,0.42078254
18949,0.60423756
18950,0.07444402
18951,0.0650374
18952,0.012888715
18953,0.06439005
18954,0.045103386
18955,0.040742885
18956,0.06557596
18957,0.0625272
18958,0.0687672
18959,0.7099909
18960,0.060585197
18961,0.015575347
18962,0.06325103
18963,0.06106846
18964,0.017552802
18965,0.081514195
18966,0.26289147
18967,0.059038576
18968,0.08055955
18969,0.059196856
18970,0.02073772
18971,0.06179171
18972,0.027673572
18973,0.023854697
18974,0.0065863207
18975,0.047227394
18976,0.050127078
18977,0.025909385
18978,0.017736929
18979,0.049767308
18980,0.017308831
18981,0.07604569
18982,0.03944097
18983,0.03244603
18984,0.063892275
18985,0.07146643
18986,0.019988654
18987,0.04857678
18988,0.5986086
18989,0.0545572
18990,0.06921306
18991,0.044018604
18992,0.035246305
18993,0.04264182
18994,0.04403878
18995,0.0123419445
18996,0.01586477
18997,0.46990803
18998,0.025667096
18999,0.0064437496
19000,0.005679369
19001,0.007421125
19002,0.015035091
19003,0.010461254
19004,0.04394991
19005,0.071476676
19006,0.017997729
19007,0.009803304
19008,0.07186088
19009,0.039561156
19010,0.006694174
19011,0.04349351
19012,0.2519998
19013,0.026169822
19014,0.006106425
19015,0.01905672
19016,0.0121316295
19017,0.040816523
19018,0.008990234
19019,0.03034868
19020,0.005807293
19021,0.08351471
19022,0.052775368
19023,0.00751417
19024,0.01256951
19025,0.01345458
19026,0.014290271
19027,0.053514116
19028,0.07744746
19029,0.06504489
19030,0.06024276
19031,0.054275025
19032,0.026383946
19033,0.047106214
19034,0.20446153
19035,0.24274898
19036,0.22652934
19037,0.00800566
19038,0.030791298
19039,0.012996987
19040,0.01186262
19041,0.015141428
19042,0.011565174
19043,0.018940289
19044,0.0091630835
19045,0.015024444
19046,0.013940926
19047,0.009363959
19048,0.02242517
19049,0.048501134
19050,0.04496697
19051,0.07395266
19052,0.006145195
19053,0.009813122
19054,0.07776819
19055,0.009749516
19056,0.25139138
19057,0.010311592
19058,0.025715178
19059,0.011845943
19060,0.009586262
19061,0.01755701
19062,0.0182592
19063,0.014912205
19064,0.031402178
19065,0.012402108
19066,0.052222524
19067,0.025920901
19068,0.040689442
19069,0.0121354675
19070,0.04311578
19071,0.014012523
19072,0.013417923
19073,0.00920331
19074,0.06970309
19075,0.025992334
19076,0.043793
19077,0.03122151
19078,0.009461135
19079,0.015119847
19080,0.06347197
19081,0.012743111
19082,0.010503166
19083,0.011341025
19084,0.25074324
19085,0.05280302
19086,0.053542502
19087,0.05518607
19088,0.0145966895
19089,0.063373685
19090,0.020353999
19091,0.010277334
19092,0.062345196
19093,0.013707243
19094,0.06996647
19095,0.0795457
19096,0.016789122
19097,0.031768404
19098,0.031002961
19099,0.02596793
19100,0.02728718
19101,0.011690949
19102,0.0074326084
19103,0.009665808
19104,0.030804398
19105,0.00992849
19106,0.011804362
19107,0.061932616
19108,0.051007725
19109,0.074564464
19110,0.023832025
19111,0.005701155
19112,0.014274416
19113,0.044017434
19114,0.01807005
19115,0.024940224
19116,0.0155450925
19117,0.03171275
19118,0.011472289
19119,0.07136734
19120,0.078464985
19121,0.065358914
19122,0.019164952
19123,0.0116131315
19124,0.033610366
19125,0.025211602
19126,0.04162837
19127,0.05284934
19128,0.030976703
19129,0.04340402
19130,0.037039578
19131,0.06869217
19132,0.04354412
19133,0.008311401
19134,0.059868567
19135,0.062729426
19136,0.042447627
19137,0.07521046
19138,0.37393725
19139,0.24899796
19140,0.06195629
19141,0.08289657
19142,0.06697723
19143,0.23549055
19144,0.05555575
19145,0.06782331
19146,0.03823222
19147,0.012532694
19148,0.06360138
19149,0.03026618
19150,0.5758052
19151,0.22918855
19152,0.010849753
19153,0.06933098
19154,0.026539257
19155,0.042574733
19156,0.033321936
19157,0.015424177
19158,0.012357671
19159,0.07239662
19160,0.23980227
19161,0.2606411
19162,0.42810827
19163,0.061983
19164,0.07366188
19165,0.07509503
19166,0.018459376
19167,0.051435933
19168,0.040637434
19169,0.05683135
19170,0.06438367
19171,0.034426525
19172,0.47107592
19173,0.07294447
19174,0.06887783
19175,0.5011213
19176,0.02019217
19177,0.439948
19178,0.015729217
19179,0.052801218
19180,0.4409942
19181,0.04873577
19182,0.04561661
19183,0.033702694
19184,0.060941845
19185,0.06702034
19186,0.071187764
19187,0.06568847
19188,0.031773582
19189,0.03742627
19190,0.060856238
19191,0.25048208
19192,0.0426859
19193,0.029772658
19194,0.05086305
19195,0.052989915
19196,0.061498184
19197,0.029863546
19198,0.06784965
19199,0.05268126
19200,0.081915066
19201,0.08290004
19202,0.023161855
19203,0.037859205
19204,0.012740574
19205,0.012257214
19206,0.42219126
19207,0.07155488
19208,0.06182155
19209,0.4181274
19210,0.5062896
19211,0.06103647
19212,0.047627054
19213,0.0121566
19214,0.016688136
19215,0.014014937
19216,0.0065442156
19217,0.034159213
19218,0.010655791
19219,0.06075216
19220,0.06063125
19221,0.0697164
19222,0.0808987
19223,0.4562355
19224,0.016020061
19225,0.18789738
19226,0.042616922
19227,0.008028446
19228,0.03021015
19229,0.023577927
19230,0.032893512
19231,0.24072829
19232,0.017857008
19233,0.041842308
19234,0.057329357
19235,0.042273063
19236,0.025594436
19237,0.22822966
19238,0.48235184
19239,0.052448153
19240,0.062161125
19241,0.016991908
19242,0.019485885
19243,0.038594376
19244,0.052208558
19245,0.027113054
19246,0.07161796
19247,0.08386107
19248,0.06672959
19249,0.06810948
19250,0.052316338
19251,0.03373359
19252,0.029713301
19253,0.028599558
19254,0.033560213
19255,0.0630055
19256,0.048729073
19257,0.21871588
19258,0.012792094
19259,0.03357694
19260,0.025680024
19261,0.015692208
19262,0.013729037
19263,0.022591792
19264,0.03920188
19265,0.022733608
19266,0.055739444
19267,0.08100519
19268,0.36648914
19269,0.04157741
19270,0.03736833
19271,0.033916328
19272,0.06718612
19273,0.057084326
19274,0.012846675
19275,0.051027216
19276,0.028941825
19277,0.0707344
19278,0.02559945
19279,0.022343175
19280,0.030207
19281,0.0051682196
19282,0.20117901
19283,0.052721765
19284,0.22789991
19285,0.22138584
19286,0.22558229
19287,0.052071165
19288,0.03726449
19289,0.016740311
19290,0.047864415
19291,0.04251796
19292,0.010468252
19293,0.07473381
19294,0.042519882
19295,0.5442693
19296,0.06855137
19297,0.018942371
19298,0.068607144
19299,0.046333134
19300,0.017259547
19301,0.008808196
19302,0.05339797
19303,0.02668205
19304,0.01088772
19305,0.015923388
19306,0.016742144
19307,0.06042292
19308,0.04127949
19309,0.212388
19310,0.0504226
19311,0.06655737
19312,0.22553147
19313,0.40257025
19314,0.052917294
19315,0.020441
19316,0.060711112
19317,0.014852652
19318,0.035829972
19319,0.0065708603
19320,0.025604935
19321,0.007935386
19322,0.06261653
19323,0.04873577
19324,0.07402189
19325,0.03913519
19326,0.06623517
19327,0.03704673
19328,0.050041858
19329,0.033122033
19330,0.07475015
19331,0.00899297
19332,0.05551664
19333,0.02976454
19334,0.009452806
19335,0.021213079
19336,0.03383064
19337,0.05010362
19338,0.05689228
19339,0.07166311
19340,0.062312
19341,0.23784755
19342,0.07114339
19343,0.07476585
19344,0.010918161
19345,0.062290456
19346,0.046907943
19347,0.038986284
19348,0.06218642
19349,0.018898685
19350,0.04405464
19351,0.03544229
19352,0.046986148
19353,0.06175148
19354,0.030009465
19355,0.048727352
19356,0.02121584
19357,0.03002377
19358,0.056857795
19359,0.012536164
19360,0.034063753
19361,0.06844162
19362,0.050045244
19363,0.07467433
19364,0.27757588
19365,0.061794337
19366,0.22508903
19367,0.05085991
19368,0.057854224
19369,0.055630576
19370,0.062257517
19371,0.047436215
19372,0.009747494
19373,0.018162517
19374,0.25035688
19375,0.05609063
19376,0.06080087
19377,0.050181028
19378,0.060408212
19379,0.017238375
19380,0.01856422
19381,0.033727735
19382,0.25071776
19383,0.053939097
19384,0.041852344
19385,0.0668528
19386,0.53427553
19387,0.06259521
19388,0.012935419
19389,0.37533224
19390,0.048689965
19391,0.2435352
19392,0.081590384
19393,0.053465717
19394,0.018468307
19395,0.042600255
19396,0.042977344
19397,0.066915475
19398,0.08096506
19399,0.038006138
19400,0.07068338
19401,0.06199964
19402,0.056995977
19403,0.01388676
19404,0.018047698
19405,0.04457638
19406,0.053280618
19407,0.0128553845
19408,0.07203334
19409,0.0763979
19410,0.07397115
19411,0.06096813
19412,0.029489653
19413,0.0662563
19414,0.071235955
19415,0.37456346
19416,0.049628425
19417,0.0087526515
19418,0.04346826
19419,0.01952563
19420,0.007939212
19421,0.05357334
19422,0.5295922
19423,0.034071654
19424,0.06048462
19425,0.4384725
19426,0.22869931
19427,0.009158955
19428,0.008442196
19429,0.03737358
19430,0.04699171
19431,0.22410761
19432,0.39366966
19433,0.058356073
19434,0.060707845
19435,0.23337168
19436,0.074358724
19437,0.07421751
19438,0.24530727
19439,0.39668396
19440,0.060293972
19441,0.04297484
19442,0.061528474
19443,0.046725865
19444,0.24917206
19445,0.6229799
19446,0.038798757
19447,0.25526443
19448,0.04217423
19449,0.07970895
19450,0.043203562
19451,0.057281695
19452,0.014816904
19453,0.03929921
19454,0.005018946
19455,0.41285598
19456,0.20005342
19457,0.05848254
19458,0.2383073
19459,0.074694
19460,0.24976468
19461,0.38925987
19462,0.3824839
19463,0.026277004
19464,0.08471134
19465,0.21791281
19466,0.07212471
19467,0.6275769
19468,0.48679814
19469,0.43052325
19470,0.022493852
19471,0.22803131
19472,0.052271787
19473,0.018257419
19474,0.0092807375
19475,0.047898993
19476,0.009919662
19477,0.029865902
19478,0.048694637
19479,0.060575694
19480,0.061879516
19481,0.06717978
19482,0.06272706
19483,0.3969928
19484,0.38877794
19485,0.026037164
19486,0.06925813
19487,0.38726902
19488,0.01742454
19489,0.048396587
19490,0.5657921
19491,0.5817278
19492,0.6131789
19493,0.0052499985
19494,0.015654378
19495,0.06277283
19496,0.43347386
19497,0.062045973
19498,0.015654275
19499,0.05296683
19500,0.009381979
19501,0.008413026
19502,0.04716114
19503,0.052098006
19504,0.04255193
19505,0.010851269
19506,0.39218932
19507,0.015725328
19508,0.026628982
19509,0.06605214
19510,0.06829379
19511,0.043349482
19512,0.04227017
19513,0.40652645
19514,0.37423703
19515,0.023715332
19516,0.072872035
19517,0.06676306
19518,0.066360496
19519,0.5398239
19520,0.67357814
19521,0.52369136
19522,0.05209764
19523,0.02536042
19524,0.007979208
19525,0.2522345
19526,0.06310744
19527,0.07919569
19528,0.036848597
19529,0.061923075
19530,0.016834814
19531,0.061862476
19532,0.06587044
19533,0.076211944
19534,0.070046805
19535,0.4397188
19536,0.4772078
19537,0.22675487
19538,0.07405371
19539,0.060668446
19540,0.049309604
19541,0.068708554
19542,0.038865007
19543,0.030037185
19544,0.020730665
19545,0.073681824
19546,0.0744443
19547,0.05316725
19548,0.06623517
19549,0.022574645
19550,0.51514757
19551,0.5375473
19552,0.4978805
19553,0.07199257
19554,0.04227257
19555,0.22780284
19556,0.010646609
19557,0.3994139
19558,0.025594436
19559,0.015730646
19560,0.014742668
19561,0.031141292
19562,0.061643317
19563,0.043159354
19564,0.36482537
19565,0.6195174
19566,0.0558944
19567,0.06502209
19568,0.061943527
19569,0.07855403
19570,0.055235557
19571,0.4050591
19572,0.22140653
19573,0.032990366
19574,0.062260237
19575,0.06645475
19576,0.067056894
19577,0.04123162
19578,0.019998942
19579,0.2582732
19580,0.25144452
19581,0.0794839
19582,0.059691094
19583,0.068103686
19584,0.055238713
19585,0.24906978
19586,0.027702248
19587,0.037961595
19588,0.038908154
19589,0.015546175
19590,0.017154096
19591,0.037028685
19592,0.039320663
19593,0.37731457
19594,0.55273116
19595,0.24937509
19596,0.07407151
19597,0.06950308
19598,0.078541815
19599,0.07682519
19600,0.50909173
19601,0.05046307
19602,0.026170712
19603,0.033481628
19604,0.030124806
19605,0.07462688
19606,0.069037825
19607,0.22423504
19608,0.16591558
19609,0.38829777
19610,0.079606235
19611,0.5303456
19612,0.07643758
19613,0.016028745
19614,0.07296253
19615,0.23723684
19616,0.018378355
19617,0.04690161
19618,0.25569946
19619,0.050926767
19620,0.033449125
19621,0.033119105
19622,0.04068217
19623,0.22724223
19624,0.39666528
19625,0.24849457
19626,0.51028156
19627,0.40612927
19628,0.0760168
19629,0.0735925
19630,0.37813273
19631,0.02503034
19632,0.08281119
19633,0.05772415
19634,0.043027952
19635,0.4709382
19636,0.24920453
19637,0.0476492
19638,0.4814837
19639,0.391977
19640,0.062223744
19641,0.06784474
19642,0.061845947
19643,0.043187838
19644,0.009318722
19645,0.012143809
19646,0.026456874
19647,0.0471942
19648,0.061672594
19649,0.06195884
19650,0.07199257
19651,0.39353812
19652,0.63457006
19653,0.3979262
19654,0.40801492
19655,0.5777236
19656,0.06194974
19657,0.056572936
19658,0.0591871
19659,0.074977316
19660,0.24150646
19661,0.052724823
19662,0.025097027
19663,0.052269064
19664,0.075710095
19665,0.016470313
19666,0.0047250395
19667,0.040945273
19668,0.06711652
19669,0.018577453
19670,0.013457243
19671,0.03343897
19672,0.017631441
19673,0.01110589
19674,0.030032497
19675,0.05610287
19676,0.04822471
19677,0.061349597
19678,0.23907986
19679,0.070668906
19680,0.37118295
19681,0.64547634
19682,0.53997636
19683,0.25458023
19684,0.06840881
19685,0.04193179
19686,0.018265087
19687,0.043006763
19688,0.070137866
19689,0.012869153
19690,0.008305453
19691,0.5870929
19692,0.042496126
19693,0.015433954
19694,0.0505777
19695,0.04271918
19696,0.067684464
19697,0.034122262
19698,0.042580668
19699,0.04010455
19700,0.012771039
19701,0.0127590485
19702,0.025476715
19703,0.0622011
19704,0.06629615
19705,0.45330316
19706,0.40375334
19707,0.22242068
19708,0.6618667
19709,0.42853013
19710,0.4359648
19711,0.22424692
19712,0.03472881
19713,0.030433578
19714,0.032968268
19715,0.04211666
19716,0.039535
19717,0.032972924
19718,0.05267444
19719,0.41828427
19720,0.06274729
19721,0.4115896
19722,0.027922327
19723,0.067904994
19724,0.07176238
19725,0.07440042
19726,0.084879875
19727,0.041600052
19728,0.0267042
19729,0.008136319
19730,0.0374622
19731,0.075631626
19732,0.51245296
19733,0.411298
19734,0.5274357
19735,0.39644364
19736,0.24872707
19737,0.093531385
19738,0.06171967
19739,0.039884925
19740,0.019994466
19741,0.010332766
19742,0.03343897
19743,0.027733209
19744,0.07253152
19745,0.07376668
19746,0.061654266
19747,0.24925755
19748,0.02496137
19749,0.056886036
19750,0.25046778
19751,0.037181057
19752,0.009910725
19753,0.009932354
19754,0.06813543
19755,0.22434287
19756,0.02679638
19757,0.004811406
19758,0.22219683
19759,0.23024622
19760,0.056218363
19761,0.064187005
19762,0.02722617
19763,0.06187228
19764,0.060453236
19765,0.033692762
19766,0.072048336
19767,0.06812093
19768,0.037262503
19769,0.024942633
19770,0.21869028
19771,0.012447001
19772,0.062161125
19773,0.03026618
19774,0.072313
19775,0.030985968
19776,0.039275896
19777,0.008380411
19778,0.03704673
19779,0.073824815
19780,0.39643553
19781,0.46715057
19782,0.06818369
19783,0.016544703
19784,0.026086446
19785,0.04637628
19786,0.013020306
19787,0.05276515
19788,0.07480423
19789,0.012056357
19790,0.028586932
19791,0.012351498
19792,0.017213896
19793,0.01119974
19794,0.024200512
19795,0.057233576
19796,0.0620307
19797,0.39159352
19798,0.013211285
19799,0.015567311
19800,0.029571557
19801,0.055472713
19802,0.06232584
19803,0.4489886
19804,0.069537565
19805,0.0744436
19806,0.033623535
19807,0.056602634
19808,0.07274706
19809,0.044641737
19810,0.015692208
19811,0.009225047
19812,0.25151518
19813,0.013159784
19814,0.023562634
19815,0.076183334
19816,0.052411746
19817,0.035207264
19818,0.016259303
19819,0.025288692
19820,0.050041992
19821,0.2504978
19822,0.02857405
19823,0.017152969
19824,0.026751127
19825,0.037278716
19826,0.05000373
19827,0.077799834
19828,0.0523029
19829,0.24146318
19830,0.062214658
19831,0.026616532
19832,0.042750835
19833,0.042964607
19834,0.025946978
19835,0.24969955
19836,0.06810523
19837,0.015929675
19838,0.06115143
19839,0.043232676
19840,0.008477457
19841,0.009573724
19842,0.43020532
19843,0.6793237
19844,0.21890187
19845,0.06256091
19846,0.061747324
19847,0.04295018
19848,0.03942724
19849,0.06289681
19850,0.06088125
19851,0.06761128
19852,0.67956585
19853,0.016599193
19854,0.059269674
19855,0.013471836
19856,0.060705837
19857,0.060347468
19858,0.015766604
19859,0.03328866
19860,0.076777644
19861,0.2614865
19862,0.056449853
19863,0.07684628
19864,0.023539748
19865,0.057476867
19866,0.017357677
19867,0.019068588
19868,0.060394783
19869,0.02557018
19870,0.022580454
19871,0.004645111
19872,0.046144478
19873,0.04855102
19874,0.025276197
19875,0.017083718
19876,0.04855335
19877,0.015364586
19878,0.07129799
19879,0.038018074
19880,0.029759144
19881,0.061820004
19882,0.06833643
19883,0.018840827
19884,0.047543634
19885,0.58319
19886,0.053051427
19887,0.06472134
19888,0.042616144
19889,0.033796486
19890,0.041540187
19891,0.042509962
19892,0.011396401
19893,0.014898925
19894,0.25409338
19895,0.0254422
19896,0.006316186
19897,0.014169861
19898,0.009263518
19899,0.04249965
19900,0.06657757
19901,0.016816197
19902,0.009254233
19903,0.06932408
19904,0.037378017
19905,0.023610989
19906,0.0051988475
19907,0.042129643
19908,0.37839928
19909,0.025519777
19910,0.0050665257
19911,0.017726177
19912,0.011008125
19913,0.03907795
19914,0.02877002
19915,0.07934005
19916,0.051527623
19917,0.0126451785
19918,0.013472058
19919,0.05271891
19920,0.22685368
19921,0.06317209
19922,0.057702158
19923,0.052084435
19924,0.025700213
19925,0.045924217
19926,0.015511649
19927,0.20115526
19928,0.07666174
19929,0.40273303
19930,0.0060677235
19931,0.0099926125
19932,0.012331494
19933,0.011131903
19934,0.014424307
19935,0.010774294
19936,0.017013837
19937,0.007953397
19938,0.013246695
19939,0.012725196
19940,0.021128168
19941,0.04722893
19942,0.04293223
19943,0.06960395
19944,0.07511398
19945,0.25054967
19946,0.024011971
19947,0.010579318
19948,0.015570224
19949,0.017099755
19950,0.007324493
19951,0.012639422
19952,0.029119968
19953,0.01089826
19954,0.012991914
19955,0.008270128
19956,0.007601873
19957,0.050342195
19958,0.025180055
19959,0.039481033
19960,0.011399955
19961,0.04195238
19962,0.012504579
19963,0.011489211
19964,0.008136772
19965,0.067056894
19966,0.024725921
19967,0.042964544
19968,0.009850748
19969,0.029626053
19970,0.011162427
19971,0.013881845
19972,0.06200323
19973,0.009125976
19974,0.2494991
19975,0.050218448
19976,0.05231034
19977,0.052446008
19978,0.06212261
19979,0.01952563
19980,0.010310023
19981,0.06095254
19982,0.014364471
19983,0.06721712
19984,0.07505251
19985,0.015685434
19986,0.023867177
19987,0.029620342
19988,0.030558446
19989,0.025087662
19990,0.011177658
19991,0.006946542
19992,0.011411496
19993,0.0113367075
19994,0.0071331747
19995,0.033385713
19996,0.009110239
19997,0.061040793
19998,0.04826291
19999,0.07208413
20000,0.015777862
20001,0.004917266
20002,0.010040934
20003,0.013508154
20004,0.04238578
20005,0.016891468
20006,0.01219674
20007,0.023661602
20008,0.029892495
20009,0.009700789
20010,0.028553111
20011,0.07075566
20012,0.07537028
20013,0.008254978
20014,0.061671503
20015,0.017869625
20016,0.033562206
20017,0.05057662
20018,0.025123315
20019,0.041788764
20020,0.053427573
20021,0.04356411
20022,0.06821865
20023,0.034615554
20024,0.029937863
20025,0.06835481
20026,0.042596266
20027,0.06345307
20028,0.04208677
20029,0.073311724
20030,0.22825995
20031,0.24919382
20032,0.41945642
20033,0.06699034
20034,0.23638748
20035,0.05584619
20036,0.06741268
20037,0.03759122
20038,0.013090354
20039,0.060755096
20040,0.030010002
20041,0.546081
20042,0.07114743
20043,0.04230603
20044,0.069010295
20045,0.056442734
20046,0.0113037415
20047,0.043504473
20048,0.03442442
20049,0.01643812
20050,0.07235444
20051,0.0730307
20052,0.42984205
20053,0.52937347
20054,0.04199128
20055,0.07377082
20056,0.24161243
20057,0.018595917
20058,0.050315306
20059,0.040673524
20060,0.056372307
20061,0.0645259
20062,0.46841133
20063,0.07337358
20064,0.070753664
20065,0.5006365
20066,0.45682505
20067,0.052606005
20068,0.25394642
20069,0.048354696
20070,0.04606176
20071,0.033126242
20072,0.060112946
20073,0.06631812
20074,0.07238465
20075,0.031066408
20076,0.0374387
20077,0.060924247
20078,0.37726802
20079,0.04429397
20080,0.030010995
20081,0.051248588
20082,0.05309975
20083,0.06189434
20084,0.029523848
20085,0.06822302
20086,0.025587358
20087,0.053355046
20088,0.24392483
20089,0.0795617
20090,0.023045748
20091,0.037926722
20092,0.01280445
20093,0.013527463
20094,0.012421612
20095,0.43085423
20096,0.0729886
20097,0.06146068
20098,0.25298545
20099,0.49540314
20100,0.006000255
20101,0.061194066
20102,0.047963627
20103,0.011913412
20104,0.01721989
20105,0.014343586
20106,0.035026677
20107,0.011107084
20108,0.060133837
20109,0.05979233
20110,0.06721503
20111,0.250654
20112,0.484465
20113,0.18290687
20114,0.04214609
20115,0.008084326
20116,0.023748692
20117,0.033299662
20118,0.24504995
20119,0.04218941
20120,0.056405827
20121,0.0418652
20122,0.23028772
20123,0.2794611
20124,0.051321663
20125,0.06310074
20126,0.017366815
20127,0.019773934
20128,0.0391084
20129,0.053910796
20130,0.026521191
20131,0.072205275
20132,0.08513903
20133,0.06675357
20134,0.068177514
20135,0.052556086
20136,0.034351204
20137,0.030122295
20138,0.028252246
20139,0.033727128
20140,0.06210322
20141,0.0487998
20142,0.216053
20143,0.013133385
20144,0.032372452
20145,0.025550688
20146,0.017142016
20147,0.01399527
20148,0.023008294
20149,0.03887348
20150,0.019658282
20151,0.056279227
20152,0.080648154
20153,0.25106505
20154,0.041958515
20155,0.037402313
20156,0.03411886
20157,0.066112556
20158,0.056739565
20159,0.050620466
20160,0.029440764
20161,0.0706799
20162,0.025620073
20163,0.022551268
20164,0.029741319
20165,0.005039629
20166,0.05083196
20167,0.052475393
20168,0.227453
20169,0.2231654
20170,0.22672607
20171,0.05244261
20172,0.037363663
20173,0.016635379
20174,0.04656584
20175,0.042575434
20176,0.012036839
20177,0.07453107
20178,0.042198144
20179,0.47534132
20180,0.06892698
20181,0.019137338
20182,0.06886886
20183,0.0470428
20184,0.044727936
20185,0.017334472
20186,0.015092401
20187,0.008548687
20188,0.052157126
20189,0.015820516
20190,0.01733073
20191,0.060095742
20192,0.041896522
20193,0.059294757
20194,0.050396252
20195,0.067892686
20196,0.38848448
20197,0.39352298
20198,0.20707351
20199,0.020600665
20200,0.06046858
20201,0.015216067
20202,0.036853686
20203,0.025232002
20204,0.008462074
20205,0.062408634
20206,0.0484822
20207,0.0717698
20208,0.039031997
20209,0.067984566
20210,0.037363663
20211,0.050542127
20212,0.03329287
20213,0.015973398
20214,0.017596368
20215,0.07472337
20216,0.009146696
20217,0.029746484
20218,0.056231476
20219,0.030152868
20220,0.009336285
20221,0.021312619
20222,0.033922356
20223,0.050131023
20224,0.056747
20225,0.07215522
20226,0.06254503
20227,0.07638179
20228,0.22674106
20229,0.22953749
20230,0.011418826
20231,0.061987072
20232,0.046362635
20233,0.0092528425
20234,0.039255694
20235,0.062089756
20236,0.042860575
20237,0.0352732
20238,0.047144007
20239,0.06227301
20240,0.029896965
20241,0.04882784
20242,0.020969007
20243,0.029993147
20244,0.05628477
20245,0.013730569
20246,0.03406334
20247,0.06941644
20248,0.050722294
20249,0.07486574
20250,0.27477685
20251,0.06242464
20252,0.22326471
20253,0.049775448
20254,0.058457766
20255,0.055913318
20256,0.062388793
20257,0.046518628
20258,0.017579304
20259,0.2513054
20260,0.056421492
20261,0.060204655
20262,0.050155163
20263,0.060520753
20264,0.01713107
20265,0.016860506
20266,0.018269178
20267,0.034048647
20268,0.2519787
20269,0.052606624
20270,0.04172914
20271,0.06695778
20272,0.60353154
20273,0.06273795
20274,0.012893945
20275,0.37477875
20276,0.04928793
20277,0.2455599
20278,0.078466654
20279,0.05291196
20280,0.005538932
20281,0.018282384
20282,0.041897766
20283,0.04347177
20284,0.06648912
20285,0.08075364
20286,0.03798934
20287,0.24047577
20288,0.06158252
20289,0.006566512
20290,0.056579504
20291,0.014291278
20292,0.043954015
20293,0.05301237
20294,0.013220414
20295,0.07269454
20296,0.07614763
20297,0.22619557
20298,0.06029834
20299,0.029681362
20300,0.067902364
20301,0.23125477
20302,0.3988961
20303,0.04807747
20304,0.043352347
20305,0.019684803
20306,0.008385173
20307,0.05281914
20308,0.5550109
20309,0.03454508
20310,0.06797644
20311,0.48870015
20312,0.23483078
20313,0.008693626
20314,0.011968603
20315,0.008177847
20316,0.037329085
20317,0.046862975
20318,0.2251297
20319,0.42709255
20320,0.05841513
20321,0.060833566
20322,0.23651221
20323,0.07469055
20324,0.07345599
20325,0.24635759
20326,0.38610604
20327,0.06014908
20328,0.04339855
20329,0.06235939
20330,0.047265403
20331,0.25231826
20332,0.6283561
20333,0.005546699
20334,0.039944638
20335,0.25366688
20336,0.042841367
20337,0.08110334
20338,0.011911328
20339,0.04354833
20340,0.056534603
20341,0.0149168465
20342,0.03932803
20343,0.40337798
20344,0.1995173
20345,0.058264222
20346,0.07109513
20347,0.07571018
20348,0.2453835
20349,0.41790482
20350,0.39848253
20351,0.02558081
20352,0.08451958
20353,0.22634457
20354,0.07247239
20355,0.545971
20356,0.43744698
20357,0.48309872
20358,0.005660711
20359,0.023041654
20360,0.22769906
20361,0.051959746
20362,0.025213491
20363,0.01828979
20364,0.047783937
20365,0.005014639
20366,0.008533385
20367,0.010481868
20368,0.02995762
20369,0.048477754
20370,0.061985295
20371,0.062076602
20372,0.06719984
20373,0.06187971
20374,0.40758494
20375,0.21762569
20376,0.026268827
20377,0.06847042
20378,0.076702684
20379,0.017139874
20380,0.049071614
20381,0.6457514
20382,0.26739854
20383,0.6015149
20384,0.024345806
20385,0.062230904
20386,0.41327846
20387,0.061098766
20388,0.01579628
20389,0.051779572
20390,0.008666187
20391,0.047680065
20392,0.05308222
20393,0.042235494
20394,0.010764409
20395,0.3869845
20396,0.016883764
20397,0.026340606
20398,0.067683026
20399,0.06747614
20400,0.04341147
20401,0.042215344
20402,0.409245
20403,0.41817772
20404,0.024373224
20405,0.0726731
20406,0.06547339
20407,0.06809578
20408,0.6015094
20409,0.6663918
20410,0.5353737
20411,0.0131094735
20412,0.05201995
20413,0.02551937
20414,0.40532514
20415,0.0625914
20416,0.2446051
20417,0.036840215
20418,0.062675856
20419,0.017359905
20420,0.061957147
20421,0.065774836
20422,0.07646577
20423,0.071599476
20424,0.4399339
20425,0.42319798
20426,0.22879097
20427,0.07466558
20428,0.06142394
20429,0.049912643
20430,0.06857855
20431,0.039245598
20432,0.030274404
20433,0.07584991
20434,0.073433176
20435,0.052701913
20436,0.22383365
20437,0.023001285
20438,0.701143
20439,0.55759054
20440,0.53852946
20441,0.07220566
20442,0.042710092
20443,0.22731343
20444,0.011067362
20445,0.4016217
20446,0.02569338
20447,0.015909778
20448,0.014798854
20449,0.03144416
20450,0.06242169
20451,0.04279617
20452,0.42084602
20453,0.5955032
20454,0.055925027
20455,0.06466106
20456,0.06161364
20457,0.23638758
20458,0.05493625
20459,0.3819091
20460,0.2250384
20461,0.033203784
20462,0.06254872
20463,0.06741636
20464,0.064997
20465,0.04140666
20466,0.020171164
20467,0.26185
20468,0.25072172
20469,0.079246
20470,0.05923646
20471,0.025395306
20472,0.06602751
20473,0.057086457
20474,0.08049709
20475,0.02732361
20476,0.03749358
20477,0.04007696
20478,0.015474994
20479,0.017296921
20480,0.03671308
20481,0.03916401
20482,0.42504397
20483,0.5790747
20484,0.4086571
20485,0.24254438
20486,0.06916112
20487,0.07328533
20488,0.07703422
20489,0.43335053
20490,0.04850761
20491,0.03381448
20492,0.02996151
20493,0.07611352
20494,0.07065493
20495,0.07325048
20496,0.266312
20497,0.38034832
20498,0.080811724
20499,0.75236285
20500,0.07480224
20501,0.01627707
20502,0.07204991
20503,0.24211179
20504,0.019103087
20505,0.048252974
20506,0.2544856
20507,0.051568512
20508,0.033420995
20509,0.03312348
20510,0.041363318
20511,0.08594279
20512,0.41818857
20513,0.25192472
20514,0.5134411
20515,0.25403675
20516,0.07778506
20517,0.07476351
20518,0.38610604
20519,0.23681544
20520,0.058040187
20521,0.04271191
20522,0.45062953
20523,0.08359872
20524,0.047852594
20525,0.43779156
20526,0.25158578
20527,0.005201219
20528,0.06100983
20529,0.06808656
20530,0.06190277
20531,0.043735877
20532,0.012653419
20533,0.025334654
20534,0.04729857
20535,0.06244089
20536,0.06170343
20537,0.07308664
20538,0.42435363
20539,0.63012165
20540,0.4197058
20541,0.4051461
20542,0.54634494
20543,0.063503705
20544,0.05701929
20545,0.0588894
20546,0.07467617
20547,0.07844436
20548,0.05270133
20549,0.025480635
20550,0.051364858
20551,0.07591007
20552,0.016386135
20553,0.0048794285
20554,0.041081805
20555,0.06788031
20556,0.0188074
20557,0.034353066
20558,0.011626036
20559,0.030177146
20560,0.05578115
20561,0.048181336
20562,0.059794214
20563,0.40174618
20564,0.23535013
20565,0.3819511
20566,0.6896379
20567,0.61517954
20568,0.2524162
20569,0.068329625
20570,0.042020172
20571,0.01768051
20572,0.04335388
20573,0.068913266
20574,0.013353067
20575,0.008826074
20576,0.029500518
20577,0.6050221
20578,0.04267421
20579,0.016010256
20580,0.050150402
20581,0.04298386
20582,0.06720143
20583,0.03478493
20584,0.04252808
20585,0.0158555
20586,0.040879544
20587,0.012304559
20588,0.012799442
20589,0.024405582
20590,0.060935866
20591,0.067687556
20592,0.5232817
20593,0.42707372
20594,0.2293504
20595,0.62058216
20596,0.4064188
20597,0.4183246
20598,0.2277751
20599,0.029911593
20600,0.032555856
20601,0.042462062
20602,0.0399121
20603,0.014709242
20604,0.033261012
20605,0.052087735
20606,0.49382943
20607,0.062337957
20608,0.3976112
20609,0.028146692
20610,0.06581748
20611,0.07197919
20612,0.07520203
20613,0.082980305
20614,0.042033818
20615,0.008348986
20616,0.03751317
20617,0.07469485
20618,0.62092894
20619,0.41224527
20620,0.4852562
20621,0.24253795
20622,0.37995136
20623,0.07972903
20624,0.061727606
20625,0.039349735
20626,0.011058802
20627,0.034832306
20628,0.027388567
20629,0.07281011
20630,0.07426482
20631,0.062137388
20632,0.38114452
20633,0.025430495
20634,0.056972224
20635,0.009476596
20636,0.40045106
20637,0.036970977
20638,0.009565666
20639,0.009542875
20640,0.071578845
20641,0.3848795
20642,0.026992781
20643,0.0052608093
20644,0.22388197
20645,0.2311142
20646,0.05629163
20647,0.06485702
20648,0.02797247
20649,0.06294825
20650,0.060762115
20651,0.03448108
20652,0.074111454
20653,0.06856968
20654,0.03720885
20655,0.02275861
20656,0.008712465
20657,0.06960765
20658,0.013042336
20659,0.061828405
20660,0.005820908
20661,0.03203517
20662,0.072509356
20663,0.03144416
20664,0.039357767
20665,0.007592873
20666,0.037337255
20667,0.07211858
20668,0.3908604
20669,0.41261736
20670,0.06864663
20671,0.010128143
20672,0.02614746
20673,0.046267103
20674,0.0128174685
20675,0.05480696
20676,0.07529493
20677,0.012869193
20678,0.0290963
20679,0.012703962
20680,0.029449422
20681,0.017231606
20682,0.024150632
20683,0.056744225
20684,0.062364917
20685,0.42486188
20686,0.011960197
20687,0.015408197
20688,0.19355883
20689,0.05518297
20690,0.062261757
20691,0.4587776
20692,0.06921578
20693,0.011460789
20694,0.07507478
20695,0.0332202
20696,0.01351031
20697,0.05672804
20698,0.07261728
20699,0.044875238
20700,0.015646541
20701,0.009522668
20702,0.25303638
20703,0.02988196
20704,0.013132705
20705,0.024003532
20706,0.07521478
20707,0.052494127
20708,0.03505717
20709,0.015468111
20710,0.025521563
20711,0.050215814
20712,0.2528547
20713,0.028256634
20714,0.0055030296
20715,0.017211359
20716,0.026737696
20717,0.03836619
20718,0.05059489
20719,0.24353114
20720,0.05190977
20721,0.23954621
20722,0.06242169
20723,0.025540002
20724,0.013068463
20725,0.042865094
20726,0.04299144
20727,0.025857048
20728,0.08000838
20729,0.015882133
20730,0.06894633
20731,0.016292632
20732,0.06136719
20733,0.042899586
20734,0.008699263
20735,0.40555525
20736,0.72494555
20737,0.06826631
20738,0.062195864
20739,0.012730119
20740,0.06255965
20741,0.04261969
20742,0.04014048
20743,0.06326568
20744,0.060173832
20745,0.06516229
20746,0.54392713
20747,0.01723199
20748,0.059271198
20749,0.060500167
20750,0.06050269
20751,0.015902063
20752,0.03362889
20753,0.074850775
20754,0.4355364
20755,0.056473564
20756,0.07686007
20757,0.023853065
20758,0.059254892
20759,0.008059035
20760,0.019335158
20761,0.059903137
20762,0.026337322
20763,0.023033299
20764,0.0461918
20765,0.048583597
20766,0.025333554
20767,0.04886091
20768,0.0118012065
20769,0.020771613
20770,0.0726996
20771,0.034238156
20772,0.037926238
20773,0.012998154
20774,0.030191068
20775,0.060935427
20776,0.06866717
20777,0.019632982
20778,0.0474598
20779,0.64073884
20780,0.053244695
20781,0.06648666
20782,0.033920776
20783,0.04179537
20784,0.042650413
20785,0.011451946
20786,0.015139155
20787,0.4367935
20788,0.026148418
20789,0.0069114873
20790,0.014392675
20791,0.043141913
20792,0.06706413
20793,0.016711641
20794,0.009471515
20795,0.06880864
20796,0.037668936
20797,0.02411707
20798,0.042500857
20799,0.4034136
20800,0.025187114
20801,0.017815495
20802,0.01783418
20803,0.011122848
20804,0.039175685
20805,0.028339788
20806,0.07874096
20807,0.051194787
20808,0.01307505
20809,0.01368552
20810,0.0067944126
20811,0.053030964
20812,0.22676475
20813,0.06214967
20814,0.05786809
20815,0.051806547
20816,0.025670364
20817,0.045228016
20818,0.015880348
20819,0.20586182
20820,0.2445223
20821,0.38562024
20822,0.008749289
20823,0.012005345
20824,0.010718597
20825,0.011206874
20826,0.017220026
20827,0.008136921
20828,0.008625089
20829,0.01308035
20830,0.012672839
20831,0.008633649
20832,0.02164887
20833,0.047271058
20834,0.04308539
20835,0.06855557
20836,0.011899449
20837,0.07677638
20838,0.00846277
20839,0.25025916
20840,0.009574226
20841,0.008557407
20842,0.024070036
20843,0.01134477
20844,0.016148482
20845,0.017431604
20846,0.012779286
20847,0.02910486
20848,0.05026182
20849,0.025648197
20850,0.03927736
20851,0.041456535
20852,0.012509428
20853,0.008236006
20854,0.011769691
20855,0.008710079
20856,0.06524124
20857,0.025257202
20858,0.041862126
20859,0.0077731907
20860,0.030271757
20861,0.014323992
20862,0.061790165
20863,0.010431255
20864,0.010021283
20865,0.4063888
20866,0.052863263
20867,0.05286352
20868,0.061069608
20869,0.019716712
20870,0.009507175
20871,0.06114164
20872,0.013010821
20873,0.06593058
20874,0.07494692
20875,0.01588748
20876,0.024386019
20877,0.029670676
20878,0.030345239
20879,0.024923405
20880,0.025559537
20881,0.010520064
20882,0.0063917194
20883,0.02955992
20884,0.008973308
20885,0.06170428
20886,0.048386905
20887,0.030072955
20888,0.006847519
20889,0.07464044
20890,0.01632458
20891,0.023011487
20892,0.028268442
20893,0.009835709
20894,0.014067963
20895,0.043250676
20896,0.017636012
20897,0.011098236
20898,0.029763907
20899,0.030445706
20900,0.029578535
20901,0.06946748
20902,0.07572376
20903,0.017005192
20904,0.06309001
20905,0.019742526
20906,0.044180475
20907,0.056227338
20908,0.03165839
20909,0.035494167
20910,0.037995324
20911,0.042007074
20912,0.07986621
20913,0.034087755
20914,0.07948419
20915,0.044152673
20916,0.067355864
20917,0.045219433
20918,0.24816433
20919,0.3951649
20920,0.10896789
20921,0.067583025
20922,0.27292112
20923,0.0741138
20924,0.24646892
20925,0.059146386
20926,0.017487705
20927,0.07800389
20928,0.012490432
20929,0.03770467
20930,0.013316421
20931,0.080117196
20932,0.030840883
20933,0.65792567
20934,0.088451676
20935,0.08712099
20936,0.060706172
20937,0.012166138
20938,0.027007246
20939,0.044359703
20940,0.03403784
20941,0.039686363
20942,0.08682184
20943,0.088775456
20944,0.43015754
20945,0.48909777
20946,0.04459329
20947,0.066567585
20948,0.091212794
20949,0.41645437
20950,0.05322184
20951,0.04160215
20952,0.06056926
20953,0.034996424
20954,0.47719353
20955,0.091568254
20956,0.08314387
20957,0.47371006
20958,0.09221583
20959,0.46079972
20960,0.05516284
20961,0.48887038
20962,0.05106338
20963,0.04831895
20964,0.035022065
20965,0.06322289
20966,0.07578089
20967,0.08528258
20968,0.07449014
20969,0.03194532
20970,0.06349417
20971,0.40393254
20972,0.044231944
20973,0.030404039
20974,0.05355577
20975,0.05568726
20976,0.0665294
20977,0.03088509
20978,0.042615138
20979,0.07484007
20980,0.025656316
20981,0.05549265
20982,0.2574745
20983,0.05477654
20984,0.105092786
20985,0.023728985
20986,0.05332833
20987,0.038709216
20988,0.013639376
20989,0.5098673
20990,0.0862975
20991,0.066975966
20992,0.10230096
20993,0.503404
20994,0.06409268
20995,0.050585028
20996,0.013091783
20997,0.01717106
20998,0.01509121
20999,0.0066045136
21000,0.03537897
21001,0.009752901
21002,0.06386859
21003,0.06313377
21004,0.07471677
21005,0.107653104
21006,0.27199978
21007,0.17730789
21008,0.044050775
21009,0.030760022
21010,0.024876822
21011,0.033952303
21012,0.25843307
21013,0.01882063
21014,0.041730285
21015,0.060723625
21016,0.044051323
21017,0.026265921
21018,0.08574497
21019,0.4362433
21020,0.054963242
21021,0.06818336
21022,0.01730569
21023,0.020224052
21024,0.040512227
21025,0.054571513
21026,0.027430383
21027,0.017105976
21028,0.08532617
21029,0.10150762
21030,0.076623164
21031,0.07662018
21032,0.05432
21033,0.009929542
21034,0.034113403
21035,0.030285278
21036,0.029494507
21037,0.03428752
21038,0.06888063
21039,0.051504515
21040,0.21656467
21041,0.0132977385
21042,0.034290664
21043,0.026514173
21044,0.01666313
21045,0.014659349
21046,0.023784367
21047,0.04020297
21048,0.023380682
21049,0.061224803
21050,0.10515555
21051,0.40380806
21052,0.042906366
21053,0.03828813
21054,0.035564143
21055,0.076152824
21056,0.059768666
21057,0.01396321
21058,0.053185575
21059,0.029726017
21060,0.081737824
21061,0.02610864
21062,0.023544168
21063,0.030794425
21064,0.005949941
21065,0.19747609
21066,0.055438444
21067,0.23978093
21068,0.22600597
21069,0.40536416
21070,0.05494907
21071,0.038526114
21072,0.017760752
21073,0.0507162
21074,0.04350237
21075,0.0095117595
21076,0.091187775
21077,0.044359703
21078,0.50767493
21079,0.079341985
21080,0.019677138
21081,0.07910439
21082,0.049731284
21083,0.04698404
21084,0.017698219
21085,0.015751094
21086,0.009271865
21087,0.012024792
21088,0.054934535
21089,0.01755152
21090,0.017273325
21091,0.06513297
21092,0.044021577
21093,0.062717065
21094,0.053388655
21095,0.07539034
21096,0.2381631
21097,0.38596043
21098,0.0551691
21099,0.021438923
21100,0.06471312
21101,0.014747779
21102,0.037936788
21103,0.025802227
21104,0.008744786
21105,0.066200964
21106,0.051372826
21107,0.08733587
21108,0.039872468
21109,0.07346825
21110,0.03780234
21111,0.052864812
21112,0.034486864
21113,0.016653012
21114,0.017303266
21115,0.23773104
21116,0.010517324
21117,0.030389009
21118,0.059112363
21119,0.030107679
21120,0.0217929
21121,0.03395956
21122,0.05208202
21123,0.059934
21124,0.08634605
21125,0.067057066
21126,0.25168216
21127,0.23061451
21128,0.090473436
21129,0.0116533805
21130,0.067196205
21131,0.049505163
21132,0.008936617
21133,0.03998143
21134,0.06409858
21135,0.020041853
21136,0.045323614
21137,0.035241142
21138,0.050424177
21139,0.06647963
21140,0.031243404
21141,0.051481493
21142,0.021914857
21143,0.017447393
21144,0.059720185
21145,0.013337779
21146,0.03645128
21147,0.08100611
21148,0.05275177
21149,0.09267794
21150,0.5042464
21151,0.06821749
21152,0.07903112
21153,0.05322486
21154,0.060774818
21155,0.05884734
21156,0.06628822
21157,0.049505163
21158,0.018434124
21159,0.10699706
21160,0.059200116
21161,0.06448202
21162,0.052746378
21163,0.06393895
21164,0.017435614
21165,0.026411342
21166,0.017249076
21167,0.01903692
21168,0.034386523
21169,0.26717246
21170,0.055211436
21171,0.043108102
21172,0.0723932
21173,0.72467893
21174,0.06647437
21175,0.013614166
21176,0.4026199
21177,0.05158599
21178,0.25884774
21179,0.26557714
21180,0.055978764
21181,0.044469934
21182,0.04548501
21183,0.075286366
21184,0.098662496
21185,0.038975064
21186,0.25321072
21187,0.066809915
21188,0.06060611
21189,0.014717247
21190,0.018480089
21191,0.047084138
21192,0.055288374
21193,0.0134905595
21194,0.08532617
21195,0.09293856
21196,0.09146909
21197,0.064284734
21198,0.031351574
21199,0.07460883
21200,0.09158247
21201,0.414814
21202,0.05064175
21203,0.009493953
21204,0.045428913
21205,0.02029281
21206,0.009221058
21207,0.05524011
21208,0.56162196
21209,0.035482273
21210,0.08202859
21211,0.49961758
21212,0.24048585
21213,0.012415513
21214,0.008674389
21215,0.0376528
21216,0.04976607
21217,0.2376905
21218,0.4169163
21219,0.00935527
21220,0.06280363
21221,0.064349435
21222,0.2483776
21223,0.0928646
21224,0.090723336
21225,0.10606549
21226,0.40491867
21227,0.06533673
21228,0.044544023
21229,0.0687962
21230,0.049413685
21231,0.2682314
21232,0.7292378
21233,0.0063884095
21234,0.040483903
21235,0.4226691
21236,0.013631527
21237,0.044394404
21238,0.10675611
21239,0.045593776
21240,0.060339034
21241,0.015717749
21242,0.04024897
21243,0.008181588
21244,0.38855487
21245,0.19176027
21246,0.062211324
21247,0.24829346
21248,0.09421962
21249,0.26450026
21250,0.39806387
21251,0.37548694
21252,0.027043661
21253,0.101633765
21254,0.22523215
21255,0.08625015
21256,0.69713026
21257,0.44789556
21258,0.44255835
21259,0.0058670077
21260,0.02309625
21261,0.23852676
21262,0.054677904
21263,0.018611908
21264,0.009686957
21265,0.051399544
21266,0.007958982
21267,0.010259105
21268,0.030959353
21269,0.051271167
21270,0.06726526
21271,0.06781544
21272,0.07600757
21273,0.06722193
21274,0.40794766
21275,0.22415908
21276,0.026514173
21277,0.07917313
21278,0.2505753
21279,0.0178308
21280,0.05109035
21281,0.67632186
21282,0.7355045
21283,0.6927914
21284,0.026970694
21285,0.022599023
21286,0.06672376
21287,0.49608654
21288,0.06551002
21289,0.016587408
21290,0.055394772
21291,0.009079258
21292,0.04996072
21293,0.05480127
21294,0.04425835
21295,0.011388197
21296,0.40490168
21297,0.016673895
21298,0.0272552
21299,0.22352234
21300,0.07628971
21301,0.045117967
21302,0.04436806
21303,0.3801511
21304,0.37070853
21305,0.024573857
21306,0.08766776
21307,0.074513875
21308,0.07520315
21309,0.59128505
21310,0.7926229
21311,0.5627626
21312,0.013379782
21313,0.0547044
21314,0.026077019
21315,0.4150501
21316,0.067016274
21317,0.38802743
21318,0.03815903
21319,0.06794842
21320,0.018581897
21321,0.06816304
21322,0.07575074
21323,0.09426977
21324,0.0838357
21325,0.51708835
21326,0.42618215
21327,0.23271722
21328,0.089898095
21329,0.06384608
21330,0.052805115
21331,0.07889835
21332,0.039975595
21333,0.18726704
21334,0.23905927
21335,0.09005152
21336,0.054632142
21337,0.072978325
21338,0.023326911
21339,0.7745902
21340,0.8408636
21341,0.63495606
21342,0.08665282
21343,0.04422373
21344,0.23957
21345,0.4050305
21346,0.015606221
21347,0.032072403
21348,0.068996534
21349,0.044541713
21350,0.4188101
21351,0.6491481
21352,0.0590197
21353,0.070882045
21354,0.06657844
21355,0.09940614
21356,0.059351806
21357,0.43427172
21358,0.22309871
21359,0.03431715
21360,0.06703905
21361,0.076367594
21362,0.0744056
21363,0.04319253
21364,0.020509375
21365,0.28984848
21366,0.27549103
21367,0.098086625
21368,0.06267966
21369,0.07929302
21370,0.060386676
21371,0.26669377
21372,0.028485956
21373,0.038731795
21374,0.03966211
21375,0.017784141
21376,0.03814693
21377,0.039929174
21378,0.4013679
21379,0.7626241
21380,0.41156137
21381,0.26048666
21382,0.07993908
21383,0.09187929
21384,0.093166985
21385,0.42291698
21386,0.052945677
21387,0.034735195
21388,0.03123081
21389,0.09128737
21390,0.08478984
21391,0.089251384
21392,0.27997395
21393,0.2652293
21394,0.24882501
21395,0.81398475
21396,0.23816068
21397,0.016606195
21398,0.08752287
21399,0.25416756
21400,0.019078985
21401,0.050300144
21402,0.49650148
21403,0.05454813
21404,0.0342146
21405,0.033737935
21406,0.04160215
21407,0.09347003
21408,0.36904344
21409,0.4169979
21410,0.50405395
21411,0.27056694
21412,0.093476035
21413,0.09167438
21414,0.13707843
21415,0.025576813
21416,0.24882501
21417,0.061769426
21418,0.045498095
21419,0.4671989
21420,0.26490822
21421,0.050497845
21422,0.48531097
21423,0.27208453
21424,0.005875013
21425,0.06565385
21426,0.07856258
21427,0.065326825
21428,0.010434617
21429,0.013177308
21430,0.026780812
21431,0.0501279
21432,0.06672412
21433,0.066374496
21434,0.088141665
21435,0.40913957
21436,0.6913921
21437,0.4023081
21438,0.4054195
21439,0.5714355
21440,0.06762546
21441,0.017935393
21442,0.060007975
21443,0.061947882
21444,0.09057701
21445,0.2552186
21446,0.055143226
21447,0.025971051
21448,0.05527078
21449,0.090801924
21450,0.005434546
21451,0.042057432
21452,0.07601065
21453,0.019672964
21454,0.014189439
21455,0.034646474
21456,0.017584015
21457,0.011420224
21458,0.031028481
21459,0.05911361
21460,0.050402652
21461,0.06397586
21462,0.43136227
21463,0.0893117
21464,0.39804974
21465,0.7469203
21466,0.64852226
21467,0.4068813
21468,0.07840211
21469,0.04301598
21470,0.018528262
21471,0.045591336
21472,0.07913614
21473,0.01365708
21474,0.008611661
21475,0.030516831
21476,0.6866001
21477,0.044573765
21478,0.01633913
21479,0.05311222
21480,0.04466151
21481,0.22254227
21482,0.044472747
21483,0.01610036
21484,0.042760793
21485,0.012776191
21486,0.0136804
21487,0.025591375
21488,0.06680118
21489,0.074461974
21490,0.46022448
21491,0.41388974
21492,0.22882581
21493,0.5789418
21494,0.38110846
21495,0.4934619
21496,0.2393902
21497,0.035804987
21498,0.033577956
21499,0.0440053
21500,0.040911913
21501,0.03444587
21502,0.053955503
21503,0.46440443
21504,0.21557774
21505,0.42287406
21506,0.027863244
21507,0.07475674
21508,0.08644606
21509,0.09327941
21510,0.10294793
21511,0.043321252
21512,0.027331375
21513,0.008544837
21514,0.03856019
21515,0.09094875
21516,0.5589769
21517,0.39315513
21518,0.5594864
21519,0.25180104
21520,0.26659396
21521,0.24570023
21522,0.06646057
21523,0.040427137
21524,0.012107717
21525,0.034083895
21526,0.028328108
21527,0.087480634
21528,0.09079009
21529,0.066378705
21530,0.2693479
21531,0.026019728
21532,0.059999693
21533,0.009806935
21534,0.38256562
21535,0.038280964
21536,0.009943362
21537,0.009873503
21538,0.07896481
21539,0.2375642
21540,0.027132057
21541,0.0056660003
21542,0.2265044
21543,0.103718184
21544,0.05920279
21545,0.07060733
21546,0.028090362
21547,0.06759376
21548,0.064031966
21549,0.03486067
21550,0.08768059
21551,0.0782032
21552,0.038138084
21553,0.025695255
21554,0.08043435
21555,0.011551816
21556,0.013579841
21557,0.068637274
21558,0.031070773
21559,0.08687926
21560,0.032711137
21561,0.03976443
21562,0.008598654
21563,0.03908393
21564,0.24829346
21565,0.3991606
21566,0.5451435
21567,0.080250345
21568,0.0475183
21569,0.056425203
21570,0.091253236
21571,0.0132029755
21572,0.029793527
21573,0.012930757
21574,0.02948065
21575,0.060672082
21576,0.0670903
21577,0.3686998
21578,0.012851973
21579,0.015487019
21580,0.18355231
21581,0.059146583
21582,0.068996534
21583,0.4395986
21584,0.08010818
21585,0.011573851
21586,0.09105132
21587,0.034275353
21588,0.01370007
21589,0.06006003
21590,0.0874259
21591,0.0465603
21592,0.011622843
21593,0.016794225
21594,0.009377062
21595,0.2707487
21596,0.013333284
21597,0.024441816
21598,0.0902803
21599,0.055122204
21600,0.035271917
21601,0.016471794
21602,0.026166497
21603,0.053047046
21604,0.2717457
21605,0.029456371
21606,0.018043984
21607,0.02707014
21608,0.03866232
21609,0.05268062
21610,0.24861377
21611,0.055047866
21612,0.09104298
21613,0.067341775
21614,0.02704392
21615,0.044125713
21616,0.04443225
21617,0.02742398
21618,0.26431996
21619,0.016597383
21620,0.08296151
21621,0.016410643
21622,0.06569008
21623,0.0445372
21624,0.008957758
21625,0.010224444
21626,0.48257217
21627,0.5997934
21628,0.2259631
21629,0.06780091
21630,0.012282682
21631,0.069620654
21632,0.043957923
21633,0.04078853
21634,0.06827232
21635,0.06414365
21636,0.074940324
21637,0.8485934
21638,0.063011095
21639,0.014163455
21640,0.06435788
21641,0.06348931
21642,0.016751148
21643,0.034494884
21644,0.0978348
21645,0.46526772
21646,0.06021127
21647,0.09568441
21648,0.061142407
21649,0.009135558
21650,0.063912235
21651,0.026928376
21652,0.023673052
21653,0.048621237
21654,0.051704876
21655,0.025783313
21656,0.05118368
21657,0.015721263
21658,0.08466799
21659,0.034111496
21660,0.038520396
21661,0.013288925
21662,0.031024894
21663,0.06519596
21664,0.0769571
21665,0.019118842
21666,0.023489198
21667,0.050705474
21668,0.6396485
21669,0.055080794
21670,0.22339834
21671,0.044808947
21672,0.03742259
21673,0.04308375
21674,0.04398152
21675,0.012085782
21676,0.015676655
21677,0.2742067
21678,0.025360709
21679,0.006026341
21680,0.014660829
21681,0.009836551
21682,0.04408508
21683,0.21948479
21684,0.017487705
21685,0.009879619
21686,0.080305465
21687,0.03668447
21688,0.025076209
21689,0.043805394
21690,0.41556332
21691,0.026131865
21692,0.019221513
21693,0.040902283
21694,0.02964735
21695,0.095644034
21696,0.05386494
21697,0.013546667
21698,0.014053255
21699,0.0070814737
21700,0.054763302
21701,0.090707235
21702,0.06818753
21703,0.06131662
21704,0.05548871
21705,0.026238382
21706,0.047996942
21707,0.015905684
21708,0.20000009
21709,0.09666482
21710,0.23173694
21711,0.009365027
21712,0.030380456
21713,0.013836936
21714,0.011554828
21715,0.015325577
21716,0.01147833
21717,0.017855182
21718,0.013838277
21719,0.013579841
21720,0.021725021
21721,0.04957523
21722,0.045610763
21723,0.079684086
21724,0.012298222
21725,0.00894543
21726,0.0913828
21727,0.40918422
21728,0.011679241
21729,0.0094128745
21730,0.018618425
21731,0.00966212
21732,0.024849229
21733,0.00964745
21734,0.016520089
21735,0.01764911
21736,0.007866144
21737,0.013143497
21738,0.029510353
21739,0.011587673
21740,0.012517525
21741,0.053765364
21742,0.02615981
21743,0.043064453
21744,0.013114377
21745,0.009139569
21746,0.011894681
21747,0.008449707
21748,0.074506775
21749,0.025614586
21750,0.044214197
21751,0.008565241
21752,0.030854493
21753,0.014868719
21754,0.06606374
21755,0.012282682
21756,0.011316867
21757,0.011298092
21758,0.3930774
21759,0.053141087
21760,0.054733876
21761,0.05524288
21762,0.06519596
21763,0.020245967
21764,0.06408252
21765,0.01370161
21766,0.07424729
21767,0.00830051
21768,0.09252122
21769,0.015927909
21770,0.024603512
21771,0.030652829
21772,0.030545663
21773,0.025999099
21774,0.0072488696
21775,0.011365267
21776,0.011571261
21777,0.03035525
21778,0.009761791
21779,0.010844353
21780,0.064196706
21781,0.05145114
21782,0.0072108656
21783,0.087265804
21784,0.016562015
21785,0.023238106
21786,0.029602315
21787,0.011092157
21788,0.013948325
21789,0.044462867
21790,0.017640298
21791,0.0127454335
21792,0.024634084
21793,0.031332042
21794,0.009599243
21795,0.029389003
21796,0.08855644
21797,0.09458064
21798,0.06731078
21799,0.008096214
21800,0.017247127
21801,0.048117127
21802,0.04325149
21803,0.054446775
21804,0.04411556
21805,0.041353125
21806,0.07072611
21807,0.044515647
21808,0.036169346
21809,0.026526146
21810,0.029928094
21811,0.06903523
21812,0.042752586
21813,0.064727016
21814,0.24035645
21815,0.3624352
21816,0.019287273
21817,0.043760277
21818,0.39388484
21819,0.06339442
21820,0.25375518
21821,0.06974479
21822,0.2362921
21823,0.016816167
21824,0.07069685
21825,0.040719695
21826,0.013109123
21827,0.22721079
21828,0.03097941
21829,0.5833011
21830,0.07684265
21831,0.075473554
21832,0.057127614
21833,0.027077481
21834,0.07611283
21835,0.07770093
21836,0.5015231
21837,0.50488
21838,0.042806964
21839,0.064110115
21840,0.08209259
21841,0.08362278
21842,0.05123197
21843,0.0416419
21844,0.05761256
21845,0.06720028
21846,0.031944018
21847,0.46959382
21848,0.08017691
21849,0.23810917
21850,0.42810255
21851,0.08153863
21852,0.47421438
21853,0.053823926
21854,0.25648075
21855,0.04919666
21856,0.046233322
21857,0.034315355
21858,0.061154973
21859,0.22405978
21860,0.07616285
21861,0.030645972
21862,0.037977252
21863,0.061243687
21864,0.37957177
21865,0.043757387
21866,0.05135719
21867,0.05368434
21868,0.06397817
21869,0.030545468
21870,0.041461024
21871,0.069747716
21872,0.025946403
21873,0.05394769
21874,0.24221565
21875,0.05312033
21876,0.08530161
21877,0.022855263
21878,0.039175346
21879,0.022519134
21880,0.012935873
21881,0.2610328
21882,0.075479984
21883,0.011707389
21884,0.06369261
21885,0.2548814
21886,0.5079316
21887,0.062207986
21888,0.04830339
21889,0.013022216
21890,0.01732427
21891,0.014846275
21892,0.0067063426
21893,0.034882434
21894,0.06183662
21895,0.060972508
21896,0.06858613
21897,0.25260246
21898,0.25474545
21899,0.01486636
21900,0.34145337
21901,0.04317636
21902,0.008910181
21903,0.030482614
21904,0.024178045
21905,0.03351789
21906,0.24401812
21907,0.018243803
21908,0.042236283
21909,0.05705577
21910,0.042607933
21911,0.02604027
21912,0.07489896
21913,0.42770335
21914,0.05297588
21915,0.065315306
21916,0.017094187
21917,0.020130036
21918,0.037739657
21919,0.052138276
21920,0.026550382
21921,0.074952565
21922,0.09356579
21923,0.0716336
21924,0.07011531
21925,0.0531284
21926,0.03515468
21927,0.031135973
21928,0.029242216
21929,0.0339817
21930,0.06749045
21931,0.049293052
21932,0.21798366
21933,0.013225005
21934,0.034173753
21935,0.02632175
21936,0.015350926
21937,0.014037098
21938,0.023624454
21939,0.039803214
21940,0.02342254
21941,0.056760117
21942,0.08413531
21943,0.25251168
21944,0.042372067
21945,0.03838268
21946,0.0348254
21947,0.07005529
21948,0.05779937
21949,0.01363811
21950,0.05163222
21951,0.029494435
21952,0.23710157
21953,0.025238298
21954,0.023095546
21955,0.030233013
21956,0.0055170674
21957,0.19573596
21958,0.053137306
21959,0.41359764
21960,0.22190663
21961,0.39490712
21962,0.05295338
21963,0.037913244
21964,0.017273644
21965,0.048506215
21966,0.042365283
21967,0.0085365595
21968,0.07779287
21969,0.042979296
21970,0.4914391
21971,0.07193265
21972,0.01928479
21973,0.072138086
21974,0.047496337
21975,0.04494922
21976,0.017398862
21977,0.015386627
21978,0.05294394
21979,0.016256541
21980,0.017368672
21981,0.061368905
21982,0.042375233
21983,0.213822
21984,0.05106131
21985,0.07069801
21986,0.38345826
21987,0.38079748
21988,0.052508764
21989,0.020623386
21990,0.061927754
21991,0.037370972
21992,0.06452413
21993,0.049539667
21994,0.07566432
21995,0.039508555
21996,0.06967482
21997,0.037303686
21998,0.05075202
21999,0.033947453
22000,0.07790295
22001,0.05621821
22002,0.030901955
22003,0.009769781
22004,0.021346603
22005,0.034574214
22006,0.050536152
22007,0.0575594
22008,0.07641361
22009,0.06550994
22010,0.24083486
22011,0.22292714
22012,0.22759843
22013,0.011372747
22014,0.063798316
22015,0.011279813
22016,0.0471573
22017,0.0634423
22018,0.03074055
22019,0.020617303
22020,0.043568235
22021,0.036011524
22022,0.011780123
22023,0.047955126
22024,0.06313304
22025,0.030898241
22026,0.049395517
22027,0.021308389
22028,0.030762529
22029,0.05735408
22030,0.034568746
22031,0.07281754
22032,0.051572148
22033,0.077837616
22034,0.5068732
22035,0.065488696
22036,0.071135774
22037,0.051999275
22038,0.058779176
22039,0.057558294
22040,0.064118
22041,0.0474987
22042,0.017798638
22043,0.08570802
22044,0.05641181
22045,0.062737346
22046,0.050381098
22047,0.06189215
22048,0.025489906
22049,0.018849023
22050,0.03507202
22051,0.08829433
22052,0.053345364
22053,0.042885758
22054,0.06975753
22055,0.63715297
22056,0.06431077
22057,0.01272169
22058,0.39289185
22059,0.046430305
22060,0.09005146
22061,0.25154454
22062,0.05406136
22063,0.008953773
22064,0.01841973
22065,0.042774912
22066,0.044232413
22067,0.06937909
22068,0.08822543
22069,0.038618416
22070,0.24180356
22071,0.06387067
22072,0.05777915
22073,0.014093547
22074,0.014053006
22075,0.018496497
22076,0.045972824
22077,0.053517405
22078,0.01445404
22079,0.075110555
22080,0.08277596
22081,0.08124345
22082,0.061655317
22083,0.030582767
22084,0.07137338
22085,0.07656872
22086,0.38884887
22087,0.048133183
22088,0.00868213
22089,0.04411908
22090,0.008495792
22091,0.053651053
22092,0.4860657
22093,0.0348251
22094,0.07010579
22095,0.46984014
22096,0.23306471
22097,0.0116274515
22098,0.037987914
22099,0.047460966
22100,0.22526152
22101,0.382461
22102,0.009452113
22103,0.059777834
22104,0.061602302
22105,0.08507704
22106,0.079020225
22107,0.07742981
22108,0.08753008
22109,0.38483155
22110,0.06174147
22111,0.043310948
22112,0.06423949
22113,0.047529623
22114,0.25164405
22115,0.6428693
22116,0.008221089
22117,0.04013112
22118,0.40344787
22119,0.01301499
22120,0.043001264
22121,0.25407505
22122,0.044008654
22123,0.05748668
22124,0.0151336035
22125,0.039739985
22126,0.005448863
22127,0.40078846
22128,0.36142707
22129,0.059934504
22130,0.24037196
22131,0.07937508
22132,0.08537924
22133,0.39147675
22134,0.40927827
22135,0.026867358
22136,0.09084633
22137,0.22126971
22138,0.075802565
22139,0.5527392
22140,0.25899154
22141,0.4706852
22142,0.005257559
22143,0.023031674
22144,0.07957346
22145,0.05227975
22146,0.018333247
22147,0.009691092
22148,0.04825747
22149,0.0057589514
22150,0.0078112413
22151,0.010264575
22152,0.03068572
22153,0.18872972
22154,0.064341076
22155,0.06385817
22156,0.0698346
22157,0.06418443
22158,0.38325354
22159,0.22176625
22160,0.0722472
22161,0.24127384
22162,0.016999828
22163,0.04980389
22164,0.6178517
22165,0.6523898
22166,0.56931424
22167,0.016160712
22168,0.06367122
22169,0.4775892
22170,0.0639908
22171,0.016287737
22172,0.053864997
22173,0.04871004
22174,0.051350918
22175,0.043147743
22176,0.011015386
22177,0.39082676
22178,0.01574263
22179,0.026567968
22180,0.22248684
22181,0.070297085
22182,0.04421455
22183,0.043417722
22184,0.38264182
22185,0.21664043
22186,0.02389192
22187,0.07637916
22188,0.07302151
22189,0.06903958
22190,0.6536454
22191,0.64817506
22192,0.5230851
22193,0.012942775
22194,0.0525146
22195,0.007851696
22196,0.40099242
22197,0.0652157
22198,0.24737814
22199,0.0378653
22200,0.06457278
22201,0.017605826
22202,0.06545186
22203,0.06879658
22204,0.082765855
22205,0.07352943
22206,0.4758539
22207,0.46294725
22208,0.22525251
22209,0.076986134
22210,0.062345542
22211,0.050618373
22212,0.07137268
22213,0.042195126
22214,0.030653758
22215,0.02160128
22216,0.07872712
22217,0.081836194
22218,0.052924242
22219,0.068580806
22220,0.51876676
22221,0.6382687
22222,0.60349125
22223,0.07549185
22224,0.04317242
22225,0.2286275
22226,0.010468528
22227,0.4135694
22228,0.015515096
22229,0.031665783
22230,0.06499364
22231,0.04361536
22232,0.37583408
22233,0.53722525
22234,0.056929495
22235,0.067929894
22236,0.06410284
22237,0.08623741
22238,0.05606019
22239,0.38441116
22240,0.22252262
22241,0.034109812
22242,0.06462072
22243,0.07012721
22244,0.069486104
22245,0.042129
22246,0.020448767
22247,0.44437084
22248,0.41172257
22249,0.23619048
22250,0.061326288
22251,0.026018532
22252,0.07109962
22253,0.05724076
22254,0.08867546
22255,0.028223578
22256,0.038451426
22257,0.03967263
22258,0.037965607
22259,0.038023
22260,0.41785398
22261,0.56074476
22262,0.25279602
22263,0.24455649
22264,0.07159827
22265,0.082536414
22266,0.23269273
22267,0.43679136
22268,0.051644877
22269,0.034046285
22270,0.031031074
22271,0.0803689
22272,0.076591454
22273,0.077824935
22274,0.26436448
22275,0.25461128
22276,0.08503678
22277,0.512845
22278,0.07973776
22279,0.017216627
22280,0.07539875
22281,0.08959768
22282,0.018467674
22283,0.04868918
22284,0.25336403
22285,0.05128
22286,0.033862524
22287,0.03318433
22288,0.041714355
22289,0.08024167
22290,0.3657715
22291,0.2518266
22292,0.5141005
22293,0.2534524
22294,0.08087698
22295,0.0795706
22296,0.4098083
22297,0.012391233
22298,0.025922993
22299,0.23594064
22300,0.058700558
22301,0.04428675
22302,0.4714932
22303,0.25190714
22304,0.047921367
22305,0.4487019
22306,0.38658983
22307,0.06340985
22308,0.07096647
22309,0.0626121
22310,0.04625427
22311,0.009917949
22312,0.012484375
22313,0.026754301
22314,0.048534285
22315,0.06355493
22316,0.0620848
22317,0.08305124
22318,0.37617144
22319,0.61905265
22320,0.42300722
22321,0.38049906
22322,0.57485557
22323,0.06520395
22324,0.057208803
22325,0.060083378
22326,0.07774122
22327,0.24404041
22328,0.053043902
22329,0.025732271
22330,0.052902546
22331,0.0779167
22332,0.041369032
22333,0.069652624
22334,0.019339385
22335,0.014213343
22336,0.034124848
22337,0.01739246
22338,0.04937227
22339,0.011449376
22340,0.030084733
22341,0.056653652
22342,0.048757523
22343,0.06091952
22344,0.23726454
22345,0.2320455
22346,0.37401056
22347,0.678838
22348,0.62539876
22349,0.25615844
22350,0.07101928
22351,0.01832599
22352,0.04425015
22353,0.07228018
22354,0.01363665
22355,0.030634956
22356,0.56901884
22357,0.04294844
22358,0.015474696
22359,0.05087878
22360,0.043066513
22361,0.07037832
22362,0.03471553
22363,0.04311553
22364,0.041875836
22365,0.012508342
22366,0.013221834
22367,0.02564051
22368,0.064125106
22369,0.07058589
22370,0.4636163
22371,0.390793
22372,0.22322525
22373,0.67673516
22374,0.2555999
22375,0.44213045
22376,0.22769247
22377,0.035547424
22378,0.031201597
22379,0.033217613
22380,0.043307092
22381,0.040615484
22382,0.034050114
22383,0.053569566
22384,0.4195693
22385,0.0660609
22386,0.40381578
22387,0.028223578
22388,0.071150005
22389,0.07662786
22390,0.07953529
22391,0.23995747
22392,0.042478662
22393,0.027419183
22394,0.0387265
22395,0.08043185
22396,0.5937865
22397,0.38948378
22398,0.48490325
22399,0.24223459
22400,0.2513051
22401,0.08411911
22402,0.06368604
22403,0.040485896
22404,0.011555841
22405,0.02031171
22406,0.035107926
22407,0.02969132
22408,0.075359434
22409,0.07831425
22410,0.06465908
22411,0.25256014
22412,0.025126243
22413,0.05775089
22414,0.25091556
22415,0.038226176
22416,0.07187928
22417,0.22704369
22418,0.02725546
22419,0.21884274
22420,0.07641958
22421,0.056996502
22422,0.06815379
22423,0.027820967
22424,0.06605494
22425,0.061704196
22426,0.07546166
22427,0.07074987
22428,0.038021646
22429,0.008199223
22430,0.21894096
22431,0.011449003
22432,0.0657715
22433,0.038118564
22434,0.03042352
22435,0.07525216
22436,0.03161756
22437,0.039916735
22438,0.03801432
22439,0.079087965
22440,0.39917317
22441,0.50292826
22442,0.071775116
22443,0.011812664
22444,0.017121727
22445,0.026686795
22446,0.045682322
22447,0.05411771
22448,0.07948872
22449,0.012648977
22450,0.02911783
22451,0.013365557
22452,0.030416217
22453,0.017509973
22454,0.010803215
22455,0.057645246
22456,0.064656705
22457,0.398658
22458,0.012212693
22459,0.01587831
22460,0.18900588
22461,0.056771968
22462,0.06525293
22463,0.46635327
22464,0.072042316
22465,0.011593636
22466,0.22950009
22467,0.012070051
22468,0.03396367
22469,0.014023203
22470,0.05717982
22471,0.07533658
22472,0.046035945
22473,0.015878484
22474,0.009240558
22475,0.25237
22476,0.029932402
22477,0.012838267
22478,0.023831319
22479,0.080838695
22480,0.052976653
22481,0.03569343
22482,0.016375571
22483,0.025722567
22484,0.051393084
22485,0.2537133
22486,0.02963232
22487,0.017318625
22488,0.026795302
22489,0.037924413
22490,0.051642343
22491,0.24252534
22492,0.052172992
22493,0.24220055
22494,0.064376414
22495,0.027092138
22496,0.043001126
22497,0.043449923
22498,0.027285216
22499,0.2515454
22500,0.016084688
22501,0.07186104
22502,0.015350926
22503,0.063459024
22504,0.045351047
22505,0.010076279
22506,0.43021804
22507,0.64838564
22508,0.21989995
22509,0.06516485
22510,0.011995129
22511,0.063900776
22512,0.04394098
22513,0.04016187
22514,0.064697385
22515,0.061688866
22516,0.07101492
22517,0.7138224
22518,0.058204845
22519,0.014439964
22520,0.062364314
22521,0.060654737
22522,0.016160712
22523,0.034568746
22524,0.0819931
22525,0.26354423
22526,0.057499994
22527,0.08195477
22528,0.024341498
22529,0.058713246
22530,0.06108868
22531,0.026648039
22532,0.023155179
22533,0.04692853
22534,0.05026573
22535,0.024950475
22536,0.017300837
22537,0.049330786
22538,0.015938282
22539,0.074505635
22540,0.034616217
22541,0.03865884
22542,0.013221834
22543,0.030638726
22544,0.06288064
22545,0.07110128
22546,0.019198967
22547,0.023321988
22548,0.048462033
22549,0.5758514
22550,0.053924862
22551,0.07077418
22552,0.042497862
22553,0.034559935
22554,0.042354383
22555,0.04291729
22556,0.011859754
22557,0.0155457575
22558,0.25914535
22559,0.025456386
22560,0.014239694
22561,0.04334126
22562,0.06970958
22563,0.016831199
22564,0.009445118
22565,0.07130739
22566,0.03820351
22567,0.024084957
22568,0.043032248
22569,0.39549458
22570,0.02491374
22571,0.018447002
22572,0.017973483
22573,0.011017463
22574,0.040915843
22575,0.030832196
22576,0.004907904
22577,0.084905
22578,0.05143279
22579,0.012692206
22580,0.006902332
22581,0.053667434
22582,0.0788803
22583,0.066169985
22584,0.058182217
22585,0.05314608
22586,0.025305346
22587,0.01622557
22588,0.19959298
22589,0.2465157
22590,0.22400497
22591,0.008646225
22592,0.01033269
22593,0.03039016
22594,0.012514795
22595,0.010814261
22596,0.0144465035
22597,0.011576703
22598,0.016808866
22599,0.014135715
22600,0.008361068
22601,0.016675208
22602,0.009576469
22603,0.021721384
22604,0.04666017
22605,0.04380308
22606,0.072806604
22607,0.07829228
22608,0.08504405
22609,0.009585029
22610,0.008957056
22611,0.024096536
22612,0.01107745
22613,0.009351183
22614,0.015796512
22615,0.017368713
22616,0.013036087
22617,0.029624434
22618,0.01138763
22619,0.013194803
22620,0.0089364555
22621,0.05178835
22622,0.025708707
22623,0.04028419
22624,0.011879093
22625,0.041904893
22626,0.013493633
22627,0.008521164
22628,0.011793199
22629,0.008303699
22630,0.07046164
22631,0.043017957
22632,0.0073034163
22633,0.030203307
22634,0.014489929
22635,0.06372795
22636,0.010444579
22637,0.39235544
22638,0.050935287
22639,0.052682865
22640,0.052768104
22641,0.010179358
22642,0.06285122
22643,0.01968147
22644,0.062352862
22645,0.07045061
22646,0.007757661
22647,0.07832655
22648,0.016132932
22649,0.030545468
22650,0.030847054
22651,0.0065512196
22652,0.01107359
22653,0.011094725
22654,0.031352162
22655,0.009372392
22656,0.009976604
22657,0.06186417
22658,0.049031544
22659,0.0046983673
22660,0.07719296
22661,0.016590988
22662,0.022674914
22663,0.01292961
22664,0.029440071
22665,0.01033269
22666,0.013704487
22667,0.043085217
22668,0.017357735
22669,0.0124876145
22670,0.023986798
22671,0.030548647
22672,0.008865429
22673,0.009917949
22674,0.015169538
22675,0.026987534
22676,0.07574998
22677,0.080536924
22678,0.01712322
22679,0.06566429
22680,0.018691173
22681,0.03367732
22682,0.051027957
22683,0.042394266
22684,0.05265231
22685,0.06998991
22686,0.02993525
22687,0.064696215
22688,0.042671088
22689,0.064088255
22690,0.04245636
22691,0.24398102
22692,0.40177485
22693,0.0438906
22694,0.08488092
22695,0.2522977
22696,0.0681124
22697,0.08331661
22698,0.018169988
22699,0.06888401
22700,0.012315851
22701,0.038334228
22702,0.012972105
22703,0.22968832
22704,0.03176994
22705,0.53154355
22706,0.23263183
22707,0.042953197
22708,0.0732456
22709,0.05682065
22710,0.04236542
22711,0.03378727
22712,0.012792211
22713,0.039578013
22714,0.073111095
22715,0.24201153
22716,0.44603452
22717,0.45905623
22718,0.042904116
22719,0.06302899
22720,0.07714325
22721,0.24361697
22722,0.01879182
22723,0.051228896
22724,0.04105636
22725,0.057273306
22726,0.034463204
22727,0.46484756
22728,0.07639543
22729,0.07177913
22730,0.40907556
22731,0.07801569
22732,0.46473834
22733,0.052813612
22734,0.25484234
22735,0.04839571
22736,0.034010287
22737,0.060559824
22738,0.06980141
22739,0.072677225
22740,0.029293973
22741,0.037072543
22742,0.060807556
22743,0.25328392
22744,0.043876853
22745,0.030872114
22746,0.05084361
22747,0.053076603
22748,0.06254428
22749,0.030176463
22750,0.03816637
22751,0.068276085
22752,0.05270756
22753,0.080334306
22754,0.05247876
22755,0.08520147
22756,0.03825339
22757,0.023036823
22758,0.2545755
22759,0.07336276
22760,0.0631085
22761,0.25251895
22762,0.25200653
22763,0.009161635
22764,0.005130468
22765,0.06125352
22766,0.047944367
22767,0.012039226
22768,0.014436586
22769,0.034666162
22770,0.060695726
22771,0.06793189
22772,0.08149418
22773,0.2510587
22774,0.010169624
22775,0.016933287
22776,0.18837708
22777,0.042744707
22778,0.009396928
22779,0.02972819
22780,0.024296178
22781,0.033771332
22782,0.24776228
22783,0.01791449
22784,0.041671924
22785,0.057218466
22786,0.043187603
22787,0.07082061
22788,0.43896705
22789,0.052434735
22790,0.06342422
22791,0.017259382
22792,0.019665895
22793,0.040187344
22794,0.052680813
22795,0.01759325
22796,0.026800612
22797,0.073266834
22798,0.08793386
22799,0.06651461
22800,0.069188215
22801,0.052392863
22802,0.009688427
22803,0.03457887
22804,0.030086607
22805,0.028373726
22806,0.0337747
22807,0.0047129346
22808,0.063298985
22809,0.048147682
22810,0.21735038
22811,0.012964855
22812,0.033470217
22813,0.026354142
22814,0.014452911
22815,0.022510318
22816,0.03928574
22817,0.022552904
22818,0.056185666
22819,0.08746032
22820,0.38934162
22821,0.041724756
22822,0.037017237
22823,0.034449242
22824,0.0672967
22825,0.05782253
22826,0.013198125
22827,0.050720867
22828,0.013899773
22829,0.028788492
22830,0.23805828
22831,0.02516139
22832,0.023089146
22833,0.03169708
22834,0.0050444556
22835,0.19739725
22836,0.053302627
22837,0.22927248
22838,0.37469444
22839,0.36974257
22840,0.052324396
22841,0.038356237
22842,0.01722932
22843,0.047746457
22844,0.042281795
22845,0.07596048
22846,0.042949658
22847,0.5487138
22848,0.07067601
22849,0.018734202
22850,0.07169456
22851,0.04666737
22852,0.045393843
22853,0.018174786
22854,0.0087350095
22855,0.052606303
22856,0.017412359
22857,0.017145095
22858,0.017356688
22859,0.06126066
22860,0.04222827
22861,0.21798617
22862,0.050447498
22863,0.06769038
22864,0.395239
22865,0.40601403
22866,0.05280762
22867,0.02038911
22868,0.06143728
22869,0.0144246705
22870,0.03799558
22871,0.062636085
22872,0.048543967
22873,0.07421673
22874,0.039046805
22875,0.06855766
22876,0.036868945
22877,0.048659027
22878,0.033392105
22879,0.07555837
22880,0.009779628
22881,0.055409
22882,0.029423248
22883,0.0090538785
22884,0.021477573
22885,0.033554528
22886,0.04999951
22887,0.056958273
22888,0.07202739
22889,0.0630175
22890,0.24143814
22891,0.07322767
22892,0.22668305
22893,0.011648628
22894,0.06304628
22895,0.011215639
22896,0.047311597
22897,0.039426316
22898,0.06251679
22899,0.03081479
22900,0.019196216
22901,0.04357441
22902,0.035105795
22903,0.046103865
22904,0.062100828
22905,0.029815547
22906,0.048740454
22907,0.021498904
22908,0.029689357
22909,0.057441454
22910,0.012739648
22911,0.03357195
22912,0.06911699
22913,0.04988976
22914,0.07509729
22915,0.2791665
22916,0.062023707
22917,0.069703616
22918,0.050700635
22919,0.05879992
22920,0.056076415
22921,0.062391087
22922,0.04687747
22923,0.010252637
22924,0.36839765
22925,0.055990696
22926,0.06125515
22927,0.050289713
22928,0.061261564
22929,0.025628785
22930,0.017430669
22931,0.01866904
22932,0.033964433
22933,0.08625457
22934,0.052583475
22935,0.041688826
22936,0.067726016
22937,0.53309345
22938,0.06267422
22939,0.013952111
22940,0.38516757
22941,0.04842175
22942,0.08198809
22943,0.08093176
22944,0.05297063
22945,0.01814379
22946,0.042752992
22947,0.043674912
22948,0.06736738
22949,0.08583176
22950,0.037471667
22951,0.07991678
22952,0.06343667
22953,0.056774493
22954,0.018094568
22955,0.04509263
22956,0.053246327
22957,0.012943485
22958,0.07277861
22959,0.080278255
22960,0.23154032
22961,0.061983764
22962,0.034443874
22963,0.06697253
22964,0.073723786
22965,0.3856698
22966,0.047981754
22967,0.04377469
22968,0.053116325
22969,0.47604564
22970,0.034259725
22971,0.0642808
22972,0.409516
22973,0.073085
22974,0.011448789
22975,0.01718514
22976,0.0085444655
22977,0.037177324
22978,0.04688159
22979,0.22727634
22980,0.24200132
22981,0.008799968
22982,0.05875227
22983,0.06125352
22984,0.08406927
22985,0.07868564
22986,0.07418566
22987,0.08318819
22988,0.38800254
22989,0.06289857
22990,0.043292698
22991,0.06320393
22992,0.046865318
22993,0.08235487
22994,0.626856
22995,0.0051301336
22996,0.039292168
22997,0.38892737
22998,0.013043972
22999,0.04311783
23000,0.2511682
23001,0.014028806
23002,0.01213489
23003,0.043679494
23004,0.05693679
23005,0.015389542
23006,0.039369166
23007,0.005633097
23008,0.40672758
23009,0.19395638
23010,0.05913405
23011,0.24022053
23012,0.07923681
23013,0.08211867
23014,0.39143664
23015,0.39322126
23016,0.08637297
23017,0.0687209
23018,0.22831418
23019,0.5424593
23020,0.25716126
23021,0.25278488
23022,0.022897195
23023,0.22824368
23024,0.052754905
23025,0.025283014
23026,0.0186858
23027,0.047305517
23028,0.007830694
23029,0.0101729045
23030,0.030728852
23031,0.04923811
23032,0.06323636
23033,0.06337574
23034,0.067757696
23035,0.06316677
23036,0.22835065
23037,0.4010672
23038,0.026066167
23039,0.07036989
23040,0.24228942
23041,0.017568056
23042,0.047907837
23043,0.54341793
23044,0.47232586
23045,0.63833517
23046,0.0055375146
23047,0.025741998
23048,0.06360159
23049,0.48598647
23050,0.06204244
23051,0.016897438
23052,0.052385416
23053,0.028074855
23054,0.0077298223
23055,0.048592992
23056,0.05392768
23057,0.0425694
23058,0.011056675
23059,0.37105843
23060,0.0154982675
23061,0.02662667
23062,0.22220884
23063,0.06762085
23064,0.043861397
23065,0.042824164
23066,0.37828088
23067,0.21723817
23068,0.023639206
23069,0.07404608
23070,0.06628477
23071,0.06787989
23072,0.5258883
23073,0.5487622
23074,0.60270196
23075,0.013043972
23076,0.05202565
23077,0.026889753
23078,0.40932986
23079,0.064414516
23080,0.24696784
23081,0.037286926
23082,0.06300741
23083,0.018139832
23084,0.06381079
23085,0.06764644
23086,0.078588955
23087,0.07455364
23088,0.47917956
23089,0.47740832
23090,0.22797626
23091,0.08078601
23092,0.060865328
23093,0.05054263
23094,0.06990454
23095,0.03931113
23096,0.18750744
23097,0.078618124
23098,0.07702612
23099,0.0527897
23100,0.06687945
23101,0.023046553
23102,0.5259216
23103,0.49108502
23104,0.5291076
23105,0.07316438
23106,0.042951487
23107,0.22723603
23108,0.40942797
23109,0.025178934
23110,0.031039206
23111,0.06249575
23112,0.042980425
23113,0.37103087
23114,0.62163717
23115,0.056379035
23116,0.06508135
23117,0.062337276
23118,0.08237377
23119,0.055644605
23120,0.38327262
23121,0.21956584
23122,0.033572674
23123,0.062358655
23124,0.06823913
23125,0.06751924
23126,0.04186776
23127,0.019920543
23128,0.25857186
23129,0.2525972
23130,0.085372865
23131,0.060541768
23132,0.025526319
23133,0.06955124
23134,0.05698728
23135,0.08443128
23136,0.027926475
23137,0.039422736
23138,0.03875648
23139,0.0150507465
23140,0.01740794
23141,0.037581496
23142,0.039233245
23143,0.3886946
23144,0.6957983
23145,0.25106412
23146,0.24646306
23147,0.06955038
23148,0.07560322
23149,0.07944193
23150,0.49798048
23151,0.050716978
23152,0.03443458
23153,0.0305484
23154,0.07830874
23155,0.07739497
23156,0.07523908
23157,0.26121047
23158,0.25198317
23159,0.0845196
23160,0.5370351
23161,0.07760844
23162,0.016217275
23163,0.07287652
23164,0.24152704
23165,0.018838031
23166,0.04838538
23167,0.24634318
23168,0.051004503
23169,0.033201557
23170,0.033243116
23171,0.041285977
23172,0.07628037
23173,0.39613134
23174,0.08593085
23175,0.48531032
23176,0.25263304
23177,0.07918739
23178,0.07661617
23179,0.25292066
23180,0.025572903
23181,0.083877355
23182,0.057829097
23183,0.045198336
23184,0.46944034
23185,0.25378257
23186,0.047241185
23187,0.48898748
23188,0.25142795
23189,0.0051683425
23190,0.062490094
23191,0.06869653
23192,0.062580444
23193,0.0437273
23194,0.009639066
23195,0.012334631
23196,0.026558757
23197,0.047330327
23198,0.062385295
23199,0.06329109
23200,0.07189602
23201,0.41404235
23202,0.6112199
23203,0.37860733
23204,0.40844074
23205,0.54123694
23206,0.06261744
23207,0.017019307
23208,0.05749186
23209,0.058390934
23210,0.22646004
23211,0.24489434
23212,0.05286956
23213,0.02511666
23214,0.052840114
23215,0.076093465
23216,0.0163913
23217,0.04141034
23218,0.0686086
23219,0.019440936
23220,0.036948618
23221,0.017259382
23222,0.04896745
23223,0.011017139
23224,0.030104067
23225,0.055747535
23226,0.048120324
23227,0.06061954
23228,0.2393257
23229,0.23289417
23230,0.3857259
23231,0.5551818
23232,0.5210403
23233,0.25408605
23234,0.22005612
23235,0.041511193
23236,0.044747915
23237,0.06997102
23238,0.013467561
23239,0.02999424
23240,0.52116
23241,0.042646453
23242,0.016028943
23243,0.051109135
23244,0.0425591
23245,0.06755897
23246,0.03339747
23247,0.042894326
23248,0.015751956
23249,0.041756112
23250,0.012770967
23251,0.013100573
23252,0.025603633
23253,0.062090088
23254,0.06751047
23255,0.45752496
23256,0.38012764
23257,0.2262829
23258,0.66195184
23259,0.252033
23260,0.4734656
23261,0.22723624
23262,0.03550872
23263,0.030345894
23264,0.03312535
23265,0.04282349
23266,0.039687738
23267,0.033242613
23268,0.05280193
23269,0.44637045
23270,0.21598087
23271,0.2528127
23272,0.027496496
23273,0.0678519
23274,0.07408643
23275,0.07756906
23276,0.24267264
23277,0.041984893
23278,0.0044874083
23279,0.026840681
23280,0.009944791
23281,0.038369104
23282,0.078040674
23283,0.5413441
23284,0.4191878
23285,0.53019786
23286,0.2437708
23287,0.25245243
23288,0.084023416
23289,0.21775006
23290,0.039564703
23291,0.011523169
23292,0.02018448
23293,0.0106857335
23294,0.028394526
23295,0.07401898
23296,0.07542957
23297,0.06264568
23298,0.08597545
23299,0.025599351
23300,0.0569254
23301,0.00989382
23302,0.38898885
23303,0.037133195
23304,0.07020197
23305,0.23049654
23306,0.026810044
23307,0.22323163
23308,0.07494464
23309,0.056070376
23310,0.06479883
23311,0.0278475
23312,0.06344385
23313,0.061329093
23314,0.03446938
23315,0.07207351
23316,0.07014759
23317,0.03742382
23318,0.026277643
23319,0.06859553
23320,0.0107068615
23321,0.011516586
23322,0.012967705
23323,0.062565945
23324,0.030425645
23325,0.07318824
23326,0.031496327
23327,0.040003855
23328,0.008547045
23329,0.037676916
23330,0.07483584
23331,0.25796238
23332,0.44264016
23333,0.06975108
23334,0.04539491
23335,0.012613535
23336,0.053607155
23337,0.08057844
23338,0.012308848
23339,0.029153578
23340,0.012758429
23341,0.028786162
23342,0.01695202
23343,0.011341254
23344,0.024298823
23345,0.057427794
23346,0.06264178
23347,0.4103646
23348,0.012240837
23349,0.020194443
23350,0.02988827
23351,0.055722807
23352,0.06285847
23353,0.42180094
23354,0.06927299
23355,0.22717121
23356,0.033741277
23357,0.01314615
23358,0.057518963
23359,0.07402895
23360,0.04499737
23361,0.01081453
23362,0.01596891
23363,0.0098339645
23364,0.25222188
23365,0.02934288
23366,0.010571658
23367,0.012611204
23368,0.024266202
23369,0.07762764
23370,0.051886357
23371,0.035174716
23372,0.01726797
23373,0.02563004
23374,0.05050017
23375,0.36467537
23376,0.028695647
23377,0.018955946
23378,0.026401011
23379,0.038428094
23380,0.049916346
23381,0.24508032
23382,0.052271083
23383,0.075747035
23384,0.06382533
23385,0.026359428
23386,0.013089858
23387,0.04238798
23388,0.04315532
23389,0.02618849
23390,0.36841622
23391,0.23427033
23392,0.01596023
23393,0.062005866
23394,0.04311784
23395,0.008143581
23396,0.009457552
23397,0.46344513
23398,0.568856
23399,0.2238093
23400,0.06300741
23401,0.06269307
23402,0.04329563
23403,0.038918924
23404,0.06414078
23405,0.06178708
23406,0.068590656
23407,0.53956187
23408,0.059321497
23409,0.013748873
23410,0.061033625
23411,0.060396608
23412,0.016167702
23413,0.034225643
23414,0.08023724
23415,0.4927157
23416,0.056631643
23417,0.07996705
23418,0.02434028
23419,0.057855695
23420,0.061439984
23421,0.025749834
23422,0.022435319
23423,0.045557328
23424,0.04881793
23425,0.024921317
23426,0.017265838
23427,0.049204037
23428,0.015926775
23429,0.07154929
23430,0.03392293
23431,0.038279854
23432,0.013952111
23433,0.02986291
23434,0.062479492
23435,0.0687642
23436,0.019120289
23437,0.048279975
23438,0.56216
23439,0.05237821
23440,0.06705661
23441,0.04293628
23442,0.034420032
23443,0.04158654
23444,0.042811777
23445,0.011523257
23446,0.01506998
23447,0.08834428
23448,0.02499687
23449,0.014671395
23450,0.04299176
23451,0.06787451
23452,0.01683155
23453,0.0699054
23454,0.036469135
23455,0.024186216
23456,0.043033008
23457,0.38825378
23458,0.018114232
23459,0.018265923
23460,0.039728478
23461,0.029220005
23462,0.08276114
23463,0.051372867
23464,0.0125379795
23465,0.0056466656
23466,0.052160695
23467,0.07666953
23468,0.06284195
23469,0.058247462
23470,0.05196531
23471,0.02572921
23472,0.045599706
23473,0.015671408
23474,0.20582815
23475,0.07784553
23476,0.22666764
23477,0.00914406
23478,0.03261465
23479,0.012084166
23480,0.0106857335
23481,0.014751171
23482,0.017411605
23483,0.008085741
23484,0.0134907765
23485,0.008214191
23486,0.01352283
23487,0.0128488345
23488,0.021350283
23489,0.047573384
23490,0.04449193
23491,0.06970886
23492,0.009139903
23493,0.23075283
23494,0.08236863
23495,0.009138217
23496,0.00897025
23497,0.023881732
23498,0.011391499
23499,0.009445165
23500,0.017265838
23501,0.012365346
23502,0.02924024
23503,0.011179301
23504,0.012752096
23505,0.008564484
23506,0.007654373
23507,0.051495854
23508,0.025727024
23509,0.039898682
23510,0.011653805
23511,0.012974633
23512,0.00848373
23513,0.06753242
23514,0.024878653
23515,0.04250169
23516,0.0076921214
23517,0.010349318
23518,0.030196566
23519,0.062631994
23520,0.012321954
23521,0.010205923
23522,0.38174593
23523,0.050168883
23524,0.051983614
23525,0.052742954
23526,0.01318892
23527,0.009218102
23528,0.06280593
23529,0.019562552
23530,0.061409615
23531,0.06748703
23532,0.0759326
23533,0.015535952
23534,0.024037456
23535,0.02997257
23536,0.030245997
23537,0.006447697
23538,0.010930755
23539,0.011044487
23540,0.029810745
23541,0.00905642
23542,0.011155241
23543,0.0618895
23544,0.049021825
23545,0.24113847
23546,0.012110587
23547,0.016447954
23548,0.02265121
23549,0.009740349
23550,0.0134907765
23551,0.04366803
23552,0.017120935
23553,0.012295641
23554,0.023615431
23555,0.031565662
23556,0.009110482
23557,0.0093798265
23558,0.014722345
23559,0.028143786
23560,0.06892083
23561,0.07776999
23562,0.016961204
23563,0.06310137
23564,0.01879215
23565,0.03517502
23566,0.05029372
23567,0.042954262
23568,0.053437408
23569,0.031408697
23570,0.037846852
23571,0.04283875
23572,0.06960886
23573,0.043618165
23574,0.03524174
23575,0.03090119
23576,0.065967485
23577,0.043596767
23578,0.06409189
23579,0.24442166
23580,0.23145391
23581,0.044534978
23582,0.08236167
23583,0.06387343
23584,0.4134249
23585,0.06896264
23586,0.08259313
23587,0.056191184
23588,0.069478616
23589,0.038107537
23590,0.011567707
23591,0.06792114
23592,0.030904856
23593,0.619735
23594,0.07496086
23595,0.04333082
23596,0.043245472
23597,0.07476566
23598,0.058206834
23599,0.02714561
23600,0.043089528
23601,0.040022433
23602,0.0758434
23603,0.244156
23604,0.5107541
23605,0.485901
23606,0.062765755
23607,0.0917056
23608,0.24312112
23609,0.01914833
23610,0.050882224
23611,0.041297954
23612,0.057624992
23613,0.06577266
23614,0.03428454
23615,0.46574488
23616,0.07960858
23617,0.072634235
23618,0.44824013
23619,0.07928735
23620,0.4388524
23621,0.01649063
23622,0.05299343
23623,0.25755596
23624,0.049084354
23625,0.045928806
23626,0.033946544
23627,0.06103382
23628,0.06715808
23629,0.07493836
23630,0.06885635
23631,0.03186434
23632,0.060845993
23633,0.082550466
23634,0.043361712
23635,0.029927514
23636,0.050882224
23637,0.053767744
23638,0.06419276
23639,0.030303834
23640,0.03838049
23641,0.0417927
23642,0.06761149
23643,0.025870657
23644,0.05315625
23645,0.07992828
23646,0.052346632
23647,0.25592166
23648,0.023312176
23649,0.05020307
23650,0.037939947
23651,0.013849805
23652,0.50408
23653,0.074772656
23654,0.06406843
23655,0.25561926
23656,0.4925799
23657,0.009098544
23658,0.005799302
23659,0.06306266
23660,0.047752928
23661,0.012703662
23662,0.011776355
23663,0.062351324
23664,0.06969495
23665,0.08213601
23666,0.25486815
23667,0.016349735
23668,0.35048583
23669,0.042924922
23670,0.030635638
23671,0.03385695
23672,0.40343526
23673,0.017995724
23674,0.042292956
23675,0.057536397
23676,0.043240145
23677,0.07661046
23678,0.4551798
23679,0.051924672
23680,0.06411392
23681,0.0205455
23682,0.04077278
23683,0.052596785
23684,0.009510113
23685,0.016904762
23686,0.0269545
23687,0.0113477595
23688,0.074099936
23689,0.08902359
23690,0.06866732
23691,0.06980175
23692,0.052993465
23693,0.0097866915
23694,0.034953218
23695,0.030150028
23696,0.028894885
23697,0.033679526
23698,0.0055042813
23699,0.063829206
23700,0.048782364
23701,0.21799159
23702,0.013015892
23703,0.034074996
23704,0.026458066
23705,0.017588113
23706,0.015127034
23707,0.02310729
23708,0.040313844
23709,0.020463115
23710,0.023779862
23711,0.05651731
23712,0.08352322
23713,0.4002712
23714,0.042302266
23715,0.037880756
23716,0.0350141
23717,0.067669414
23718,0.057564482
23719,0.050972935
23720,0.011921231
23721,0.029912263
23722,0.2412128
23723,0.02622989
23724,0.023606285
23725,0.030079337
23726,0.0059557413
23727,0.20279033
23728,0.05314769
23729,0.23439284
23730,0.22603512
23731,0.38400373
23732,0.05267924
23733,0.037537746
23734,0.017255083
23735,0.04790652
23736,0.04478698
23737,0.07866696
23738,0.04327248
23739,0.50050896
23740,0.0678038
23741,0.07168934
23742,0.047698893
23743,0.015384674
23744,0.008982552
23745,0.0119168665
23746,0.053519275
23747,0.026354773
23748,0.01791942
23749,0.016949158
23750,0.017389657
23751,0.06223285
23752,0.042531893
23753,0.06084415
23754,0.05070474
23755,0.06833868
23756,0.39043167
23757,0.40605295
23758,0.053217564
23759,0.020614522
23760,0.062187538
23761,0.015078326
23762,0.038029324
23763,0.02534697
23764,0.008880438
23765,0.062667124
23766,0.04843777
23767,0.07491485
23768,0.039466396
23769,0.067203246
23770,0.038150344
23771,0.04985132
23772,0.033784095
23773,0.016383735
23774,0.07979776
23775,0.009593391
23776,0.0561857
23777,0.030742204
23778,0.010236687
23779,0.021736395
23780,0.034670174
23781,0.050043665
23782,0.05741424
23783,0.07544687
23784,0.06438252
23785,0.2444308
23786,0.22975287
23787,0.07842846
23788,0.011955515
23789,0.06381647
23790,0.011975696
23791,0.04723144
23792,0.03937742
23793,0.06290121
23794,0.030633576
23795,0.019840974
23796,0.04383977
23797,0.035558984
23798,0.012693032
23799,0.04668993
23800,0.06376355
23801,0.03082471
23802,0.048819683
23803,0.02275897
23804,0.03063349
23805,0.017578943
23806,0.013253936
23807,0.057290338
23808,0.013198465
23809,0.03402923
23810,0.070953116
23811,0.050517064
23812,0.0764912
23813,0.2768498
23814,0.06448813
23815,0.07027987
23816,0.052126884
23817,0.058599483
23818,0.056504797
23819,0.06343634
23820,0.046612404
23821,0.009379323
23822,0.017648509
23823,0.08277789
23824,0.05689559
23825,0.06274124
23826,0.051200353
23827,0.061658576
23828,0.017655868
23829,0.026024098
23830,0.017677566
23831,0.018704945
23832,0.034440435
23833,0.25775945
23834,0.05399024
23835,0.041972257
23836,0.06932279
23837,0.59446543
23838,0.06284834
23839,0.013324411
23840,0.38891658
23841,0.049454886
23842,0.08334577
23843,0.2521657
23844,0.05431038
23845,0.018851765
23846,0.04367123
23847,0.044279926
23848,0.06590957
23849,0.08423504
23850,0.038105205
23851,0.07762465
23852,0.06353828
23853,0.05819258
23854,0.013299038
23855,0.018236317
23856,0.044885557
23857,0.05332811
23858,0.014041873
23859,0.0736755
23860,0.07961408
23861,0.22945443
23862,0.0633736
23863,0.030294409
23864,0.06951894
23865,0.08481404
23866,0.40906084
23867,0.047585618
23868,0.009288321
23869,0.044114474
23870,0.020150939
23871,0.009473116
23872,0.052927632
23873,0.56487906
23874,0.03484782
23875,0.06529996
23876,0.42771173
23877,0.073642366
23878,0.017654322
23879,0.037957452
23880,0.046738848
23881,0.23105074
23882,0.24316809
23883,0.0103542125
23884,0.060082972
23885,0.061849892
23886,0.08403971
23887,0.23105615
23888,0.075647384
23889,0.08227373
23890,0.42189196
23891,0.06249955
23892,0.01777084
23893,0.0437515
23894,0.06451466
23895,0.046912543
23896,0.08128057
23897,0.50173306
23898,0.04053717
23899,0.4081987
23900,0.013530418
23901,0.04310487
23902,0.25390393
23903,0.014771657
23904,0.04384461
23905,0.058414057
23906,0.016231664
23907,0.03997494
23908,0.0057891384
23909,0.3903283
23910,0.20034339
23911,0.05994406
23912,0.2444994
23913,0.07928735
23914,0.08380249
23915,0.39817247
23916,0.41654742
23917,0.24702045
23918,0.22826542
23919,0.074226245
23920,0.55586374
23921,0.25736216
23922,0.43468302
23923,0.0056375363
23924,0.02378453
23925,0.07847197
23926,0.052600674
23927,0.02624224
23928,0.018482499
23929,0.04821283
23930,0.008220429
23931,0.0109260995
23932,0.030759607
23933,0.049248636
23934,0.06387898
23935,0.06376649
23936,0.06872586
23937,0.06356658
23938,0.22924554
23939,0.40532973
23940,0.026140874
23941,0.06952354
23942,0.24399051
23943,0.017245129
23944,0.049491428
23945,0.54038924
23946,0.62660265
23947,0.52942663
23948,0.025872517
23949,0.063668504
23950,0.4861303
23951,0.06409458
23952,0.016531907
23953,0.052319415
23954,0.007979659
23955,0.048069935
23956,0.054557815
23957,0.042901263
23958,0.012075643
23959,0.3737654
23960,0.016489085
23961,0.027593987
23962,0.06771637
23963,0.06938668
23964,0.04308353
23965,0.043329865
23966,0.4000158
23967,0.37058887
23968,0.02455041
23969,0.07468764
23970,0.06747542
23971,0.06827814
23972,0.5408858
23973,0.6663766
23974,0.6080898
23975,0.013244055
23976,0.20977329
23977,0.026122425
23978,0.4096943
23979,0.06485171
23980,0.24845047
23981,0.037988707
23982,0.06406315
23983,0.018254833
23984,0.0641526
23985,0.06906186
23986,0.07865613
23987,0.073462516
23988,0.5121284
23989,0.44511646
23990,0.41079348
23991,0.07600799
23992,0.062448572
23993,0.050041072
23994,0.07234259
23995,0.03997494
23996,0.030379836
23997,0.077572845
23998,0.07707038
23999,0.0528062
24000,0.06901731
24001,0.02349053
24002,0.58110243
24003,0.7242889
24004,0.65699625
24005,0.074860394
24006,0.042918675
24007,0.2326426
24008,0.37843186
24009,0.026146913
24010,0.008591221
24011,0.015864512
24012,0.03133868
24013,0.06324241
24014,0.042675376
24015,0.4133931
24016,0.6196335
24017,0.056306668
24018,0.06670775
24019,0.062683515
24020,0.08411184
24021,0.055924844
24022,0.40420088
24023,0.22483638
24024,0.034241885
24025,0.0636239
24026,0.06850656
24027,0.06785739
24028,0.042062916
24029,0.020606572
24030,0.26885262
24031,0.38519934
24032,0.23830909
24033,0.059962068
24034,0.069964014
24035,0.010793955
24036,0.05695463
24037,0.083125174
24038,0.027760565
24039,0.039365467
24040,0.040128518
24041,0.017297462
24042,0.03780588
24043,0.04024443
24044,0.4120073
24045,0.6284836
24046,0.2536293
24047,0.24970578
24048,0.07008501
24049,0.07959025
24050,0.237201
24051,0.4537213
24052,0.050935313
24053,0.026581194
24054,0.03349424
24055,0.030284068
24056,0.0823654
24057,0.07634977
24058,0.23335524
24059,0.50066006
24060,0.25414145
24061,0.08403967
24062,0.6528678
24063,0.07778832
24064,0.016631598
24065,0.23012702
24066,0.24598734
24067,0.018828182
24068,0.048445377
24069,0.49916026
24070,0.051147223
24071,0.033553388
24072,0.033276107
24073,0.041317455
24074,0.078955464
24075,0.4078835
24076,0.25415447
24077,0.50951344
24078,0.2589886
24079,0.079347715
24080,0.07766824
24081,0.25391454
24082,0.026272777
24083,0.08382209
24084,0.059794743
24085,0.043659013
24086,0.42293546
24087,0.2532026
24088,0.04828564
24089,0.44113815
24090,0.25360063
24091,0.0059230262
24092,0.06363602
24093,0.07005073
24094,0.06322471
24095,0.010474234
24096,0.027274968
24097,0.047968507
24098,0.06400973
24099,0.06310928
24100,0.07517116
24101,0.3966853
24102,0.56336343
24103,0.4027369
24104,0.4216636
24105,0.5706729
24106,0.06272683
24107,0.057327148
24108,0.059902556
24109,0.07623796
24110,0.081595294
24111,0.05265865
24112,0.025693154
24113,0.05213819
24114,0.07726702
24115,0.016314214
24116,0.005061762
24117,0.041984513
24118,0.06836067
24119,0.019355725
24120,0.013589568
24121,0.03467723
24122,0.017236333
24123,0.017744958
24124,0.029377041
24125,0.05612668
24126,0.048667375
24127,0.06175298
24128,0.24009365
24129,0.07207455
24130,0.42481196
24131,0.60952514
24132,0.5626844
24133,0.25304934
24134,0.22365893
24135,0.044292394
24136,0.07036851
24137,0.013676086
24138,0.008842707
24139,0.5430478
24140,0.04356953
24141,0.01633447
24142,0.050974894
24143,0.043361828
24144,0.068965636
24145,0.03520754
24146,0.04267929
24147,0.015774095
24148,0.041789457
24149,0.005559113
24150,0.012950065
24151,0.014383643
24152,0.025653806
24153,0.06444896
24154,0.068342306
24155,0.48845634
24156,0.4177885
24157,0.22975287
24158,0.6473055
24159,0.38881424
24160,0.43218893
24161,0.22913624
24162,0.0357063
24163,0.033666313
24164,0.043252394
24165,0.03996947
24166,0.01550937
24167,0.03331992
24168,0.05284078
24169,0.45278612
24170,0.21556845
24171,0.41918123
24172,0.027634116
24173,0.068457305
24174,0.074157186
24175,0.07984647
24176,0.24558194
24177,0.04184494
24178,0.038747035
24179,0.07791485
24180,0.59464663
24181,0.43609017
24182,0.56108457
24183,0.24333744
24184,0.2528192
24185,0.08312384
24186,0.063935414
24187,0.040573686
24188,0.020492962
24189,0.028746352
24190,0.074828826
24191,0.07711446
24192,0.062938444
24193,0.08244339
24194,0.023700159
24195,0.057753615
24196,0.009953758
24197,0.25367916
24198,0.038150344
24199,0.01113693
24200,0.07093666
24201,0.23074076
24202,0.027423603
24203,0.22773808
24204,0.069504835
24205,0.05614595
24206,0.066616945
24207,0.028224653
24208,0.06360553
24209,0.06270641
24210,0.033769634
24211,0.07441456
24212,0.0707515
24213,0.03778499
24214,0.0081436355
24215,0.07036874
24216,0.01111706
24217,0.22446325
24218,0.007242081
24219,0.030391974
24220,0.075462125
24221,0.03170839
24222,0.04044544
24223,0.03815989
24224,0.076195836
24225,0.40071443
24226,0.45387885
24227,0.06952765
24228,0.012871627
24229,0.017746681
24230,0.026369898
24231,0.045937233
24232,0.053437408
24233,0.08091006
24234,0.012464668
24235,0.029198289
24236,0.013160508
24237,0.029371288
24238,0.017382292
24239,0.011933361
24240,0.024236666
24241,0.0073383567
24242,0.0577142
24243,0.063165076
24244,0.38213637
24245,0.012982011
24246,0.01607328
24247,0.030671157
24248,0.0561857
24249,0.06412264
24250,0.420642
24251,0.070477016
24252,0.020238843
24253,0.009908264
24254,0.23517223
24255,0.012289288
24256,0.034021653
24257,0.014157323
24258,0.05769678
24259,0.22951373
24260,0.04519819
24261,0.016792027
24262,0.010393013
24263,0.25399613
24264,0.030451046
24265,0.013017549
24266,0.024420533
24267,0.077691935
24268,0.05267924
24269,0.03543703
24270,0.016140793
24271,0.025991382
24272,0.051121403
24273,0.4151981
24274,0.029393695
24275,0.017637255
24276,0.026748784
24277,0.03797089
24278,0.051259685
24279,0.24530184
24280,0.05173892
24281,0.24490644
24282,0.06430687
24283,0.02726404
24284,0.043531276
24285,0.04357328
24286,0.02652414
24287,0.25355056
24288,0.07298332
24289,0.016187765
24290,0.061728984
24291,0.0436153
24292,0.010106461
24293,0.4303544
24294,0.5546317
24295,0.22342819
24296,0.06446539
24297,0.012472803
24298,0.06352152
24299,0.043008953
24300,0.040524594
24301,0.06569488
24302,0.06283244
24303,0.068580694
24304,0.7251919
24305,0.017664429
24306,0.061236717
24307,0.013943763
24308,0.06254952
24309,0.06060537
24310,0.01739738
24311,0.034105305
24312,0.08072604
24313,0.27398345
24314,0.057516
24315,0.23699701
24316,0.02436222
24317,0.05886743
24318,0.062222764
24319,0.02667546
24320,0.024108287
24321,0.04576317
24322,0.049781717
24323,0.026068494
24324,0.018172063
24325,0.04892632
24326,0.015969526
24327,0.07651984
24328,0.033659782
24329,0.038479082
24330,0.030437738
24331,0.062647566
24332,0.06953583
24333,0.019861765
24334,0.04849004
24335,0.6488953
24336,0.05324583
24337,0.069064975
24338,0.04318308
24339,0.033960056
24340,0.041924804
24341,0.04272622
24342,0.012830003
24343,0.08988783
24344,0.025387878
24345,0.014461029
24346,0.042075492
24347,0.22442614
24348,0.01788398
24349,0.010079956
24350,0.2226315
24351,0.037409555
24352,0.042451058
24353,0.42327562
24354,0.025481874
24355,0.018684024
24356,0.0057027736
24357,0.01856652
24358,0.0119168665
24359,0.03981831
24360,0.029191012
24361,0.08284976
24362,0.051430367
24363,0.007639397
24364,0.053105075
24365,0.07750176
24366,0.06410936
24367,0.05882272
24368,0.052348565
24369,0.046383403
24370,0.01595061
24371,0.20793788
24372,0.07812885
24373,0.22439851
24374,0.009009432
24375,0.030402541
24376,0.012639548
24377,0.0117750345
24378,0.015136636
24379,0.011704982
24380,0.017281964
24381,0.020010507
24382,0.009265127
24383,0.014001445
24384,0.013479085
24385,0.008327437
24386,0.022206502
24387,0.048049107
24388,0.04405511
24389,0.071809106
24390,0.0059230262
24391,0.077410705
24392,0.008462965
24393,0.25378305
24394,0.01843654
24395,0.024006044
24396,0.011798599
24397,0.017679492
24398,0.029551893
24399,0.011866046
24400,0.005274318
24401,0.012372735
24402,0.012830847
24403,0.009450326
24404,0.008242013
24405,0.051454637
24406,0.025452228
24407,0.04083425
24408,0.012339663
24409,0.043301474
24410,0.013482206
24411,0.009072825
24412,0.011723733
24413,0.009118335
24414,0.06857118
24415,0.025954755
24416,0.04323497
24417,0.008508744
24418,0.01060797
24419,0.030755589
24420,0.011572994
24421,0.014342283
24422,0.06286709
24423,0.012400176
24424,0.011369461
24425,0.010733501
24426,0.009944695
24427,0.39965358
24428,0.05086822
24429,0.052732274
24430,0.052450005
24431,0.005559865
24432,0.06268145
24433,0.0205455
24434,0.061629374
24435,0.067506164
24436,0.07694439
24437,0.016395714
24438,0.024017354
24439,0.030233841
24440,0.03031683
24441,0.025888378
24442,0.02546413
24443,0.011855579
24444,0.03106502
24445,0.0098626455
24446,0.010577306
24447,0.06177538
24448,0.049609713
24449,0.030175418
24450,0.07583882
24451,0.012496396
24452,0.029002056
24453,0.0102494145
24454,0.014553027
24455,0.043719817
24456,0.012807102
24457,0.023971273
24458,0.030328516
24459,0.009376262
24460,0.029298734
24461,0.2365955
24462,0.078179866
24463,0.018227167
24464,0.0637203
24465,0.018484829
24466,0.035021096
24467,0.05364557
24468,0.044554897
24469,0.055611327
24470,0.046496786
24471,0.009114907
24472,0.084990636
24473,0.04559156
24474,0.070563465
24475,0.09177382
24476,0.2414009
24477,0.04622755
24478,0.013998195
24479,0.27240267
24480,0.068290554
24481,0.27691746
24482,0.077416696
24483,0.09850493
24484,0.027566472
24485,0.018286625
24486,0.08121169
24487,0.013307623
24488,0.03992785
24489,0.013952158
24490,0.084346145
24491,0.03127529
24492,0.66552377
24493,0.2466943
24494,0.0451902
24495,0.09082512
24496,0.061557945
24497,0.04542609
24498,0.0172155
24499,0.013905556
24500,0.04048329
24501,0.08862756
24502,0.41677818
24503,0.52538025
24504,0.48277062
24505,0.044865973
24506,0.06864785
24507,0.09437898
24508,0.09989625
24509,0.009159615
24510,0.02200873
24511,0.054265935
24512,0.04294715
24513,0.06168325
24514,0.07210656
24515,0.035139147
24516,0.45364922
24517,0.09360434
24518,0.39280987
24519,0.44549844
24520,0.09435016
24521,0.021625523
24522,0.44264394
24523,0.016903106
24524,0.0565308
24525,0.27425972
24526,0.05194661
24527,0.04878106
24528,0.0355781
24529,0.06476162
24530,0.07670374
24531,0.08715334
24532,0.07795889
24533,0.032389708
24534,0.03887443
24535,0.066070415
24536,0.110891365
24537,0.045243572
24538,0.031061849
24539,0.054690678
24540,0.056438357
24541,0.06884477
24542,0.03078002
24543,0.03992917
24544,0.043540746
24545,0.07809583
24546,0.027066724
24547,0.0557219
24548,0.10610165
24549,0.055935208
24550,0.27657646
24551,0.05383487
24552,0.03951713
24553,0.024016883
24554,0.014045919
24555,0.013116069
24556,0.015730165
24557,0.50708693
24558,0.08866081
24559,0.068685666
24560,0.11948954
24561,0.11087432
24562,0.06704666
24563,0.052034307
24564,0.03560442
24565,0.0667875
24566,0.064974606
24567,0.109716244
24568,0.2780867
24569,0.017131131
24570,0.34938234
24571,0.04427994
24572,0.009149631
24573,0.03465648
24574,0.26255333
24575,0.018862195
24576,0.044187594
24577,0.0109051075
24578,0.060953528
24579,0.044638705
24580,0.026707
24581,0.091139026
24582,0.47436917
24583,0.055581924
24584,0.07056453
24585,0.018645057
24586,0.020957807
24587,0.04125505
24588,0.055224255
24589,0.00985967
24590,0.02743815
24591,0.0122524
24592,0.088186294
24593,0.10726145
24594,0.07619016
24595,0.08060045
24596,0.055410832
24597,0.010572412
24598,0.035719313
24599,0.03141062
24600,0.030262532
24601,0.0350218
24602,0.070057034
24603,0.052331008
24604,0.4140249
24605,0.014433059
24606,0.034842357
24607,0.027271334
24608,0.016947454
24609,0.0153077105
24610,0.02413069
24611,0.04158316
24612,0.020738617
24613,0.023788061
24614,0.0603846
24615,0.27226317
24616,0.43768024
24617,0.044065896
24618,0.03880352
24619,0.035813715
24620,0.07680067
24621,0.062018253
24622,0.05315085
24623,0.014803995
24624,0.013250188
24625,0.030368518
24626,0.25148228
24627,0.026326647
24628,0.024235385
24629,0.031262133
24630,0.0071428074
24631,0.19875021
24632,0.05625974
24633,0.4112508
24634,0.42532235
24635,0.3903937
24636,0.05558801
24637,0.038545653
24638,0.019026322
24639,0.04980292
24640,0.044892225
24641,0.09381966
24642,0.045002032
24643,0.6198027
24644,0.08201278
24645,0.020503242
24646,0.08195243
24647,0.050177336
24648,0.04752824
24649,0.016214045
24650,0.010201814
24651,0.01194583
24652,0.056474686
24653,0.027213227
24654,0.018873522
24655,0.013096048
24656,0.017353538
24657,0.018436523
24658,0.066373564
24659,0.044027608
24660,0.06517081
24661,0.05389325
24662,0.0764651
24663,0.3857977
24664,0.40950462
24665,0.055813473
24666,0.02170411
24667,0.0667875
24668,0.0154444855
24669,0.03872206
24670,0.026514811
24671,0.06910658
24672,0.05178483
24673,0.0896956
24674,0.03973222
24675,0.077484146
24676,0.03925849
24677,0.05305987
24678,0.034679487
24679,0.016947454
24680,0.094771646
24681,0.031120155
24682,0.06001309
24683,0.03117843
24684,0.010624579
24685,0.022601306
24686,0.035029214
24687,0.052705575
24688,0.062002167
24689,0.09135571
24690,0.069551274
24691,0.42750105
24692,0.23323248
24693,0.24131837
24694,0.012361135
24695,0.06825036
24696,0.011688424
24697,0.049963485
24698,0.04089869
24699,0.06727136
24700,0.03187993
24701,0.020190805
24702,0.046481308
24703,0.03641256
24704,0.012807077
24705,0.050413366
24706,0.06773481
24707,0.03217918
24708,0.052458845
24709,0.031544436
24710,0.014108506
24711,0.061631706
24712,0.014396863
24713,0.035907317
24714,0.08114855
24715,0.05371227
24716,0.09319328
24717,0.30093682
24718,0.07083047
24719,0.08073527
24720,0.05466201
24721,0.21049863
24722,0.05983379
24723,0.06865736
24724,0.050488357
24725,0.010453689
24726,0.009479529
24727,0.018825375
24728,0.27701887
24729,0.05996321
24730,0.066820696
24731,0.053053223
24732,0.06651391
24733,0.018275553
24734,0.026764754
24735,0.021023458
24736,0.03418019
24737,0.2753357
24738,0.056087166
24739,0.04358886
24740,0.07821838
24741,0.5346962
24742,0.068568654
24743,0.014007862
24744,0.41588083
24745,0.052875936
24746,0.2678772
24747,0.27133515
24748,0.055865802
24749,0.045372225
24750,0.046563894
24751,0.07702471
24752,0.10222882
24753,0.03944079
24754,0.096401624
24755,0.06860045
24756,0.0072918576
24757,0.06192971
24758,0.019486679
24759,0.047303505
24760,0.05614266
24761,0.014519108
24762,0.087587856
24763,0.094920285
24764,0.2403004
24765,0.06694419
24766,0.031234453
24767,0.07790105
24768,0.10639543
24769,0.40833294
24770,0.051339127
24771,0.009645044
24772,0.04672058
24773,0.020857079
24774,0.009510254
24775,0.055734336
24776,0.5830786
24777,0.03631225
24778,0.087460816
24779,0.4773046
24780,0.0900176
24781,0.018273141
24782,0.012688248
24783,0.038804863
24784,0.050068695
24785,0.24068366
24786,0.4275639
24787,0.009791194
24788,0.21468872
24789,0.06747419
24790,0.24967311
24791,0.24180791
24792,0.09306098
24793,0.11207727
24794,0.38550535
24795,0.066643275
24796,0.045721885
24797,0.07103135
24798,0.049617574
24799,0.271115
24800,0.6491274
24801,0.006805502
24802,0.0407083
24803,0.43843117
24804,0.014449911
24805,0.04499695
24806,0.110695355
24807,0.012700733
24808,0.0466755
24809,0.061336704
24810,0.016430391
24811,0.040948834
24812,0.006929938
24813,0.4208091
24814,0.35513622
24815,0.06367964
24816,0.25514597
24817,0.097361356
24818,0.27212277
24819,0.4242346
24820,0.26916128
24821,0.027311655
24822,0.25432226
24823,0.22768196
24824,0.08977113
24825,0.6244815
24826,0.27845278
24827,0.27778098
24828,0.0071428074
24829,0.023899257
24830,0.24120675
24831,0.05568359
24832,0.0287367
24833,0.019890279
24834,0.012190626
24835,0.051653724
24836,0.009000216
24837,0.011100355
24838,0.03197686
24839,0.19175333
24840,0.06970759
24841,0.06823736
24842,0.077637285
24843,0.06825036
24844,0.41106007
24845,0.22744027
24846,0.027471479
24847,0.08217235
24848,0.25170946
24849,0.018068342
24850,0.05165711
24851,0.70986104
24852,0.76599056
24853,0.6482027
24854,0.026657894
24855,0.017029263
24856,0.0685384
24857,0.48389128
24858,0.06814002
24859,0.05520191
24860,0.050847203
24861,0.05585935
24862,0.044971775
24863,0.012312413
24864,0.44897398
24865,0.017104786
24866,0.028173884
24867,0.07723615
24868,0.07714411
24869,0.046429258
24870,0.044952422
24871,0.3989492
24872,0.3722334
24873,0.025166195
24874,0.08936738
24875,0.07674846
24876,0.078622304
24877,0.65393823
24878,0.7037964
24879,0.64402044
24880,0.20505267
24881,0.027290858
24882,0.009221916
24883,0.40244663
24884,0.07012678
24885,0.2676258
24886,0.038788136
24887,0.06918867
24888,0.01841976
24889,0.070877165
24890,0.0772557
24891,0.096481435
24892,0.08687345
24893,0.5297543
24894,0.44658038
24895,0.39540058
24896,0.091576874
24897,0.06553647
24898,0.052975036
24899,0.081282444
24900,0.040597156
24901,0.030140502
24902,0.022449758
24903,0.093842655
24904,0.09635909
24905,0.05556492
24906,0.07770498
24907,0.024133798
24908,0.75712883
24909,0.7994913
24910,0.689117
24911,0.08909224
24912,0.045557633
24913,0.24125233
24914,0.40322497
24915,0.02675219
24916,0.009694325
24917,0.016997136
24918,0.01651612
24919,0.03286437
24920,0.070865735
24921,0.04552847
24922,0.4309651
24923,0.68459266
24924,0.06030626
24925,0.071977474
24926,0.068378925
24927,0.09976383
24928,0.05971255
24929,0.40900737
24930,0.077431686
24931,0.03522851
24932,0.07006038
24933,0.077442
24934,0.07642853
24935,0.043627404
24936,0.021153474
24937,0.29130405
24938,0.27684167
24939,0.099417605
24940,0.064203456
24941,0.0265948
24942,0.08087596
24943,0.061053727
24944,0.2751783
24945,0.029226972
24946,0.039337218
24947,0.041101065
24948,0.018166922
24949,0.038404178
24950,0.041240532
24951,0.41991916
24952,0.7039489
24953,0.42106363
24954,0.10051588
24955,0.08130428
24956,0.09698702
24957,0.09579479
24958,0.49972814
24959,0.053650144
24960,0.035026748
24961,0.03208645
24962,0.24219185
24963,0.08945001
24964,0.41178685
24965,0.4602573
24966,0.42001504
24967,0.2495291
24968,0.62816787
24969,0.095391735
24970,0.017171785
24971,0.23181938
24972,0.25464892
24973,0.01984213
24974,0.051338904
24975,0.27999452
24976,0.05468217
24977,0.03575597
24978,0.034945197
24979,0.042422105
24980,0.0921209
24981,0.42431855
24982,0.27000475
24983,0.5110495
24984,0.27390203
24985,0.0955607
24986,0.09390677
24987,0.42456362
24988,0.026905308
24989,0.10010296
24990,0.06295977
24991,0.046190236
24992,0.4903531
24993,0.2749344
24994,0.0508477
24995,0.48648283
24996,0.2749344
24997,0.0063677803
24998,0.0676202
24999,0.079738975
25000,0.06767737
25001,0.010772316
25002,0.0118386885
25003,0.00921948
25004,0.027181802
25005,0.050563708
25006,0.06827392
25007,0.067647636
25008,0.0897601
25009,0.41725117
25010,0.6147239
25011,0.43509528
25012,0.43045223
25013,0.63199794
25014,0.069911785
25015,0.061961345
25016,0.06340143
25017,0.09320239
25018,0.104170695
25019,0.05589713
25020,0.026889734
25021,0.006025965
25022,0.05631099
25023,0.09545318
25024,0.017158426
25025,0.04242453
25026,0.08227586
25027,0.014918397
25028,0.034401204
25029,0.018625466
25030,0.019993914
25031,0.012169903
25032,0.03112119
25033,0.05966698
25034,0.050943628
25035,0.06519341
25036,0.408157
25037,0.24831381
25038,0.4106903
25039,0.6375944
25040,0.5880522
25041,0.42314717
25042,0.22833827
25043,0.044050198
25044,0.019890279
25045,0.04646313
25046,0.0808401
25047,0.014131382
25048,0.03109411
25049,0.6487341
25050,0.045833346
25051,0.016689202
25052,0.053364255
25053,0.045834873
25054,0.07673834
25055,0.03554494
25056,0.045351114
25057,0.016749265
25058,0.04408983
25059,0.013281744
25060,0.013651019
25061,0.026599955
25062,0.06879698
25063,0.076974176
25064,0.5194539
25065,0.42595294
25066,0.23282924
25067,0.6002303
25068,0.4180273
25069,0.46680784
25070,0.24218911
25071,0.036882497
25072,0.031344607
25073,0.04464727
25074,0.04105462
25075,0.03466529
25076,0.05632966
25077,0.5065676
25078,0.21913527
25079,0.4168653
25080,0.029096488
25081,0.07695455
25082,0.08871721
25083,0.097611815
25084,0.255855
25085,0.18631764
25086,0.02764386
25087,0.03949756
25088,0.09340315
25089,0.59888685
25090,0.40653676
25091,0.60122854
25092,0.41185695
25093,0.27182242
25094,0.1000888
25095,0.2208864
25096,0.041289028
25097,0.02157947
25098,0.012134299
25099,0.012659064
25100,0.034854703
25101,0.02900338
25102,0.08936738
25103,0.093891375
25104,0.06847331
25105,0.27392042
25106,0.02655133
25107,0.061685953
25108,0.010958231
25109,0.38945147
25110,0.03881034
25111,0.012035214
25112,0.07979343
25113,0.24160907
25114,0.027823377
25115,0.006202536
25116,0.2280952
25117,0.09379326
25118,0.057853814
25119,0.072509564
25120,0.028840033
25121,0.070179924
25122,0.06559845
25123,0.035039168
25124,0.08990737
25125,0.082607485
25126,0.039462157
25127,0.026014527
25128,0.010265939
25129,0.2281471
25130,0.012157192
25131,0.0712694
25132,0.03885165
25133,0.03100898
25134,0.0892701
25135,0.03312834
25136,0.041000575
25137,0.008752659
25138,0.038727775
25139,0.09252173
25140,0.40014997
25141,0.5609117
25142,0.08151044
25143,0.013469958
25144,0.018471925
25145,0.018047677
25146,0.027743462
25147,0.04789767
25148,0.014041735
25149,0.05602665
25150,0.24190274
25151,0.013507669
25152,0.030223822
25153,0.013841169
25154,0.018182773
25155,0.019326398
25156,0.025077417
25157,0.061160218
25158,0.067591034
25159,0.4249097
25160,0.013548312
25161,0.016694268
25162,0.03157436
25163,0.059990283
25164,0.06945438
25165,0.4321824
25166,0.08222819
25167,0.012437396
25168,0.24137454
25169,0.01291315
25170,0.03496565
25171,0.06104639
25172,0.08977552
25173,0.048150055
25174,0.011588327
25175,0.017413946
25176,0.01047263
25177,0.27062824
25178,0.031170735
25179,0.01417602
25180,0.024903456
25181,0.09447603
25182,0.05561704
25183,0.036257084
25184,0.017098153
25185,0.026967868
25186,0.052967463
25187,0.41853473
25188,0.030501727
25189,0.0182911
25190,0.027928878
25191,0.03954011
25192,0.053387847
25193,0.25525853
25194,0.05561096
25195,0.25492397
25196,0.0698237
25197,0.028040105
25198,0.045294117
25199,0.045884494
25200,0.027589742
25201,0.27005857
25202,0.017324196
25203,0.09026419
25204,0.017161358
25205,0.06779662
25206,0.045430493
25207,0.010772316
25208,0.4793669
25209,0.653346
25210,0.081676185
25211,0.07009155
25212,0.0686153
25213,0.045064434
25214,0.04182955
25215,0.21895795
25216,0.06591985
25217,0.076698
25218,0.6932534
25219,0.018478183
25220,0.06505151
25221,0.015189844
25222,0.06696904
25223,0.06554068
25224,0.017254151
25225,0.035196908
25226,0.09722713
25227,0.46592656
25228,0.061554316
25229,0.24634787
25230,0.024852922
25231,0.06271783
25232,0.02086112
25233,0.06596946
25234,0.028016381
25235,0.02417763
25236,0.0490555
25237,0.052084867
25238,0.026448319
25239,0.019339325
25240,0.051506788
25241,0.016671227
25242,0.09010009
25243,0.03496565
25244,0.03992917
25245,0.013809969
25246,0.031537462
25247,0.06741156
25248,0.080675796
25249,0.02080728
25250,0.050240625
25251,0.690639
25252,0.054865614
25253,0.076946735
25254,0.045360677
25255,0.03497745
25256,0.043841317
25257,0.044877335
25258,0.0130193485
25259,0.01651612
25260,0.28326923
25261,0.026068173
25262,0.006832543
25263,0.044319957
25264,0.07685413
25265,0.01851289
25266,0.010340957
25267,0.082986124
25268,0.03836092
25269,0.024878418
25270,0.04543549
25271,0.4231674
25272,0.026737703
25273,0.019031556
25274,0.0066196197
25275,0.00918572
25276,0.012589766
25277,0.04129349
25278,0.008722718
25279,0.030683879
25280,0.25100186
25281,0.05463113
25282,0.0130193485
25283,0.014369033
25284,0.053444862
25285,0.09388657
25286,0.06928917
25287,0.06249095
25288,0.05570477
25289,0.026984757
25290,0.048854552
25291,0.016670775
25292,0.055607915
25293,0.26246905
25294,0.23285954
25295,0.009758166
25296,0.031512383
25297,0.013038118
25298,0.012446976
25299,0.015765565
25300,0.012129765
25301,0.018201508
25302,0.008967852
25303,0.014835738
25304,0.009331217
25305,0.014126483
25306,0.013730004
25307,0.009826894
25308,0.022670906
25309,0.050631028
25310,0.046156257
25311,0.08094663
25312,0.0064989165
25313,0.010681657
25314,0.09246006
25315,0.39857072
25316,0.025153656
25317,0.01421843
25318,0.010551089
25319,0.017998178
25320,0.008777685
25321,0.030693885
25322,0.013034265
25323,0.0135797495
25324,0.009305759
25325,0.05417742
25326,0.026634952
25327,0.04128468
25328,0.012906747
25329,0.044573694
25330,0.014154274
25331,0.009246363
25332,0.012571374
25333,0.009883522
25334,0.0758823
25335,0.026391774
25336,0.04513228
25337,0.009298264
25338,0.0113173425
25339,0.031633496
25340,0.010669783
25341,0.015283477
25342,0.06865736
25343,0.011042074
25344,0.40691346
25345,0.05361532
25346,0.055817038
25347,0.05632966
25348,0.06787351
25349,0.020847658
25350,0.010633392
25351,0.0070280666
25352,0.06659406
25353,0.013674572
25354,0.075693265
25355,0.09391487
25356,0.01706702
25357,0.031602275
25358,0.03177634
25359,0.026911052
25360,0.026863573
25361,0.011972623
25362,0.031148633
25363,0.010401284
25364,0.011401543
25365,0.008759295
25366,0.065822646
25367,0.052136835
25368,0.031261712
25369,0.09227137
25370,0.017389383
25371,0.029855106
25372,0.0061566215
25373,0.011419624
25374,0.014872009
25375,0.04561028
25376,0.018375589
25377,0.013591975
25378,0.025290558
25379,0.03172421
25380,0.0102270525
25381,0.015649427
25382,0.029816194
25383,0.24892448
25384,0.24259837
25385,0.018561395
25386,0.21811128
25387,0.019352933
25388,0.05144207
25389,0.04381253
25390,0.055180673
25391,0.013333365
25392,0.036177725
25393,0.0383914
25394,0.041851263
25395,0.07385319
25396,0.044364817
25397,0.03579301
25398,0.030333804
25399,0.07184339
25400,0.04373633
25401,0.06774507
25402,0.043486502
25403,0.08313696
25404,0.22736539
25405,0.050211947
25406,0.044364817
25407,0.25175905
25408,0.06426134
25409,0.3837461
25410,0.07088075
25411,0.23650718
25412,0.057447705
25413,0.028389808
25414,0.01990099
25415,0.072435245
25416,0.011493557
25417,0.23444584
25418,0.6401553
25419,0.07601952
25420,0.044079475
25421,0.07918246
25422,0.058331333
25423,0.027599724
25424,0.043527853
25425,0.035526514
25426,0.016553203
25427,0.040237974
25428,0.22451843
25429,0.38893095
25430,0.43144548
25431,0.46490267
25432,0.044261567
25433,0.06469261
25434,0.07869138
25435,0.0817851
25436,0.009084139
25437,0.05238858
25438,0.041863855
25439,0.059159316
25440,0.06825305
25441,0.03457596
25442,0.42879775
25443,0.079444125
25444,0.24112397
25445,0.44841847
25446,0.08052543
25447,0.020965409
25448,0.51795006
25449,0.053338397
25450,0.25077423
25451,0.049726788
25452,0.046621732
25453,0.034294464
25454,0.07139407
25455,0.076478265
25456,0.07126692
25457,0.032023363
25458,0.038095396
25459,0.063501224
25460,0.25685596
25461,0.043638445
25462,0.031043524
25463,0.052490007
25464,0.054200683
25465,0.06426134
25466,0.039031774
25467,0.043039367
25468,0.026313089
25469,0.053706177
25470,0.08623654
25471,0.092995964
25472,0.039288074
25473,0.012893987
25474,0.015347891
25475,0.5023322
25476,0.07763521
25477,0.06581158
25478,0.26279324
25479,0.25767332
25480,0.06373011
25481,0.049098052
25482,0.018060725
25483,0.020559577
25484,0.03609923
25485,0.06265304
25486,0.070546776
25487,0.25661513
25488,0.4916973
25489,0.01665918
25490,0.35081494
25491,0.04362091
25492,0.031405948
25493,0.024524959
25494,0.034683906
25495,0.24555205
25496,0.018243134
25497,0.042915188
25498,0.0100363325
25499,0.058716428
25500,0.044004917
25501,0.025963366
25502,0.07939279
25503,0.28208357
25504,0.053209726
25505,0.06711984
25506,0.017448664
25507,0.01993143
25508,0.039817493
25509,0.053139564
25510,0.027625926
25511,0.07750507
25512,0.093287304
25513,0.071810484
25514,0.22474831
25515,0.0537874
25516,0.035299078
25517,0.030802203
25518,0.029602617
25519,0.034716066
25520,0.005509266
25521,0.06736799
25522,0.049971614
25523,0.38785744
25524,0.013436551
25525,0.034766924
25526,0.027526563
25527,0.01670249
25528,0.01470916
25529,0.023746364
25530,0.040287368
25531,0.024058765
25532,0.057593506
25533,0.2556329
25534,0.4164283
25535,0.043121986
25536,0.03824172
25537,0.071700074
25538,0.058506113
25539,0.013646647
25540,0.05163595
25541,0.014231097
25542,0.033581804
25543,0.23960534
25544,0.026090452
25545,0.023721414
25546,0.031101719
25547,0.0060962634
25548,0.19439097
25549,0.05435299
25550,0.3961302
25551,0.3767596
25552,0.39135298
25553,0.05379838
25554,0.038694702
25555,0.018226245
25556,0.04883466
25557,0.04384198
25558,0.08147316
25559,0.04383844
25560,0.47132412
25561,0.072662055
25562,0.07340874
25563,0.047685023
25564,0.046038147
25565,0.017706245
25566,0.05354714
25567,0.016756443
25568,0.017782956
25569,0.063024096
25570,0.042773865
25571,0.06163319
25572,0.051026918
25573,0.07066544
25574,0.364069
25575,0.413411
25576,0.054002326
25577,0.0208895
25578,0.06437713
25579,0.015220768
25580,0.038759716
25581,0.06429279
25582,0.04966409
25583,0.07720611
25584,0.04046291
25585,0.06987003
25586,0.038287964
25587,0.05067967
25588,0.035071403
25589,0.22666754
25590,0.009995716
25591,0.031104503
25592,0.057227664
25593,0.030442845
25594,0.009969733
25595,0.0225839
25596,0.034107637
25597,0.050814778
25598,0.059068143
25599,0.07911641
25600,0.06680005
25601,0.41479588
25602,0.2226997
25603,0.22771409
25604,0.011606142
25605,0.064894706
25606,0.04790842
25607,0.04062483
25608,0.06656235
25609,0.044352837
25610,0.035994835
25611,0.048139527
25612,0.06489667
25613,0.031128159
25614,0.049880214
25615,0.031183997
25616,0.059038624
25617,0.013073829
25618,0.035260484
25619,0.07277645
25620,0.051264416
25621,0.22633253
25622,0.5952052
25623,0.067075446
25624,0.2192458
25625,0.05270994
25626,0.060264416
25627,0.057237465
25628,0.064872704
25629,0.04770598
25630,0.01886483
25631,0.08884779
25632,0.05715231
25633,0.063532054
25634,0.051302366
25635,0.062807016
25636,0.026269196
25637,0.018080486
25638,0.035634354
25639,0.25390413
25640,0.05428172
25641,0.0426947
25642,0.070736475
25643,0.5381014
25644,0.06561258
25645,0.013309034
25646,0.3691631
25647,0.049744237
25648,0.24656466
25649,0.25248924
25650,0.054318123
25651,0.018759396
25652,0.044125225
25653,0.07133176
25654,0.08822265
25655,0.039356828
25656,0.24312823
25657,0.06569835
25658,0.058524698
25659,0.013868614
25660,0.014985418
25661,0.045633808
25662,0.0536292
25663,0.013449874
25664,0.07639054
25665,0.082149185
25666,0.22553544
25667,0.063773915
25668,0.030912664
25669,0.07197201
25670,0.07957464
25671,0.1275308
25672,0.049538635
25673,0.044851243
25674,0.020308606
25675,0.20203196
25676,0.48311922
25677,0.035301417
25678,0.07184339
25679,0.487324
25680,0.07981453
25681,0.017609475
25682,0.012173693
25683,0.037987713
25684,0.04831862
25685,0.40621722
25686,0.4116231
25687,0.009652179
25688,0.21163878
25689,0.06355869
25690,0.23732506
25691,0.08125066
25692,0.0807859
25693,0.087146625
25694,0.40459773
25695,0.06439216
25696,0.044610016
25697,0.06661082
25698,0.04756943
25699,0.25334764
25700,0.6619076
25701,0.0405931
25702,0.40284082
25703,0.043745823
25704,0.25550675
25705,0.046584766
25706,0.059351064
25707,0.015523625
25708,0.040321
25709,0.0060341638
25710,0.38522348
25711,0.19698475
25712,0.060713246
25713,0.24165948
25714,0.08129471
25715,0.2541865
25716,0.40325537
25717,0.3912803
25718,0.027354117
25719,0.24414302
25720,0.22283135
25721,0.07781256
25722,0.66574
25723,0.4221232
25724,0.4606423
25725,0.0058801877
25726,0.022902628
25727,0.07954766
25728,0.052564293
25729,0.026522812
25730,0.019137472
25731,0.011510536
25732,0.010019878
25733,0.0488311
25734,0.005735813
25735,0.0085646855
25736,0.010781922
25737,0.030991659
25738,0.18964773
25739,0.06699609
25740,0.06490125
25741,0.0722394
25742,0.21563709
25743,0.38115203
25744,0.2220827
25745,0.027221525
25746,0.07292357
25747,0.24082097
25748,0.017337434
25749,0.050367597
25750,0.6663685
25751,0.5360128
25752,0.54662764
25753,0.025618618
25754,0.016699767
25755,0.06582894
25756,0.4739096
25757,0.06457252
25758,0.01690278
25759,0.05313331
25760,0.026860248
25761,0.0081456825
25762,0.008728085
25763,0.049085535
25764,0.05397197
25765,0.04413002
25766,0.011552429
25767,0.4103166
25768,0.016155466
25769,0.027751165
25770,0.07238899
25771,0.072509356
25772,0.0443916
25773,0.043652933
25774,0.22767498
25775,0.36853772
25776,0.0771244
25777,0.07036522
25778,0.07162684
25779,0.63315946
25780,0.6260413
25781,0.5432945
25782,0.013365383
25783,0.05315823
25784,0.02573608
25785,0.008410263
25786,0.40367413
25787,0.06647819
25788,0.24955085
25789,0.038125325
25790,0.06766148
25791,0.06700253
25792,0.07175394
25793,0.08153284
25794,0.076562636
25795,0.498503
25796,0.43500638
25797,0.2284643
25798,0.07903871
25799,0.06339134
25800,0.05109711
25801,0.07337805
25802,0.04267747
25803,0.030874828
25804,0.079483084
25805,0.0803921
25806,0.054275814
25807,0.07101476
25808,0.023265861
25809,0.55991966
25810,0.6133482
25811,0.6373325
25812,0.07667562
25813,0.043567337
25814,0.39845154
25815,0.011566902
25816,0.37313798
25817,0.008602326
25818,0.016305052
25819,0.016401598
25820,0.032073863
25821,0.06696196
25822,0.04443358
25823,0.41706768
25824,0.6521267
25825,0.056082107
25826,0.06806134
25827,0.06510016
25828,0.0851662
25829,0.05723078
25830,0.38632706
25831,0.2210691
25832,0.03479151
25833,0.06762169
25834,0.07135421
25835,0.07186484
25836,0.04301078
25837,0.021101648
25838,0.26431212
25839,0.25479904
25840,0.08615615
25841,0.061980996
25842,0.026308041
25843,0.07283366
25844,0.05874396
25845,0.2524477
25846,0.028430833
25847,0.038972076
25848,0.040417984
25849,0.017786076
25850,0.038252667
25851,0.040560294
25852,0.41257635
25853,0.5762684
25854,0.25340956
25855,0.08165146
25856,0.073415495
25857,0.08347191
25858,0.08429502
25859,0.51785326
25860,0.193579
25861,0.035276897
25862,0.031177044
25863,0.081668586
25864,0.082273774
25865,0.22846399
25866,0.50858235
25867,0.25524628
25868,0.23482932
25869,0.61055547
25870,0.080148004
25871,0.01654835
25872,0.22505213
25873,0.24045525
25874,0.018821303
25875,0.049457323
25876,0.25690493
25877,0.0055222916
25878,0.052452743
25879,0.034744162
25880,0.03262391
25881,0.04231633
25882,0.0803766
25883,0.4034786
25884,0.25375444
25885,0.479254
25886,0.254287
25887,0.08266835
25888,0.079574354
25889,0.38660678
25890,0.012726114
25891,0.026429191
25892,0.08782887
25893,0.060054775
25894,0.044383913
25895,0.47716632
25896,0.25609112
25897,0.048472174
25898,0.46894482
25899,0.25348243
25900,0.0059263343
25901,0.065314524
25902,0.07372246
25903,0.06517801
25904,0.010298071
25905,0.010115831
25906,0.027164262
25907,0.049202222
25908,0.06572739
25909,0.06466795
25910,0.077660814
25911,0.395292
25912,0.6525023
25913,0.4128203
25914,0.414313
25915,0.5359962
25916,0.06720035
25917,0.017644461
25918,0.058433108
25919,0.06120227
25920,0.08158928
25921,0.24437697
25922,0.054621834
25923,0.026070544
25924,0.053550888
25925,0.07944052
25926,0.016495045
25927,0.005535196
25928,0.042349614
25929,0.07201663
25930,0.019397078
25931,0.03495497
25932,0.017444097
25933,0.018766949
25934,0.011304277
25935,0.030719744
25936,0.057063993
25937,0.048893083
25938,0.06317285
25939,0.23801585
25940,0.08132109
25941,0.3851718
25942,0.5767988
25943,0.6185908
25944,0.257539
25945,0.22080648
25946,0.042770423
25947,0.018966973
25948,0.04448997
25949,0.07399913
25950,0.014067466
25951,0.03048427
25952,0.6205521
25953,0.043881282
25954,0.016298076
25955,0.19510208
25956,0.044522505
25957,0.22303836
25958,0.04363469
25959,0.042794533
25960,0.0134148225
25961,0.026147451
25962,0.06554543
25963,0.07116448
25964,0.46206737
25965,0.42659217
25966,0.22322586
25967,0.537189
25968,0.419343
25969,0.47573593
25970,0.079797156
25971,0.035063144
25972,0.03116824
25973,0.03386868
25974,0.043708865
25975,0.041820455
25976,0.034709014
25977,0.05348885
25978,0.48103628
25979,0.21773681
25980,0.4074927
25981,0.028625445
25982,0.07177952
25983,0.076561436
25984,0.080133595
25985,0.09200495
25986,0.043306436
25987,0.027646929
25988,0.008203404
25989,0.03923875
25990,0.07994391
25991,0.5585455
25992,0.40295509
25993,0.5345278
25994,0.4031862
25995,0.25534174
25996,0.08615034
25997,0.21828315
25998,0.020696377
25999,0.035068166
26000,0.029225666
26001,0.07954123
26002,0.079220384
26003,0.064345986
26004,0.25228372
26005,0.025855048
26006,0.058817755
26007,0.010358529
26008,0.40634045
26009,0.038456418
26010,0.073155925
26011,0.22849195
26012,0.027580278
26013,0.005639397
26014,0.21623017
26015,0.08241091
26016,0.05723343
26017,0.06936418
26018,0.066613026
26019,0.062930085
26020,0.035664074
26021,0.076266594
26022,0.0727571
26023,0.025594564
26024,0.008905375
26025,0.22209853
26026,0.01150803
26027,0.012827804
26028,0.066618495
26029,0.007130469
26030,0.03132131
26031,0.07918832
26032,0.032504138
26033,0.040650256
26034,0.008374717
26035,0.038223244
26036,0.08298674
26037,0.39266238
26038,0.46297568
26039,0.07316237
26040,0.01776271
26041,0.017799936
26042,0.027909184
26043,0.047283273
26044,0.012313143
26045,0.055074535
26046,0.2292969
26047,0.012913463
26048,0.029775875
26049,0.013028209
26050,0.02960125
26051,0.011053568
26052,0.024301961
26053,0.058652103
26054,0.066131875
26055,0.4117876
26056,0.01290077
26057,0.016110295
26058,0.034704067
26059,0.057227664
26060,0.06751743
26061,0.4073622
26062,0.07374143
26063,0.011801371
26064,0.009423895
26065,0.22603089
26066,0.012224398
26067,0.034777105
26068,0.05880856
26069,0.076880716
26070,0.045507148
26071,0.0112983035
26072,0.017203618
26073,0.01004078
26074,0.09371237
26075,0.030831859
26076,0.011332854
26077,0.013410523
26078,0.024550078
26079,0.08210599
26080,0.053295493
26081,0.03639134
26082,0.016651174
26083,0.025763769
26084,0.05152738
26085,0.38176024
26086,0.029495025
26087,0.018273102
26088,0.027532594
26089,0.05125603
26090,0.08406149
26091,0.053093936
26092,0.24187173
26093,0.069264635
26094,0.027547803
26095,0.013252687
26096,0.04355645
26097,0.04390597
26098,0.027413985
26099,0.08704235
26100,0.016647905
26101,0.016511306
26102,0.23596254
26103,0.016966855
26104,0.06373648
26105,0.04405978
26106,0.010275857
26107,0.254997
26108,0.671018
26109,0.073389225
26110,0.06772834
26111,0.012797283
26112,0.06572404
26113,0.04443358
26114,0.04044363
26115,0.21616566
26116,0.062994465
26117,0.069715284
26118,0.5672645
26119,0.06150421
26120,0.014723406
26121,0.063676916
26122,0.062424287
26123,0.016389653
26124,0.03494679
26125,0.08443622
26126,0.26653194
26127,0.058724124
26128,0.2324709
26129,0.024659693
26130,0.016908433
26131,0.060744263
26132,0.020529065
26133,0.06351129
26134,0.02679277
26135,0.0059370836
26136,0.023188686
26137,0.04691236
26138,0.049805786
26139,0.02572753
26140,0.05028961
26141,0.0771714
26142,0.034626104
26143,0.03890509
26144,0.013224653
26145,0.030999422
26146,0.06465176
26147,0.07164437
26148,0.019333974
26149,0.048590757
26150,0.6537599
26151,0.05352182
26152,0.072434776
26153,0.04409652
26154,0.034963053
26155,0.04316899
26156,0.04172685
26157,0.012221566
26158,0.015709799
26159,0.26140022
26160,0.025561716
26161,0.006400651
26162,0.009735957
26163,0.007003906
26164,0.014818481
26165,0.010215949
26166,0.04356791
26167,0.071401715
26168,0.017411327
26169,0.009852815
26170,0.073423125
26171,0.038588956
26172,0.02418567
26173,0.043527853
26174,0.40487936
26175,0.026107358
26176,0.00861846
26177,0.018814623
26178,0.041722264
26179,0.008794365
26180,0.030076914
26181,0.085969545
26182,0.052291527
26183,0.011838177
26184,0.014375406
26185,0.05390932
26186,0.08027308
26187,0.066405855
26188,0.060689315
26189,0.053478297
26190,0.026289014
26191,0.047446147
26192,0.016072659
26193,0.053113084
26194,0.08277257
26195,0.22458462
26196,0.0073726755
26197,0.031096997
26198,0.013396236
26199,0.0111407135
26200,0.015207112
26201,0.011221673
26202,0.017595937
26203,0.008678067
26204,0.0090918755
26205,0.013547208
26206,0.009158755
26207,0.022342162
26208,0.04854314
26209,0.044558678
26210,0.07313084
26211,0.07987668
26212,0.008630307
26213,0.25181147
26214,0.018266737
26215,0.009653661
26216,0.024584515
26217,0.011537925
26218,0.009753021
26219,0.008194268
26220,0.013207479
26221,0.03007296
26222,0.011582522
26223,0.012746099
26224,0.012731067
26225,0.00914095
26226,0.007956302
26227,0.052753408
26228,0.026387235
26229,0.040893614
26230,0.011897815
26231,0.04324453
26232,0.013464618
26233,0.008604428
26234,0.012153052
26235,0.0085999
26236,0.07148933
26237,0.025491087
26238,0.04333781
26239,0.0056907176
26240,0.010729696
26241,0.03114475
26242,0.009594206
26243,0.014589309
26244,0.06473532
26245,0.012609912
26246,0.010961049
26247,0.010487697
26248,0.2535412
26249,0.051553443
26250,0.053698897
26251,0.053759806
26252,0.005573942
26253,0.064512424
26254,0.02014432
26255,0.064188235
26256,0.013044238
26257,0.071535595
26258,0.08150959
26259,0.016001927
26260,0.01144866
26261,0.031055998
26262,0.026287232
26263,0.0069241375
26264,0.011282587
26265,0.011044755
26266,0.009763268
26267,0.030488485
26268,0.010087415
26269,0.0639703
26270,0.0497287
26271,0.031576842
26272,0.07900458
26273,0.016815886
26274,0.02360388
26275,0.0054213735
26276,0.010361662
26277,0.01376235
26278,0.043913655
26279,0.017638592
26280,0.023699705
26281,0.03152584
26282,0.009037779
26283,0.009761785
26284,0.015734356
26285,0.029653035
26286,0.23481745
26287,0.084465705
26288,0.009342391
26289,0.06659656
26290,0.012765976
26291,0.019181367
26292,0.050443247
26293,0.028701
26294,0.043428645
26295,0.035136476
26296,0.043827433
26297,0.042257845
26298,0.07088611
26299,0.008921704
26300,0.03559813
26301,0.029788937
26302,0.07246659
26303,0.043054715
26304,0.065408684
26305,0.07987588
26306,0.41514134
26307,0.018979046
26308,0.04394645
26309,0.032689735
26310,0.25372317
26311,0.0647254
26312,0.08712258
26313,0.067707025
26314,0.08402141
26315,0.056960896
26316,0.03124055
26317,0.07089229
26318,0.00709482
26319,0.038430396
26320,0.01294689
26321,0.07200574
26322,0.030415231
26323,0.55406994
26324,0.07468739
26325,0.044018395
26326,0.042010464
26327,0.07946494
26328,0.057795446
26329,0.012293296
26330,0.027413316
26331,0.042907443
26332,0.016119089
26333,0.075766526
26334,0.24521774
26335,0.4818481
26336,0.52096224
26337,0.065083526
26338,0.078746945
26339,0.08194277
26340,0.052449543
26341,0.04142213
26342,0.058191586
26343,0.0667774
26344,0.47178474
26345,0.078189515
26346,0.076183215
26347,0.4517917
26348,0.08069252
26349,0.020535475
26350,0.4815622
26351,0.016389178
26352,0.05294593
26353,0.2547008
26354,0.049215317
26355,0.045975998
26356,0.034745745
26357,0.062085878
26358,0.06991931
26359,0.076007105
26360,0.06984461
26361,0.031601537
26362,0.03788846
26363,0.06277612
26364,0.2518885
26365,0.04309797
26366,0.030426877
26367,0.050882056
26368,0.05389635
26369,0.06353067
26370,0.042464532
26371,0.025806542
26372,0.053045373
26373,0.08359391
26374,0.08846174
26375,0.0508106
26376,0.03860568
26377,0.023275772
26378,0.013553813
26379,0.005540698
26380,0.01375768
26381,0.46895188
26382,0.075397566
26383,0.06491261
26384,0.08457651
26385,0.25566727
26386,0.06344558
26387,0.048194554
26388,0.01703521
26389,0.020397604
26390,0.015142054
26391,0.035663582
26392,0.062255412
26393,0.061830167
26394,0.06930897
26395,0.25608373
26396,0.47541365
26397,0.01605843
26398,0.1859485
26399,0.04320821
26400,0.0090961885
26401,0.030648855
26402,0.034084924
26403,0.25111005
26404,0.017823631
26405,0.043287862
26406,0.058843236
26407,0.042931143
26408,0.026107745
26409,0.07677556
26410,0.446819
26411,0.05312798
26412,0.06474011
26413,0.019986328
26414,0.04050119
26415,0.052509982
26416,0.026910534
26417,0.011628425
26418,0.07578876
26419,0.089183435
26420,0.07061865
26421,0.07180829
26422,0.052663792
26423,0.009982856
26424,0.03429188
26425,0.030938316
26426,0.029126791
26427,0.033809613
26428,0.064710476
26429,0.04931891
26430,0.37803933
26431,0.013119777
26432,0.034317184
26433,0.026553765
26434,0.016898703
26435,0.014419972
26436,0.022824451
26437,0.04019665
26438,0.0071099997
26439,0.023703013
26440,0.05690528
26441,0.08515269
26442,0.399743
26443,0.042733263
26444,0.03746142
26445,0.03729226
26446,0.07054105
26447,0.058194675
26448,0.013570082
26449,0.050405275
26450,0.013954375
26451,0.029099597
26452,0.24418168
26453,0.025961071
26454,0.02319938
26455,0.0061374297
26456,0.20227313
26457,0.053098273
26458,0.3783188
26459,0.40377003
26460,0.36815125
26461,0.053104
26462,0.037942305
26463,0.016960725
26464,0.048561674
26465,0.042877786
26466,0.011261225
26467,0.079156496
26468,0.043521047
26469,0.5415077
26470,0.07132169
26471,0.019221932
26472,0.070977286
26473,0.04665743
26474,0.045460086
26475,0.0153919235
26476,0.008816565
26477,0.011583885
26478,0.053478386
26479,0.026553765
26480,0.016222252
26481,0.018964708
26482,0.0625421
26483,0.042976175
26484,0.0609102
26485,0.051190946
26486,0.07065612
26487,0.38817456
26488,0.3951189
26489,0.053483598
26490,0.020641275
26491,0.061727077
26492,0.03667613
26493,0.06402952
26494,0.048950277
26495,0.076183334
26496,0.040054154
26497,0.068905085
26498,0.037466083
26499,0.05090918
26500,0.01656338
26501,0.018072128
26502,0.23318656
26503,0.009368352
26504,0.03080441
26505,0.05645468
26506,0.030288093
26507,0.009991871
26508,0.009635495
26509,0.0212585
26510,0.03387042
26511,0.05069498
26512,0.058518954
26513,0.07621377
26514,0.06562017
26515,0.39032578
26516,0.22876817
26517,0.22799799
26518,0.011728446
26519,0.064380065
26520,0.047113024
26521,0.03997606
26522,0.063528925
26523,0.030991104
26524,0.035480846
26525,0.01201569
26526,0.047064617
26527,0.0648765
26528,0.030589605
26529,0.049340457
26530,0.030656245
26531,0.058703564
26532,0.033970922
26533,0.072225295
26534,0.0506885
26535,0.22954896
26536,0.62591475
26537,0.06438608
26538,0.07055375
26539,0.05159046
26540,0.059570532
26541,0.056911554
26542,0.0644258
26543,0.047255483
26544,0.008977727
26545,0.018192973
26546,0.39219937
26547,0.056719974
26548,0.062389947
26549,0.050715107
26550,0.061937984
26551,0.01742852
26552,0.02528569
26553,0.017772062
26554,0.018742759
26555,0.035301626
26556,0.2552331
26557,0.053231426
26558,0.042216826
26559,0.07046127
26560,0.5424544
26561,0.06424345
26562,0.013415129
26563,0.38482592
26564,0.04975978
26565,0.24915347
26566,0.25508288
26567,0.054300908
26568,0.018848086
26569,0.043218
26570,0.043642513
26571,0.069442056
26572,0.08569367
26573,0.038394112
26574,0.102996565
26575,0.06444059
26576,0.05874647
26577,0.010429414
26578,0.016131604
26579,0.04542365
26580,0.053134102
26581,0.014204259
26582,0.076219365
26583,0.08137086
26584,0.23156282
26585,0.06341004
26586,0.030224847
26587,0.0703366
26588,0.07780714
26589,0.41695452
26590,0.048201248
26591,0.043729585
26592,0.020067396
26593,0.053671006
26594,0.5677356
26595,0.07183378
26596,0.48755053
26597,0.079966746
26598,0.0125990445
26599,0.017392287
26600,0.012163009
26601,0.038163587
26602,0.04785663
26603,0.39461628
26604,0.38867173
26605,0.008909457
26606,0.06005904
26607,0.06253573
26608,0.08507022
26609,0.2329756
26610,0.07956378
26611,0.08713119
26612,0.38378242
26613,0.062271055
26614,0.04339933
26615,0.06446665
26616,0.047273394
26617,0.08884338
26618,0.6404314
26619,0.040327217
26620,0.4194752
26621,0.043297045
26622,0.25281438
26623,0.043278128
26624,0.058051176
26625,0.015365539
26626,0.039545454
26627,0.005559456
26628,0.40947893
26629,0.19780758
26630,0.060543865
26631,0.24563494
26632,0.07940199
26633,0.08893212
26634,0.4032649
26635,0.39539355
26636,0.026732787
26637,0.09367947
26638,0.22624372
26639,0.07598293
26640,0.6823989
26641,0.42246816
26642,0.47963068
26643,0.023284333
26644,0.07967664
26645,0.052292824
26646,0.025760196
26647,0.011410461
26648,0.016929729
26649,0.0069408366
26650,0.047943197
26651,0.00594771
26652,0.007569769
26653,0.010761765
26654,0.03165661
26655,0.04931035
26656,0.06459647
26657,0.064119466
26658,0.07033851
26659,0.2210093
26660,0.23098196
26661,0.2210855
26662,0.026504986
26663,0.07085859
26664,0.24560744
26665,0.017539542
26666,0.04958216
26667,0.5753279
26668,0.5241819
26669,0.58376217
26670,0.0059763445
26671,0.026104208
26672,0.01633458
26673,0.06445225
26674,0.4357641
26675,0.06483259
26676,0.05259082
26677,0.0094803665
26678,0.047612168
26679,0.0533971
26680,0.043423444
26681,0.011000577
26682,0.3947522
26683,0.016585257
26684,0.027175035
26685,0.06967151
26686,0.06926601
26687,0.041928396
26688,0.0438375
26689,0.23166153
26690,0.36130825
26691,0.02474005
26692,0.22874013
26693,0.06851771
26694,0.0693564
26695,0.62277246
26696,0.6539085
26697,0.60111046
26698,0.20547728
26699,0.025821574
26700,0.400575
26701,0.06638262
26702,0.087927304
26703,0.039952237
26704,0.06493818
26705,0.0172677
26706,0.06497875
26707,0.06948602
26708,0.08069025
26709,0.0800242
26710,0.5130518
26711,0.43061122
26712,0.23069884
26713,0.0767623
26714,0.06313311
26715,0.05006415
26716,0.07036546
26717,0.039970506
26718,0.030773215
26719,0.07890848
26720,0.07867129
26721,0.053109396
26722,0.069286756
26723,0.023128858
26724,0.56484914
26725,0.6002081
26726,0.61012495
26727,0.07598528
26728,0.043583047
26729,0.23183216
26730,0.011349633
26731,0.41860676
26732,0.025910363
26733,0.0085614035
26734,0.016830629
26735,0.0153460605
26736,0.032258753
26737,0.065549284
26738,0.043770652
26739,0.3782613
26740,0.65285885
26741,0.056803945
26742,0.06720272
26743,0.06452013
26744,0.08390039
26745,0.05629965
26746,0.39590785
26747,0.22571807
26748,0.03368594
26749,0.06562445
26750,0.07105561
26751,0.06987487
26752,0.042036142
26753,0.02105231
26754,0.43125552
26755,0.2544534
26756,0.24172519
26757,0.061370887
26758,0.025591498
26759,0.070527226
26760,0.011361179
26761,0.057586502
26762,0.25458616
26763,0.027947867
26764,0.038355917
26765,0.04007382
26766,0.015447803
26767,0.017142288
26768,0.037862148
26769,0.039512835
26770,0.4148319
26771,0.5857788
26772,0.25503552
26773,0.08205671
26774,0.07238644
26775,0.08403527
26776,0.08341205
26777,0.5156034
26778,0.050912064
26779,0.034350526
26780,0.031001972
26781,0.07926419
26782,0.07596214
26783,0.08140543
26784,0.4856638
26785,0.42049026
26786,0.085280366
26787,0.5936218
26788,0.07937374
26789,0.016623035
26790,0.22852907
26791,0.24350937
26792,0.019085411
26793,0.25407377
26794,0.052063655
26795,0.03385134
26796,0.033293307
26797,0.041415382
26798,0.07925419
26799,0.3939313
26800,0.2520153
26801,0.50541043
26802,0.2552331
26803,0.08200366
26804,0.07887252
26805,0.3955281
26806,0.013220201
26807,0.025908574
26808,0.086019106
26809,0.059457827
26810,0.04403758
26811,0.44102746
26812,0.09142593
26813,0.048488338
26814,0.4743788
26815,0.40367615
26816,0.062790595
26817,0.07129646
26818,0.06385348
26819,0.043764953
26820,0.0099443775
26821,0.027387293
26822,0.048265915
26823,0.06393878
26824,0.063666314
26825,0.07603289
26826,0.40170616
26827,0.668507
26828,0.40626034
26829,0.3877619
26830,0.6032485
26831,0.06442877
26832,0.054790605
26833,0.06045224
26834,0.07919136
26835,0.08460839
26836,0.05292234
26837,0.026054922
26838,0.0513608
26839,0.07934179
26840,0.017487284
26841,0.0050705075
26842,0.041674174
26843,0.06963154
26844,0.019183543
26845,0.03505249
26846,0.01757155
26847,0.011488507
26848,0.030532407
26849,0.05672044
26850,0.047881152
26851,0.061718993
26852,0.40086985
26853,0.07901406
26854,0.35365874
26855,0.6012145
26856,0.5350873
26857,0.2547471
26858,0.22522362
26859,0.043881617
26860,0.07061311
26861,0.014238181
26862,0.6736968
26863,0.043518227
26864,0.016034728
26865,0.051041983
26866,0.04328701
26867,0.0704795
26868,0.035038073
26869,0.04512312
26870,0.041687533
26871,0.012942593
26872,0.026034871
26873,0.06355131
26874,0.07001804
26875,0.47140843
26876,0.38558868
26877,0.2278456
26878,0.6825931
26879,0.25377297
26880,0.47677594
26881,0.08018535
26882,0.03515882
26883,0.030931944
26884,0.04297777
26885,0.040493015
26886,0.015151825
26887,0.033185344
26888,0.05278353
26889,0.45067844
26890,0.064705834
26891,0.38807347
26892,0.027885508
26893,0.07027208
26894,0.0756126
26895,0.0795441
26896,0.24242121
26897,0.1894472
26898,0.007489244
26899,0.027255192
26900,0.07848716
26901,0.5147288
26902,0.38137722
26903,0.49916112
26904,0.40136763
26905,0.25740665
26906,0.08543118
26907,0.22064097
26908,0.040665407
26909,0.02037954
26910,0.011860212
26911,0.034627568
26912,0.028388878
26913,0.076907925
26914,0.078251846
26915,0.064090535
26916,0.08756219
26917,0.026112342
26918,0.05791247
26919,0.4031268
26920,0.037832696
26921,0.049023196
26922,0.071277134
26923,0.078500144
26924,0.027212732
26925,0.2244638
26926,0.07864189
26927,0.056815766
26928,0.067846954
26929,0.028725225
26930,0.065134734
26931,0.061810337
26932,0.03387409
26933,0.07607345
26934,0.07146054
26935,0.03776963
26936,0.02569514
26937,0.00910656
26938,0.22561978
26939,0.011232344
26940,0.011403256
26941,0.2190091
26942,0.037912853
26943,0.031189768
26944,0.076602355
26945,0.031786785
26946,0.0400479
26947,0.037630886
26948,0.08093757
26949,0.3727132
26950,0.529617
26951,0.07135219
26952,0.011906801
26953,0.017174335
26954,0.017682297
26955,0.026139095
26956,0.046496864
26957,0.053275127
26958,0.08096293
26959,0.013359276
26960,0.029470874
26961,0.018089369
26962,0.029551037
26963,0.01721598
26964,0.011101859
26965,0.024686087
26966,0.05908483
26967,0.06498093
26968,0.37617856
26969,0.012707329
26970,0.016485767
26971,0.030346869
26972,0.054573465
26973,0.06415748
26974,0.4301598
26975,0.0717823
26976,0.01203255
26977,0.23110779
26978,0.033595737
26979,0.013732095
26980,0.058427896
26981,0.07875481
26982,0.04568218
26983,0.011187713
26984,0.017169155
26985,0.009712312
26986,0.08589886
26987,0.012690729
26988,0.024814146
26989,0.08004807
26990,0.053015996
26991,0.03544456
26992,0.016072838
26993,0.02560696
26994,0.050314497
26995,0.383301
26996,0.029343
26997,0.018072128
26998,0.02710923
26999,0.03813596
27000,0.050623883
27001,0.24690942
27002,0.05279299
27003,0.24805897
27004,0.064826764
27005,0.02719746
27006,0.012794076
27007,0.04261328
27008,0.04363552
27009,0.026783327
27010,0.4109138
27011,0.016183699
27012,0.015869973
27013,0.2389954
27014,0.016499558
27015,0.063677944
27016,0.043471288
27017,0.009856087
27018,0.25245443
27019,0.5703255
27020,0.070980266
27021,0.064269796
27022,0.012669967
27023,0.06415439
27024,0.044007067
27025,0.040770426
27026,0.0654149
27027,0.062849596
27028,0.068533175
27029,0.7148127
27030,0.061059024
27031,0.014116511
27032,0.06275508
27033,0.061947364
27034,0.016481899
27035,0.034077883
27036,0.08307829
27037,0.25765595
27038,0.057551004
27039,0.23522985
27040,0.023919292
27041,0.059216015
27042,0.019668467
27043,0.06271676
27044,0.02633673
27045,0.023822574
27046,0.046825305
27047,0.04902684
27048,0.02610527
27049,0.049213592
27050,0.07685808
27051,0.03375215
27052,0.038434286
27053,0.03103989
27054,0.06342289
27055,0.07029837
27056,0.019335298
27057,0.04820514
27058,0.5985498
27059,0.053362977
27060,0.06901697
27061,0.043055687
27062,0.034338076
27063,0.04412317
27064,0.043015055
27065,0.012101584
27066,0.016557747
27067,0.08857348
27068,0.025412748
27069,0.005639381
27070,0.014456805
27071,0.043595627
27072,0.06937037
27073,0.017212529
27074,0.071188755
27075,0.038044225
27076,0.024382416
27077,0.043166235
27078,0.37983212
27079,0.025942309
27080,0.01796229
27081,0.008176895
27082,0.011412902
27083,0.04134086
27084,0.029208407
27085,0.083752915
27086,0.052543502
27087,0.01178434
27088,0.013986988
27089,0.014163689
27090,0.04694973
27091,0.23183107
27092,0.065056786
27093,0.059501737
27094,0.05314777
27095,0.02632513
27096,0.046316337
27097,0.05378622
27098,0.24914141
27099,0.22620602
27100,0.030666059
27101,0.013359276
27102,0.011188648
27103,0.015333228
27104,0.011309752
27105,0.01788009
27106,0.008448138
27107,0.013897124
27108,0.009102784
27109,0.013351788
27110,0.0135071445
27111,0.02174131
27112,0.047693405
27113,0.04395894
27114,0.073122256
27115,0.009350197
27116,0.07894451
27117,0.008472242
27118,0.2547967
27119,0.009393368
27120,0.009398426
27121,0.01765042
27122,0.009178094
27123,0.011318918
27124,0.009402209
27125,0.02937448
27126,0.011213301
27127,0.013061558
27128,0.0083015775
27129,0.007972759
27130,0.051905476
27131,0.026034871
27132,0.040484454
27133,0.012002637
27134,0.042718124
27135,0.012906583
27136,0.012317352
27137,0.0087109655
27138,0.06926844
27139,0.025858536
27140,0.043373186
27141,0.008354574
27142,0.0052102255
27143,0.030151969
27144,0.0112627065
27145,0.063795574
27146,0.012922876
27147,0.005191646
27148,0.010292736
27149,0.00991691
27150,0.25421688
27151,0.050526734
27152,0.053131346
27153,0.052909046
27154,0.01339853
27155,0.005443095
27156,0.009193045
27157,0.063915566
27158,0.020914275
27159,0.010047136
27160,0.06422602
27161,0.013319672
27162,0.06945548
27163,0.007920253
27164,0.07905287
27165,0.016295386
27166,0.02438226
27167,0.030318707
27168,0.03018479
27169,0.02574823
27170,0.0071839807
27171,0.011237932
27172,0.009506091
27173,0.029532313
27174,0.009480332
27175,0.0077504567
27176,0.06306565
27177,0.048980836
27178,0.07992803
27179,0.02306044
27180,0.01360638
27181,0.008023885
27182,0.0053341417
27183,0.010023733
27184,0.014643617
27185,0.04348765
27186,0.018199645
27187,0.009520511
27188,0.010127749
27189,0.014501264
27190,0.02884286
27191,0.0823431
27192,0.23215207
27193,0.009431807
27194,0.065854244
27195,0.018491317
27196,0.019606238
27197,0.034777906
27198,0.051526897
27199,0.0426779
27200,0.05422793
27201,0.038618933
27202,0.042504452
27203,0.07407698
27204,0.04481279
27205,0.009052843
27206,0.030221296
27207,0.08089169
27208,0.043064427
27209,0.06816476
27210,0.043617114
27211,0.08494372
27212,0.42199782
27213,0.044050463
27214,0.42358923
27215,0.06586881
27216,0.093573816
27217,0.07048443
27218,0.09014051
27219,0.029640974
27220,0.073163874
27221,0.0076601882
27222,0.013906488
27223,0.07627929
27224,0.0305308
27225,0.64469707
27226,0.08237971
27227,0.043026883
27228,0.08296386
27229,0.027917301
27230,0.04294728
27231,0.034145597
27232,0.016942661
27233,0.039792195
27234,0.07883173
27235,0.08222677
27236,0.510294
27237,0.47745475
27238,0.06435643
27239,0.08474845
27240,0.08558999
27241,0.01600052
27242,0.05258295
27243,0.04257404
27244,0.05901884
27245,0.035140615
27246,0.4629779
27247,0.23604947
27248,0.08240601
27249,0.53447527
27250,0.086538054
27251,0.5053213
27252,0.05398884
27253,0.25376105
27254,0.049303316
27255,0.04676469
27256,0.034256298
27257,0.062944405
27258,0.07131341
27259,0.078539655
27260,0.07186121
27261,0.032703057
27262,0.06405516
27263,0.37701896
27264,0.043170568
27265,0.030123472
27266,0.051854994
27267,0.05431305
27268,0.06604859
27269,0.038948286
27270,0.042616464
27271,0.025745489
27272,0.05306918
27273,0.08912569
27274,0.053738236
27275,0.089565694
27276,0.05089839
27277,0.038293954
27278,0.023374457
27279,0.01474484
27280,0.013280932
27281,0.45631975
27282,0.07882885
27283,0.06588208
27284,0.091735356
27285,0.25404048
27286,0.0060867267
27287,0.0642808
27288,0.048849106
27289,0.018075898
27290,0.021402048
27291,0.035101578
27292,0.06306747
27293,0.06197579
27294,0.07209713
27295,0.091387585
27296,0.46029532
27297,0.016479915
27298,0.36156708
27299,0.043164305
27300,0.009204445
27301,0.030420277
27302,0.024627496
27303,0.03397869
27304,0.40667352
27305,0.018524546
27306,0.043608163
27307,0.058912054
27308,0.04328719
27309,0.026836053
27310,0.08044399
27311,0.4813298
27312,0.053395774
27313,0.06693593
27314,0.0185538
27315,0.02008907
27316,0.041412834
27317,0.052477002
27318,0.009539581
27319,0.02752972
27320,0.07870944
27321,0.09634642
27322,0.07361709
27323,0.07380075
27324,0.054469995
27325,0.03407846
27326,0.030361969
27327,0.029512215
27328,0.0346434
27329,0.065700956
27330,0.04923745
27331,0.37905082
27332,0.013398217
27333,0.035091892
27334,0.026977733
27335,0.017276164
27336,0.015056404
27337,0.024150515
27338,0.039844718
27339,0.023897408
27340,0.05727057
27341,0.08792042
27342,0.25670397
27343,0.041796517
27344,0.037419457
27345,0.03597366
27346,0.072733976
27347,0.05890453
27348,0.021528123
27349,0.05075352
27350,0.014256095
27351,0.029809363
27352,0.081914455
27353,0.026526118
27354,0.025891755
27355,0.006471072
27356,0.19808541
27357,0.05332418
27358,0.4187835
27359,0.39602572
27360,0.2298556
27361,0.052899968
27362,0.037603114
27363,0.017475951
27364,0.048074484
27365,0.043128233
27366,0.0120472815
27367,0.08439876
27368,0.04330073
27369,0.49865472
27370,0.073275715
27371,0.019190716
27372,0.0123155685
27373,0.074058704
27374,0.047301676
27375,0.04525579
27376,0.017749703
27377,0.009867264
27378,0.05463308
27379,0.02692861
27380,0.017653514
27381,0.017749662
27382,0.063727096
27383,0.04250884
27384,0.061877053
27385,0.051260028
27386,0.07141648
27387,0.24057494
27388,0.41295165
27389,0.05331444
27390,0.020750573
27391,0.062585175
27392,0.015456348
27393,0.038323212
27394,0.00964461
27395,0.06538569
27396,0.049567975
27397,0.080899425
27398,0.039430525
27399,0.07222214
27400,0.037908293
27401,0.04956791
27402,0.03373363
27403,0.016558763
27404,0.018104058
27405,0.08465175
27406,0.010469252
27407,0.030804606
27408,0.05682108
27409,0.009834173
27410,0.010851714
27411,0.02214355
27412,0.03304265
27413,0.050140142
27414,0.058172803
27415,0.07873635
27416,0.065899394
27417,0.38735786
27418,0.22989243
27419,0.23482543
27420,0.011892188
27421,0.06608897
27422,0.046881873
27423,0.040678628
27424,0.06552405
27425,0.030595098
27426,0.043993685
27427,0.035874493
27428,0.012073645
27429,0.0472887
27430,0.06590133
27431,0.030401055
27432,0.050046206
27433,0.022362925
27434,0.018150378
27435,0.05842861
27436,0.033903174
27437,0.074182115
27438,0.05051433
27439,0.083305165
27440,0.5514122
27441,0.06657653
27442,0.0739574
27443,0.052481532
27444,0.059686553
27445,0.057151172
27446,0.06470799
27447,0.04728824
27448,0.25724706
27449,0.057293087
27450,0.06336543
27451,0.052953757
27452,0.06288897
27453,0.026020976
27454,0.017607799
27455,0.019624515
27456,0.034258887
27457,0.2593352
27458,0.053711012
27459,0.043292046
27460,0.070808515
27461,0.54369587
27462,0.06673075
27463,0.0140566155
27464,0.3902959
27465,0.049888577
27466,0.08974645
27467,0.25888506
27468,0.05435612
27469,0.019265031
27470,0.043968555
27471,0.044617444
27472,0.070263565
27473,0.090588346
27474,0.03816123
27475,0.087583125
27476,0.06680358
27477,0.01661908
27478,0.05861802
27479,0.018666863
27480,0.044938594
27481,0.05461756
27482,0.014028894
27483,0.07866755
27484,0.085803196
27485,0.23520648
27486,0.06336649
27487,0.03109312
27488,0.0696104
27489,0.08450265
27490,0.4295093
27491,0.04828356
27492,0.010091073
27493,0.04466024
27494,0.020219536
27495,0.05374511
27496,0.5479678
27497,0.035152834
27498,0.0759735
27499,0.44879642
27500,0.084587425
27501,0.03888983
27502,0.04735542
27503,0.41897374
27504,0.40657565
27505,0.060189046
27506,0.06332171
27507,0.089783065
27508,0.08705453
27509,0.08209924
27510,0.09266865
27511,0.42459854
27512,0.06326712
27513,0.005792674
27514,0.017713591
27515,0.044453457
27516,0.06678415
27517,0.04724156
27518,0.08897459
27519,0.6020612
27520,0.04056421
27521,0.38184008
27522,0.0137651
27523,0.043649923
27524,0.41674563
27525,0.044897333
27526,0.058005933
27527,0.016292257
27528,0.040003117
27529,0.3852392
27530,0.35077626
27531,0.060259104
27532,0.24781093
27533,0.085211985
27534,0.2593385
27535,0.43145436
27536,0.4209735
27537,0.027131975
27538,0.25054306
27539,0.23145151
27540,0.23246527
27541,0.5911939
27542,0.477111
27543,0.41096687
27544,0.023892414
27545,0.23852728
27546,0.052617304
27547,0.027234456
27548,0.019263187
27549,0.04913383
27550,0.0065599647
27551,0.011246324
27552,0.031159
27553,0.04968872
27554,0.06708045
27555,0.06512529
27556,0.07190513
27557,0.22056553
27558,0.23303969
27559,0.22857371
27560,0.026345542
27561,0.073633336
27562,0.25132656
27563,0.049613863
27564,0.5981461
27565,0.5972357
27566,0.59527344
27567,0.005795245
27568,0.026791357
27569,0.016285932
27570,0.22229421
27571,0.42620283
27572,0.064349286
27573,0.053316046
27574,0.0269817
27575,0.04781181
27576,0.05375133
27577,0.042949975
27578,0.012243712
27579,0.42431802
27580,0.016534293
27581,0.027162692
27582,0.07137625
27583,0.07191656
27584,0.044671398
27585,0.043354187
27586,0.23756664
27587,0.38957575
27588,0.024563596
27589,0.23367858
27590,0.07152198
27591,0.07140912
27592,0.60301113
27593,0.6842735
27594,0.5782007
27595,0.014082976
27596,0.20413181
27597,0.025852872
27598,0.009812174
27599,0.41915855
27600,0.0679271
27601,0.25180614
27602,0.037235852
27603,0.06739318
27604,0.018385433
27605,0.06652667
27606,0.074267015
27607,0.08769566
27608,0.08096673
27609,0.46407914
27610,0.44253007
27611,0.23505373
27612,0.08324817
27613,0.06404177
27614,0.050904248
27615,0.073159195
27616,0.040580735
27617,0.031642336
27618,0.022163568
27619,0.08515887
27620,0.084344655
27621,0.05378447
27622,0.06936167
27623,0.6036053
27624,0.7286901
27625,0.6439374
27626,0.07967515
27627,0.044150166
27628,0.24076542
27629,0.011844659
27630,0.4066516
27631,0.026426291
27632,0.008629812
27633,0.016978497
27634,0.016393065
27635,0.032639213
27636,0.06657002
27637,0.044316605
27638,0.401453
27639,0.570076
27640,0.057066247
27641,0.06847232
27642,0.06521404
27643,0.09004202
27644,0.05747577
27645,0.40109575
27646,0.2307385
27647,0.033927757
27648,0.06730258
27649,0.07132635
27650,0.069424175
27651,0.043228775
27652,0.021335917
27653,0.4495149
27654,0.2596281
27655,0.24657588
27656,0.06117875
27657,0.026474576
27658,0.072975524
27659,0.011939406
27660,0.05857729
27661,0.25779068
27662,0.028979817
27663,0.03874669
27664,0.037575148
27665,0.03944495
27666,0.40787405
27667,0.6185355
27668,0.25724232
27669,0.08776247
27670,0.07340589
27671,0.08981531
27672,0.08682437
27673,0.4207402
27674,0.0518135
27675,0.034279976
27676,0.03151482
27677,0.087524824
27678,0.08443366
27679,0.08845236
27680,0.51430327
27681,0.2561806
27682,0.09106944
27683,0.7532791
27684,0.085269034
27685,0.01704175
27686,0.08117445
27687,0.2520454
27688,0.01979307
27689,0.048512504
27690,0.07928631
27691,0.051984195
27692,0.03417614
27693,0.034268185
27694,0.042943746
27695,0.0821747
27696,0.39341983
27697,0.096366875
27698,0.26770693
27699,0.25629398
27700,0.08580286
27701,0.085089564
27702,0.40976363
27703,0.025869757
27704,0.092651345
27705,0.059938215
27706,0.044744726
27707,0.49538827
27708,0.25713256
27709,0.048644155
27710,0.47787136
27711,0.4292516
27712,0.006108116
27713,0.22405617
27714,0.07336869
27715,0.06488318
27716,0.044054534
27717,0.010824551
27718,0.011205451
27719,0.008712469
27720,0.026870927
27721,0.048102044
27722,0.06561779
27723,0.06468686
27724,0.079143584
27725,0.4133401
27726,0.57041335
27727,0.4329304
27728,0.41102102
27729,0.5177959
27730,0.06772789
27731,0.057774227
27732,0.05981253
27733,0.23615551
27734,0.087422594
27735,0.052092027
27736,0.025852872
27737,0.053033058
27738,0.08508474
27739,0.017703362
27740,0.042155396
27741,0.071452156
27742,0.021588303
27743,0.014449976
27744,0.035548255
27745,0.018416572
27746,0.011773753
27747,0.03091967
27748,0.05761318
27749,0.04847679
27750,0.062459227
27751,0.39512306
27752,0.082625635
27753,0.37546676
27754,0.6028714
27755,0.6206195
27756,0.25616243
27757,0.22645445
27758,0.019300867
27759,0.04472432
27760,0.072354525
27761,0.013844962
27762,0.030137518
27763,0.6192501
27764,0.043945786
27765,0.016910661
27766,0.05124027
27767,0.043263074
27768,0.07123855
27769,0.03597116
27770,0.043955196
27771,0.016190458
27772,0.04291915
27773,0.013437743
27774,0.026438741
27775,0.065276854
27776,0.072193384
27777,0.49533966
27778,0.3956237
27779,0.23462613
27780,0.6651577
27781,0.43509132
27782,0.4782675
27783,0.088366084
27784,0.035269674
27785,0.030467058
27786,0.034223452
27787,0.043953404
27788,0.040863607
27789,0.01568428
27790,0.033519413
27791,0.053700075
27792,0.4616402
27793,0.066721216
27794,0.40816742
27795,0.18777977
27796,0.07273014
27797,0.07837716
27798,0.08509929
27799,0.095142774
27800,0.042206205
27801,0.009280645
27802,0.037917662
27803,0.08524907
27804,0.6085113
27805,0.41936654
27806,0.5177959
27807,0.25167122
27808,0.25590008
27809,0.08935558
27810,0.22092013
27811,0.04054939
27812,0.0124714635
27813,0.021667287
27814,0.034808706
27815,0.028270096
27816,0.07859015
27817,0.082754575
27818,0.06526944
27819,0.25701943
27820,0.026518902
27821,0.058108397
27822,0.40945277
27823,0.037695307
27824,0.072824605
27825,0.2359108
27826,0.027206156
27827,0.006068399
27828,0.22447732
27829,0.08286603
27830,0.055400487
27831,0.22088829
27832,0.028780568
27833,0.0668097
27834,0.06249312
27835,0.03517318
27836,0.07949575
27837,0.072640546
27838,0.03829249
27839,0.026049564
27840,0.009568398
27841,0.22851668
27842,0.012206866
27843,0.06776191
27844,0.03049269
27845,0.07801488
27846,0.032549847
27847,0.04071026
27848,0.008708706
27849,0.038293354
27850,0.08619995
27851,0.42097536
27852,0.5009308
27853,0.07351251
27854,0.0271482
27855,0.047418434
27856,0.05358833
27857,0.08614324
27858,0.012697502
27859,0.029880159
27860,0.013398217
27861,0.030065885
27862,0.01844226
27863,0.011890284
27864,0.02895562
27865,0.058878988
27866,0.06608897
27867,0.41961843
27868,0.013522689
27869,0.016769374
27870,0.1917138
27871,0.05706431
27872,0.06730258
27873,0.45004174
27874,0.072385676
27875,0.012253493
27876,0.010615418
27877,0.23873621
27878,0.034902226
27879,0.014642192
27880,0.058675062
27881,0.07915163
27882,0.045700386
27883,0.0115020415
27884,0.017021816
27885,0.0097233355
27886,0.092961945
27887,0.013735001
27888,0.024613574
27889,0.08263692
27890,0.052967064
27891,0.03529192
27892,0.016504375
27893,0.026426291
27894,0.051960744
27895,0.40788326
27896,0.03001147
27897,0.018223885
27898,0.02777116
27899,0.038639795
27900,0.05133788
27901,0.08828531
27902,0.053604707
27903,0.2482853
27904,0.06669147
27905,0.02703914
27906,0.013897616
27907,0.043662366
27908,0.0440871
27909,0.027061597
27910,0.38672054
27911,0.017284963
27912,0.016443871
27913,0.2423488
27914,0.016488701
27915,0.06422395
27916,0.043106977
27917,0.010460928
27918,0.25741225
27919,0.6433114
27920,0.0739637
27921,0.06670757
27922,0.01330257
27923,0.06390067
27924,0.043423153
27925,0.041297104
27926,0.22605631
27927,0.06354902
27928,0.07064515
27929,0.6580657
27930,0.018299034
27931,0.0617044
27932,0.063558765
27933,0.062192164
27934,0.017244967
27935,0.03422826
27936,0.088278525
27937,0.26285067
27938,0.058084846
27939,0.24251337
27940,0.025301866
27941,0.017312376
27942,0.059335057
27943,0.009320959
27944,0.020193039
27945,0.06308222
27946,0.027506206
27947,0.024014233
27948,0.046541736
27949,0.049384736
27950,0.026387492
27951,0.01749227
27952,0.049633063
27953,0.081517264
27954,0.035119623
27955,0.03813127
27956,0.014067651
27957,0.03060683
27958,0.06464656
27959,0.073280394
27960,0.04917677
27961,0.5188396
27962,0.05378447
27963,0.07222232
27964,0.043936227
27965,0.0349899
27966,0.042327125
27967,0.043119743
27968,0.012812934
27969,0.016189639
27970,0.09242138
27971,0.026163505
27972,0.0065539693
27973,0.010661702
27974,0.04297098
27975,0.06978629
27976,0.017692463
27977,0.010000184
27978,0.07454836
27979,0.03796033
27980,0.025318218
27981,0.043607797
27982,0.4138652
27983,0.025837785
27984,0.01879573
27985,0.0066196145
27986,0.009106284
27987,0.040701278
27988,0.02937345
27989,0.246859
27990,0.05235547
27991,0.012042461
27992,0.014460068
27993,0.016640835
27994,0.053168327
27995,0.23995677
27996,0.06670757
27997,0.059267838
27998,0.05281607
27999,0.026169611
28000,0.046321273
28001,0.016833853
28002,0.2072589
28003,0.08780263
28004,0.2349517
28005,0.030879583
28006,0.013656951
28007,0.012002878
28008,0.012103925
28009,0.01771748
28010,0.0088566635
28011,0.014492942
28012,0.014247364
28013,0.022078108
28014,0.048590202
28015,0.04471304
28016,0.07469754
28017,0.009428941
28018,0.08318569
28019,0.00993904
28020,0.4071987
28021,0.010708626
28022,0.010296737
28023,0.025016688
28024,0.012139262
28025,0.017134376
28026,0.013332479
28027,0.029968003
28028,0.0120683415
28029,0.0062686685
28030,0.013222273
28031,0.009811522
28032,0.00863896
28033,0.052313402
28034,0.026426291
28035,0.041167047
28036,0.042286716
28037,0.013792409
28038,0.012098431
28039,0.010162685
28040,0.072934575
28041,0.025532164
28042,0.04311313
28043,0.006107019
28044,0.011248066
28045,0.03034205
28046,0.009471005
28047,0.06549473
28048,0.013105896
28049,0.005402094
28050,0.011099617
28051,0.011190453
28052,0.3934474
28053,0.05091991
28054,0.05308748
28055,0.053566534
28056,0.064258106
28057,0.019862352
28058,0.009902713
28059,0.063492015
28060,0.0135877775
28061,0.07070147
28062,0.2380555
28063,0.016702995
28064,0.030163325
28065,0.031332493
28066,0.026438741
28067,0.011762767
28068,0.007263323
28069,0.030264912
28070,0.009888303
28071,0.00865039
28072,0.06349446
28073,0.050056797
28074,0.030833706
28075,0.24855131
28076,0.016424773
28077,0.024049755
28078,0.029172644
28079,0.011317689
28080,0.0146887
28081,0.04316752
28082,0.018160794
28083,0.012761028
28084,0.024350146
28085,0.03065397
28086,0.009706133
28087,0.029650887
28088,0.24503092
28089,0.086142614
28090,0.00960869
28091,0.018151546
28092,0.06670248
28093,0.018721838
28094,0.058677334
28095,0.0846767
28096,0.024425521
28097,0.051458128
28098,0.09482838
28099,0.022336332
28100,0.058875374
28101,0.05486336
28102,0.044158198
28103,0.12962319
28104,0.05180034
28105,0.014128415
28106,0.029282596
28107,0.027789544
28108,0.27219567
28109,0.044589672
28110,0.07682801
28111,0.27012146
28112,0.4072438
28113,0.021937076
28114,0.027897088
28115,0.051370658
28116,0.28450608
28117,0.073440604
28118,0.26003432
28119,0.10038687
28120,0.2631294
28121,0.07231094
28122,0.08148831
28123,0.04300593
28124,0.016532885
28125,0.017690167
28126,0.27151808
28127,0.031809427
28128,0.92996055
28129,0.2837945
28130,0.053823378
28131,0.04634488
28132,0.13192566
28133,0.0613346
28134,0.017810939
28135,0.024409935
28136,0.045578178
28137,0.030620841
28138,0.019774714
28139,0.015682008
28140,0.117248245
28141,0.2697344
28142,0.5149039
28143,0.5079184
28144,0.05903925
28145,0.073903196
28146,0.02917001
28147,0.11122911
28148,0.1503925
28149,0.062003918
28150,0.041316718
28151,0.06399813
28152,0.08957496
28153,0.031164898
28154,0.4425801
28155,0.13253124
28156,0.13884678
28157,0.422496
28158,0.12459397
28159,0.026514197
28160,0.5125835
28161,0.02547467
28162,0.053706195
28163,0.51998407
28164,0.05150312
28165,0.048290372
28166,0.04737762
28167,0.07381148
28168,0.09713264
28169,0.11916951
28170,0.1124676
28171,0.043026347
28172,0.0340264
28173,0.069798715
28174,0.2740976
28175,0.05318397
28176,0.028622594
28177,0.064174816
28178,0.055171624
28179,0.070333734
28180,0.030791998
28181,0.034473214
28182,0.043906763
28183,0.096087456
28184,0.031130385
28185,0.06975023
28186,0.14687668
28187,0.063199155
28188,0.292155
28189,0.026677229
28190,0.051578686
28191,0.04014309
28192,0.03164301
28193,0.019595256
28194,0.017767712
28195,0.5049072
28196,0.26730344
28197,0.08539079
28198,0.14229843
28199,0.27927896
28200,0.07713532
28201,0.05377369
28202,0.018453
28203,0.034574162
28204,0.01455105
28205,0.076816395
28206,0.06889625
28207,0.11082469
28208,0.14367092
28209,0.47016892
28210,0.3432317
28211,0.045158695
28212,0.01443165
28213,0.029189987
28214,0.03891119
28215,0.03037502
28216,0.43883693
28217,0.021191476
28218,0.052595854
28219,0.015997421
28220,0.06426227
28221,0.047463555
28222,0.034194473
28223,0.13990255
28224,0.48587054
28225,0.07196964
28226,0.2211767
28227,0.019433348
28228,0.0210164
28229,0.03783772
28230,0.0634533
28231,0.029111976
28232,0.11405909
28233,0.17542748
28234,0.124470875
28235,0.099715345
28236,0.05761781
28237,0.030602934
28238,0.033674426
28239,0.034796055
28240,0.08870014
28241,0.057917472
28242,0.41656387
28243,0.03503675
28244,0.058039222
28245,0.03389535
28246,0.019739185
28247,0.018603906
28248,0.02618085
28249,0.043595526
28250,0.022911588
28251,0.09178697
28252,0.18635836
28253,0.45396075
28254,0.05243469
28255,0.04180223
28256,0.04393504
28257,0.09731533
28258,0.068786606
28259,0.016502133
28260,0.06548777
28261,0.022382298
28262,0.016031707
28263,0.03332839
28264,0.1687216
28265,0.036978308
28266,0.020918256
28267,0.02781966
28268,0.010595313
28269,0.20321277
28270,0.08703022
28271,0.42611367
28272,0.44169834
28273,0.4298388
28274,0.076157376
28275,0.079085834
28276,0.021580126
28277,0.059069887
28278,0.053529203
28279,0.12515801
28280,0.046763353
28281,0.66002184
28282,0.12116446
28283,0.023968885
28284,0.017257033
28285,0.116083905
28286,0.057604607
28287,0.05254688
28288,0.020880383
28289,0.013462475
28290,0.017654892
28291,0.057526436
28292,0.024015924
28293,0.023350803
28294,0.07952469
28295,0.04474392
28296,0.24401529
28297,0.06911838
28298,0.114878565
28299,0.2641832
28300,0.44402108
28301,0.07308708
28302,0.028960085
28303,0.095208436
28304,0.041203912
28305,0.06995724
28306,0.064176746
28307,0.13887233
28308,0.046993602
28309,0.11174839
28310,0.03958195
28311,0.0674379
28312,0.031962927
28313,0.025732942
28314,0.02230877
28315,0.119858876
28316,0.014506837
28317,0.029459653
28318,0.062580206
28319,0.031575505
28320,0.025914324
28321,0.03626529
28322,0.06376834
28323,0.08926699
28324,0.13897523
28325,0.14745499
28326,0.4257215
28327,0.25399336
28328,0.26294005
28329,0.013958564
28330,0.09879145
28331,0.06315099
28332,0.042475846
28333,0.11077066
28334,0.02880075
28335,0.031881616
28336,0.0535257
28337,0.040385954
28338,0.060665898
28339,0.08457368
28340,0.031441428
28341,0.061406177
28342,0.024831869
28343,0.077223636
28344,0.019896174
28345,0.041578736
28346,0.09573072
28347,0.071592145
28348,0.24695727
28349,0.49910483
28350,0.1421393
28351,0.13060948
28352,0.07408765
28353,0.07693207
28354,0.09722996
28355,0.08287061
28356,0.06448009
28357,0.014638271
28358,0.02140111
28359,0.45186853
28360,0.07413976
28361,0.09525022
28362,0.063781574
28363,0.09865112
28364,0.01830947
28365,0.027223922
28366,0.024226662
28367,0.02750326
28368,0.047568377
28369,0.46936214
28370,0.070963964
28371,0.05185936
28372,0.13453853
28373,0.7371936
28374,0.10914602
28375,0.017785864
28376,0.43406084
28377,0.06236194
28378,0.2006693
28379,0.26053306
28380,0.07322189
28381,0.020813338
28382,0.05655665
28383,0.054879606
28384,0.119934805
28385,0.17053081
28386,0.04134789
28387,0.15108167
28388,0.08910563
28389,0.08315545
28390,0.014319074
28391,0.022013022
28392,0.026556248
28393,0.06188263
28394,0.083263986
28395,0.022025181
28396,0.142411
28397,0.19083413
28398,0.41813087
28399,0.094667666
28400,0.04691635
28401,0.11983563
28402,0.18268223
28403,0.44009924
28404,0.07273065
28405,0.054806203
28406,0.021764752
28407,0.06349012
28408,0.49207726
28409,0.042451926
28410,0.1276893
28411,0.44918066
28412,0.2709997
28413,0.020954635
28414,0.044029098
28415,0.06577766
28416,0.42209694
28417,0.42661658
28418,0.0118803885
28419,0.14050338
28420,0.12601101
28421,0.185802
28422,0.18498866
28423,0.15691425
28424,0.1928309
28425,0.45865095
28426,0.07082239
28427,0.022987904
28428,0.053302675
28429,0.090409294
28430,0.057262495
28431,0.19084063
28432,0.80251163
28433,0.07870858
28434,0.44943124
28435,0.020107873
28436,0.061288517
28437,0.3201587
28438,0.017633846
28439,0.058079664
28440,0.07947522
28441,0.025932018
28442,0.03981796
28443,0.012176925
28444,0.44948536
28445,0.18948916
28446,0.10341253
28447,0.27541628
28448,0.17743632
28449,0.2658047
28450,0.434434
28451,0.427677
28452,0.25919664
28453,0.24299006
28454,0.14932449
28455,0.77677876
28456,0.43832085
28457,0.46718445
28458,0.01110962
28459,0.024522785
28460,0.26814345
28461,0.0632037
28462,0.043611567
28463,0.021853773
28464,0.019902222
28465,0.06568712
28466,0.01094592
28467,0.01285694
28468,0.017594805
28469,0.028091172
28470,0.19069144
28471,0.15718085
28472,0.122529946
28473,0.14098765
28474,0.105362155
28475,0.26538992
28476,0.25000647
28477,0.02836837
28478,0.13078047
28479,0.27281445
28480,0.018797047
28481,0.07325407
28482,0.87881345
28483,0.8492175
28484,0.5288888
28485,0.0113064125
28486,0.02823108
28487,0.022756893
28488,0.07967223
28489,0.4842214
28490,0.07875073
28491,0.02346154
28492,0.058599975
28493,0.031761803
28494,0.012134565
28495,0.013660934
28496,0.06426273
28497,0.06867099
28498,0.08662318
28499,0.019609248
28500,0.43527097
28501,0.023060938
28502,0.038066074
28503,0.14462794
28504,0.11688707
28505,0.06753568
28506,0.055034682
28507,0.2628706
28508,0.23272882
28509,0.024389103
28510,0.2518616
28511,0.097916946
28512,0.11637141
28513,0.9489521
28514,0.8805661
28515,0.53955305
28516,0.022345705
28517,0.098260365
28518,0.028554758
28519,0.42441782
28520,0.115323596
28521,0.263937
28522,0.04332625
28523,0.08434987
28524,0.02744955
28525,0.0988012
28526,0.12858513
28527,0.1899963
28528,0.12419229
28529,0.6003458
28530,0.42955852
28531,0.25972286
28532,0.17107739
28533,0.11804762
28534,0.063532226
28535,0.15900463
28536,0.063612
28537,0.031755608
28538,0.1400278
28539,0.1311531
28540,0.05491881
28541,0.10553583
28542,0.022036698
28543,0.8862776
28544,1.0481397
28545,0.96751213
28546,0.14189284
28547,0.04445256
28548,0.28091192
28549,0.018121673
28550,0.43996102
28551,0.025162434
28552,0.010859335
28553,0.022050984
28554,0.020209998
28555,0.04856656
28556,0.14902338
28557,0.073342085
28558,0.4490255
28559,0.7243488
28560,0.12094882
28561,0.1445852
28562,0.1591246
28563,0.1866285
28564,0.079901695
28565,0.42351452
28566,0.24697343
28567,0.03259945
28568,0.09476987
28569,0.12901603
28570,0.13228755
28571,0.07225562
28572,0.2886113
28573,0.4410146
28574,0.27621922
28575,0.082816586
28576,0.025795026
28577,0.17619231
28578,0.015739648
28579,0.07461469
28580,0.30346757
28581,0.030723928
28582,0.044702914
28583,0.053033922
28584,0.05372266
28585,0.4181205
28586,0.9423687
28587,0.33297658
28588,0.29675478
28589,0.15612051
28590,0.19121718
28591,0.17304923
28592,0.4973771
28593,0.07762517
28594,0.031465188
28595,0.049062777
28596,0.030395929
28597,0.24379142
28598,0.16114284
28599,0.2620309
28600,0.2795751
28601,0.2793631
28602,0.2647099
28603,1.0567609
28604,0.12141104
28605,0.024973396
28606,0.12924865
28607,0.25991303
28608,0.025667366
28609,0.06591039
28610,0.26942742
28611,0.06664353
28612,0.03798352
28613,0.04015705
28614,0.07217626
28615,0.1880413
28616,0.48381057
28617,0.3115461
28618,0.37437335
28619,0.3312497
28620,0.18684644
28621,0.17895095
28622,0.25505617
28623,0.026805928
28624,0.16958803
28625,0.07621016
28626,0.06309554
28627,0.43440112
28628,0.29658335
28629,0.061177
28630,0.5791202
28631,0.45664003
28632,0.008575782
28633,0.0985783
28634,0.17987472
28635,0.08822172
28636,0.051195502
28637,0.016711375
28638,0.016233612
28639,0.035977557
28640,0.06290899
28641,0.11228781
28642,0.14497946
28643,0.15918235
28644,0.48667663
28645,0.9452965
28646,0.4949396
28647,0.4591417
28648,0.70355004
28649,0.09884033
28650,0.07589057
28651,0.07236617
28652,0.15418361
28653,0.26053235
28654,0.06600038
28655,0.16599523
28656,0.056445953
28657,0.18043028
28658,0.02748412
28659,0.12445231
28660,0.025054313
28661,0.02013243
28662,0.032678936
28663,0.03013874
28664,0.009628864
28665,0.035442255
28666,0.11938719
28667,0.066141516
28668,0.09276499
28669,0.43007475
28670,0.18938287
28671,0.45265535
28672,0.91750085
28673,0.7080106
28674,0.32876703
28675,0.24550067
28676,0.062913045
28677,0.1265006
28678,0.020374114
28679,0.014985855
28680,0.03099355
28681,0.73415214
28682,0.056153633
28683,0.020653421
28684,0.19301057
28685,0.05727608
28686,0.24907759
28687,0.03997324
28688,0.06305952
28689,0.021909595
28690,0.044968642
28691,0.035168216
28692,0.11505361
28693,0.15732434
28694,0.5643912
28695,0.47170708
28696,0.24577561
28697,1.0589505
28698,0.47275782
28699,0.5190568
28700,0.15110914
28701,0.035997394
28702,0.03468005
28703,0.062701814
28704,0.07768343
28705,0.03973907
28706,0.21376443
28707,0.50948167
28708,0.09799593
28709,0.48780343
28710,0.1677434
28711,0.13063821
28712,0.1666767
28713,0.16165626
28714,0.17427956
28715,0.04166402
28716,0.03188337
28717,0.044828698
28718,0.1817856
28719,0.7041441
28720,0.43496007
28721,0.51159924
28722,0.4351898
28723,0.30934396
28724,0.18228681
28725,0.21696338
28726,0.025793765
28727,0.013425358
28728,0.062201217
28729,0.03258536
28730,0.15036589
28731,0.18658596
28732,0.08688919
28733,0.43760642
28734,0.035826515
28735,0.080464415
28736,0.44383156
28737,0.06259995
28738,0.01468659
28739,0.018557305
28740,0.15723638
28741,0.25972384
28742,0.04345962
28743,0.008305825
28744,0.25753933
28745,0.27554914
28746,0.07794414
28747,0.09501425
28748,0.24566323
28749,0.076375835
28750,0.07226468
28751,0.13643765
28752,0.24616784
28753,0.05143937
28754,0.044643234
28755,0.016489808
28756,0.14789444
28757,0.117816
28758,0.036422826
28759,0.16195855
28760,0.050791185
28761,0.060845256
28762,0.053671997
28763,0.19633684
28764,0.44086736
28765,0.5120692
28766,0.09947248
28767,0.012959722
28768,0.038768727
28769,0.06949283
28770,0.017118577
28771,0.075797796
28772,0.1354569
28773,0.022238186
28774,0.03398566
28775,0.021364337
28776,0.036561627
28777,0.023954498
28778,0.013388943
28779,0.044714592
28780,0.07656827
28781,0.12415894
28782,0.4322675
28783,0.01859472
28784,0.052174967
28785,0.07716338
28786,0.13187794
28787,0.42608967
28788,0.09882915
28789,0.018685909
28790,0.25235322
28791,0.02252719
28792,0.04204178
28793,0.021830855
28794,0.07326556
28795,0.25742877
28796,0.051843602
28797,0.0182525
28798,0.022631994
28799,0.014137111
28800,0.21935628
28801,0.030617291
28802,0.0195569
28803,0.030314803
28804,0.17843576
28805,0.07594534
28806,0.042301383
28807,0.022849325
28808,0.03279516
28809,0.08564222
28810,0.468833
28811,0.028290307
28812,0.022762658
28813,0.023285948
28814,0.05103944
28815,0.067668244
28816,0.25861058
28817,0.07080751
28818,0.18113805
28819,0.11316161
28820,0.031881362
28821,0.021361783
28822,0.055347193
28823,0.05371213
28824,0.040902764
28825,0.42879072
28826,0.021044707
28827,0.018168783
28828,0.26004052
28829,0.022119826
28830,0.13378076
28831,0.05276429
28832,0.015954245
28833,0.4537693
28834,0.79514796
28835,0.18278909
28836,0.08830757
28837,0.016043818
28838,0.077434726
28839,0.05277096
28840,0.040331595
28841,0.10496445
28842,0.0773335
28843,0.107417
28844,0.92673403
28845,0.081832744
28846,0.017806292
28847,0.081568405
28848,0.10753076
28849,0.019112993
28850,0.043585487
28851,0.166378
28852,0.51821595
28853,0.07312358
28854,0.26060173
28855,0.027721485
28856,0.021569194
28857,0.06602843
28858,0.01378584
28859,0.027878284
28860,0.10607687
28861,0.02555267
28862,0.028085213
28863,0.0073661623
28864,0.07264125
28865,0.067735456
28866,0.025937136
28867,0.022132047
28868,0.06655223
28869,0.025080593
28870,0.16791576
28871,0.05270942
28872,0.034546915
28873,0.036745194
28874,0.094875075
28875,0.113234505
28876,0.024553405
28877,0.06578671
28878,0.6730271
28879,0.0622444
28880,0.09999481
28881,0.0540004
28882,0.038601957
28883,0.050268047
28884,0.054207705
28885,0.015940413
28886,0.024487866
28887,0.28829977
28888,0.042295605
28889,0.022017369
28890,0.06323155
28891,0.10233582
28892,0.024082176
28893,0.012601912
28894,0.12053307
28895,0.052175697
28896,0.023049066
28897,0.05081402
28898,0.45468158
28899,0.027877528
28900,0.026836926
28901,0.01293005
28902,0.024415134
28903,0.046332207
28904,0.035319775
28905,0.25531635
28906,0.07490058
28907,0.016775854
28908,0.02248987
28909,0.080798395
28910,0.15186451
28911,0.10848456
28912,0.10477936
28913,0.083295695
28914,0.026739817
28915,0.053930234
28916,0.062339265
28917,0.19760801
28918,0.13581342
28919,0.014539038
28920,0.02697274
28921,0.019589717
28922,0.015526702
28923,0.018243603
28924,0.02449352
28925,0.015853703
28926,0.017242402
28927,0.025870735
28928,0.07445202
28929,0.06738794
28930,0.15620111
28931,0.012433152
28932,0.15175967
28933,0.2791622
28934,0.012294799
28935,0.026170155
28936,0.018708134
28937,0.024261674
28938,0.0113744475
28939,0.019259306
28940,0.027001569
28941,0.02889964
28942,0.019675644
28943,0.012485535
28944,0.06520105
28945,0.008766432
28946,0.024333501
28947,0.057539757
28948,0.0201949
28949,0.060160317
28950,0.017057855
28951,0.010387369
28952,0.015669417
28953,0.014099721
28954,0.099962234
28955,0.03090509
28956,0.050321393
28957,0.03851968
28958,0.020706892
28959,0.09408103
28960,0.01797151
28961,0.0066599455
28962,0.014756485
28963,0.43088877
28964,0.05894782
28965,0.057026695
28966,0.20627147
28967,0.017461209
28968,0.01189864
28969,0.07821141
28970,0.027336668
28971,0.01446037
28972,0.079474166
28973,0.102618866
28974,0.12414441
28975,0.01910483
28976,0.027655149
28977,0.036252227
28978,0.044795457
28979,0.030923394
28980,0.024721248
28981,0.02036757
28982,0.030310845
28983,0.012610207
28984,0.070025824
28985,0.053797096
28986,0.02878137
28987,0.16585506
28988,0.021011058
28989,0.041526858
28990,0.010215395
28991,0.021216888
28992,0.05144181
28993,0.027396692
28994,0.011859536
28995,0.026404954
28996,0.038578924
28997,0.27732834
28998,0.25620568
28999,0.022563104
29000,0.12007968
29001,0.019258007
29002,0.025388895
29003,0.03220567
29004,0.04496762
29005,0.06651854
29006,0.023984006
29007,0.02563201
29008,0.04650006
29009,0.043103173
29010,0.042242087
29011,0.10252604
29012,0.04667646
29013,0.038096316
29014,0.031161211
29015,0.24299408
29016,0.044901025
29017,0.07015625
29018,0.25094917
29019,0.38576913
29020,0.04625321
29021,0.25446805
29022,0.068396054
29023,0.43376148
29024,0.078029074
29025,0.12711173
29026,0.06408536
29027,0.07909119
29028,0.011337752
29029,0.0067814616
29030,0.04121231
29031,0.01921013
29032,0.10061652
29033,0.03409263
29034,0.66681266
29035,0.23960628
29036,0.04822075
29037,0.045935195
29038,0.23394784
29039,0.059394903
29040,0.0170928
29041,0.0432145
29042,0.03610922
29043,0.092723
29044,0.25878662
29045,0.5237116
29046,0.5021215
29047,0.051720954
29048,0.031118844
29049,0.10727044
29050,0.24874052
29051,0.019122913
29052,0.05284301
29053,0.04091877
29054,0.057001725
29055,0.07424897
29056,0.482617
29057,0.098010555
29058,0.24443468
29059,0.40928444
29060,0.10060948
29061,0.026408903
29062,0.43724245
29063,0.048687812
29064,0.26641586
29065,0.045848813
29066,0.048655964
29067,0.0384665
29068,0.061445802
29069,0.078335635
29070,0.090458155
29071,0.22039793
29072,0.035362177
29073,0.037939273
29074,0.06509975
29075,0.2631621
29076,0.045803525
29077,0.031405296
29078,0.054148402
29079,0.05256128
29080,0.06522845
29081,0.036659013
29082,0.043425437
29083,0.058810547
29084,0.117616974
29085,0.054125335
29086,0.42073655
29087,0.051826783
29088,0.040333286
29089,0.020882225
29090,0.0051363194
29091,0.011460745
29092,0.42896706
29093,0.09407252
29094,0.06965167
29095,0.46429312
29096,0.44738886
29097,0.06914767
29098,0.050135728
29099,0.014455725
29100,0.015670296
29101,0.007304783
29102,0.037024826
29103,0.0144753065
29104,0.064035565
29105,0.06199366
29106,0.09755931
29107,0.116656356
29108,0.25841308
29109,0.35909167
29110,0.045460198
29111,0.03242392
29112,0.033770543
29113,0.4353561
29114,0.022755243
29115,0.045265075
29116,0.060057566
29117,0.046770692
29118,0.11344141
29119,0.50920475
29120,0.008087381
29121,0.058167852
29122,0.0712192
29123,0.022270784
29124,0.023687681
29125,0.04188565
29126,0.05528199
29127,0.008670125
29128,0.08890243
29129,0.12915356
29130,0.08993341
29131,0.080282755
29132,0.052082915
29133,0.033694763
29134,0.032846633
29135,0.037936836
29136,0.07077264
29137,0.050899334
29138,0.2274352
29139,0.020123882
29140,0.041410822
29141,0.029238788
29142,0.021354815
29143,0.019857436
29144,0.028120345
29145,0.04280721
29146,0.026449963
29147,0.06503025
29148,0.2611927
29149,0.2601481
29150,0.04603637
29151,0.03919677
29152,0.03722373
29153,0.08091488
29154,0.05385756
29155,0.02084415
29156,0.05456524
29157,0.020638056
29158,0.01697696
29159,0.122544594
29160,0.028445136
29161,0.02687153
29162,0.033388317
29163,0.008438114
29164,0.1987411
29165,0.06404343
29166,0.37663448
29167,0.3943983
29168,0.4175578
29169,0.05830271
29170,0.041436255
29171,0.02364241
29172,0.052450094
29173,0.049149666
29174,0.22956951
29175,0.04621065
29176,0.5680401
29177,0.089606345
29178,0.02421492
29179,0.09063629
29180,0.052156206
29181,0.048802555
29182,0.021039631
29183,0.013760554
29184,0.054664407
29185,0.028757378
29186,0.010994323
29187,0.02262185
29188,0.022180371
29189,0.06522891
29190,0.04313046
29191,0.22495121
29192,0.05643328
29193,0.09303387
29194,0.38296834
29195,0.41897935
29196,0.060329147
29197,0.02694673
29198,0.07385981
29199,0.040485904
29200,0.017386101
29201,0.06572715
29202,0.054467876
29203,0.10387513
29204,0.040680576
29205,0.088972494
29206,0.0410477
29207,0.055573806
29208,0.034381166
29209,0.021504227
29210,0.09690078
29211,0.013770631
29212,0.032846417
29213,0.057197474
29214,0.03387758
29215,0.010903455
29216,0.027261082
29217,0.037172023
29218,0.05435391
29219,0.06435876
29220,0.096524216
29221,0.092777155
29222,0.401772
29223,0.23458713
29224,0.23026866
29225,0.017260225
29226,0.07673744
29227,0.052267287
29228,0.04306627
29229,0.0808516
29230,0.029792342
29231,0.022486335
29232,0.039588384
29233,0.052026916
29234,0.071392365
29235,0.033774797
29236,0.052462056
29237,0.024685426
29238,0.025194151
29239,0.06369454
29240,0.037453886
29241,0.08512866
29242,0.05641755
29243,0.10501892
29244,0.5476037
29245,0.08240173
29246,0.10224445
29247,0.057962317
29248,0.06569451
29249,0.062198073
29250,0.07363468
29251,0.05310797
29252,0.01390973
29253,0.02200205
29254,0.42335284
29255,0.063882224
29256,0.06996005
29257,0.055066936
29258,0.08146194
29259,0.020743579
29260,0.02377845
29261,0.024477901
29262,0.03944613
29263,0.26518804
29264,0.05852521
29265,0.04535535
29266,0.09896208
29267,0.6643943
29268,0.07635898
29269,0.019392531
29270,0.3767728
29271,0.05461814
29272,0.26020774
29273,0.26025918
29274,0.0590678
29275,0.023092648
29276,0.046245795
29277,0.047792416
29278,0.09003072
29279,0.1220225
29280,0.04003989
29281,0.2576283
29282,0.07081005
29283,0.068636484
29284,0.0130894985
29285,0.021951014
29286,0.024239512
29287,0.05188257
29288,0.06250586
29289,0.019647261
29290,0.09953076
29291,0.13154437
29292,0.24731371
29293,0.073058166
29294,0.035498086
29295,0.09550721
29296,0.12996322
29297,0.40645185
29298,0.054509692
29299,0.048158117
29300,0.022843631
29301,0.05509323
29302,0.5186281
29303,0.037706185
29304,0.102229625
29305,0.44666275
29306,0.24742755
29307,0.012824927
29308,0.040169008
29309,0.05503616
29310,0.4048831
29311,0.41044265
29312,0.012227125
29313,0.0732048
29314,0.08040824
29315,0.116050385
29316,0.12110372
29317,0.1105419
29318,0.14073335
29319,0.42955336
29320,0.06219607
29321,0.023427956
29322,0.046161138
29323,0.079332866
29324,0.04972911
29325,0.13236117
29326,0.7111153
29327,0.049775057
29328,0.41745082
29329,0.019302694
29330,0.05060045
29331,0.26064888
29332,0.019842135
29333,0.0499653
29334,0.06645399
29335,0.021137035
29336,0.040613316
29337,0.010247417
29338,0.43723258
29339,0.18046264
29340,0.072275564
29341,0.4155599
29342,0.116919406
29343,0.2642224
29344,0.41210794
29345,0.44024545
29346,0.25941122
29347,0.22990195
29348,0.10385559
29349,0.6717505
29350,0.4357929
29351,0.4529856
29352,0.030195095
29353,0.23136203
29354,0.054472696
29355,0.031523626
29356,0.02408239
29357,0.010108514
29358,0.053487137
29359,0.008074493
29360,0.017232737
29361,0.03174064
29362,0.17975712
29363,0.10724156
29364,0.08437244
29365,0.096963406
29366,0.07788121
29367,0.23535083
29368,0.3801397
29369,0.031027334
29370,0.09912869
29371,0.2523281
29372,0.024599658
29373,0.052657895
29374,0.6333354
29375,0.7212733
29376,0.5631391
29377,0.009786881
29378,0.030942937
29379,0.02200555
29380,0.0635276
29381,0.44769508
29382,0.07033492
29383,0.022458721
29384,0.055455543
29385,0.053888984
29386,0.05805777
29387,0.06010479
29388,0.016653696
29389,0.4133169
29390,0.022856243
29391,0.032204103
29392,0.09111741
29393,0.08388543
29394,0.05382988
29395,0.049158707
29396,0.3893422
29397,0.21380207
29398,0.027906178
29399,0.2394318
29400,0.08404779
29401,0.08607095
29402,0.6294096
29403,0.64691406
29404,0.5335284
29405,0.018533586
29406,0.1948487
29407,0.030040052
29408,0.0113119455
29409,0.44135964
29410,0.08249381
29411,0.2569275
29412,0.038816623
29413,0.067755505
29414,0.02079845
29415,0.07203959
29416,0.10086301
29417,0.13268946
29418,0.10032042
29419,0.53403074
29420,0.48220915
29421,0.2507637
29422,0.11065085
29423,0.08079673
29424,0.05057225
29425,0.10496679
29426,0.04889684
29427,0.034380853
29428,0.019015955
29429,0.24257623
29430,0.114029765
29431,0.047722787
29432,0.0821072
29433,0.024785176
29434,0.7049295
29435,0.7362832
29436,0.6640284
29437,0.10764648
29438,0.04186919
29439,0.41326997
29440,0.4095588
29441,0.029482672
29442,0.011919912
29443,0.0216185
29444,0.039594
29445,0.083616346
29446,0.050134506
29447,0.40787357
29448,0.62383
29449,0.06142627
29450,0.09352924
29451,0.07871016
29452,0.12473056
29453,0.062593766
29454,0.41530672
29455,0.2200503
29456,0.034511458
29457,0.0780234
29458,0.08947838
29459,0.093970306
29460,0.048304185
29461,0.5118814
29462,0.40696296
29463,0.24382766
29464,0.06656802
29465,0.028996589
29466,0.1097152
29467,0.01758573
29468,0.06393963
29469,0.13517854
29470,0.032935537
29471,0.04046076
29472,0.014414892
29473,0.018339109
29474,0.044197477
29475,0.045246728
29476,0.41742504
29477,0.57693005
29478,0.27331606
29479,0.25793272
29480,0.09586235
29481,0.13210149
29482,0.118734896
29483,0.4959141
29484,0.056343183
29485,0.03863172
29486,0.033314895
29487,0.12016704
29488,0.12732969
29489,0.103557974
29490,0.45930955
29491,0.25955284
29492,0.12981308
29493,0.68491787
29494,0.097560264
29495,0.02260331
29496,0.10568431
29497,0.26018456
29498,0.023418903
29499,0.051527653
29500,0.5052612
29501,0.055808213
29502,0.036043316
29503,0.033987887
29504,0.046894122
29505,0.2549838
29506,0.41442516
29507,0.26645353
29508,0.52801406
29509,0.2761646
29510,0.13144302
29511,0.117556624
29512,0.43019605
29513,0.029464837
29514,0.11656589
29515,0.06488874
29516,0.05028483
29517,0.4507949
29518,0.26476523
29519,0.052578893
29520,0.48326147
29521,0.40108186
29522,0.078157745
29523,0.2313908
29524,0.07480966
29525,0.047664333
29526,0.016811622
29527,0.011585354
29528,0.030292664
29529,0.053369917
29530,0.07516461
29531,0.09030294
29532,0.10580329
29533,0.45209417
29534,0.65642923
29535,0.47511908
29536,0.423298
29537,0.62232906
29538,0.07913215
29539,0.06403749
29540,0.06310684
29541,0.128988
29542,0.2585945
29543,0.057259057
29544,0.027502123
29545,0.055690244
29546,0.12520093
29547,0.021537151
29548,0.044234537
29549,0.09095622
29550,0.025547767
29551,0.0336203
29552,0.0350127
29553,0.07790762
29554,0.05414279
29555,0.07270027
29556,0.409234
29557,0.25400165
29558,0.41479993
29559,0.6945927
29560,0.6136627
29561,0.27964914
29562,0.08400152
29563,0.049735624
29564,0.05182761
29565,0.101745695
29566,0.020341367
29567,0.013749806
29568,0.033284977
29569,0.6631428
29570,0.05034193
29571,0.021204228
29572,0.054006908
29573,0.048570327
29574,0.23039219
29575,0.039579265
29576,0.04985954
29577,0.021262154
29578,0.04505018
29579,0.015725827
29580,0.028861647
29581,0.084683426
29582,0.11057219
29583,0.49606106
29584,0.41933787
29585,0.2460865
29586,0.6635102
29587,0.40217516
29588,0.520295
29589,0.11355312
29590,0.03769059
29591,0.03496976
29592,0.038057037
29593,0.048995517
29594,0.047516055
29595,0.03542186
29596,0.05242685
29597,0.5080206
29598,0.07839664
29599,0.42383054
29600,0.033370916
29601,0.097620115
29602,0.10893646
29603,0.1102022
29604,0.12009359
29605,0.043702304
29606,0.031317778
29607,0.039783224
29608,0.11663467
29609,0.6111828
29610,0.40510407
29611,0.5841235
29612,0.41550937
29613,0.4124205
29614,0.24611454
29615,0.21554218
29616,0.028451446
29617,0.011233488
29618,0.026588267
29619,0.017828634
29620,0.03324404
29621,0.09959748
29622,0.12539017
29623,0.0725187
29624,0.43542153
29625,0.0286481
29626,0.064470515
29627,0.015380895
29628,0.41793847
29629,0.04506675
29630,0.10608713
29631,0.25124288
29632,0.032962315
29633,0.00846373
29634,0.24358831
29635,0.24690285
29636,0.06405989
29637,0.080975465
29638,0.087392494
29639,0.06907565
29640,0.03848127
29641,0.10647706
29642,0.104436345
29643,0.01413899
29644,0.23411842
29645,0.011183233
29646,0.090188004
29647,0.0390246
29648,0.034942884
29649,0.1010734
29650,0.04002404
29651,0.044802837
29652,0.0423674
29653,0.12590696
29654,0.2682705
29655,0.4985819
29656,0.08467664
29657,0.014838688
29658,0.030236037
29659,0.05376032
29660,0.05948364
29661,0.11170565
29662,0.01786522
29663,0.033617064
29664,0.018557303
29665,0.032893363
29666,0.022554051
29667,0.013719637
29668,0.032654252
29669,0.06401994
29670,0.086762816
29671,0.42806816
29672,0.016595876
29673,0.037734903
29674,0.06315693
29675,0.09017714
29676,0.44596195
29677,0.07728802
29678,0.01856949
29679,0.2516119
29680,0.016791904
29681,0.036786683
29682,0.021188665
29683,0.06489603
29684,0.23668191
29685,0.049310837
29686,0.01642588
29687,0.023625543
29688,0.013319947
29689,0.14231533
29690,0.021398557
29691,0.029022515
29692,0.11281492
29693,0.05830518
29694,0.03824964
29695,0.02191561
29696,0.028364806
29697,0.0571192
29698,0.41083628
29699,0.032150693
29700,0.011339456
29701,0.0226776
29702,0.029656146
29703,0.04083857
29704,0.055395935
29705,0.2556235
29706,0.05922586
29707,0.13049868
29708,0.08600019
29709,0.030450694
29710,0.021232812
29711,0.049335986
29712,0.046564218
29713,0.03113391
29714,0.39572147
29715,0.019846454
29716,0.12489788
29717,0.02141367
29718,0.084780045
29719,0.04596077
29720,0.014740089
29721,0.27459317
29722,0.6229119
29723,0.11794266
29724,0.06908098
29725,0.016391281
29726,0.0640045
29727,0.04605331
29728,0.04376209
29729,0.07900478
29730,0.06910893
29731,0.08014737
29732,0.6493816
29733,0.06946309
29734,0.020071296
29735,0.06950988
29736,0.075381726
29737,0.037556067
29738,0.112331115
29739,0.51151377
29740,0.06443694
29741,0.2449864
29742,0.028141627
29743,0.021879438
29744,0.058442466
29745,0.02441042
29746,0.07896269
29747,0.02930155
29748,0.028715013
29749,0.054036893
29750,0.055470422
29751,0.029202746
29752,0.05391611
29753,0.119966805
29754,0.038356483
29755,0.039767005
29756,0.033683956
29757,0.07331072
29758,0.090092845
29759,0.02552393
29760,0.05551718
29761,0.61666346
29762,0.053325497
29763,0.084658004
29764,0.049257506
29765,0.037475225
29766,0.04513923
29767,0.047908157
29768,0.01864172
29769,0.020687021
29770,0.48656666
29771,0.029296663
29772,0.00609278
29773,0.0048349923
29774,0.009477866
29775,0.0075503415
29776,0.02309311
29777,0.049846757
29778,0.07801926
29779,0.024317829
29780,0.014207275
29781,0.095276006
29782,0.04439387
29783,0.026421446
29784,0.047652923
29785,0.41457313
29786,0.029809408
29787,0.023012064
29788,0.006100355
29789,0.042073637
29790,0.00826945
29791,0.031426635
29792,0.104368754
29793,0.05832679
29794,0.015006748
29795,0.0185595
29796,0.068415835
29797,0.2471622
29798,0.078129515
29799,0.07636786
29800,0.057373468
29801,0.030232852
29802,0.04901163
29803,0.018607425
29804,0.052714698
29805,0.2622367
29806,0.36981228
29807,0.011481341
29808,0.032023776
29809,0.018710019
29810,0.015968043
29811,0.021133019
29812,0.016675256
29813,0.023475045
29814,0.01933889
29815,0.017961837
29816,0.027989691
29817,0.05414637
29818,0.053222176
29819,0.10330178
29820,0.008505739
29821,0.10920555
29822,0.0093296785
29823,0.25513822
29824,0.010194778
29825,0.025957223
29826,0.030143106
29827,0.017303461
29828,0.021975942
29829,0.017968945
29830,0.029811246
29831,0.015146503
29832,0.004948551
29833,0.01341433
29834,0.0069772415
29835,0.05614893
29836,0.007917052
29837,0.028653944
29838,0.045554392
29839,0.018516907
29840,0.04345743
29841,0.0179667
29842,0.015178588
29843,0.012854726
29844,0.080879234
29845,0.029654644
29846,0.046265624
29847,0.0048381938
29848,0.010113571
29849,0.033860825
29850,0.021467125
29851,0.071504615
29852,0.01883679
29853,0.0052549606
29854,0.39529502
29855,0.053136636
29856,0.055389617
29857,0.05527566
29858,0.07009399
29859,0.025676174
29860,0.013425062
29861,0.066859126
29862,0.08583327
29863,0.09716446
29864,0.020410463
29865,0.034606207
29866,0.03440772
29867,0.03011636
29868,0.027606798
29869,0.03225672
29870,0.007304764
29871,0.06153432
29872,0.05147922
29873,0.25625393
29874,0.022725632
29875,0.029707199
29876,0.009525776
29877,0.020922003
29878,0.04641296
29879,0.017354697
29880,0.025929786
29881,0.013854854
29882,0.031699844
29883,0.014997638
29884,0.009398248
29885,0.03217595
29886,0.25787783
29887,0.23505367
29888,0.022289647
29889,0.083151355
29890,0.023789084
29891,0.009639845
29892,0.036676478
29893,0.06683055
29894,0.044253726
29895,0.05494055
29896,0.03179477
29897,0.03669924
29898,0.045740463
29899,0.04243584
29900,0.08041398
29901,0.038710512
29902,0.09845452
29903,0.043864924
29904,0.071971335
29905,0.25564167
29906,0.4092185
29907,0.04520562
29908,0.2607312
29909,0.06758897
29910,0.2609314
29911,0.07619776
29912,0.24892157
29913,0.058203813
29914,0.022691675
29915,0.07899265
29916,0.016422197
29917,0.039697047
29918,0.013031783
29919,0.24849324
29920,0.030555528
29921,0.6277957
29922,0.24640143
29923,0.04433767
29924,0.24919122
29925,0.011864674
29926,0.044029053
29927,0.034235936
29928,0.091794804
29929,0.252676
29930,0.5170439
29931,0.48882005
29932,0.045183215
29933,0.06448756
29934,0.09967743
29935,0.10508808
29936,0.008107051
29937,0.0071195927
29938,0.053015284
29939,0.041817702
29940,0.06085806
29941,0.073862836
29942,0.03345897
29943,0.44276994
29944,0.24129118
29945,0.40174973
29946,0.48026055
29947,0.09663087
29948,0.4956893
29949,0.054687932
29950,0.09199781
29951,0.05091103
29952,0.047935344
29953,0.033300538
29954,0.06555239
29955,0.07632907
29956,0.0874066
29957,0.077277705
29958,0.031541597
29959,0.038258493
29960,0.06612678
29961,0.26170787
29962,0.044368003
29963,0.052848194
29964,0.055664755
29965,0.06714615
29966,0.038493045
29967,0.04326554
29968,0.029559696
29969,0.2563715
29970,0.05462028
29971,0.10280283
29972,0.052317884
29973,0.04077693
29974,0.0072243838
29975,0.5020382
29976,0.086551405
29977,0.011933732
29978,0.06855245
29979,0.0945147
29980,0.26134747
29981,0.066286825
29982,0.04930149
29983,0.018227665
29984,0.018534642
29985,0.03480797
29986,0.0098036025
29987,0.05061189
29988,0.06603532
29989,0.06534216
29990,0.0758612
29991,0.26665008
29992,0.2635106
29993,0.013356692
29994,0.34657326
29995,0.044494394
29996,0.030276459
29997,0.25654644
29998,0.017746076
29999,0.042651005
30000,0.014383888
30001,0.20977527
30002,0.044157244
30003,0.028967598
30004,0.25023478
30005,0.47087646
30006,0.07156946
30007,0.01728437
30008,0.020186946
30009,0.040279843
30010,0.054564707
30011,0.013543575
30012,0.029615266
30013,0.08528182
30014,0.10848508
30015,0.07817594
30016,0.079495735
30017,0.055017572
30018,0.004422198
30019,0.010568979
30020,0.028263666
30021,0.030004758
30022,0.028221332
30023,0.03479025
30024,0.0716189
30025,0.050666917
30026,0.22252394
30027,0.013732421
30028,0.033986364
30029,0.025913797
30030,0.016084502
30031,0.014353535
30032,0.023170719
30033,0.040224347
30034,0.025147444
30035,0.05911952
30036,0.44663742
30037,0.40245083
30038,0.042345975
30039,0.03805172
30040,0.077948466
30041,0.06007141
30042,0.013060137
30043,0.051922437
30044,0.013473342
30045,0.0119558135
30046,0.032257155
30047,0.25289103
30048,0.024993254
30049,0.022819143
30050,0.03127974
30051,0.20121828
30052,0.05550605
30053,0.24109066
30054,0.22762026
30055,0.394965
30056,0.054615434
30057,0.040445816
30058,0.01736039
30059,0.04952956
30060,0.044433977
30061,0.23910601
30062,0.04404228
30063,0.47892737
30064,0.08054068
30065,0.019057216
30066,0.08027873
30067,0.049053244
30068,0.046605963
30069,0.016882861
30070,0.02120095
30071,0.055366974
30072,0.02998352
30073,0.016522627
30074,0.017279822
30075,0.066479966
30076,0.04321238
30077,0.06452282
30078,0.051868305
30079,0.07761852
30080,0.41218454
30081,0.42805058
30082,0.054739002
30083,0.020352615
30084,0.06574035
30085,0.017495384
30086,0.037943393
30087,0.028551398
30088,0.06767538
30089,0.05100419
30090,0.086266026
30091,0.039936077
30092,0.07729427
30093,0.038549453
30094,0.052079357
30095,0.033614356
30096,0.019835979
30097,0.092517585
30098,0.009275653
30099,0.058388114
30100,0.029653
30101,0.014223789
30102,0.02141296
30103,0.033893574
30104,0.05251991
30105,0.061004456
30106,0.23259486
30107,0.070900366
30108,0.41326153
30109,0.2341087
30110,0.23968415
30111,0.011147518
30112,0.06864005
30113,0.049005244
30114,0.04041997
30115,0.06769072
30116,0.018596647
30117,0.046204165
30118,0.03491588
30119,0.0486243
30120,0.068694375
30121,0.02998478
30122,0.0499298
30123,0.021020863
30124,0.061296683
30125,0.019037073
30126,0.03480984
30127,0.08019405
30128,0.052239805
30129,0.23719257
30130,0.5764966
30131,0.070966326
30132,0.0795339
30133,0.052248716
30134,0.06202306
30135,0.059749104
30136,0.06792796
30137,0.048944317
30138,0.009157027
30139,0.018040076
30140,0.2625277
30141,0.059038114
30142,0.06567529
30143,0.052387174
30144,0.06549184
30145,0.01675802
30146,0.017463682
30147,0.018754134
30148,0.03399684
30149,0.26151514
30150,0.05469909
30151,0.042937342
30152,0.07798441
30153,0.56349164
30154,0.067249164
30155,0.012938789
30156,0.23107316
30157,0.051020116
30158,0.25789475
30159,0.2632394
30160,0.055177268
30161,0.044648826
30162,0.045566935
30163,0.07610386
30164,0.09794077
30165,0.038785815
30166,0.10319391
30167,0.0708544
30168,0.06150423
30169,0.012295269
30170,0.009696053
30171,0.014177064
30172,0.01845988
30173,0.04677867
30174,0.055139862
30175,0.013415956
30176,0.08720998
30177,0.09780856
30178,0.23964924
30179,0.067327425
30180,0.030459711
30181,0.07752441
30182,0.098852925
30183,0.407867
30184,0.049997866
30185,0.045750696
30186,0.02673947
30187,0.055735447
30188,0.57130724
30189,0.034753576
30190,0.09631352
30191,0.42878923
30192,0.25093558
30193,0.021648116
30194,0.0150716435
30195,0.012204498
30196,0.037947282
30197,0.048712775
30198,0.40622938
30199,0.40515196
30200,0.008452327
30201,0.064006105
30202,0.066669516
30203,0.099853106
30204,0.095805384
30205,0.09002375
30206,0.103193104
30207,0.40367424
30208,0.06550998
30209,0.016676342
30210,0.044962868
30211,0.07220344
30212,0.048297293
30213,0.26537582
30214,0.64440095
30215,0.040410772
30216,0.42614347
30217,0.013071564
30218,0.044962224
30219,0.38341814
30220,0.004843432
30221,0.04580974
30222,0.061761156
30223,0.015450264
30224,0.040680707
30225,0.0053718425
30226,0.3952452
30227,0.19730812
30228,0.06401336
30229,0.38677725
30230,0.099121705
30231,0.2608254
30232,0.4054906
30233,0.4060157
30234,0.10838097
30235,0.07709118
30236,0.0863298
30237,0.61442554
30238,0.48300695
30239,0.48388317
30240,0.022937702
30241,0.09759355
30242,0.05375602
30243,0.006526091
30244,0.04928364
30245,0.0053320494
30246,0.009289411
30247,0.009788307
30248,0.029915133
30249,0.05063811
30250,0.07235711
30251,0.06804328
30252,0.076854594
30253,0.0693132
30254,0.23842362
30255,0.2252722
30256,0.026141591
30257,0.07900804
30258,0.42360204
30259,0.05003862
30260,0.6188415
30261,0.6987718
30262,0.6036778
30263,0.0050323065
30264,0.025925606
30265,0.015997605
30266,0.06865225
30267,0.40799302
30268,0.06760913
30269,0.015390199
30270,0.05398093
30271,0.012182334
30272,0.04900856
30273,0.054911125
30274,0.044711
30275,0.010911241
30276,0.4025635
30277,0.015632099
30278,0.02691842
30279,0.07618464
30280,0.0771215
30281,0.045705117
30282,0.04433579
30283,0.23985554
30284,0.21825212
30285,0.023998845
30286,0.2332172
30287,0.077148385
30288,0.07598683
30289,0.7292843
30290,0.71334773
30291,0.6239382
30292,0.20510274
30293,0.025454229
30294,0.013311039
30295,0.38071743
30296,0.07249425
30297,0.108550765
30298,0.037516844
30299,0.071259245
30300,0.01693292
30301,0.07082715
30302,0.077438064
30303,0.09829581
30304,0.0946482
30305,0.4694156
30306,0.40837094
30307,0.23513731
30308,0.09034754
30309,0.06639885
30310,0.05194649
30311,0.07951029
30312,0.040371142
30313,0.03045185
30314,0.09879327
30315,0.10207423
30316,0.05528834
30317,0.07913546
30318,0.022932757
30319,0.74693364
30320,0.56566143
30321,0.67859954
30322,0.086759344
30323,0.04480787
30324,0.39051822
30325,0.016518135
30326,0.38809362
30327,0.024922712
30328,0.021644995
30329,0.014976877
30330,0.031498723
30331,0.072049245
30332,0.04433286
30333,0.39900994
30334,0.6931003
30335,0.059287548
30336,0.07341462
30337,0.06696252
30338,0.1009809
30339,0.058762148
30340,0.37594423
30341,0.22720768
30342,0.033860058
30343,0.07094965
30344,0.077668115
30345,0.07639715
30346,0.042853452
30347,0.017728107
30348,0.27007803
30349,0.40285888
30350,0.24788697
30351,0.065003194
30352,0.024963947
30353,0.08034875
30354,0.010624302
30355,0.060741022
30356,0.10448419
30357,0.027815515
30358,0.038101986
30359,0.051881295
30360,0.0377241
30361,0.041499782
30362,0.40682486
30363,0.70947903
30364,0.26985642
30365,0.09857498
30366,0.08101942
30367,0.10324481
30368,0.09899604
30369,0.47752702
30370,0.05189513
30371,0.0309784
30372,0.034295313
30373,0.030697552
30374,0.09807052
30375,0.09754511
30376,0.24437211
30377,0.46559367
30378,0.26144478
30379,0.24785767
30380,0.64403516
30381,0.09675659
30382,0.016427927
30383,0.089123674
30384,0.25430915
30385,0.019158006
30386,0.050179716
30387,0.47853848
30388,0.05337614
30389,0.034038533
30390,0.033267222
30391,0.04240427
30392,0.23523323
30393,0.42017388
30394,0.265167
30395,0.50418407
30396,0.2648681
30397,0.09824479
30398,0.09709252
30399,0.3952064
30400,0.025346765
30401,0.09871858
30402,0.06229173
30403,0.04578571
30404,0.43940324
30405,0.2646097
30406,0.048801206
30407,0.52431136
30408,0.26243138
30409,0.008583852
30410,0.06829409
30411,0.07969931
30412,0.06749676
30413,0.04580458
30414,0.0133121805
30415,0.012892517
30416,0.025958465
30417,0.04977596
30418,0.0688788
30419,0.06889509
30420,0.0851738
30421,0.41743127
30422,0.7040457
30423,0.43770298
30424,0.2635211
30425,0.5123951
30426,0.07058583
30427,0.061210893
30428,0.06345739
30429,0.09156709
30430,0.39168227
30431,0.054706804
30432,0.025435219
30433,0.0551002
30434,0.09249895
30435,0.015943171
30436,0.04412306
30437,0.07732731
30438,0.019601997
30439,0.035145465
30440,0.02095632
30441,0.024826745
30442,0.030961934
30443,0.05919259
30444,0.049467966
30445,0.06519775
30446,0.40886474
30447,0.2494452
30448,0.36210817
30449,0.66151816
30450,0.6145079
30451,0.40878353
30452,0.22543971
30453,0.04557058
30454,0.018372852
30455,0.045625966
30456,0.08112991
30457,0.013090015
30458,0.032232102
30459,0.61572504
30460,0.044831183
30461,0.015739895
30462,0.19625482
30463,0.044197462
30464,0.22446142
30465,0.035244837
30466,0.044447117
30467,0.015961511
30468,0.042333145
30469,0.025260607
30470,0.06787036
30471,0.07601783
30472,0.44064605
30473,0.410604
30474,0.2308814
30475,0.70238465
30476,0.42036277
30477,0.495703
30478,0.09517878
30479,0.03826248
30480,0.030638956
30481,0.0330373
30482,0.044409137
30483,0.040937822
30484,0.033123724
30485,0.056011852
30486,0.44637054
30487,0.07091242
30488,0.39942878
30489,0.027489085
30490,0.07640603
30491,0.08596687
30492,0.09758289
30493,0.10846476
30494,0.042492878
30495,0.026904259
30496,0.038644884
30497,0.094781175
30498,0.6853116
30499,0.3711355
30500,0.5123951
30501,0.40190572
30502,0.4183821
30503,0.104343235
30504,0.22125001
30505,0.039850026
30506,0.020451382
30507,0.011207272
30508,0.011888013
30509,0.041586503
30510,0.027762745
30511,0.08676811
30512,0.09185885
30513,0.068468936
30514,0.2612221
30515,0.025661107
30516,0.06037995
30517,0.26922947
30518,0.03785044
30519,0.07907285
30520,0.3889004
30521,0.027189927
30522,0.22592837
30523,0.25105894
30524,0.058844347
30525,0.07227321
30526,0.07146491
30527,0.066585064
30528,0.033414744
30529,0.086047694
30530,0.07919106
30531,0.044781163
30532,0.008026986
30533,0.22919242
30534,0.071310334
30535,0.039471794
30536,0.030214895
30537,0.086069085
30538,0.031502735
30539,0.040228814
30540,0.03808932
30541,0.09692688
30542,0.38666365
30543,0.48673546
30544,0.08027483
30545,0.010926343
30546,0.016121332
30547,0.04802706
30548,0.05528357
30549,0.096272714
30550,0.029049272
30551,0.0130430255
30552,0.029586127
30553,0.017229928
30554,0.011224512
30555,0.026191814
30556,0.06143566
30557,0.06746665
30558,0.4016889
30559,0.012483777
30560,0.01954022
30561,0.030381456
30562,0.059313126
30563,0.07119142
30564,0.47809246
30565,0.080548264
30566,0.01120689
30567,0.23988573
30568,0.034296762
30569,0.013451562
30570,0.0611278
30571,0.088523954
30572,0.046546545
30573,0.020357776
30574,0.0094363745
30575,0.26502687
30576,0.032795914
30577,0.013378572
30578,0.014827532
30579,0.024522131
30580,0.090683945
30581,0.054269664
30582,0.03570816
30583,0.01540871
30584,0.026535582
30585,0.05283784
30586,0.2607902
30587,0.029077971
30588,0.017123835
30589,0.026834248
30590,0.038417015
30591,0.05226396
30592,0.2594111
30593,0.053556297
30594,0.25956696
30595,0.07167303
30596,0.026300015
30597,0.0128190685
30598,0.04425191
30599,0.045064554
30600,0.026326064
30601,0.37481123
30602,0.015976703
30603,0.25168917
30604,0.016284067
30605,0.06743241
30606,0.044646718
30607,0.009410522
30608,0.26099148
30609,0.63495666
30610,0.22587137
30611,0.07044509
30612,0.06868091
30613,0.044819742
30614,0.040645033
30615,0.07113865
30616,0.06615117
30617,0.07641709
30618,0.7397612
30619,0.02113438
30620,0.06442344
30621,0.013290905
30622,0.06670474
30623,0.06431507
30624,0.021127412
30625,0.03406888
30626,0.100224316
30627,0.46621007
30628,0.060843047
30629,0.24325307
30630,0.024195947
30631,0.06234794
30632,0.019358357
30633,0.066239856
30634,0.025975592
30635,0.023052746
30636,0.047588803
30637,0.050782897
30638,0.025306515
30639,0.022618305
30640,0.051166225
30641,0.033099793
30642,0.10105439
30643,0.038814027
30644,0.030447304
30645,0.06661265
30646,0.07839116
30647,0.017088428
30648,0.0234204
30649,0.049902912
30650,0.6642591
30651,0.055267535
30652,0.07858311
30653,0.044448316
30654,0.034654696
30655,0.042683735
30656,0.043864924
30657,0.011732305
30658,0.015535633
30659,0.2653009
30660,0.024986655
30661,0.008837685
30662,0.006296953
30663,0.009010412
30664,0.0064228983
30665,0.014435673
30666,0.0444815
30667,0.077711724
30668,0.22949407
30669,0.038278073
30670,0.044440225
30671,0.38321042
30672,0.025532307
30673,0.017761197
30674,0.011541537
30675,0.023620015
30676,0.011097762
30677,0.040371083
30678,0.01066028
30679,0.028991094
30680,0.2513723
30681,0.053385764
30682,0.011669105
30683,0.012536545
30684,0.006442558
30685,0.05515692
30686,0.2377121
30687,0.07133625
30688,0.06175922
30689,0.053891666
30690,0.025688747
30691,0.047903158
30692,0.021596413
30693,0.055665195
30694,0.2566226
30695,0.09204778
30696,0.010849531
30697,0.012794533
30698,0.010872434
30699,0.017064495
30700,0.007797841
30701,0.013835354
30702,0.019282999
30703,0.010590344
30704,0.02141296
30705,0.04871403
30706,0.046591613
30707,0.08054068
30708,0.09189864
30709,0.014557984
30710,0.2651014
30711,0.0154119395
30712,0.02145194
30713,0.011298833
30714,0.024083752
30715,0.011115194
30716,0.008664546
30717,0.022975063
30718,0.01695614
30719,0.012857068
30720,0.029857446
30721,0.0180388
30722,0.008600936
30723,0.05289948
30724,0.04056775
30725,0.011684668
30726,0.04202921
30727,0.0137517955
30728,0.008664695
30729,0.011870043
30730,0.008526267
30731,0.07899272
30732,0.025317177
30733,0.04431205
30734,0.008045671
30735,0.03106528
30736,0.014280129
30737,0.06704862
30738,0.01226029
30739,0.004906652
30740,0.40521964
30741,0.052404698
30742,0.054245524
30743,0.055299066
30744,0.06776322
30745,0.019883657
30746,0.008918635
30747,0.06710763
30748,0.021823002
30749,0.0767945
30750,0.0938792
30751,0.015198665
30752,0.029992782
30753,0.03054055
30754,0.025542323
30755,0.025624355
30756,0.005756349
30757,0.03031691
30758,0.013547858
30759,0.066512756
30760,0.050577953
30761,0.030781593
30762,0.005683574
30763,0.094535075
30764,0.0159637
30765,0.022797916
30766,0.022361495
30767,0.005035984
30768,0.013490582
30769,0.044693287
30770,0.021690162
30771,0.029232608
30772,0.031212619
30773,0.009197637
30774,0.029295314
30775,0.39884928
30776,0.24210449
30777,0.010115553
30778,0.01728422
30779,0.07102297
30780,0.017348152
30781,0.018220592
30782,0.03493242
30783,0.053345833
30784,0.025882624
30785,0.044354104
30786,0.055981196
30787,0.019229973
30788,0.03132513
30789,0.045290586
30790,0.03790241
30791,0.04218671
30792,0.08095884
30793,0.036096156
30794,0.4091796
30795,0.04412252
30796,0.071076766
30797,0.4362546
30798,0.38460627
30799,0.029584011
30800,0.26492256
30801,0.06780217
30802,0.41654164
30803,0.07642502
30804,0.09953431
30805,0.0589096
30806,0.01913527
30807,0.22923504
30808,0.010927651
30809,0.038987003
30810,0.013169929
30811,0.41825354
30812,0.030780556
30813,0.6746453
30814,0.2520082
30815,0.044702552
30816,0.25150487
30817,0.011408943
30818,0.030993447
30819,0.022027172
30820,0.04422236
30821,0.018850867
30822,0.030621383
30823,0.08726703
30824,0.44618618
30825,0.5303645
30826,0.5456407
30827,0.045038316
30828,0.0682303
30829,0.09462537
30830,0.46125293
30831,0.053677157
30832,0.0421058
30833,0.06243633
30834,0.22779208
30835,0.034289874
30836,0.44569972
30837,0.24419047
30838,0.2559667
30839,0.52473426
30840,0.09670196
30841,0.020361964
30842,0.5228112
30843,0.05570061
30844,0.09645842
30845,0.05125049
30846,0.048719984
30847,0.033486273
30848,0.065943606
30849,0.07705384
30850,0.08552823
30851,0.22800516
30852,0.031483386
30853,0.037651207
30854,0.06683151
30855,0.26633596
30856,0.04462923
30857,0.05350716
30858,0.05662073
30859,0.06877837
30860,0.04347189
30861,0.02583721
30862,0.055396378
30863,0.09897076
30864,0.055632558
30865,0.430772
30866,0.052381393
30867,0.03831458
30868,0.028640645
30869,0.01918127
30870,0.017221823
30871,0.49791333
30872,0.08645777
30873,0.06860209
30874,0.42530873
30875,0.26170146
30876,0.010225881
30877,0.067255236
30878,0.050185036
30879,0.021242265
30880,0.010242617
30881,0.06616017
30882,0.06569949
30883,0.07599694
30884,0.2730177
30885,0.4912945
30886,0.18072602
30887,0.044663794
30888,0.029714836
30889,0.41997543
30890,0.017574562
30891,0.043525647
30892,0.0098569635
30893,0.062041827
30894,0.044230655
30895,0.025645066
30896,0.25208452
30897,0.5011721
30898,0.07091406
30899,0.017065147
30900,0.019963762
30901,0.040334377
30902,0.05432885
30903,0.026614098
30904,0.017561417
30905,0.0844394
30906,0.10621541
30907,0.078579925
30908,0.07964767
30909,0.056079227
30910,0.012955891
30911,0.03650959
30912,0.030550754
30913,0.029034369
30914,0.034323946
30915,0.07237968
30916,0.050436277
30917,0.22767596
30918,0.013207519
30919,0.034387104
30920,0.026355263
30921,0.016192082
30922,0.014454812
30923,0.022545
30924,0.039865546
30925,0.059266895
30926,0.42850342
30927,0.26781905
30928,0.04339298
30929,0.03845791
30930,0.07822725
30931,0.061679058
30932,0.013644965
30933,0.052787982
30934,0.029727245
30935,0.2557177
30936,0.025714742
30937,0.023227181
30938,0.03100757
30939,0.054070424
30940,0.05654943
30941,0.4134306
30942,0.40675667
30943,0.37451077
30944,0.0545873
30945,0.037398543
30946,0.017451828
30947,0.050252166
30948,0.04458134
30949,0.24322759
30950,0.044686094
30951,0.56820995
30952,0.082923934
30953,0.018709792
30954,0.08117307
30955,0.04920645
30956,0.047130845
30957,0.017478978
30958,0.00917433
30959,0.056349613
30960,0.008915733
30961,0.021043858
30962,0.01605175
30963,0.017502382
30964,0.06663663
30965,0.04318407
30966,0.064996794
30967,0.05259149
30968,0.07679724
30969,0.41764745
30970,0.45089188
30971,0.055168103
30972,0.020245217
30973,0.066577435
30974,0.021289876
30975,0.03758676
30976,0.0073913983
30977,0.06858356
30978,0.051050585
30979,0.0879293
30980,0.039692454
30981,0.08046544
30982,0.038121507
30983,0.052513346
30984,0.033741795
30985,0.016471688
30986,0.018335026
30987,0.09282186
30988,0.059169024
30989,0.03041285
30990,0.021580057
30991,0.03414713
30992,0.05247616
30993,0.06173001
30994,0.0886782
30995,0.071806446
30996,0.26031488
30997,0.23661943
30998,0.24354196
30999,0.011291127
31000,0.06952066
31001,0.012678466
31002,0.04886137
31003,0.008239599
31004,0.040106427
31005,0.06822201
31006,0.030720918
31007,0.04575302
31008,0.036494564
31009,0.016726729
31010,0.04885101
31011,0.06792284
31012,0.030954242
31013,0.050406642
31014,0.022017086
31015,0.032557677
31016,0.061888866
31017,0.012583054
31018,0.03417471
31019,0.079711944
31020,0.05272798
31021,0.24249022
31022,0.57192224
31023,0.07199467
31024,0.07973259
31025,0.053378034
31026,0.06281409
31027,0.059827313
31028,0.06909693
31029,0.04939837
31030,0.26399708
31031,0.059862442
31032,0.06665141
31033,0.052626934
31034,0.0667836
31035,0.017264934
31036,0.030900076
31037,0.018335026
31038,0.018580116
31039,0.033806615
31040,0.26552132
31041,0.055995725
31042,0.043247785
31043,0.076594405
31044,0.70259255
31045,0.068721324
31046,0.012769755
31047,0.23484233
31048,0.051253304
31049,0.25869596
31050,0.26668125
31051,0.05662648
31052,0.018422067
31053,0.045689505
31054,0.046260294
31055,0.0767505
31056,0.25099918
31057,0.038987003
31058,0.26102462
31059,0.06865292
31060,0.0058480687
31061,0.061409842
31062,0.009727664
31063,0.014413279
31064,0.018741399
31065,0.04755011
31066,0.056266423
31067,0.013721171
31068,0.08632644
31069,0.10104653
31070,0.2439274
31071,0.06680968
31072,0.030411549
31073,0.07885352
31074,0.101896495
31075,0.41235536
31076,0.050457593
31077,0.045500938
31078,0.01992657
31079,0.056555152
31080,0.5900512
31081,0.035337158
31082,0.0973644
31083,0.50130516
31084,0.2530518
31085,0.016870612
31086,0.016703527
31087,0.03762487
31088,0.049720693
31089,0.14487027
31090,0.4146505
31091,0.008621963
31092,0.06465691
31093,0.06719528
31094,0.25191495
31095,0.09816723
31096,0.09094386
31097,0.10780878
31098,0.397621
31099,0.066299476
31100,0.017744696
31101,0.04530054
31102,0.07142471
31103,0.049101233
31104,0.10301758
31105,0.6979379
31106,0.040925913
31107,0.4470353
31108,0.012673219
31109,0.045247108
31110,0.2677392
31111,0.011364105
31112,0.045727085
31113,0.061889812
31114,0.015793625
31115,0.039905522
31116,0.42471698
31117,0.20171683
31118,0.06425622
31119,0.25591514
31120,0.09598307
31121,0.2691574
31122,0.4049455
31123,0.4342977
31124,0.2584164
31125,0.077092886
31126,0.08705499
31127,0.64229834
31128,0.5040281
31129,0.475388
31130,0.022743145
31131,0.097564295
31132,0.05462554
31133,0.02561017
31134,0.018274577
31135,0.01035872
31136,0.05020738
31137,0.007929407
31138,0.007724718
31139,0.010493203
31140,0.030264663
31141,0.050280686
31142,0.07139219
31143,0.068937324
31144,0.0765055
31145,0.068578266
31146,0.24040584
31147,0.23081349
31148,0.025962325
31149,0.08008429
31150,0.39945084
31151,0.017206633
31152,0.051120117
31153,0.7135937
31154,0.6088379
31155,0.6953793
31156,0.005560585
31157,0.025444513
31158,0.06973091
31159,0.43086135
31160,0.06818307
31161,0.05401346
31162,0.031272233
31163,0.008667447
31164,0.050310165
31165,0.055585522
31166,0.044704076
31167,0.011501691
31168,0.4240783
31169,0.015952323
31170,0.026416378
31171,0.077045016
31172,0.07679724
31173,0.045799702
31174,0.04507213
31175,0.4079398
31176,0.2203767
31177,0.02385312
31178,0.23438986
31179,0.07815873
31180,0.07649911
31181,0.5905515
31182,0.75208807
31183,0.5711346
31184,0.012725946
31185,0.20634116
31186,0.026198858
31187,0.008009468
31188,0.42599607
31189,0.073174
31190,0.10144615
31191,0.037874643
31192,0.07192402
31193,0.017491354
31194,0.07205576
31195,0.07758018
31196,0.101739526
31197,0.09717948
31198,0.478173
31199,0.45532426
31200,0.2369466
31201,0.089866504
31202,0.06720055
31203,0.05210749
31204,0.07987098
31205,0.040152386
31206,0.030683575
31207,0.02418812
31208,0.09466229
31209,0.09901657
31210,0.056660905
31211,0.0769191
31212,0.023305515
31213,0.5952864
31214,0.76915765
31215,0.6197387
31216,0.08672538
31217,0.044957567
31218,0.09997382
31219,0.41380227
31220,0.02580836
31221,0.00847656
31222,0.015767938
31223,0.016422242
31224,0.03173775
31225,0.07266856
31226,0.04452825
31227,0.4287437
31228,0.66203564
31229,0.059688296
31230,0.07383007
31231,0.06965058
31232,0.1000669
31233,0.059291188
31234,0.39596218
31235,0.2313053
31236,0.034531318
31237,0.07106051
31238,0.07863222
31239,0.07826228
31240,0.042940702
31241,0.025683358
31242,0.5151147
31243,0.43844724
31244,0.2537153
31245,0.06472046
31246,0.025505263
31247,0.079898626
31248,0.01107035
31249,0.06103053
31250,0.106721155
31251,0.027909044
31252,0.038997665
31253,0.04695882
31254,0.023245813
31255,0.022777034
31256,0.038314775
31257,0.04078185
31258,0.41006538
31259,0.6050774
31260,0.26689908
31261,0.09463485
31262,0.08212861
31263,0.103389405
31264,0.09656471
31265,0.45702654
31266,0.052412067
31267,0.034005005
31268,0.030375514
31269,0.0968805
31270,0.09390362
31271,0.0974056
31272,0.4840379
31273,0.2669824
31274,0.09870199
31275,0.785703
31276,0.09382969
31277,0.016109668
31278,0.0873376
31279,0.25603098
31280,0.018897507
31281,0.050012704
31282,0.42036387
31283,0.053878225
31284,0.034219775
31285,0.0324307
31286,0.042384904
31287,0.08936773
31288,0.44717333
31289,0.27046686
31290,0.51489264
31291,0.2670302
31292,0.09916503
31293,0.096277274
31294,0.27067077
31295,0.025426049
31296,0.10377416
31297,0.061894137
31298,0.04549957
31299,0.50196
31300,0.4076576
31301,0.049801443
31302,0.5259944
31303,0.45015883
31304,0.06818307
31305,0.08007769
31306,0.06819661
31307,0.04517067
31308,0.010732546
31309,0.009657642
31310,0.008294781
31311,0.026629014
31312,0.050002374
31313,0.0694102
31314,0.06815632
31315,0.08738729
31316,0.41149634
31317,0.57579356
31318,0.42133287
31319,0.27319244
31320,0.49629328
31321,0.07162536
31322,0.062034067
31323,0.06390757
31324,0.0924836
31325,0.4062777
31326,0.055267576
31327,0.024989096
31328,0.054850705
31329,0.092855856
31330,0.016406486
31331,0.043004207
31332,0.07777446
31333,0.019493038
31334,0.018842652
31335,0.034095302
31336,0.017055595
31337,0.023025174
31338,0.02985893
31339,0.059825536
31340,0.050263625
31341,0.066276945
31342,0.43567687
31343,0.25227824
31344,0.3757007
31345,0.66171044
31346,0.6737401
31347,0.14490546
31348,0.23113905
31349,0.043042615
31350,0.02464718
31351,0.045842327
31352,0.08138312
31353,0.014146108
31354,0.6058048
31355,0.044476207
31356,0.016152875
31357,0.052405596
31358,0.044616364
31359,0.23251148
31360,0.044933412
31361,0.04297583
31362,0.025981102
31363,0.06761621
31364,0.07720312
31365,0.5483009
31366,0.420989
31367,0.23784162
31368,0.71647006
31369,0.39783955
31370,0.45845687
31371,0.09811407
31372,0.03126023
31373,0.033155404
31374,0.044612024
31375,0.041346695
31376,0.013710129
31377,0.054835983
31378,0.40846956
31379,0.07175565
31380,0.42029428
31381,0.02820718
31382,0.077042356
31383,0.08674404
31384,0.0955907
31385,0.25788963
31386,0.04287932
31387,0.027023863
31388,0.008753217
31389,0.039205763
31390,0.09545352
31391,0.621296
31392,0.42979333
31393,0.5726034
31394,0.42552376
31395,0.4260555
31396,0.098575
31397,0.22287509
31398,0.040548895
31399,0.020608233
31400,0.01469097
31401,0.01217366
31402,0.034164064
31403,0.028149227
31404,0.086796634
31405,0.09258035
31406,0.0688117
31407,0.40815902
31408,0.024972187
31409,0.061711747
31410,0.43479753
31411,0.0384684
31412,0.08004855
31413,0.24336073
31414,0.026399687
31415,0.005173366
31416,0.23007405
31417,0.25295472
31418,0.05918229
31419,0.07486755
31420,0.07150129
31421,0.06677505
31422,0.034254234
31423,0.08607956
31424,0.0795557
31425,0.00856642
31426,0.23255105
31427,0.010966171
31428,0.072882175
31429,0.037915926
31430,0.030850768
31431,0.08686584
31432,0.031351987
31433,0.040924516
31434,0.03819355
31435,0.09641571
31436,0.40241534
31437,0.48852727
31438,0.08234709
31439,0.01021432
31440,0.021474052
31441,0.04812259
31442,0.056272812
31443,0.096574694
31444,0.012650129
31445,0.029529542
31446,0.013183291
31447,0.029556032
31448,0.01692768
31449,0.011080917
31450,0.024031023
31451,0.061613377
31452,0.069070764
31453,0.41033125
31454,0.013686596
31455,0.022036074
31456,0.030573005
31457,0.05910317
31458,0.07187007
31459,0.49460393
31460,0.08381676
31461,0.011894843
31462,0.09469867
31463,0.034413688
31464,0.013709394
31465,0.06199133
31466,0.08708486
31467,0.0467737
31468,0.016109668
31469,0.009504286
31470,0.10140609
31471,0.03029832
31472,0.013202697
31473,0.019045368
31474,0.024435053
31475,0.090900354
31476,0.054049816
31477,0.03497869
31478,0.016193975
31479,0.026096262
31480,0.05188029
31481,0.26740548
31482,0.029142557
31483,0.017902017
31484,0.02684334
31485,0.039155893
31486,0.05299009
31487,0.26050636
31488,0.054647837
31489,0.0992712
31490,0.07182622
31491,0.026655763
31492,0.013161424
31493,0.044113576
31494,0.04436576
31495,0.026815098
31496,0.265352
31497,0.02031512
31498,0.25294265
31499,0.016210575
31500,0.06738596
31501,0.044608004
31502,0.26579514
31503,0.6899681
31504,0.22991401
31505,0.07165786
31506,0.06865223
31507,0.04524389
31508,0.04011959
31509,0.07230542
31510,0.06663663
31511,0.07916944
31512,0.7236212
31513,0.022090297
31514,0.06466908
31515,0.013760387
31516,0.06649666
31517,0.06581864
31518,0.017102733
31519,0.03352762
31520,0.09631468
31521,0.5349179
31522,0.061233226
31523,0.2452238
31524,0.01615225
31525,0.06293046
31526,0.019505002
31527,0.067356355
31528,0.025956724
31529,0.02306791
31530,0.04808832
31531,0.051164255
31532,0.025644613
31533,0.051476985
31534,0.016859759
31535,0.097867504
31536,0.032833964
31537,0.03888091
31538,0.014887359
31539,0.030783422
31540,0.068132825
31541,0.07918364
31542,0.023204606
31543,0.050405424
31544,0.7110082
31545,0.056000978
31546,0.078154616
31547,0.044335056
31548,0.034378737
31549,0.04287543
31550,0.044857707
31551,0.015599706
31552,0.47565404
31553,0.025116418
31554,0.0054277903
31555,0.004756044
31556,0.0079937
31557,0.01157966
31558,0.045185447
31559,0.0784007
31560,0.017509194
31561,0.080814525
31562,0.0383349
31563,0.023807367
31564,0.045128968
31565,0.41996375
31566,0.025804697
31567,0.017698443
31568,0.018440349
31569,0.04090382
31570,0.25080988
31571,0.053937703
31572,0.011767599
31573,0.01301119
31574,0.05519504
31575,0.09445573
31576,0.22440818
31577,0.062963784
31578,0.055009663
31579,0.048278272
31580,0.016166562
31581,0.055994924
31582,0.25898048
31583,0.23890105
31584,0.0066773095
31585,0.030412218
31586,0.012572368
31587,0.01148455
31588,0.020611957
31589,0.011156508
31590,0.014606117
31591,0.021674262
31592,0.049333196
31593,0.046309285
31594,0.08256159
31595,0.008476276
31596,0.01281037
31597,0.09244914
31598,0.008895397
31599,0.26449645
31600,0.024736006
31601,0.011137689
31602,0.013368867
31603,0.021197412
31604,0.017116468
31605,0.022261562
31606,0.029288879
31607,0.008392452
31608,0.05332489
31609,0.024989096
31610,0.04094854
31611,0.011915224
31612,0.04330143
31613,0.0130402045
31614,0.01210013
31615,0.0766968
31616,0.024956657
31617,0.044828307
31618,0.005441238
31619,0.030110871
31620,0.06855687
31621,0.012284046
31622,0.013658149
31623,0.4145414
31624,0.052035652
31625,0.054668117
31626,0.055172525
31627,0.06719849
31628,0.020329637
31629,0.009146191
31630,0.067766316
31631,0.016867448
31632,0.07750568
31633,0.010023217
31634,0.09259655
31635,0.02899556
31636,0.030499823
31637,0.030118274
31638,0.025946094
31639,0.026611986
31640,0.01793931
31641,0.02991929
31642,0.016295193
31643,0.01087823
31644,0.0116585875
31645,0.011789696
31646,0.066364035
31647,0.051439606
31648,0.029993305
31649,0.09430673
31650,0.023257436
31651,0.010415121
31652,0.013715606
31653,0.044407822
31654,0.011322472
31655,0.024410022
31656,0.03066402
31657,0.101560086
31658,0.24172235
31659,0.014451611
31660,0.07164357
31661,0.018985994
31662,0.05037128
31663,0.024132997
31664,0.034746177
31665,0.055442978
31666,0.045733836
31667,0.057238925
31668,0.013209401
31669,0.032341536
31670,0.036087636
31671,0.039049003
31672,0.04322261
31673,0.09483284
31674,0.03651104
31675,0.42004147
31676,0.046076328
31677,0.22096886
31678,0.39607534
31679,0.40766275
31680,0.023644188
31681,0.047270432
31682,0.27714986
31683,0.07274602
31684,0.41044408
31685,0.08591237
31686,0.25902975
31687,0.0628356
31688,0.030513091
31689,0.2322465
31690,0.013939781
31691,0.2552321
31692,0.62429464
31693,0.26122105
31694,0.047818415
31695,0.045784533
31696,0.11034105
31697,0.06428063
31698,0.027674133
31699,0.046536203
31700,0.043022275
31701,0.101755634
31702,0.25806063
31703,0.52959204
31704,0.54896927
31705,0.046834104
31706,0.072295904
31707,0.112438425
31708,0.26529208
31709,0.055484485
31710,0.04415319
31711,0.063793704
31712,0.07875825
31713,0.50126237
31714,0.113501504
31715,0.26491228
31716,0.47815853
31717,0.11164105
31718,0.021903208
31719,0.5419103
31720,0.022167142
31721,0.055876184
31722,0.2737243
31723,0.053009663
31724,0.05074756
31725,0.034675058
31726,0.06893724
31727,0.026457362
31728,0.22822604
31729,0.10102716
31730,0.08603758
31731,0.032528765
31732,0.038849097
31733,0.06978917
31734,0.1440353
31735,0.046344563
31736,0.007308902
31737,0.03101338
31738,0.05491531
31739,0.057016518
31740,0.07144887
31741,0.035314653
31742,0.03924837
31743,0.04450494
31744,0.026303828
31745,0.27176127
31746,0.05651618
31747,0.4015463
31748,0.027846515
31749,0.054711364
31750,0.03922482
31751,0.010712617
31752,0.013209496
31753,0.47060254
31754,0.104783416
31755,0.072389364
31756,0.5056924
31757,0.45953447
31758,0.012978332
31759,0.07007754
31760,0.051974013
31761,0.0180595
31762,0.023162419
31763,0.03538826
31764,0.069861
31765,0.06858926
31766,0.0849275
31767,0.42075437
31768,0.452061
31769,0.1723327
31770,0.046017714
31771,0.01483127
31772,0.031383492
31773,0.029688293
31774,0.034472354
31775,0.42306775
31776,0.018587818
31777,0.044481147
31778,0.015427832
31779,0.06419882
31780,0.046248544
31781,0.26207107
31782,0.48634315
31783,0.07661655
31784,0.020555703
31785,0.04188456
31786,0.05634127
31787,0.025418423
31788,0.017410362
31789,0.100933604
31790,0.2648874
31791,0.08742476
31792,0.090610445
31793,0.055966675
31794,0.010197277
31795,0.034363892
31796,0.03134462
31797,0.02992779
31798,0.034696866
31799,0.07666782
31800,0.05280121
31801,0.22175066
31802,0.013525632
31803,0.035161477
31804,0.026757695
31805,0.01676472
31806,0.015560555
31807,0.023433782
31808,0.040873364
31809,0.0068402
31810,0.023826778
31811,0.06157769
31812,0.42369384
31813,0.44160807
31814,0.043941148
31815,0.038723286
31816,0.038799733
31817,0.08702295
31818,0.06395859
31819,0.014112465
31820,0.05445972
31821,0.014672294
31822,0.030233372
31823,0.26323116
31824,0.026174314
31825,0.02325776
31826,0.03149762
31827,0.055499643
31828,0.056536216
31829,0.4038429
31830,0.23391466
31831,0.23961385
31832,0.056090295
31833,0.038910095
31834,0.018061657
31835,0.0517365
31836,0.04677015
31837,0.41023198
31838,0.0463004
31839,0.5420245
31840,0.09499069
31841,0.018023212
31842,0.095978275
31843,0.051017214
31844,0.04848309
31845,0.017818015
31846,0.017455678
31847,0.056317803
31848,0.016936626
31849,0.01850147
31850,0.06896567
31851,0.044766583
31852,0.06810254
31853,0.054588128
31854,0.08610105
31855,0.25269967
31856,0.40333495
31857,0.056677993
31858,0.021338461
31859,0.07000593
31860,0.015815364
31861,0.03911734
31862,0.072243474
31863,0.053108107
31864,0.10272519
31865,0.04090002
31866,0.08917786
31867,0.03895634
31868,0.05489588
31869,0.03529601
31870,0.017676555
31871,0.11142506
31872,0.011316033
31873,0.03115697
31874,0.06253118
31875,0.030803688
31876,0.013786386
31877,0.010404459
31878,0.02265744
31879,0.035165984
31880,0.0538915
31881,0.06406507
31882,0.101144746
31883,0.076776624
31884,0.41688466
31885,0.3672694
31886,0.24911933
31887,0.012049389
31888,0.07337793
31889,0.018241078
31890,0.050809056
31891,0.040941786
31892,0.072311826
31893,0.020378625
31894,0.047583256
31895,0.036739457
31896,0.019076368
31897,0.051052086
31898,0.07223043
31899,0.031764917
31900,0.05318541
31901,0.008543839
31902,0.022288818
31903,0.03128841
31904,0.015810918
31905,0.06442069
31906,0.013355717
31907,0.034846187
31908,0.0955046
31909,0.054545872
31910,0.108306766
31911,0.5674746
31912,0.07617157
31913,0.09503101
31914,0.055478223
31915,0.06547866
31916,0.063268945
31917,0.07157393
31918,0.050859533
31919,0.018594
31920,0.28185895
31921,0.06319847
31922,0.0696419
31923,0.054930598
31924,0.07028695
31925,0.026457788
31926,0.017942328
31927,0.020097954
31928,0.035521008
31929,0.27821445
31930,0.058790695
31931,0.04373033
31932,0.08868996
31933,0.66474503
31934,0.07165057
31935,0.013835074
31936,0.23863673
31937,0.053160097
31938,0.12567136
31939,0.278382
31940,0.058992866
31941,0.019065186
31942,0.046258703
31943,0.047862872
31944,0.08598901
31945,0.1140797
31946,0.03960916
31947,0.1143743
31948,0.072570644
31949,0.01122157
31950,0.063243695
31951,0.021899998
31952,0.014771229
31953,0.019046325
31954,0.048369206
31955,0.057263713
31956,0.014271036
31957,0.09980599
31958,0.11253202
31959,0.25148562
31960,0.07019113
31961,0.031119343
31962,0.088334136
31963,0.2605721
31964,0.26677042
31965,0.05220268
31966,0.047514684
31967,0.020683909
31968,0.056984246
31969,0.5240708
31970,0.036408618
31971,0.11367912
31972,0.43270317
31973,0.2589135
31974,0.01796851
31975,0.010474672
31976,0.012629367
31977,0.039317746
31978,0.051104836
31979,0.43390366
31980,0.418105
31981,0.06761094
31982,0.06996659
31983,0.25635782
31984,0.25120664
31985,0.108113654
31986,0.12813053
31987,0.42360416
31988,0.069295846
31989,0.047413476
31990,0.07575927
31991,0.050850723
31992,0.14598228
31993,0.69138914
31994,0.005592508
31995,0.041847035
31996,0.41472733
31997,0.0132775605
31998,0.046902165
31999,0.28059563
32000,0.0144665055
32001,0.012298605
32002,0.047409885
32003,0.06566188
32004,0.016309565
32005,0.0405784
32006,0.0057441825
32007,0.43150494
32008,0.039334424
32009,0.066352524
32010,0.3915661
32011,0.11177435
32012,0.12529722
32013,0.41577873
32014,0.43392244
32015,0.12647933
32016,0.08621959
32017,0.10231532
32018,0.7477087
32019,0.4669907
32020,0.45808423
32021,0.00992242
32022,0.024076736
32023,0.25182652
32024,0.013567869
32025,0.055765472
32026,0.026516888
32027,0.019315813
32028,0.052502148
32029,0.010788471
32030,0.03187575
32031,0.053530704
32032,0.07777
32033,0.07355912
32034,0.08419824
32035,0.07352487
32036,0.2477518
32037,0.23297133
32038,0.09232756
32039,0.2657796
32040,0.017900355
32041,0.05241309
32042,0.8325254
32043,0.85573494
32044,0.66346484
32045,0.007023032
32046,0.01665794
32047,0.07304136
32048,0.52359796
32049,0.07083231
32050,0.055232074
32051,0.027163256
32052,0.051772248
32053,0.055381663
32054,0.046286047
32055,0.011754965
32056,0.41627544
32057,0.016946955
32058,0.027711727
32059,0.08471292
32060,0.08735619
32061,0.047676533
32062,0.045499336
32063,0.39232352
32064,0.21710724
32065,0.025237331
32066,0.23876548
32067,0.08671237
32068,0.0854477
32069,0.89923537
32070,0.926469
32071,0.66945094
32072,0.056544278
32073,0.026522325
32074,0.008758221
32075,0.4087982
32076,0.07545329
32077,0.2736543
32078,0.039520353
32079,0.07663502
32080,0.018076327
32081,0.07643288
32082,0.08694139
32083,0.11243375
32084,0.10961182
32085,0.5041416
32086,0.48853746
32087,0.24478716
32088,0.10704593
32089,0.07012607
32090,0.054383416
32091,0.0921711
32092,0.041198973
32093,0.03286497
32094,0.25009334
32095,0.11218286
32096,0.0559691
32097,0.087593205
32098,0.023794368
32099,0.8329207
32100,0.81352085
32101,0.8390451
32102,0.102397084
32103,0.046386402
32104,0.24985227
32105,0.42704153
32106,0.02637621
32107,0.018749183
32108,0.016036715
32109,0.03261189
32110,0.07658715
32111,0.046113506
32112,0.38856047
32113,0.7891662
32114,0.063372776
32115,0.07933835
32116,0.07257199
32117,0.11506069
32118,0.062121965
32119,0.24766755
32120,0.22918445
32121,0.03508802
32122,0.07659624
32123,0.08648366
32124,0.08535697
32125,0.04451774
32126,0.0214574
32127,0.5308749
32128,0.42607436
32129,0.26129082
32130,0.0673678
32131,0.02674868
32132,0.09281117
32133,0.011721998
32134,0.06420496
32135,0.28012532
32136,0.028775267
32137,0.039571006
32138,0.042263422
32139,0.016339963
32140,0.018144362
32141,0.03925963
32142,0.040834226
32143,0.42602482
32144,0.6650308
32145,0.27987444
32146,0.12345626
32147,0.0930015
32148,0.11287927
32149,0.113224864
32150,0.49768502
32151,0.055456072
32152,0.027251983
32153,0.035456404
32154,0.032009684
32155,0.1117494
32156,0.11788335
32157,0.11308324
32158,0.47466832
32159,0.4386594
32160,0.1175961
32161,0.9492465
32162,0.11108214
32163,0.016797489
32164,0.24058875
32165,0.12428012
32166,0.020509059
32167,0.052118663
32168,0.49784455
32169,0.05524953
32170,0.03527664
32171,0.03408664
32172,0.042864412
32173,0.105028644
32174,0.39881244
32175,0.43358853
32176,0.4973679
32177,0.45328125
32178,0.11344954
32179,0.11439651
32180,0.4370966
32181,0.026457788
32182,0.11864714
32183,0.06564731
32184,0.04766979
32185,0.5024422
32186,0.2779916
32187,0.051821068
32188,0.51974046
32189,0.27799913
32190,0.07025136
32191,0.09015994
32192,0.07186144
32193,0.047520842
32194,0.009886655
32195,0.027381405
32196,0.051495958
32197,0.07329383
32198,0.072295904
32199,0.10178174
32200,0.40475172
32201,0.7779359
32202,0.43918094
32203,0.422546
32204,0.5554419
32205,0.07651064
32206,0.06435232
32207,0.06729928
32208,0.24441908
32209,0.4119176
32210,0.05682254
32211,0.026565522
32212,0.055543277
32213,0.10916806
32214,0.017266516
32215,0.043099042
32216,0.0849803
32217,0.020298231
32218,0.017951664
32219,0.019509465
32220,0.031495478
32221,0.0629909
32222,0.05188063
32223,0.06889199
32224,0.4122942
32225,0.26173076
32226,0.39774957
32227,0.6993859
32228,0.6047765
32229,0.4064215
32230,0.23195362
32231,0.0072781052
32232,0.04450896
32233,0.019230295
32234,0.047505584
32235,0.092973754
32236,0.014117889
32237,0.030366033
32238,0.73567843
32239,0.04702964
32240,0.017323172
32241,0.05512074
32242,0.046223395
32243,0.085357316
32244,0.035477243
32245,0.04605301
32246,0.016539263
32247,0.04415473
32248,0.026100425
32249,0.0720458
32250,0.085438535
32251,0.5126451
32252,0.41379118
32253,0.23832524
32254,0.72911686
32255,0.42450613
32256,0.47320452
32257,0.11468169
32258,0.037204217
32259,0.031986162
32260,0.034614645
32261,0.045926366
32262,0.04344888
32263,0.035052247
32264,0.05771813
32265,0.4835821
32266,0.07651064
32267,0.38385227
32268,0.028747365
32269,0.085610084
32270,0.102563
32271,0.11149419
32272,0.12170856
32273,0.044204965
32274,0.027825044
32275,0.039237134
32276,0.11115564
32277,0.75373393
32278,0.44354314
32279,0.58796865
32280,0.44529203
32281,0.4335621
32282,0.11463931
32283,0.21855378
32284,0.041384704
32285,0.020978412
32286,0.012584185
32287,0.03512374
32288,0.028544039
32289,0.1046653
32290,0.10700922
32291,0.07203332
32292,0.27902868
32293,0.02751607
32294,0.0645852
32295,0.4338795
32296,0.038910095
32297,0.053012136
32298,0.019292068
32299,0.0124025345
32300,0.09350852
32301,0.416124
32302,0.028213171
32303,0.233204
32304,0.11405682
32305,0.06149308
32306,0.07931381
32307,0.07761328
32308,0.069293916
32309,0.03467487
32310,0.101085834
32311,0.09330101
32312,0.039078332
32313,0.0095623555
32314,0.23309311
32315,0.019527838
32316,0.07567964
32317,0.039036706
32318,0.031608935
32319,0.10000692
32320,0.032473944
32321,0.04160665
32322,0.011972915
32323,0.03884667
32324,0.10930786
32325,0.42586958
32326,0.44995388
32327,0.09271816
32328,0.025794987
32329,0.027052948
32330,0.049674124
32331,0.021754965
32332,0.057602014
32333,0.25177583
32334,0.013057652
32335,0.029977268
32336,0.013751828
32337,0.030365078
32338,0.017946567
32339,0.025235431
32340,0.064501844
32341,0.0731715
32342,0.42053443
32343,0.013447308
32344,0.016719446
32345,0.031468917
32346,0.061886646
32347,0.075714365
32348,0.4643056
32349,0.093578465
32350,0.0124609545
32351,0.25067103
32352,0.034376904
32353,0.064214304
32354,0.10162794
32355,0.04867258
32356,0.011889368
32357,0.017129421
32358,0.010071124
32359,0.28398225
32360,0.031066576
32361,0.013370712
32362,0.016654981
32363,0.024570193
32364,0.106254324
32365,0.056198146
32366,0.036388867
32367,0.016666751
32368,0.026386276
32369,0.0545591
32370,0.2834999
32371,0.029664673
32372,0.017946567
32373,0.02763802
32374,0.03961522
32375,0.05445972
32376,0.2621906
32377,0.05617478
32378,0.26760516
32379,0.07845462
32380,0.028047731
32381,0.014038127
32382,0.04623604
32383,0.04706459
32384,0.027440561
32385,0.41143504
32386,0.017022151
32387,0.11793882
32388,0.017023608
32389,0.07088135
32390,0.046534773
32391,0.010406505
32392,0.28284484
32393,0.63256794
32394,0.23428647
32395,0.077257946
32396,0.07220462
32397,0.04678024
32398,0.043390777
32399,0.07595215
32400,0.07060042
32401,0.08568441
32402,0.8172301
32403,0.017962502
32404,0.06814568
32405,0.01453966
32406,0.07024349
32407,0.06954146
32408,0.016815545
32409,0.11376903
32410,0.48199677
32411,0.06447865
32412,0.25739878
32413,0.024740849
32414,0.06574306
32415,0.02071836
32416,0.0688061
32417,0.02723233
32418,0.0061489223
32419,0.023716724
32420,0.05005373
32421,0.052984815
32422,0.025834445
32423,0.018061765
32424,0.05328161
32425,0.11037764
32426,0.03565388
32427,0.03970821
32428,0.020368772
32429,0.031634625
32430,0.07153412
32431,0.090346776
32432,0.024855632
32433,0.023774458
32434,0.05216823
32435,0.7334966
32436,0.057057984
32437,0.08728034
32438,0.046539374
32439,0.03510395
32440,0.044602294
32441,0.046401035
32442,0.013068982
32443,0.015945496
32444,0.46129405
32445,0.026367117
32446,0.015202942
32447,0.22700855
32448,0.018460292
32449,0.093423665
32450,0.03948671
32451,0.025056582
32452,0.046293307
32453,0.42497602
32454,0.026659898
32455,0.0187687
32456,0.018883767
32457,0.043109808
32458,0.008903003
32459,0.030288372
32460,0.4124168
32461,0.05574839
32462,0.0137032205
32463,0.05632528
32464,0.11035743
32465,0.07580584
32466,0.06596856
32467,0.05666659
32468,0.026565522
32469,0.049782548
32470,0.016287928
32471,0.058047745
32472,0.26777253
32473,0.24077536
32474,0.03058809
32475,0.012683012
32476,0.011659222
32477,0.013511325
32478,0.0149063645
32479,0.022295007
32480,0.05152451
32481,0.047126595
32482,0.09369977
32483,0.0057995133
32484,0.10838386
32485,0.009503218
32486,0.28014287
32487,0.01050914
32488,0.01925305
32489,0.009749187
32490,0.02494062
32491,0.011770947
32492,0.017144775
32493,0.018143378
32494,0.012925932
32495,0.015480378
32496,0.03044617
32497,0.009362253
32498,0.026533158
32499,0.041643985
32500,0.012735282
32501,0.04434439
32502,0.014762362
32503,0.009147506
32504,0.08693147
32505,0.026322441
32506,0.04625988
32507,0.031208606
32508,0.022231702
32509,0.071081825
32510,0.013153642
32511,0.005640528
32512,0.010180274
32513,0.28200084
32514,0.054856587
32515,0.05703567
32516,0.056988146
32517,0.02076509
32518,0.071192056
32519,0.021245005
32520,0.010434114
32521,0.069911085
32522,0.013624757
32523,0.08541786
32524,0.10874269
32525,0.025170851
32526,0.030597396
32527,0.03133581
32528,0.025963416
32529,0.026618447
32530,0.01186816
32531,0.009014154
32532,0.011522008
32533,0.011687276
32534,0.009737577
32535,0.031143751
32536,0.017000131
32537,0.00842653
32538,0.008280893
32539,0.07105013
32540,0.05280437
32541,0.005972095
32542,0.1134592
32543,0.023921715
32544,0.015731744
32545,0.014616856
32546,0.046489637
32547,0.017876107
32548,0.025525618
32549,0.031524148
32550,0.01024217
32551,0.017691195
32552,0.02998532
32553,0.26125705
32554,0.2562239
32555,0.076474994
32556,0.015112172
32557,0.018757423
32558,0.014942595
32559,0.041583013
32560,0.024072953
32561,0.034118365
32562,0.0316917
32563,0.02984336
32564,0.042328816
32565,0.052339222
32566,0.030727452
32567,0.034554347
32568,0.043075632
32569,0.03761794
32570,0.070165925
32571,0.04254977
32572,0.03533206
32573,0.02980684
32574,0.37622476
32575,0.04220972
32576,0.06465548
32577,0.03220826
32578,0.24726528
32579,0.38505122
32580,0.018149732
32581,0.044054907
32582,0.25443053
32583,0.06154319
32584,0.40070665
32585,0.0671048
32586,0.38755143
32587,0.06879471
32588,0.08250928
32589,0.5485173
32590,0.08133229
32591,0.042953905
32592,0.04371992
32593,0.2386655
32594,0.056469537
32595,0.026666928
32596,0.042547975
32597,0.020373017
32598,0.039373804
32599,0.075313956
32600,0.24372968
32601,0.5049127
32602,0.4945071
32603,0.042328916
32604,0.06115997
32605,0.080904804
32606,0.084024206
32607,0.05017194
32608,0.041298773
32609,0.0572223
32610,0.06601406
32611,0.03352307
32612,0.46605256
32613,0.07919342
32614,0.23864228
32615,0.45166534
32616,0.08025161
32617,0.019307248
32618,0.4695064
32619,0.050195254
32620,0.25646836
32621,0.047184672
32622,0.04538923
32623,0.033493
32624,0.06022499
32625,0.06781417
32626,0.22207962
32627,0.21785547
32628,0.031251106
32629,0.03758952
32630,0.05977987
32631,0.25637195
32632,0.042107422
32633,0.029921073
32634,0.049757402
32635,0.051814366
32636,0.06087984
32637,0.033726424
32638,0.038026042
32639,0.0061518042
32640,0.04133031
32641,0.052978016
32642,0.2452417
32643,0.052229524
32644,0.39016807
32645,0.04883799
32646,0.038195673
32647,0.022612218
32648,0.015883313
32649,0.44651473
32650,0.07370345
32651,0.06232943
32652,0.5021686
32653,0.42172757
32654,0.059574448
32655,0.047902044
32656,0.01651373
32657,0.014437725
32658,0.034855373
32659,0.059394073
32660,0.21518785
32661,0.25180003
32662,0.43164665
32663,0.17351708
32664,0.04255326
32665,0.029970981
32666,0.023184365
32667,0.03305329
32668,0.24281876
32669,0.017148595
32670,0.04167517
32671,0.009577314
32672,0.009657159
32673,0.056685362
32674,0.042395152
32675,0.024777517
32676,0.24139763
32677,0.42315552
32678,0.06341381
32679,0.018563453
32680,0.039596558
32681,0.050857417
32682,0.02591943
32683,0.07371472
32684,0.09260295
32685,0.06902289
32686,0.06834859
32687,0.051992606
32688,0.030184343
32689,0.02961286
32690,0.03391878
32691,0.06443682
32692,0.048140127
32693,0.21433295
32694,0.012757042
32695,0.034220256
32696,0.025840016
32697,0.016018743
32698,0.014245544
32699,0.02174054
32700,0.039643202
32701,0.022546455
32702,0.05616423
32703,0.38726395
32704,0.37394813
32705,0.04177965
32706,0.037499476
32707,0.06642508
32708,0.056719594
32709,0.013046562
32710,0.049281083
32711,0.013827938
32712,0.028978141
32713,0.23894697
32714,0.025061816
32715,0.022672579
32716,0.029815504
32717,0.05035745
32718,0.052473277
32719,0.3832949
32720,0.34510404
32721,0.3634738
32722,0.050979193
32723,0.036958274
32724,0.016833916
32725,0.0476381
32726,0.04206927
32727,0.22769082
32728,0.04204352
32729,0.5340002
32730,0.070827134
32731,0.018605331
32732,0.069933705
32733,0.04697121
32734,0.044552412
32735,0.01745432
32736,0.00877349
32737,0.05150283
32738,0.025610771
32739,0.017242022
32740,0.059654634
32741,0.041357435
32742,0.20888662
32743,0.049306445
32744,0.06889872
32745,0.22842461
32746,0.42835206
32747,0.05012402
32748,0.020031204
32749,0.05963028
32750,0.0144991875
32751,0.037556864
32752,0.024995629
32753,0.009150165
32754,0.062443443
32755,0.047237266
32756,0.07447583
32757,0.039132863
32758,0.0680421
32759,0.03684715
32760,0.04897868
32761,0.033980187
32762,0.016160969
32763,0.07797004
32764,0.05556979
32765,0.029809352
32766,0.01462454
32767,0.02092603
32768,0.032789763
32769,0.0488936
32770,0.05617197
32771,0.07436239
32772,0.063726835
32773,0.39962226
32774,0.22365262
32775,0.22755069
32776,0.010733591
32777,0.061963715
32778,0.04750589
32779,0.0390855
32780,0.061372835
32781,0.042676143
32782,0.034633838
32783,0.011565937
32784,0.045622554
32785,0.062286787
32786,0.032002732
32787,0.04719925
32788,0.011548034
32789,0.05660591
32790,0.012513417
32791,0.03396465
32792,0.07034134
32793,0.048372794
32794,0.07704624
32795,0.49914563
32796,0.06405805
32797,0.21874744
32798,0.050615218
32799,0.05735483
32800,0.05547705
32801,0.06155927
32802,0.0467148
32803,0.009272474
32804,0.017173285
32805,0.25311443
32806,0.05585638
32807,0.05933318
32808,0.049839016
32809,0.059819084
32810,0.025219534
32811,0.017221494
32812,0.018072627
32813,0.03333204
32814,0.40384802
32815,0.051930726
32816,0.042098273
32817,0.06897457
32818,0.5690332
32819,0.06181344
32820,0.012431693
32821,0.21883193
32822,0.047759037
32823,0.08898427
32824,0.25070733
32825,0.05193939
32826,0.018023835
32827,0.042705555
32828,0.042328037
32829,0.067884766
32830,0.23810825
32831,0.038361892
32832,0.24759966
32833,0.061995044
32834,0.0061199088
32835,0.05594041
32836,0.017125418
32837,0.044856116
32838,0.05283366
32839,0.014258566
32840,0.07405345
32841,0.08079159
32842,0.23095492
32843,0.06013535
32844,0.029566739
32845,0.06834405
32846,0.08218887
32847,0.24159351
32848,0.047367558
32849,0.008107419
32850,0.043976676
32851,0.018753743
32852,0.052554045
32853,0.49233502
32854,0.03452143
32855,0.081253216
32856,0.46329844
32857,0.2404264
32858,0.01773514
32859,0.016672231
32860,0.012108364
32861,0.0370696
32862,0.046213683
32863,0.36368752
32864,0.3802721
32865,0.057543047
32866,0.06029642
32867,0.085611865
32868,0.08082884
32869,0.077132605
32870,0.08597524
32871,0.39538065
32872,0.059410013
32873,0.04116419
32874,0.06368912
32875,0.0464826
32876,0.09214845
32877,0.6249097
32878,0.04029649
32879,0.3879812
32880,0.012819167
32881,0.042400245
32882,0.25381657
32883,0.013565921
32884,0.04401418
32885,0.056760807
32886,0.015155211
32887,0.038602766
32888,0.41871408
32889,0.036653396
32890,0.057728883
32891,0.39871854
32892,0.07787109
32893,0.0857048
32894,0.39902246
32895,0.11652268
32896,0.041517567
32897,0.09112981
32898,0.0674925
32899,0.074302435
32900,0.72688246
32901,0.45624587
32902,0.45290822
32903,0.02211592
32904,0.2304362
32905,0.051231395
32906,0.026606591
32907,0.017825603
32908,0.011184734
32909,0.015650544
32910,0.047398895
32911,0.0098088635
32912,0.029680047
32913,0.0472815
32914,0.0643337
32915,0.061851643
32916,0.067402095
32917,0.06242265
32918,0.23212522
32919,0.21929763
32920,0.026248991
32921,0.0690853
32922,0.24241163
32923,0.01702699
32924,0.048568554
32925,0.5944062
32926,0.5535956
32927,0.6240607
32928,0.005048562
32929,0.015700128
32930,0.062212683
32931,0.48173428
32932,0.06048503
32933,0.05050768
32934,0.047483448
32935,0.051303443
32936,0.042485613
32937,0.011130597
32938,0.39393362
32939,0.015993029
32940,0.026684681
32941,0.06819836
32942,0.06768328
32943,0.0434264
32944,0.042634085
32945,0.38200405
32946,0.21012455
32947,0.0235965
32948,0.07451434
32949,0.06672987
32950,0.06822662
32951,0.55922693
32952,0.6940888
32953,0.61746925
32954,0.008815886
32955,0.012831873
32956,0.050699078
32957,0.024761291
32958,0.39436713
32959,0.06334807
32960,0.24917687
32961,0.03674066
32962,0.063620366
32963,0.017191345
32964,0.06389068
32965,0.06738449
32966,0.2319595
32967,0.08016274
32968,0.4571447
32969,0.4245019
32970,0.22478716
32971,0.075412676
32972,0.06008413
32973,0.04939322
32974,0.068108924
32975,0.03942045
32976,0.030547345
32977,0.07880153
32978,0.07852997
32979,0.05117792
32980,0.06840704
32981,0.021729253
32982,0.67786485
32983,0.58434266
32984,0.6753374
32985,0.07469483
32986,0.042196862
32987,0.2306843
32988,0.38922042
32989,0.026060354
32990,0.015247698
32991,0.015330629
32992,0.03087694
32993,0.06377588
32994,0.042196862
32995,0.39646393
32996,0.6704553
32997,0.055089675
32998,0.065494105
32999,0.062443443
33000,0.08213322
33001,0.05536332
33002,0.22699548
33003,0.21742357
33004,0.062833816
33005,0.06837836
33006,0.06748467
33007,0.040726006
33008,0.019574491
33009,0.49041662
33010,0.41307318
33011,0.23567192
33012,0.058582123
33013,0.024792548
33014,0.06917151
33015,0.05711864
33016,0.090228364
33017,0.027354298
33018,0.038643986
33019,0.039008006
33020,0.01707488
33021,0.03774381
33022,0.039411638
33023,0.39543706
33024,0.30867523
33025,0.25354856
33026,0.0791693
33027,0.070290595
33028,0.08625396
33029,0.08309308
33030,0.5082362
33031,0.04940465
33032,0.026197279
33033,0.033872448
33034,0.029524947
33035,0.07957754
33036,0.07769742
33037,0.08283501
33038,0.46694314
33039,0.24874301
33040,0.08201232
33041,0.70831287
33042,0.23448241
33043,0.22237326
33044,0.24103363
33045,0.018130695
33046,0.04817084
33047,0.45432925
33048,0.05042236
33049,0.03265531
33050,0.03283311
33051,0.040765397
33052,0.07800161
33053,0.3848722
33054,0.39785162
33055,0.26572388
33056,0.39818823
33057,0.08321817
33058,0.07983625
33059,0.42468685
33060,0.024385909
33061,0.08273668
33062,0.057610955
33063,0.043519337
33064,0.43118632
33065,0.25511578
33066,0.047124814
33067,0.45592162
33068,0.3970038
33069,0.061539475
33070,0.068730764
33071,0.06072416
33072,0.009355522
33073,0.01729473
33074,0.025996065
33075,0.04734723
33076,0.06272475
33077,0.063629895
33078,0.075090095
33079,0.41054717
33080,0.6594943
33081,0.40805647
33082,0.2543797
33083,0.5312164
33084,0.06413937
33085,0.056274865
33086,0.057775404
33087,0.07804953
33088,0.3640587
33089,0.050884828
33090,0.025234504
33091,0.050819453
33092,0.080468975
33093,0.016093563
33094,0.041081976
33095,0.06753613
33096,0.018576557
33097,0.013525669
33098,0.05571151
33099,0.047813512
33100,0.058844693
33101,0.385435
33102,0.24263799
33103,0.37578878
33104,0.59131706
33105,0.59000444
33106,0.25052318
33107,0.21686694
33108,0.041877773
33109,0.017604092
33110,0.042565234
33111,0.06922108
33112,0.030341903
33113,0.56838673
33114,0.04276571
33115,0.015543369
33116,0.048585903
33117,0.042958852
33118,0.06732085
33119,0.035123304
33120,0.043806855
33121,0.015929751
33122,0.04116525
33123,0.018537106
33124,0.014005569
33125,0.024941325
33126,0.06147578
33127,0.06735122
33128,0.52461445
33129,0.38515502
33130,0.37811926
33131,0.6893617
33132,0.43660012
33133,0.49972403
33134,0.082263805
33135,0.03593974
33136,0.02979983
33137,0.032597054
33138,0.0406977
33139,0.041113332
33140,0.033450954
33141,0.051654898
33142,0.4187427
33143,0.06376012
33144,0.4161008
33145,0.027611846
33146,0.06702933
33147,0.07314559
33148,0.07950192
33149,0.2439674
33150,0.04185649
33151,0.026476948
33152,0.038248584
33153,0.09209233
33154,0.665635
33155,0.36689773
33156,0.4788001
33157,0.40182883
33158,0.25090548
33159,0.08189895
33160,0.21372043
33161,0.03985041
33162,0.020198302
33163,0.034612752
33164,0.026838876
33165,0.07542362
33166,0.07968067
33167,0.062038325
33168,0.25407955
33169,0.025145385
33170,0.056595884
33171,0.25467974
33172,0.037519645
33173,0.010644394
33174,0.07152838
33175,0.36957228
33176,0.02656197
33177,0.36281505
33178,0.07941672
33179,0.055804543
33180,0.06527068
33181,0.06422877
33182,0.058689903
33183,0.03398045
33184,0.07350441
33185,0.06979475
33186,0.037339166
33187,0.030813081
33188,0.07059585
33189,0.010297881
33190,0.06449437
33191,0.036703065
33192,0.030161148
33193,0.073831886
33194,0.03085536
33195,0.040055014
33196,0.037457336
33197,0.07756324
33198,0.42204374
33199,0.45776504
33200,0.070858456
33201,0.023156
33202,0.017228955
33203,0.02614934
33204,0.04561463
33205,0.051799335
33206,0.0804205
33207,0.011729572
33208,0.028870447
33209,0.028988054
33210,0.017840467
33211,0.023110984
33212,0.0063964017
33213,0.0569747
33214,0.062145866
33215,0.39528385
33216,0.012154921
33217,0.015108823
33218,0.030029455
33219,0.055654146
33220,0.06398871
33221,0.4239359
33222,0.069933705
33223,0.0112636
33224,0.009045341
33225,0.22881483
33226,0.011599459
33227,0.033569597
33228,0.013078218
33229,0.057436477
33230,0.0745776
33231,0.044856116
33232,0.01605181
33233,0.009035083
33234,0.25691652
33235,0.029707175
33236,0.01269716
33237,0.023723338
33238,0.07675923
33239,0.0499159
33240,0.03523229
33241,0.015792402
33242,0.025058111
33243,0.04928486
33244,0.38398933
33245,0.028299652
33246,0.017358443
33247,0.02627572
33248,0.037706845
33249,0.048839826
33250,0.08123393
33251,0.051175725
33252,0.40624425
33253,0.064298235
33254,0.027046613
33255,0.012705763
33256,0.042271387
33257,0.042814206
33258,0.02616189
33259,0.39128056
33260,0.016200341
33261,0.086532705
33262,0.01623369
33263,0.062013227
33264,0.042244405
33265,0.42706838
33266,0.62703604
33267,0.21783529
33268,0.06352674
33269,0.012289199
33270,0.062394142
33271,0.0446373
33272,0.039891433
33273,0.0630557
33274,0.059791554
33275,0.06812344
33276,0.69044995
33277,0.017006718
33278,0.05910064
33279,0.05928421
33280,0.059216917
33281,0.015726734
33282,0.091182284
33283,0.42662725
33284,0.056804184
33285,0.23122746
33286,0.02291354
33287,0.015840774
33288,0.0574109
33289,0.019288087
33290,0.05938482
33291,0.026786052
33292,0.022751251
33293,0.045806594
33294,0.048011992
33295,0.024875417
33296,0.04899022
33297,0.08328114
33298,0.033467587
33299,0.037386015
33300,0.012734169
33301,0.030334203
33302,0.061562613
33303,0.068259954
33304,0.019283665
33305,0.022631647
33306,0.04831157
33307,0.5689492
33308,0.05196699
33309,0.06737192
33310,0.04215959
33311,0.034033388
33312,0.041732766
33313,0.04208417
33314,0.011494457
33315,0.0152677605
33316,0.42215472
33317,0.02473563
33318,0.00538989
33319,0.0077022254
33320,0.042549722
33321,0.21797983
33322,0.017840467
33323,0.06993049
33324,0.037745357
33325,0.023706855
33326,0.0058907075
33327,0.3966665
33328,0.025000062
33329,0.017198311
33330,0.008108028
33331,0.017864404
33332,0.0395574
33333,0.008231143
33334,0.028770246
33335,0.085177615
33336,0.050374325
33337,0.011894709
33338,0.051858384
33339,0.07845528
33340,0.064209744
33341,0.057905477
33342,0.05094146
33343,0.02512041
33344,0.04527333
33345,0.015387559
33346,0.052031256
33347,0.07946228
33348,0.0764292
33349,0.0066020973
33350,0.009351474
33351,0.029839907
33352,0.016873576
33353,0.012347394
33354,0.02101727
33355,0.04749411
33356,0.044024035
33357,0.07060843
33358,0.07760611
33359,0.3970389
33360,0.009618818
33361,0.008821743
33362,0.023495726
33363,0.01051777
33364,0.015205513
33365,0.012489821
33366,0.029804483
33367,0.008504593
33368,0.05246167
33369,0.02511953
33370,0.039644893
33371,0.011557576
33372,0.015424211
33373,0.04187819
33374,0.012700122
33375,0.011286846
33376,0.00862251
33377,0.067600794
33378,0.024403198
33379,0.042087354
33380,0.030073771
33381,0.013778011
33382,0.06160391
33383,0.011522175
33384,0.0048812847
33385,0.009109606
33386,0.37264243
33387,0.04912402
33388,0.0514746
33389,0.051315095
33390,0.0129195945
33391,0.06113637
33392,0.018673094
33393,0.009090658
33394,0.060197778
33395,0.012161449
33396,0.06629292
33397,0.078058615
33398,0.029859489
33399,0.030051878
33400,0.02512041
33401,0.024574999
33402,0.011352688
33403,0.007200356
33404,0.029308923
33405,0.0091495495
33406,0.009942692
33407,0.0072273663
33408,0.060036197
33409,0.048333015
33410,0.24375509
33411,0.020646814
33412,0.022650534
33413,0.030358242
33414,0.006807496
33415,0.04271436
33416,0.017182533
33417,0.023792274
33418,0.030137287
33419,0.009047568
33420,0.0284568
33421,0.24494599
33422,0.2299602
33423,0.017413998
33424,0.063304745
33425,0.0122975
33426,0.02136515
33427,0.01768833
33428,0.008025491
33429,0.018070038
33430,0.033020154
33431,0.048338
33432,0.0254124
33433,0.031058706
33434,0.03414115
33435,0.03615144
33436,0.04009275
33437,0.06785267
33438,0.042219862
33439,0.028832529
33440,0.38568816
33441,0.041742653
33442,0.06058268
33443,0.04158185
33444,0.24485002
33445,0.23394552
33446,0.04270218
33447,0.2543177
33448,0.059176262
33449,0.41747868
33450,0.07741947
33451,0.054424662
33452,0.06464598
33453,0.012285257
33454,0.24145566
33455,0.53753805
33456,0.2365733
33457,0.04262945
33458,0.041477434
33459,0.2428148
33460,0.054861024
33461,0.011153974
33462,0.025780924
33463,0.041093536
33464,0.015682578
33465,0.012017347
33466,0.070689864
33467,0.24199161
33468,0.50298476
33469,0.47285762
33470,0.041952044
33471,0.059656836
33472,0.07535512
33473,0.080407634
33474,0.049395114
33475,0.040340118
33476,0.056325924
33477,0.06182985
33478,0.033644445
33479,0.4113487
33480,0.23113534
33481,0.37057883
33482,0.49676552
33483,0.23122549
33484,0.4395402
33485,0.049461607
33486,0.07089514
33487,0.046481933
33488,0.04500402
33489,0.032324225
33490,0.05796582
33491,0.029229768
33492,0.06435229
33493,0.07031487
33494,0.06325634
33495,0.030625843
33496,0.03602018
33497,0.059407417
33498,0.2502282
33499,0.041246615
33500,0.02783293
33501,0.05098583
33502,0.051090803
33503,0.059432272
33504,0.03759856
33505,0.04065795
33506,0.025016144
33507,0.05078174
33508,0.07858685
33509,0.051444806
33510,0.08265319
33511,0.022724353
33512,0.04855313
33513,0.03749309
33514,0.45718452
33515,0.07223723
33516,0.058924206
33517,0.4891083
33518,0.43036166
33519,0.0046193018
33520,0.059195388
33521,0.046988904
33522,0.01678105
33523,0.025484601
33524,0.014328324
33525,0.033858933
33526,0.057343014
33527,0.058294635
33528,0.063933514
33529,0.25557324
33530,0.48418397
33531,0.3626926
33532,0.041610584
33533,0.029337343
33534,0.022855295
33535,0.032319386
33536,0.24641937
33537,0.0400988
33538,0.05654451
33539,0.024981778
33540,0.09235357
33541,0.49390957
33542,0.21782385
33543,0.017554479
33544,0.01894155
33545,0.039237745
33546,0.049540676
33547,0.026246915
33548,0.07087403
33549,0.0847594
33550,0.06487703
33551,0.065157115
33552,0.050472047
33553,0.03295206
33554,0.029461028
33555,0.028489897
33556,0.03247374
33557,0.06094329
33558,0.04676835
33559,0.21633239
33560,0.01239926
33561,0.033092186
33562,0.025599297
33563,0.015296413
33564,0.014166731
33565,0.022224521
33566,0.038646877
33567,0.022229683
33568,0.055086043
33569,0.4021183
33570,0.38454032
33571,0.04075047
33572,0.03691293
33573,0.03439304
33574,0.064047426
33575,0.056015484
33576,0.048818093
33577,0.013202705
33578,0.02839572
33579,0.012587509
33580,0.24090135
33581,0.024701176
33582,0.022741351
33583,0.02924739
33584,0.0048385654
33585,0.04919296
33586,0.05159533
33587,0.37441787
33588,0.3781162
33589,0.39182907
33590,0.050406832
33591,0.036811516
33592,0.01616303
33593,0.046324123
33594,0.041725975
33595,0.22959907
33596,0.041069698
33597,0.49981564
33598,0.06833065
33599,0.018206747
33600,0.066389866
33601,0.045846898
33602,0.043926597
33603,0.016495548
33604,0.008622054
33605,0.010992518
33606,0.050712813
33607,0.012540338
33608,0.016836796
33609,0.059686612
33610,0.0410519
33611,0.056856904
33612,0.04839386
33613,0.064433925
33614,0.2360229
33615,0.40213218
33616,0.050571077
33617,0.019794146
33618,0.05875278
33619,0.014474685
33620,0.03674475
33621,0.024425594
33622,0.06032492
33623,0.047338437
33624,0.07219115
33625,0.03893215
33626,0.06437597
33627,0.04755176
33628,0.032758843
33629,0.015340364
33630,0.016902968
33631,0.07740254
33632,0.028515382
33633,0.054633938
33634,0.029062513
33635,0.009081175
33636,0.019897522
33637,0.032498546
33638,0.048115153
33639,0.055526357
33640,0.07037758
33641,0.06044418
33642,0.401752
33643,0.07087979
33644,0.22991778
33645,0.0108835725
33646,0.05992853
33647,0.010725192
33648,0.045068383
33649,0.038352523
33650,0.05931723
33651,0.03055678
33652,0.042270534
33653,0.03380596
33654,0.04530987
33655,0.060288683
33656,0.047480218
33657,0.020354683
33658,0.029629575
33659,0.057299517
33660,0.012147523
33661,0.03328045
33662,0.06731628
33663,0.048076764
33664,0.07421545
33665,0.49352372
33666,0.06133513
33667,0.06505167
33668,0.04968418
33669,0.05768258
33670,0.055074826
33671,0.060002957
33672,0.045731317
33673,0.009160788
33674,0.013750701
33675,0.017090753
33676,0.25670794
33677,0.054930143
33678,0.057968996
33679,0.048427623
33680,0.058778446
33681,0.02445094
33682,0.016631853
33683,0.017810991
33684,0.033210862
33685,0.41715243
33686,0.051281698
33687,0.041105207
33688,0.06337603
33689,0.6035984
33690,0.05964855
33691,0.012510602
33692,0.22172508
33693,0.047167912
33694,0.08437428
33695,0.25323474
33696,0.052127086
33697,0.04190445
33698,0.04269014
33699,0.06356521
33700,0.07680643
33701,0.03721993
33702,0.24657407
33703,0.060465083
33704,0.055915948
33705,0.013621146
33706,0.0439826
33707,0.050898
33708,0.01282607
33709,0.069919944
33710,0.07582076
33711,0.23172547
33712,0.05827633
33713,0.02937422
33714,0.06277314
33715,0.07869254
33716,0.2445221
33717,0.046948224
33718,0.04274733
33719,0.019102054
33720,0.05030108
33721,0.53952414
33722,0.034266002
33723,0.07740309
33724,0.48182926
33725,0.24180675
33726,0.011315715
33727,0.01107837
33728,0.0076173577
33729,0.03610844
33730,0.044713847
33731,0.38223752
33732,0.41120827
33733,0.05755281
33734,0.059176914
33735,0.24116085
33736,0.23202275
33737,0.07389435
33738,0.086154155
33739,0.25606388
33740,0.0572988
33741,0.041230142
33742,0.060391188
33743,0.045427937
33744,0.25282288
33745,0.59131753
33746,0.039774735
33747,0.40100977
33748,0.012578206
33749,0.04145712
33750,0.08577395
33751,0.020045796
33752,0.011344891
33753,0.042050894
33754,0.055436555
33755,0.014491414
33756,0.040613923
33757,0.38445118
33758,0.035968523
33759,0.057588823
33760,0.38803443
33761,0.07680487
33762,0.082120515
33763,0.41210267
33764,0.3885237
33765,0.031497676
33766,0.08566345
33767,0.06471261
33768,0.072696164
33769,0.6609415
33770,0.42157766
33771,0.2506191
33772,0.022099141
33773,0.23186938
33774,0.049954467
33775,0.0252902
33776,0.017597135
33777,0.010732523
33778,0.046375763
33779,0.0075522284
33780,0.010062445
33781,0.029681548
33782,0.047049444
33783,0.060683627
33784,0.059986725
33785,0.06403476
33786,0.06048666
33787,0.074533544
33788,0.064848274
33789,0.06613767
33790,0.24450517
33791,0.016370026
33792,0.04634348
33793,0.54787225
33794,0.61860746
33795,0.6132702
33796,0.024578784
33797,0.059876285
33798,0.20391108
33799,0.059724122
33800,0.05032824
33801,0.0076020034
33802,0.046784498
33803,0.050606035
33804,0.04170922
33805,0.0100959195
33806,0.41069922
33807,0.016003972
33808,0.025817117
33809,0.06358043
33810,0.06384548
33811,0.042556047
33812,0.041749224
33813,0.36875758
33814,0.059932522
33815,0.022652654
33816,0.07262985
33817,0.0645172
33818,0.06314789
33819,0.6319511
33820,0.55565673
33821,0.55097306
33822,0.049563542
33823,0.02405432
33824,0.40341565
33825,0.061124
33826,0.24526837
33827,0.036805004
33828,0.06160423
33829,0.016842745
33830,0.059981655
33831,0.06448428
33832,0.076476395
33833,0.07680154
33834,0.4524321
33835,0.4690865
33836,0.07594002
33837,0.07346723
33838,0.059145898
33839,0.047914475
33840,0.06541984
33841,0.038383618
33842,0.030249309
33843,0.021334285
33844,0.07510859
33845,0.076133855
33846,0.050277017
33847,0.06397111
33848,0.022545915
33849,0.57811517
33850,0.69045943
33851,0.6087309
33852,0.071266666
33853,0.043817073
33854,0.23462115
33855,0.380274
33856,0.02406657
33857,0.015557297
33858,0.014632111
33859,0.06069499
33860,0.04184198
33861,0.41186428
33862,0.50469863
33863,0.054783367
33864,0.06105024
33865,0.059810344
33866,0.08121545
33867,0.054456994
33868,0.22934681
33869,0.22243513
33870,0.033036195
33871,0.060795046
33872,0.06478795
33873,0.06416763
33874,0.04036338
33875,0.019288061
33876,0.44201103
33877,0.38424024
33878,0.23957717
33879,0.05744456
33880,0.024256183
33881,0.06599103
33882,0.0553659
33883,0.08543232
33884,0.027167512
33885,0.03764866
33886,0.038834836
33887,0.01611312
33888,0.036364842
33889,0.039172813
33890,0.36795005
33891,0.67230195
33892,0.0815946
33893,0.24525574
33894,0.06787182
33895,0.07682952
33896,0.076889515
33897,0.49748656
33898,0.04755956
33899,0.025702633
33900,0.033512484
33901,0.02903624
33902,0.077392384
33903,0.08039257
33904,0.07838288
33905,0.505593
33906,0.25360176
33907,0.077259645
33908,0.71944857
33909,0.07638211
33910,0.015877431
33911,0.2269771
33912,0.24313365
33913,0.017532071
33914,0.046740703
33915,0.2435597
33916,0.049287327
33917,0.03207871
33918,0.032653555
33919,0.04009275
33920,0.07501557
33921,0.38232708
33922,0.39567333
33923,0.26422107
33924,0.4097667
33925,0.08014642
33926,0.076219946
33927,0.16129427
33928,0.025106875
33929,0.023988267
33930,0.07718425
33931,0.056397803
33932,0.041725915
33933,0.43615562
33934,0.2598952
33935,0.045600146
33936,0.46703905
33937,0.25325263
33938,0.059898358
33939,0.06550201
33940,0.059708346
33941,0.04275147
33942,0.009528945
33943,0.0256291
33944,0.046434447
33945,0.05987503
33946,0.060339034
33947,0.070689864
33948,0.4213098
33949,0.65022856
33950,0.4168067
33951,0.25394467
33952,0.56881565
33953,0.06069835
33954,0.055978637
33955,0.056818653
33956,0.07382162
33957,0.24365383
33958,0.05063638
33959,0.023617925
33960,0.04981273
33961,0.07544981
33962,0.039681803
33963,0.06424892
33964,0.033109322
33965,0.016902968
33966,0.017513087
33967,0.011897105
33968,0.029334808
33969,0.05442821
33970,0.046674084
33971,0.057942875
33972,0.40933782
33973,0.2428499
33974,0.37384072
33975,0.5677969
33976,0.5937048
33977,0.25215173
33978,0.06631621
33979,0.04121395
33980,0.016997376
33981,0.042219862
33982,0.0665121
33983,0.029308124
33984,0.6023425
33985,0.042606954
33986,0.01517612
33987,0.047496535
33988,0.042180277
33989,0.22147557
33990,0.034313425
33991,0.041709658
33992,0.015487401
33993,0.04064872
33994,0.020689255
33995,0.02476683
33996,0.06003276
33997,0.06410778
33998,0.47536677
33999,0.39923173
34000,0.358217
34001,0.64822054
34002,0.4080383
34003,0.44150376
34004,0.07984153
34005,0.034520417
34006,0.029343726
34007,0.03230918
34008,0.04137495
34009,0.039115354
34010,0.032435536
34011,0.051507305
34012,0.491389
34013,0.06052084
34014,0.38446403
34015,0.02669
34016,0.06267449
34017,0.06990916
34018,0.07634454
34019,0.24242614
34020,0.041213047
34021,0.025988547
34022,0.036918256
34023,0.077192895
34024,0.5500151
34025,0.36581874
34026,0.47486016
34027,0.378523
34028,0.24973191
34029,0.07856706
34030,0.2142795
34031,0.039865572
34032,0.01665333
34033,0.01968444
34034,0.01106808
34035,0.033911888
34036,0.0273757
34037,0.07123141
34038,0.07442129
34039,0.059306182
34040,0.2561679
34041,0.023837723
34042,0.055545826
34043,0.2520791
34044,0.035887897
34045,0.011489324
34046,0.014627432
34047,0.06879492
34048,0.23098402
34049,0.026083438
34050,0.3636032
34051,0.24604344
34052,0.05457534
34053,0.06181853
34054,0.038639646
34055,0.060903378
34056,0.06140762
34057,0.033468056
34058,0.070402496
34059,0.06533211
34060,0.03692341
34061,0.008395385
34062,0.2206075
34063,0.010832176
34064,0.060397778
34065,0.030036177
34066,0.07170227
34067,0.030849457
34068,0.039384443
34069,0.036680542
34070,0.077942684
34071,0.25294375
34072,0.5049953
34073,0.06619942
34074,0.01482865
34075,0.016680552
34076,0.017583061
34077,0.025164632
34078,0.044938505
34079,0.052251704
34080,0.075896256
34081,0.011812899
34082,0.028903544
34083,0.012686213
34084,0.028291425
34085,0.016797535
34086,0.010009751
34087,0.022814479
34088,0.055465806
34089,0.05892752
34090,0.36739346
34091,0.012074117
34092,0.014740722
34093,0.029159084
34094,0.05403493
34095,0.060206626
34096,0.47794607
34097,0.067292005
34098,0.23172598
34099,0.0114486655
34100,0.032825485
34101,0.014035586
34102,0.05563631
34103,0.07000154
34104,0.043924082
34105,0.00947578
34106,0.010197365
34107,0.015777458
34108,0.009307261
34109,0.25428912
34110,0.028769454
34111,0.012579241
34112,0.023282867
34113,0.0734203
34114,0.049820997
34115,0.034321018
34116,0.015286859
34117,0.02480386
34118,0.04860917
34119,0.3680571
34120,0.027825216
34121,0.016383035
34122,0.025361212
34123,0.03816156
34124,0.047835194
34125,0.25077665
34126,0.049836706
34127,0.24625632
34128,0.060621757
34129,0.026039388
34130,0.0125388745
34131,0.042184345
34132,0.04118538
34133,0.025805874
34134,0.39731374
34135,0.077015445
34136,0.015768023
34137,0.06028037
34138,0.041742526
34139,0.009610696
34140,0.41247684
34141,0.5574202
34142,0.21960066
34143,0.06031289
34144,0.013581916
34145,0.059295885
34146,0.041966107
34147,0.03848032
34148,0.06122871
34149,0.058888234
34150,0.062731616
34151,0.57531244
34152,0.016968502
34153,0.057570294
34154,0.013572505
34155,0.058743767
34156,0.05834324
34157,0.015803078
34158,0.07760659
34159,0.43882072
34160,0.05547849
34161,0.23386365
34162,0.023248455
34163,0.056753915
34164,0.018652515
34165,0.05766637
34166,0.025024286
34167,0.0220502
34168,0.045016263
34169,0.04728959
34170,0.024004707
34171,0.01697736
34172,0.04639904
34173,0.020919275
34174,0.07516911
34175,0.032211814
34176,0.037147433
34177,0.012578206
34178,0.02954572
34179,0.060148694
34180,0.0659418
34181,0.046409715
34182,0.6690846
34183,0.050538298
34184,0.06410309
34185,0.040019065
34186,0.032389026
34187,0.040423892
34188,0.04186067
34189,0.015884731
34190,0.43115023
34191,0.024519265
34192,0.007125409
34193,0.04170431
34194,0.22168104
34195,0.016241219
34196,0.066823535
34197,0.036816463
34198,0.023610843
34199,0.041706257
34200,0.25327155
34201,0.024581345
34202,0.017046705
34203,0.017697142
34204,0.015572531
34205,0.038697124
34206,0.007843886
34207,0.027581438
34208,0.23841844
34209,0.049016453
34210,0.013378734
34211,0.051474594
34212,0.07545396
34213,0.060780935
34214,0.055792853
34215,0.049928527
34216,0.024167605
34217,0.044582985
34218,0.014681717
34219,0.0518147
34220,0.07493407
34221,0.07159925
34222,0.0121056875
34223,0.016215758
34224,0.008455393
34225,0.013401993
34226,0.014276622
34227,0.0126625085
34228,0.00852927
34229,0.020674761
34230,0.04645938
34231,0.042273533
34232,0.06782838
34233,0.00844605
34234,0.07550856
34235,0.3945511
34236,0.010351272
34237,0.008400748
34238,0.015682578
34239,0.016840357
34240,0.0072651836
34241,0.015020898
34242,0.028355319
34243,0.01633321
34244,0.017916858
34245,0.0076469984
34246,0.049252912
34247,0.024256183
34248,0.039363768
34249,0.011049722
34250,0.041105427
34251,0.012645613
34252,0.010767877
34253,0.007367766
34254,0.06296173
34255,0.02448648
34256,0.041902147
34257,0.029335946
34258,0.060773008
34259,0.016709596
34260,0.010548975
34261,0.008907718
34262,0.37425384
34263,0.04860917
34264,0.05046567
34265,0.051009282
34266,0.012237515
34267,0.05943305
34268,0.019395685
34269,0.009225977
34270,0.059039336
34271,0.012634394
34272,0.06406297
34273,0.22761807
34274,0.023307156
34275,0.02951704
34276,0.029347375
34277,0.024380853
34278,0.025048811
34279,0.013717876
34280,0.029367352
34281,0.010062445
34282,0.05916293
34283,0.047601894
34284,0.008665499
34285,0.24247468
34286,0.022724353
34287,0.02728875
34288,0.010426385
34289,0.0041395007
34290,0.04239752
34291,0.016686348
34292,0.023142707
34293,0.019904561
34294,0.028970009
34295,0.0084622465
34296,0.009715215
34297,0.028173583
34298,0.24692608
34299,0.07648788
34300,0.016829643
34301,0.060004313
34302,0.013658247
34303,0.017589804
34304,0.0070284
34305,0.042800702
34306,0.04974186
34307,0.042957738
34308,0.03228841
34309,0.0355209
34310,0.06831794
34311,0.043098785
34312,0.40497744
34313,0.042666104
34314,0.06973492
34315,0.042205412
34316,0.083131514
34317,0.4067378
34318,0.04280199
34319,0.25877017
34320,0.06234204
34321,0.4103996
34322,0.066941194
34323,0.07900253
34324,0.055239536
34325,0.026532022
34326,0.06824443
34327,0.40260616
34328,0.56124705
34329,0.24178557
34330,0.044429112
34331,0.042929478
34332,0.24178557
34333,0.057430387
34334,0.012432729
34335,0.027024867
34336,0.033137985
34337,0.016287668
34338,0.01512085
34339,0.07233322
34340,0.24374992
34341,0.4499306
34342,0.4760846
34343,0.04234879
34344,0.062067892
34345,0.07855165
34346,0.24750897
34347,0.050615266
34348,0.041663893
34349,0.056987397
34350,0.06458899
34351,0.033943936
34352,0.47233847
34353,0.23527266
34354,0.24409084
34355,0.48626375
34356,0.07687576
34357,0.020626629
34358,0.44755596
34359,0.05193249
34360,0.072155565
34361,0.04844235
34362,0.04620406
34363,0.03344323
34364,0.059556168
34365,0.06589537
34366,0.072334476
34367,0.06540209
34368,0.031538203
34369,0.037661888
34370,0.059526235
34371,0.25027657
34372,0.04255304
34373,0.049844317
34374,0.05259567
34375,0.062400512
34376,0.038116314
34377,0.041782096
34378,0.024914533
34379,0.05225168
34380,0.08079541
34381,0.052043505
34382,0.083480015
34383,0.02283217
34384,0.04746641
34385,0.038036335
34386,0.013507263
34387,0.01633686
34388,0.4954097
34389,0.073128276
34390,0.22209644
34391,0.44820708
34392,0.43273753
34393,0.059854187
34394,0.047687743
34395,0.017713103
34396,0.020536676
34397,0.03490827
34398,0.010322018
34399,0.059069496
34400,0.060256086
34401,0.064702414
34402,0.08265382
34403,0.48668867
34404,0.021539817
34405,0.33521068
34406,0.042070746
34407,0.03020037
34408,0.024173545
34409,0.24746917
34410,0.017994663
34411,0.041782096
34412,0.056444116
34413,0.025287822
34414,0.40824065
34415,0.5117537
34416,0.062961176
34417,0.018301163
34418,0.020025251
34419,0.040071793
34420,0.0499104
34421,0.07200154
34422,0.08560162
34423,0.06622005
34424,0.06723664
34425,0.052088626
34426,0.010973022
34427,0.009249461
34428,0.033445187
34429,0.029879779
34430,0.027976923
34431,0.033337373
34432,0.06293978
34433,0.048351455
34434,0.21920194
34435,0.013986407
34436,0.032617975
34437,0.025525484
34438,0.016576568
34439,0.014849621
34440,0.023004439
34441,0.03968354
34442,0.02302755
34443,0.057806164
34444,0.41010317
34445,0.39046374
34446,0.042380627
34447,0.037731335
34448,0.034396894
34449,0.066829056
34450,0.056978315
34451,0.050419915
34452,0.014178488
34453,0.012504574
34454,0.029475411
34455,0.0739348
34456,0.025626618
34457,0.029710136
34458,0.005661804
34459,0.051202234
34460,0.052844405
34461,0.23690696
34462,0.22503662
34463,0.38832924
34464,0.05071703
34465,0.037185296
34466,0.017819826
34467,0.046985004
34468,0.042898655
34469,0.2308722
34470,0.042881604
34471,0.5102646
34472,0.0698696
34473,0.018733993
34474,0.06871603
34475,0.046479464
34476,0.044604074
34477,0.017734142
34478,0.008636614
34479,0.012286235
34480,0.05241252
34481,0.009070369
34482,0.026818473
34483,0.016228037
34484,0.017771328
34485,0.05970856
34486,0.058931995
34487,0.048945628
34488,0.066402525
34489,0.23492901
34490,0.38860396
34491,0.05096941
34492,0.020617452
34493,0.059952457
34494,0.015285919
34495,0.037875824
34496,0.012999921
34497,0.025158904
34498,0.061949342
34499,0.048837394
34500,0.072914466
34501,0.039557803
34502,0.0657822
34503,0.037641887
34504,0.049628384
34505,0.032787867
34506,0.016974902
34507,0.076411165
34508,0.03014476
34509,0.05541645
34510,0.029569935
34511,0.010231278
34512,0.021283202
34513,0.033982996
34514,0.04920374
34515,0.0568688
34516,0.07168832
34517,0.06328086
34518,0.37836972
34519,0.22821032
34520,0.23273215
34521,0.011339037
34522,0.06219717
34523,0.010690035
34524,0.04568884
34525,0.039175466
34526,0.06253531
34527,0.042975932
34528,0.03470881
34529,0.04680419
34530,0.062078238
34531,0.047948066
34532,0.031712998
34533,0.01944051
34534,0.056890868
34535,0.0135111045
34536,0.03406825
34537,0.068162896
34538,0.049705848
34539,0.07449756
34540,0.5469378
34541,0.06263655
34542,0.06772973
34543,0.050843682
34544,0.057434417
34545,0.05696863
34546,0.06068627
34547,0.04684971
34548,0.009635246
34549,0.25735492
34550,0.05552954
34551,0.05927995
34552,0.048694625
34553,0.059855033
34554,0.025801029
34555,0.017656446
34556,0.018945497
34557,0.03439471
34558,0.39750487
34559,0.053433955
34560,0.041514147
34561,0.06744364
34562,0.5653313
34563,0.06234863
34564,0.013091811
34565,0.06762017
34566,0.04752803
34567,0.08297326
34568,0.42853346
34569,0.051981412
34570,0.018677155
34571,0.043626428
34572,0.04766963
34573,0.06627814
34574,0.080675416
34575,0.037550576
34576,0.07909403
34577,0.062559135
34578,0.056302816
34579,0.045072705
34580,0.052955728
34581,0.013903745
34582,0.07226163
34583,0.077951945
34584,0.23298967
34585,0.059688285
34586,0.029706543
34587,0.06688904
34588,0.08201906
34589,0.24574196
34590,0.048489973
34591,0.044286903
34592,0.020069411
34593,0.00916818
34594,0.05258349
34595,0.4785974
34596,0.034809224
34597,0.074849784
34598,0.48964515
34599,0.2446161
34600,0.012709885
34601,0.009865945
34602,0.012158064
34603,0.037673596
34604,0.04572613
34605,0.4262743
34606,0.42128107
34607,0.057487268
34608,0.059944373
34609,0.23933627
34610,0.07650071
34611,0.073992856
34612,0.08295746
34613,0.2535555
34614,0.05939627
34615,0.043013614
34616,0.06316463
34617,0.04648008
34618,0.25416276
34619,0.6266659
34620,0.040417124
34621,0.41572335
34622,0.014064021
34623,0.04290325
34624,0.25190043
34625,0.015076086
34626,0.012324723
34627,0.04367411
34628,0.05656385
34629,0.017031252
34630,0.039270155
34631,0.40683964
34632,0.037737977
34633,0.057831407
34634,0.24437657
34635,0.077749744
34636,0.25597885
34637,0.41481286
34638,0.41067284
34639,0.24676561
34640,0.065604694
34641,0.07178758
34642,0.58457965
34643,0.45500046
34644,0.48383847
34645,0.023281556
34646,0.07728698
34647,0.05033825
34648,0.025367811
34649,0.018664815
34650,0.04832689
34651,0.008327466
34652,0.0107388245
34653,0.030145882
34654,0.047870334
34655,0.06274192
34656,0.062281616
34657,0.06661862
34658,0.06282493
34659,0.07539743
34660,0.2232658
34661,0.026403818
34662,0.06770255
34663,0.41930473
34664,0.018329283
34665,0.048322286
34666,0.6806996
34667,0.62292224
34668,0.5936485
34669,0.06199925
34670,0.45882997
34671,0.060914487
34672,0.016761832
34673,0.0505261
34674,0.008692731
34675,0.04736255
34676,0.051997107
34677,0.0424526
34678,0.011479268
34679,0.4061161
34680,0.016650701
34681,0.027425654
34682,0.06671402
34683,0.0677222
34684,0.043699767
34685,0.043797825
34686,0.23279962
34687,0.062268496
34688,0.023500275
34689,0.073682
34690,0.0661012
34691,0.06652009
34692,0.6114531
34693,0.56884664
34694,0.6159131
34695,0.014587415
34696,0.0136978105
34697,0.05093665
34698,0.026003089
34699,0.008208748
34700,0.40944
34701,0.07032337
34702,0.25076926
34703,0.038533922
34704,0.06293098
34705,0.06278569
34706,0.066973984
34707,0.0777068
34708,0.0744105
34709,0.45351428
34710,0.43105885
34711,0.07664404
34712,0.07299713
34713,0.06033938
34714,0.049409904
34715,0.06843706
34716,0.039941467
34717,0.030572567
34718,0.021649625
34719,0.077568874
34720,0.077228464
34721,0.05301116
34722,0.067471296
34723,0.022314114
34724,0.63916016
34725,0.6617504
34726,0.6324244
34727,0.07208305
34728,0.04315388
34729,0.23210654
34730,0.011506803
34731,0.38416147
34732,0.025367811
34733,0.016485607
34734,0.015444639
34735,0.03141112
34736,0.06254189
34737,0.043505676
34738,0.4000502
34739,0.6974785
34740,0.055947162
34741,0.06427762
34742,0.06203869
34743,0.0774866
34744,0.05535077
34745,0.23133937
34746,0.06621636
34747,0.063383445
34748,0.06706598
34749,0.06560676
34750,0.042025674
34751,0.020570194
34752,0.50639313
34753,0.39242843
34754,0.2423398
34755,0.058614973
34756,0.02583265
34757,0.067378975
34758,0.056651987
34759,0.2560781
34760,0.027629387
34761,0.038438685
34762,0.03961473
34763,0.017218988
34764,0.037630267
34765,0.03955594
34766,0.4150207
34767,0.6426956
34768,0.2567249
34769,0.24587741
34770,0.07031784
34771,0.25157002
34772,0.07716868
34773,0.45518282
34774,0.048801113
34775,0.026823947
34776,0.033214442
34777,0.030818744
34778,0.076913595
34779,0.2414333
34780,0.23764546
34781,0.5032687
34782,0.25735086
34783,0.08138793
34784,0.62634754
34785,0.23198955
34786,0.016317926
34787,0.23019838
34788,0.08530902
34789,0.019073771
34790,0.04809005
34791,0.08136719
34792,0.05070489
34793,0.0324788
34794,0.03268938
34795,0.040864263
34796,0.0749412
34797,0.41554204
34798,0.38134298
34799,0.2628455
34800,0.25238296
34801,0.077650994
34802,0.075979665
34803,0.42698932
34804,0.025281653
34805,0.077840835
34806,0.057993643
34807,0.043883994
34808,0.48539373
34809,0.40399218
34810,0.04761363
34811,0.47197866
34812,0.42068517
34813,0.00599731
34814,0.061644193
34815,0.06828176
34816,0.05934329
34817,0.043484937
34818,0.010375186
34819,0.008690952
34820,0.021417651
34821,0.026650423
34822,0.046784993
34823,0.060682137
34824,0.061447445
34825,0.22829694
34826,0.41590646
34827,0.6709569
34828,0.41733056
34829,0.25469714
34830,0.18033831
34831,0.063107036
34832,0.0149667775
34833,0.056942888
34834,0.057861283
34835,0.23252976
34836,0.08319798
34837,0.051341858
34838,0.025372546
34839,0.0502751
34840,0.076471664
34841,0.041188903
34842,0.066471726
34843,0.03373238
34844,0.030254599
34845,0.055326592
34846,0.048019398
34847,0.05858173
34848,0.39931718
34849,0.24379979
34850,0.36028817
34851,0.71425784
34852,0.606143
34853,0.25885677
34854,0.0697133
34855,0.04305355
34856,0.018485429
34857,0.043709185
34858,0.06972716
34859,0.029400226
34860,0.52551013
34861,0.042373866
34862,0.016076388
34863,0.049037
34864,0.043397985
34865,0.38881174
34866,0.034275543
34867,0.043443203
34868,0.017033033
34869,0.042393643
34870,0.024993317
34871,0.06257272
34872,0.06612169
34873,0.5178733
34874,0.40372503
34875,0.22884825
34876,0.5691594
34877,0.38343433
34878,0.44845268
34879,0.07953194
34880,0.03471965
34881,0.029958092
34882,0.032805584
34883,0.041926704
34884,0.040079556
34885,0.03377256
34886,0.05213646
34887,0.5010328
34888,0.06283062
34889,0.25495005
34890,0.027352866
34891,0.066769525
34892,0.22810629
34893,0.23427564
34894,0.2437653
34895,0.041606694
34896,0.026276026
34897,0.038236458
34898,0.07724861
34899,0.63235205
34900,0.3890453
34901,0.48929372
34902,0.42422578
34903,0.38999194
34904,0.07895374
34905,0.06252402
34906,0.012907806
34907,0.01985024
34908,0.011774729
34909,0.034079235
34910,0.027302124
34911,0.07459725
34912,0.07407121
34913,0.06250092
34914,0.2534708
34915,0.025700403
34916,0.056936618
34917,0.3967181
34918,0.037087947
34919,0.016345538
34920,0.06920881
34921,0.23254395
34922,0.02665647
34923,0.22278918
34924,0.08121276
34925,0.05599761
34926,0.06423926
34927,0.03144386
34928,0.06338482
34929,0.05982516
34930,0.033468354
34931,0.22702937
34932,0.06762017
34933,0.037339427
34934,0.008532585
34935,0.22816631
34936,0.0116057275
34937,0.06322189
34938,0.037629027
34939,0.029653072
34940,0.072776906
34941,0.031219715
34942,0.039564736
34943,0.037586354
34944,0.07442993
34945,0.25816572
34946,0.5100317
34947,0.06872737
34948,0.011194772
34949,0.017169
34950,0.017878465
34951,0.026882904
34952,0.04534627
34953,0.052176703
34954,0.07756617
34955,0.012924422
34956,0.028493674
34957,0.013125437
34958,0.029321155
34959,0.027489783
34960,0.011250818
34961,0.024247756
34962,0.010321208
34963,0.0568581
34964,0.06234299
34965,0.39762303
34966,0.013350759
34967,0.016414922
34968,0.030927232
34969,0.055222943
34970,0.06320516
34971,0.44945922
34972,0.06898198
34973,0.2327711
34974,0.03203701
34975,0.058062237
34976,0.07291389
34977,0.04465478
34978,0.018172925
34979,0.016738186
34980,0.26070464
34981,0.029863322
34982,0.013561986
34983,0.016240902
34984,0.024186853
34985,0.0753339
34986,0.05110168
34987,0.034567773
34988,0.01683016
34989,0.024894373
34990,0.049945038
34991,0.4289073
34992,0.028794184
34993,0.005262842
34994,0.017261922
34995,0.027311318
34996,0.03835886
34997,0.04952179
34998,0.25194734
34999,0.051006135
35000,0.24846128
35001,0.06272194
35002,0.026963744
35003,0.013734092
35004,0.042211123
35005,0.043041855
35006,0.026536705
35007,0.40825254
35008,0.016603785
35009,0.24573211
35010,0.016391758
35011,0.06074787
35012,0.04205707
35013,0.25658348
35014,0.60182905
35015,0.22529525
35016,0.06313416
35017,0.014418198
35018,0.062892154
35019,0.04323947
35020,0.04120347
35021,0.063535735
35022,0.060107596
35023,0.06683335
35024,0.5293383
35025,0.017819826
35026,0.058934752
35027,0.06022484
35028,0.05942842
35029,0.016483823
35030,0.07736243
35031,0.46780813
35032,0.056631945
35033,0.23644008
35034,0.024158003
35035,0.057414994
35036,0.01952598
35037,0.059247624
35038,0.026611462
35039,0.02243789
35040,0.04572939
35041,0.048855517
35042,0.025124807
35043,0.017597836
35044,0.048038952
35045,0.016240908
35046,0.074459165
35047,0.038504086
35048,0.013387011
35049,0.030357402
35050,0.06275087
35051,0.06699142
35052,0.04741867
35053,0.57944226
35054,0.05264851
35055,0.22914796
35056,0.04381224
35057,0.033468354
35058,0.041870173
35059,0.042822126
35060,0.012320835
35061,0.016390309
35062,0.45438057
35063,0.02543047
35064,0.008329968
35065,0.006845776
35066,0.014406588
35067,0.042130668
35068,0.067220345
35069,0.018456526
35070,0.06851712
35071,0.03722589
35072,0.024928357
35073,0.042466793
35074,0.40062997
35075,0.025546875
35076,0.017356634
35077,0.0057754107
35078,0.01143125
35079,0.040418178
35080,0.008385026
35081,0.029355211
35082,0.07843713
35083,0.050537284
35084,0.013335776
35085,0.051779214
35086,0.07776609
35087,0.063870415
35088,0.060761217
35089,0.050898768
35090,0.025626618
35091,0.045986637
35092,0.016821925
35093,0.051902883
35094,0.078269824
35095,0.073007256
35096,0.030323308
35097,0.011447103
35098,0.0115960445
35099,0.017721431
35100,0.00802446
35101,0.0136287585
35102,0.020211529
35103,0.01344925
35104,0.009236385
35105,0.021474969
35106,0.047553528
35107,0.043465
35108,0.069207594
35109,0.013308128
35110,0.2331284
35111,0.008566643
35112,0.4238056
35113,0.009874949
35114,0.019913262
35115,0.023901036
35116,0.011370641
35117,0.015794856
35118,0.008955959
35119,0.013333855
35120,0.028474351
35121,0.012683289
35122,0.012808678
35123,0.05092873
35124,0.025525082
35125,0.039852697
35126,0.013270657
35127,0.019201268
35128,0.042238817
35129,0.008297106
35130,0.011774729
35131,0.06580269
35132,0.025410624
35133,0.042474195
35134,0.01683566
35135,0.029538095
35136,0.061893042
35137,0.005830854
35138,0.011727196
35139,0.015105948
35140,0.009626709
35141,0.25734758
35142,0.049149416
35143,0.050962742
35144,0.05292638
35145,0.06053134
35146,0.019916654
35147,0.06022719
35148,0.013750397
35149,0.06662677
35150,0.07681184
35151,0.016362425
35152,0.023912916
35153,0.03031237
35154,0.026145972
35155,0.029952666
35156,0.010056107
35157,0.05937755
35158,0.048376508
35159,0.07312155
35160,0.022489637
35161,0.028184332
35162,0.014061611
35163,0.04315892
35164,0.017761849
35165,0.0164817
35166,0.016135264
35167,0.029765561
35168,0.00941631
35169,0.028883185
35170,0.24486825
35171,0.23378986
35172,0.017734142
35173,0.06322659
35174,0.017757595
35175,0.008461929
35176,0.044991504
35177,0.05141449
35178,0.04550827
35179,0.054117393
35180,0.032559603
35181,0.036079742
35182,0.038207024
35183,0.044300504
35184,0.07597431
35185,0.04647149
35186,0.03609774
35187,0.38880834
35188,0.044726085
35189,0.06718777
35190,0.044972286
35191,0.39979056
35192,0.23405139
35193,0.05037117
35194,0.045882355
35195,0.020094521
35196,0.44002706
35197,0.06542625
35198,0.39617515
35199,0.072204135
35200,0.39694223
35201,0.05840421
35202,0.07497354
35203,0.03886243
35204,0.014478876
35205,0.23986888
35206,0.03152548
35207,0.69640326
35208,0.24172099
35209,0.044428583
35210,0.23889138
35211,0.061320573
35212,0.013408918
35213,0.026856216
35214,0.044025443
35215,0.01727688
35216,0.014634802
35217,0.09065083
35218,0.3979311
35219,0.45334312
35220,0.46095267
35221,0.04545732
35222,0.06492879
35223,0.027557531
35224,0.23346423
35225,0.09161138
35226,0.0144788325
35227,0.02684008
35228,0.052117903
35229,0.042787526
35230,0.05866839
35231,0.217357
35232,0.035337407
35233,0.45936206
35234,0.2333244
35235,0.2442168
35236,0.5050119
35237,0.08863303
35238,0.4709886
35239,0.017516011
35240,0.053215966
35241,0.07800699
35242,0.050044127
35243,0.047947343
35244,0.03500252
35245,0.061958335
35246,0.07224916
35247,0.0806288
35248,0.072589636
35249,0.03306623
35250,0.038480204
35251,0.06297123
35252,0.26668385
35253,0.045013513
35254,0.05216291
35255,0.053660046
35256,0.06570578
35257,0.031291664
35258,0.045003604
35259,0.053042907
35260,0.09889908
35261,0.053081512
35262,0.10386218
35263,0.023852808
35264,0.051516723
35265,0.038967147
35266,0.024051426
35267,0.014764948
35268,0.013875582
35269,0.41909957
35270,0.08109246
35271,0.2116618
35272,0.5001275
35273,0.44156837
35274,0.06309727
35275,0.0501726
35276,0.021265982
35277,0.016083745
35278,0.035547722
35279,0.20920554
35280,0.07231672
35281,0.10202115
35282,0.45660338
35283,0.34464738
35284,0.043989524
35285,0.032063875
35286,0.024769543
35287,0.25058535
35288,0.018552909
35289,0.043754872
35290,0.058800925
35291,0.40497524
35292,0.481192
35293,0.06941485
35294,0.019333838
35295,0.020617925
35296,0.0425707
35297,0.052645862
35298,0.01035662
35299,0.02670262
35300,0.012243085
35301,0.080837384
35302,0.096102186
35303,0.07474824
35304,0.075883605
35305,0.053841565
35306,0.035736863
35307,0.031318557
35308,0.029870499
35309,0.035514932
35310,0.06834698
35311,0.05054277
35312,0.06844732
35313,0.014090663
35314,0.03552159
35315,0.027181005
35316,0.017839996
35317,0.015680045
35318,0.0235632
35319,0.041309945
35320,0.023366416
35321,0.05905597
35322,0.42264086
35323,0.40433878
35324,0.04426374
35325,0.038345553
35326,0.036098476
35327,0.07245828
35328,0.058916595
35329,0.014778361
35330,0.05108267
35331,0.01467965
35332,0.029988782
35333,0.24253812
35334,0.026675018
35335,0.02467282
35336,0.030933151
35337,0.052910633
35338,0.052861765
35339,0.23395716
35340,0.21926902
35341,0.3887651
35342,0.052673876
35343,0.03860408
35344,0.018023148
35345,0.049659885
35346,0.048327994
35347,0.011517251
35348,0.23087408
35349,0.045371138
35350,0.5405519
35351,0.07568992
35352,0.020416547
35353,0.07567779
35354,0.048141483
35355,0.046882086
35356,0.019176487
35357,0.010061143
35358,0.053589493
35359,0.01779567
35360,0.01806212
35361,0.062282268
35362,0.04429262
35363,0.061133593
35364,0.051563736
35365,0.07332665
35366,0.23289387
35367,0.43555057
35368,0.053293373
35369,0.021398218
35370,0.063191704
35371,0.016107678
35372,0.039335724
35373,0.065066025
35374,0.04991556
35375,0.080824845
35376,0.04121097
35377,0.0740135
35378,0.0381461
35379,0.051542852
35380,0.0176897
35381,0.018478684
35382,0.089535505
35383,0.01084717
35384,0.030962322
35385,0.057891745
35386,0.030668361
35387,0.022280399
35388,0.03494884
35389,0.051180292
35390,0.059101235
35391,0.083432436
35392,0.067958005
35393,0.40497848
35394,0.22282848
35395,0.23248662
35396,0.013262396
35397,0.06633681
35398,0.0486394
35399,0.040814873
35400,0.0658456
35401,0.031416893
35402,0.020668788
35403,0.036185067
35404,0.048098456
35405,0.066343375
35406,0.031281427
35407,0.05135451
35408,0.008805633
35409,0.022421723
35410,0.030890098
35411,0.059721168
35412,0.01397012
35413,0.035234295
35414,0.076104574
35415,0.05151503
35416,0.08583847
35417,0.49768126
35418,0.068773076
35419,0.0765034
35420,0.052071895
35421,0.0600674
35422,0.05915321
35423,0.06500723
35424,0.047807485
35425,0.26097307
35426,0.059615098
35427,0.061943997
35428,0.051747654
35429,0.062100597
35430,0.018724702
35431,0.025676364
35432,0.018878244
35433,0.019593114
35434,0.03479235
35435,0.2546822
35436,0.05405544
35437,0.043138705
35438,0.071915515
35439,0.561016
35440,0.065006524
35441,0.014019017
35442,0.21891204
35443,0.05002117
35444,0.25440028
35445,0.26289627
35446,0.05513284
35447,0.04539282
35448,0.045512553
35449,0.069751956
35450,0.0883237
35451,0.039303817
35452,0.24552988
35453,0.0654004
35454,0.059033062
35455,0.0155016435
35456,0.019710705
35457,0.046668965
35458,0.053706888
35459,0.014644712
35460,0.0804189
35461,0.08934104
35462,0.23348403
35463,0.062182102
35464,0.031111727
35465,0.073830515
35466,0.09183137
35467,0.25048146
35468,0.04995343
35469,0.04575099
35470,0.02131387
35471,0.053408407
35472,0.55671483
35473,0.035755396
35474,0.08412183
35475,0.1570643
35476,0.09383947
35477,0.01333515
35478,0.01842942
35479,0.013323025
35480,0.039213136
35481,0.049277134
35482,0.2431368
35483,0.41837043
35484,0.060451455
35485,0.06295698
35486,0.09276036
35487,0.23292738
35488,0.085861586
35489,0.10579461
35490,0.39608455
35491,0.06156556
35492,0.00551063
35493,0.019739563
35494,0.04530563
35495,0.06857907
35496,0.04803025
35497,0.105075575
35498,0.71845937
35499,0.042941824
35500,0.39794004
35501,0.014293727
35502,0.046445545
35503,0.25793928
35504,0.046487328
35505,0.059672486
35506,0.016532874
35507,0.04123421
35508,0.0065342635
35509,0.4073756
35510,0.0391419
35511,0.060766775
35512,0.24064073
35513,0.08893113
35514,0.25738043
35515,0.25469428
35516,0.41659355
35517,0.0279141
35518,0.09276973
35519,0.0744445
35520,0.08285721
35521,0.7703856
35522,0.48359528
35523,0.4358454
35524,0.023594629
35525,0.09226668
35526,0.05265664
35527,0.026065292
35528,0.019237535
35529,0.012294297
35530,0.010762476
35531,0.049763143
35532,0.009185025
35533,0.011544939
35534,0.031383425
35535,0.04992437
35536,0.06807908
35537,0.06527598
35538,0.07279448
35539,0.065559275
35540,0.23174256
35541,0.0724332
35542,0.02687606
35543,0.07613749
35544,0.2461344
35545,0.018538319
35546,0.050561585
35547,0.79163224
35548,0.67116725
35549,0.5294417
35550,0.007499126
35551,0.02687443
35552,0.016891541
35553,0.0658496
35554,0.48175752
35555,0.06414735
35556,0.017568283
35557,0.052817486
35558,0.049361896
35559,0.053068846
35560,0.04483106
35561,0.012180158
35562,0.40611216
35563,0.017327374
35564,0.027782533
35565,0.074479125
35566,0.073445365
35567,0.045973435
35568,0.044705153
35569,0.2337553
35570,0.06501182
35571,0.02511352
35572,0.08146696
35573,0.07357433
35574,0.07356535
35575,0.7071613
35576,0.7336558
35577,0.58652216
35578,0.014025502
35579,0.05283451
35580,0.026382172
35581,0.009304861
35582,0.4258869
35583,0.06787784
35584,0.2512888
35585,0.03829385
35586,0.0685202
35587,0.018596563
35588,0.06799107
35589,0.07272535
35590,0.08873132
35591,0.08712117
35592,0.49563888
35593,0.43597257
35594,0.083519645
35595,0.086284876
35596,0.062721565
35597,0.05196794
35598,0.0765777
35599,0.04460269
35600,0.031682327
35601,0.02254351
35602,0.089732915
35603,0.088789985
35604,0.0542866
35605,0.07267193
35606,0.02377531
35607,0.6738715
35608,0.87316656
35609,0.6817013
35610,0.081352524
35611,0.045619108
35612,0.23197748
35613,0.40214303
35614,0.02652648
35615,0.010463834
35616,0.0174444
35617,0.016656086
35618,0.03209267
35619,0.06772063
35620,0.045300607
35621,0.40135497
35622,0.74738467
35623,0.059032787
35624,0.069950566
35625,0.06470293
35626,0.091476
35627,0.05892629
35628,0.23131089
35629,0.073616445
35630,0.034434903
35631,0.067450136
35632,0.07393204
35633,0.07124806
35634,0.043804366
35635,0.02184273
35636,0.26889047
35637,0.40522715
35638,0.09220248
35639,0.0762772
35640,0.059148677
35641,0.09842696
35642,0.029445812
35643,0.03830675
35644,0.041511294
35645,0.01683367
35646,0.038805682
35647,0.04122065
35648,0.24928887
35649,0.60509723
35650,0.2582641
35651,0.09574165
35652,0.07646953
35653,0.08954624
35654,0.08942693
35655,0.5286175
35656,0.051736068
35657,0.027471444
35658,0.034418076
35659,0.031107154
35660,0.08964006
35661,0.086006515
35662,0.23558605
35663,0.51583785
35664,0.4048939
35665,0.09198545
35666,0.7834193
35667,0.2340004
35668,0.017663142
35669,0.08309682
35670,0.09513118
35671,0.019622665
35672,0.04995343
35673,0.48552752
35674,0.052425355
35675,0.034330126
35676,0.034213867
35677,0.043307867
35678,0.08624214
35679,0.401144
35680,0.3939469
35681,0.5201497
35682,0.38835835
35683,0.09043808
35684,0.08901413
35685,0.41587743
35686,0.025917042
35687,0.09107148
35688,0.060051452
35689,0.04604973
35690,0.4835273
35691,0.25768048
35692,0.04901537
35693,0.5247542
35694,0.40893617
35695,0.006419282
35696,0.06622398
35697,0.07551694
35698,0.06407085
35699,0.045762233
35700,0.011584761
35701,0.027111787
35702,0.049601723
35703,0.06623165
35704,0.06520527
35705,0.082575165
35706,0.41028535
35707,0.7410044
35708,0.43292904
35709,0.25768632
35710,0.5108109
35711,0.06783534
35712,0.060181484
35713,0.059915386
35714,0.22823408
35715,0.09413708
35716,0.053539306
35717,0.02637201
35718,0.051830146
35719,0.08721053
35720,0.017285166
35721,0.043309506
35722,0.07352805
35723,0.019863987
35724,0.015419072
35725,0.03469615
35726,0.020149374
35727,0.031433985
35728,0.05961107
35729,0.049941216
35730,0.0610803
35731,0.4127418
35732,0.24119385
35733,0.09840209
35734,0.578218
35735,0.5198882
35736,0.26094046
35737,0.076530725
35738,0.044268332
35739,0.019281004
35740,0.04514836
35741,0.07623284
35742,0.01459383
35743,0.030893968
35744,0.6121465
35745,0.046106648
35746,0.017394286
35747,0.053199038
35748,0.044559922
35749,0.22096841
35750,0.03567839
35751,0.04450575
35752,0.017625054
35753,0.043813176
35754,0.026337842
35755,0.06565186
35756,0.07268055
35757,0.5531433
35758,0.38930714
35759,0.22225462
35760,0.7491802
35761,0.41603258
35762,0.41747695
35763,0.09071864
35764,0.035851024
35765,0.031485107
35766,0.035015915
35767,0.043545138
35768,0.041704122
35769,0.034384392
35770,0.19491725
35771,0.48595107
35772,0.06804022
35773,0.25975645
35774,0.028748678
35775,0.073608436
35776,0.08150304
35777,0.08844868
35778,0.2412505
35779,0.04417745
35780,0.005307587
35781,0.027618613
35782,0.012874989
35783,0.038778417
35784,0.089707375
35785,0.5813608
35786,0.39811158
35787,0.608451
35788,0.4143638
35789,0.4128926
35790,0.09114324
35791,0.06540092
35792,0.04212896
35793,0.022978162
35794,0.012693545
35795,0.03557931
35796,0.02992541
35797,0.08339842
35798,0.08638109
35799,0.065893345
35800,0.26095214
35801,0.026069246
35802,0.0592953
35803,0.41131195
35804,0.039624244
35805,0.011292479
35806,0.07553424
35807,0.23408794
35808,0.028655807
35809,0.22372589
35810,0.09186254
35811,0.05887619
35812,0.06930665
35813,0.028843334
35814,0.06826067
35815,0.06280461
35816,0.0344412
35817,0.08137589
35818,0.0062709316
35819,0.07647644
35820,0.037668847
35821,0.025869897
35822,0.22015223
35823,0.012405774
35824,0.013399857
35825,0.06876498
35826,0.032105975
35827,0.08109983
35828,0.032514423
35829,0.042334262
35830,0.038578898
35831,0.08849524
35832,0.25907344
35833,0.51209867
35834,0.076048225
35835,0.011477532
35836,0.020289348
35837,0.0182853
35838,0.018857306
35839,0.026877992
35840,0.048254024
35841,0.054820627
35842,0.23306799
35843,0.013434482
35844,0.030002415
35845,0.029713035
35846,0.018933197
35847,0.025597915
35848,0.059117306
35849,0.06509598
35850,0.39081362
35851,0.013605493
35852,0.032229207
35853,0.058494143
35854,0.06763043
35855,0.4143491
35856,0.076456524
35857,0.012495687
35858,0.013330348
35859,0.08937147
35860,0.035063013
35861,0.059060417
35862,0.0914873
35863,0.047923483
35864,0.012027721
35865,0.01746336
35866,0.010731524
35867,0.4141966
35868,0.014352249
35869,0.017204732
35870,0.024311103
35871,0.08543453
35872,0.052658845
35873,0.036052965
35874,0.017373083
35875,0.026203671
35876,0.051441602
35877,0.26857474
35878,0.029417997
35879,0.018596563
35880,0.026881348
35881,0.039105467
35882,0.052210316
35883,0.25124997
35884,0.05293688
35885,0.24767268
35886,0.06787553
35887,0.02763203
35888,0.014156825
35889,0.04459374
35890,0.04767939
35891,0.027311083
35892,0.26188695
35893,0.2445986
35894,0.017401092
35895,0.064176716
35896,0.045434617
35897,0.011246437
35898,0.26124397
35899,0.668416
35900,0.21947442
35901,0.068730175
35902,0.065311745
35903,0.045359742
35904,0.042207755
35905,0.06764543
35906,0.062523074
35907,0.073514394
35908,0.81585664
35909,0.061463714
35910,0.06283122
35911,0.06254623
35912,0.018112589
35913,0.089736655
35914,0.49769238
35915,0.059153114
35916,0.23489001
35917,0.024999268
35918,0.059585586
35919,0.020534625
35920,0.06222407
35921,0.026964592
35922,0.02382351
35923,0.048154097
35924,0.05034267
35925,0.026416993
35926,0.04986309
35927,0.012924736
35928,0.01712718
35929,0.24496977
35930,0.035830997
35931,0.039322507
35932,0.014232316
35933,0.031145325
35934,0.06355186
35935,0.07520514
35936,0.6406791
35937,0.054549005
35938,0.21721618
35939,0.04544088
35940,0.033059068
35941,0.04409721
35942,0.045025423
35943,0.016448779
35944,0.46956557
35945,0.026118206
35946,0.007358235
35947,0.00889054
35948,0.015663676
35949,0.013398889
35950,0.04459698
35951,0.07109298
35952,0.019353213
35953,0.075843476
35954,0.03830397
35955,0.02493868
35956,0.009023073
35957,0.044810716
35958,0.37932655
35959,0.026707185
35960,0.007476542
35961,0.019424956
35962,0.012173502
35963,0.04331518
35964,0.029515227
35965,0.0867424
35966,0.052200984
35967,0.014290608
35968,0.021190058
35969,0.054018997
35970,0.08997847
35971,0.068388805
35972,0.059966292
35973,0.052485052
35974,0.02643335
35975,0.048248533
35976,0.017065236
35977,0.05284064
35978,0.0942481
35979,0.22517447
35980,0.008254417
35981,0.01344798
35982,0.016150184
35983,0.012374303
35984,0.018705545
35985,0.01003131
35986,0.015524449
35987,0.008327607
35988,0.014873623
35989,0.014463921
35990,0.022188278
35991,0.0532569
35992,0.046609297
35993,0.077125095
35994,0.22833736
35995,0.009667667
35996,0.26234305
35997,0.024748228
35998,0.012262997
35999,0.01726203
36000,0.018877015
36001,0.013811185
36002,0.030085282
36003,0.012482804
36004,0.011403483
36005,0.052222244
36006,0.026337842
36007,0.041888155
36008,0.044187967
36009,0.014319433
36010,0.009782329
36011,0.013111115
36012,0.073726244
36013,0.026426204
36014,0.044343766
36015,0.011507519
36016,0.031659856
36017,0.01588821
36018,0.06501507
36019,0.012183226
36020,0.25807098
36021,0.051449504
36022,0.052669477
36023,0.05263244
36024,0.014352249
36025,0.064196266
36026,0.020574221
36027,0.06256529
36028,0.014068461
36029,0.07178577
36030,0.08676265
36031,0.016795402
36032,0.025097823
36033,0.031441085
36034,0.02646025
36035,0.031397145
36036,0.010679736
36037,0.06250494
36038,0.0499394
36039,0.08628406
36040,0.023656653
36041,0.029773297
36042,0.0063802707
36043,0.011672956
36044,0.046319082
36045,0.019739563
36046,0.031755093
36047,0.010314374
36048,0.029597586
36049,0.24850725
36050,0.23498136
36051,0.018793585
36052,0.06841835
36053,0.019257536
36054,0.034463808
36055,0.04859983
36056,0.025755303
36057,0.043449733
36058,0.051936477
36059,0.035585213
36060,0.04409228
36061,0.03811966
36062,0.04139813
36063,0.065025054
36064,0.03610864
36065,0.38048434
36066,0.042936
36067,0.06259198
36068,0.04296956
36069,0.23720473
36070,0.38695338
36071,0.02554785
36072,0.04439902
36073,0.026125487
36074,0.24986202
36075,0.060838606
36076,0.4281349
36077,0.065210745
36078,0.075141914
36079,0.05452
36080,0.06634441
36081,0.03826168
36082,0.36658773
36083,0.5346346
36084,0.23293592
36085,0.044481225
36086,0.043536436
36087,0.22997323
36088,0.055572808
36089,0.012337252
36090,0.026885953
36091,0.028612178
36092,0.016825696
36093,0.070305936
36094,0.23373482
36095,0.48789343
36096,0.48748648
36097,0.044165954
36098,0.061001472
36099,0.22430089
36100,0.07505931
36101,0.018913992
36102,0.049473494
36103,0.042941004
36104,0.056020323
36105,0.06343434
36106,0.4080006
36107,0.22442243
36108,0.23780294
36109,0.40572646
36110,0.074659005
36111,0.020903988
36112,0.4655642
36113,0.016680343
36114,0.05056953
36115,0.07217619
36116,0.04876042
36117,0.0462758
36118,0.03282509
36119,0.0581778
36120,0.07382778
36121,0.069648504
36122,0.06317344
36123,0.032006722
36124,0.038467515
36125,0.058782097
36126,0.25190488
36127,0.043341104
36128,0.029739719
36129,0.04977517
36130,0.052593935
36131,0.061311428
36132,0.03863955
36133,0.06005828
36134,0.05229133
36135,0.07581561
36136,0.05216866
36137,0.0810587
36138,0.05014501
36139,0.03911564
36140,0.013118651
36141,0.47409943
36142,0.2168192
36143,0.061637
36144,0.44154382
36145,0.42775255
36146,0.059924953
36147,0.04744324
36148,0.017816612
36149,0.021303518
36150,0.033912256
36151,0.05822513
36152,0.05857848
36153,0.0630078
36154,0.24464005
36155,0.45095316
36156,0.31714547
36157,0.042926684
36158,0.008648734
36159,0.024528291
36160,0.033964034
36161,0.23786697
36162,0.018214874
36163,0.042720467
36164,0.00998754
36165,0.055541445
36166,0.026058614
36167,0.39199522
36168,0.470595
36169,0.062955245
36170,0.018044988
36171,0.019875795
36172,0.041368254
36173,0.050615467
36174,0.016000403
36175,0.024866061
36176,0.011704444
36177,0.06986243
36178,0.08382658
36179,0.06384356
36180,0.0658108
36181,0.053403117
36182,0.03425058
36183,0.030175641
36184,0.0295304
36185,0.03340154
36186,0.06305273
36187,0.048239022
36188,0.0624163
36189,0.013623605
36190,0.035385042
36191,0.026470518
36192,0.016984463
36193,0.014986506
36194,0.022844996
36195,0.04038439
36196,0.02291613
36197,0.055257693
36198,0.4018014
36199,0.36552233
36200,0.04279475
36201,0.03837417
36202,0.034860957
36203,0.06593964
36204,0.05576343
36205,0.013945393
36206,0.049638897
36207,0.012700734
36208,0.029586233
36209,0.23602994
36210,0.025900688
36211,0.023241358
36212,0.030692512
36213,0.050434835
36214,0.051760323
36215,0.22362047
36216,0.21586117
36217,0.21826352
36218,0.050795287
36219,0.037851572
36220,0.017659636
36221,0.04774195
36222,0.0430234
36223,0.22188434
36224,0.043565158
36225,0.53341997
36226,0.06635327
36227,0.06602431
36228,0.04620966
36229,0.017611682
36230,0.052320592
36231,0.027261766
36232,0.0176749
36233,0.058787204
36234,0.04276776
36235,0.058048263
36236,0.049145952
36237,0.065848954
36238,0.22404623
36239,0.3925559
36240,0.051107273
36241,0.020109262
36242,0.05933402
36243,0.015295119
36244,0.0383699
36245,0.0604376
36246,0.048235975
36247,0.069839485
36248,0.04074844
36249,0.07136063
36250,0.03824128
36251,0.0493391
36252,0.017001124
36253,0.07187072
36254,0.009809954
36255,0.030561114
36256,0.053210907
36257,0.030440047
36258,0.021617522
36259,0.03506566
36260,0.049294308
36261,0.055462077
36262,0.07000894
36263,0.0631652
36264,0.2361733
36265,0.21882784
36266,0.22279468
36267,0.011418746
36268,0.061658
36269,0.046903897
36270,0.04078246
36271,0.061637
36272,0.03066498
36273,0.018994905
36274,0.044491827
36275,0.036039177
36276,0.046905927
36277,0.06011554
36278,0.049823526
36279,0.056504812
36280,0.013178193
36281,0.034773417
36282,0.06603581
36283,0.049195796
36284,0.22186908
36285,0.53730243
36286,0.06297989
36287,0.06606491
36288,0.049787905
36289,0.05687666
36290,0.05535334
36291,0.06130582
36292,0.047004834
36293,0.009413989
36294,0.018071042
36295,0.24524735
36296,0.055762082
36297,0.05899739
36298,0.0495745
36299,0.059223898
36300,0.017570725
36301,0.026302323
36302,0.017757801
36303,0.03486226
36304,0.39524943
36305,0.05208285
36306,0.042560644
36307,0.06634652
36308,0.6482614
36309,0.06159467
36310,0.013378265
36311,0.066614844
36312,0.04825462
36313,0.24008465
36314,0.40386543
36315,0.052518975
36316,0.018040698
36317,0.044180326
36318,0.044011768
36319,0.0651201
36320,0.0798433
36321,0.03704573
36322,0.23821747
36323,0.062482182
36324,0.056061294
36325,0.014023992
36326,0.018204706
36327,0.046186298
36328,0.05212348
36329,0.014232765
36330,0.069621325
36331,0.07475366
36332,0.22376871
36333,0.059282936
36334,0.030673385
36335,0.06560023
36336,0.07575894
36337,0.078093186
36338,0.047846764
36339,0.044051886
36340,0.019725244
36341,0.0523007
36342,0.4714742
36343,0.034951728
36344,0.07194762
36345,0.25647333
36346,0.076677725
36347,0.011772716
36348,0.017392995
36349,0.008473639
36350,0.038023174
36351,0.046907406
36352,0.23164392
36353,0.40996748
36354,0.05692654
36355,0.059972506
36356,0.07748864
36357,0.22299553
36358,0.0715762
36359,0.085279524
36360,0.3810446
36361,0.058593392
36362,0.044493735
36363,0.06308639
36364,0.046648353
36365,0.24809219
36366,0.6491395
36367,0.040356737
36368,0.38865966
36369,0.013248704
36370,0.04318203
36371,0.081160665
36372,0.043505806
36373,0.055716455
36374,0.015980586
36375,0.038947273
36376,0.0058663604
36377,0.39786166
36378,0.041479945
36379,0.057991333
36380,0.23783296
36381,0.07495658
36382,0.08117413
36383,0.24270068
36384,0.080575414
36385,0.026887434
36386,0.23762648
36387,0.21509904
36388,0.06994787
36389,0.6325013
36390,0.4365079
36391,0.39951444
36392,0.023117604
36393,0.22242834
36394,0.050716665
36395,0.025968542
36396,0.018181626
36397,0.010956945
36398,0.009565633
36399,0.047752876
36400,0.010725496
36401,0.031037407
36402,0.047525626
36403,0.06345743
36404,0.061962467
36405,0.06590789
36406,0.06308472
36407,0.07203833
36408,0.06569219
36409,0.02666241
36410,0.06651342
36411,0.23898652
36412,0.047721293
36413,0.55795634
36414,0.5432416
36415,0.53910804
36416,0.0058193435
36417,0.025882335
36418,0.062325656
36419,0.48596337
36420,0.060877588
36421,0.01605161
36422,0.051136382
36423,0.011280771
36424,0.00917375
36425,0.047732845
36426,0.051148724
36427,0.04355254
36428,0.39482632
36429,0.016400684
36430,0.027285231
36431,0.06561737
36432,0.06578927
36433,0.04420625
36434,0.0431434
36435,0.36339906
36436,0.061067745
36437,0.06896002
36438,0.06460637
36439,0.06575537
36440,0.6157493
36441,0.5473417
36442,0.57691795
36443,0.013530353
36444,0.050668865
36445,0.025930414
36446,0.008410439
36447,0.3876796
36448,0.062683836
36449,0.23998775
36450,0.037651088
36451,0.06301569
36452,0.017984316
36453,0.062974736
36454,0.06663357
36455,0.07603852
36456,0.073526695
36457,0.44175968
36458,0.43020388
36459,0.07413741
36460,0.0713323
36461,0.05933917
36462,0.049460288
36463,0.06568011
36464,0.040135644
36465,0.031015335
36466,0.07598835
36467,0.07529299
36468,0.051536985
36469,0.06546406
36470,0.023377877
36471,0.5437092
36472,0.56536776
36473,0.64485425
36474,0.06994871
36475,0.044004872
36476,0.22327681
36477,0.3991295
36478,0.025677895
36479,0.01621925
36480,0.01600731
36481,0.0631652
36482,0.044228476
36483,0.38529545
36484,0.5174701
36485,0.054829385
36486,0.06374058
36487,0.061577804
36488,0.075383924
36489,0.05475158
36490,0.21945924
36491,0.06602222
36492,0.034323007
36493,0.06282529
36494,0.06614861
36495,0.06540337
36496,0.04264938
36497,0.46722257
36498,0.38908088
36499,0.07624316
36500,0.05816008
36501,0.06638968
36502,0.055584073
36503,0.084747076
36504,0.027594429
36505,0.03870361
36506,0.039886855
36507,0.02638824
36508,0.03831322
36509,0.040075652
36510,0.37460366
36511,0.6274912
36512,0.08261419
36513,0.07549334
36514,0.06590792
36515,0.07984508
36516,0.07647772
36517,0.45548466
36518,0.04944129
36519,0.033943053
36520,0.030864388
36521,0.074251585
36522,0.07509963
36523,0.3902365
36524,0.25235555
36525,0.24658245
36526,0.07670291
36527,0.7054483
36528,0.22719876
36529,0.016834894
36530,0.07068153
36531,0.08020829
36532,0.018959217
36533,0.04777055
36534,0.45804584
36535,0.050027262
36536,0.0346187
36537,0.033450283
36538,0.04197302
36539,0.07277149
36540,0.4023453
36541,0.25166687
36542,0.4523836
36543,0.3879128
36544,0.07453621
36545,0.07427753
36546,0.24488144
36547,0.025740702
36548,0.075911015
36549,0.057461422
36550,0.044345327
36551,0.43030936
36552,0.24606869
36553,0.046714623
36554,0.47665578
36555,0.38681245
36556,0.006020877
36557,0.06064439
36558,0.06602976
36559,0.06070862
36560,0.04518025
36561,0.010128451
36562,0.026830861
36563,0.047600366
36564,0.062170804
36565,0.060358804
36566,0.0705258
36567,0.3857713
36568,0.70321804
36569,0.38121337
36570,0.25104558
36571,0.54721177
36572,0.063308544
36573,0.021912131
36574,0.055584922
36575,0.05730259
36576,0.2209419
36577,0.078959964
36578,0.05095432
36579,0.026076967
36580,0.051042657
36581,0.07399393
36582,0.017083948
36583,0.042242948
36584,0.065862276
36585,0.013868439
36586,0.03444786
36587,0.011536684
36588,0.030679183
36589,0.054680344
36590,0.048419513
36591,0.058523092
36592,0.39566764
36593,0.2347518
36594,0.37876984
36595,0.5965508
36596,0.5807028
36597,0.2493266
36598,0.06673871
36599,0.042945534
36600,0.018289704
36601,0.044529684
36602,0.065253854
36603,0.013837266
36604,0.031546865
36605,0.6363352
36606,0.044134036
36607,0.016198376
36608,0.04985403
36609,0.0451152
36610,0.21552755
36611,0.035225965
36612,0.04321913
36613,0.016083393
36614,0.042999994
36615,0.012606831
36616,0.013558096
36617,0.025968542
36618,0.06145398
36619,0.06536996
36620,0.4465445
36621,0.3824855
36622,0.21712053
36623,0.5804453
36624,0.24659051
36625,0.24083154
36626,0.0756432
36627,0.036707222
36628,0.031592015
36629,0.0334626
36630,0.04410842
36631,0.041704305
36632,0.034171484
36633,0.050810076
36634,0.4306059
36635,0.06317973
36636,0.1437233
36637,0.028370658
36638,0.06316733
36639,0.06946583
36640,0.07341876
36641,0.23560059
36642,0.042836625
36643,0.027126446
36644,0.008538593
36645,0.03873763
36646,0.07743084
36647,0.5521959
36648,0.3867593
36649,0.50700366
36650,0.381017
36651,0.39584467
36652,0.07619253
36653,0.062041294
36654,0.04196894
36655,0.020714877
36656,0.035099145
36657,0.028097585
36658,0.07087927
36659,0.07154066
36660,0.061911926
36661,0.24532364
36662,0.025740702
36663,0.055881422
36664,0.40951386
36665,0.039141394
36666,0.010922194
36667,0.010154384
36668,0.06707886
36669,0.22279157
36670,0.02721156
36671,0.21335566
36672,0.07475025
36673,0.055654183
36674,0.06430774
36675,0.028169129
36676,0.06257945
36677,0.05889845
36678,0.03448253
36679,0.07000894
36680,0.06598991
36681,0.03837417
36682,0.06628992
36683,0.011637037
36684,0.019529257
36685,0.21367751
36686,0.030535575
36687,0.070441626
36688,0.031868998
36689,0.040704608
36690,0.038382296
36691,0.07811299
36692,0.24606548
36693,0.46488422
36694,0.06644985
36695,0.010090673
36696,0.011725024
36697,0.01782092
36698,0.01750788
36699,0.026643435
36700,0.046274573
36701,0.05170166
36702,0.22241479
36703,0.012950284
36704,0.029586233
36705,0.013078881
36706,0.02898102
36707,0.01857357
36708,0.011520993
36709,0.02379058
36710,0.055733647
36711,0.06115337
36712,0.3668217
36713,0.012923737
36714,0.016146604
36715,0.030801717
36716,0.0546121
36717,0.06385176
36718,0.43407407
36719,0.0674969
36720,0.01207073
36721,0.009731687
36722,0.22460233
36723,0.033605937
36724,0.056071587
36725,0.070974104
36726,0.016439393
36727,0.3979798
36728,0.013127986
36729,0.01636411
36730,0.02399787
36731,0.07277149
36732,0.05091645
36733,0.035788074
36734,0.0166466
36735,0.025779534
36736,0.04962688
36737,0.08683533
36738,0.02858276
36739,0.017365873
36740,0.026551012
36741,0.039700937
36742,0.04882756
36743,0.2423126
36744,0.05020562
36745,0.24046846
36746,0.062849276
36747,0.013382125
36748,0.043146428
36749,0.044351596
36750,0.048197646
36751,0.24815191
36752,0.23674048
36753,0.016744807
36754,0.06064439
36755,0.04398126
36756,0.42239207
36757,0.5411106
36758,0.06320105
36759,0.062868655
36760,0.011927861
36761,0.060466003
36762,0.043737974
36763,0.03975052
36764,0.06243921
36765,0.061549604
36766,0.064964905
36767,0.62362266
36768,0.01867322
36769,0.058531523
36770,0.060456794
36771,0.05768749
36772,0.016579123
36773,0.076176666
36774,0.43356302
36775,0.055014376
36776,0.2261036
36777,0.023981761
36778,0.056628354
36779,0.01978048
36780,0.058369994
36781,0.026643684
36782,0.023388574
36783,0.04679046
36784,0.04814072
36785,0.025686635
36786,0.017652048
36787,0.04804752
36788,0.016549833
36789,0.07658762
36790,0.03957427
36791,0.0145012485
36792,0.030943153
36793,0.06025682
36794,0.063345544
36795,0.018859465
36796,0.022995241
36797,0.04822313
36798,0.6644565
36799,0.05116277
36800,0.06489653
36801,0.04388901
36802,0.034442928
36803,0.042352382
36804,0.043522622
36805,0.016153095
36806,0.46651953
36807,0.0256163
36808,0.0057765604
36809,0.005418452
36810,0.007771421
36811,0.04357822
36812,0.21322301
36813,0.065723516
36814,0.03665281
36815,0.04360027
36816,0.24718162
36817,0.02609091
36818,0.01760108
36819,0.01799818
36820,0.040668022
36821,0.029547377
36822,0.22933304
36823,0.049474694
36824,0.013084786
36825,0.014136198
36826,0.05077209
36827,0.074970186
36828,0.06285058
36829,0.056544583
36830,0.0509979
36831,0.025739742
36832,0.046162035
36833,0.051347125
36834,0.07564472
36835,0.2166278
36836,0.007346308
36837,0.029934082
36838,0.0134033635
36839,0.01170655
36840,0.018014839
36841,0.014602415
36842,0.013503214
36843,0.021707946
36844,0.047532544
36845,0.04456432
36846,0.065851934
36847,0.017744387
36848,0.2197593
36849,0.009120087
36850,0.24684379
36851,0.02426801
36852,0.016603779
36853,0.017149337
36854,0.007930855
36855,0.013562998
36856,0.03020821
36857,0.013039229
36858,0.007999361
36859,0.04985838
36860,0.02786528
36861,0.041085523
36862,0.012390921
36863,0.04242571
36864,0.013519741
36865,0.06446056
36866,0.025665604
36867,0.043562517
36868,0.010596253
36869,0.030789034
36870,0.008744858
36871,0.014738034
36872,0.06111974
36873,0.24494445
36874,0.04942473
36875,0.05040899
36876,0.051999167
36877,0.06028311
36878,0.019941384
36879,0.058967367
36880,0.013142338
36881,0.06566365
36882,0.070682
36883,0.016438708
36884,0.024374511
36885,0.030152667
36886,0.011626745
36887,0.014747924
36888,0.0072830385
36889,0.009510206
36890,0.030967023
36891,0.0106874
36892,0.058652654
36893,0.04725227
36894,0.011250325
36895,0.075503655
36896,0.022901393
36897,0.015355022
36898,0.0054636267
36899,0.010052745
36900,0.045060676
36901,0.017824018
36902,0.024503333
36903,0.030869562
36904,0.029308928
36905,0.07620661
36906,0.39026722
36907,0.01795441
36908,0.21232422
36909,0.018657375
36910,0.04192337
36911,0.033347547
36912,0.04710171
36913,0.04185423
36914,0.049943585
36915,0.042266764
36916,0.037060123
36917,0.040404018
36918,0.061634813
36919,0.04201681
36920,0.03485645
36921,0.3832494
36922,0.041392464
36923,0.05791735
36924,0.04107634
36925,0.23756677
36926,0.22912018
36927,0.025096215
36928,0.0423182
36929,0.020051112
36930,0.40055847
36931,0.05753571
36932,0.36862752
36933,0.059496447
36934,0.071028516
36935,0.052766435
36936,0.060817763
36937,0.009465171
36938,0.012503577
36939,0.40786812
36940,0.028981656
36941,0.49723464
36942,0.23127733
36943,0.040905636
36944,0.2327919
36945,0.053304054
36946,0.011644755
36947,0.026313633
36948,0.015300686
36949,0.06637285
36950,0.23396957
36951,0.48104903
36952,0.48036313
36953,0.041668326
36954,0.07150101
36955,0.07086673
36956,0.04797378
36957,0.04189936
36958,0.053919215
36959,0.059002284
36960,0.03325768
36961,0.3938524
36962,0.07068922
36963,0.23621944
36964,0.49286917
36965,0.07112995
36966,0.48530072
36967,0.049217843
36968,0.06707817
36969,0.046252776
36970,0.043531083
36971,0.033245716
36972,0.056194257
36973,0.02434498
36974,0.05930911
36975,0.06510064
36976,0.058149166
36977,0.031043984
36978,0.036891527
36979,0.05753217
36980,0.24275388
36981,0.041776665
36982,0.029193874
36983,0.04775919
36984,0.05737996
36985,0.037279848
36986,0.025092578
36987,0.04880582
36988,0.074321546
36989,0.04961256
36990,0.24516335
36991,0.04742879
36992,0.037619304
36993,0.022691231
36994,0.009540803
36995,0.49586886
36996,0.21628101
36997,0.015066839
36998,0.057437066
36999,0.49890426
37000,0.4945892
37001,0.00663314
37002,0.057008028
37003,0.045431275
37004,0.016501496
37005,0.019882133
37006,0.03390482
37007,0.055953305
37008,0.056134295
37009,0.059267268
37010,0.24341208
37011,0.420688
37012,0.17910436
37013,0.041997347
37014,0.029457517
37015,0.032936208
37016,0.23531134
37017,0.0410943
37018,0.005491976
37019,0.053850673
37020,0.23175412
37021,0.45356292
37022,0.05666282
37023,0.02428965
37024,0.018885193
37025,0.039337177
37026,0.04871916
37027,0.026322864
37028,0.010852203
37029,0.06492697
37030,0.0752851
37031,0.05944231
37032,0.060526565
37033,0.049078345
37034,0.009476401
37035,0.033091303
37036,0.029004632
37037,0.028006045
37038,0.033429727
37039,0.21239781
37040,0.045181766
37041,0.057124197
37042,0.012845454
37043,0.03367618
37044,0.025522886
37045,0.014774241
37046,0.021876166
37047,0.038522195
37048,0.022569777
37049,0.053960126
37050,0.38264632
37051,0.3870006
37052,0.04090386
37053,0.037034564
37054,0.035886277
37055,0.060277633
37056,0.05391459
37057,0.013505825
37058,0.04729209
37059,0.014146685
37060,0.01184058
37061,0.028795032
37062,0.014769399
37063,0.06833074
37064,0.024846142
37065,0.02250471
37066,0.029714255
37067,0.048020944
37068,0.049370553
37069,0.07095725
37070,0.21425115
37071,0.2190972
37072,0.0490802
37073,0.0371529
37074,0.017250232
37075,0.045637835
37076,0.041731562
37077,0.22118977
37078,0.041796453
37079,0.51633006
37080,0.06276562
37081,0.061029218
37082,0.045143854
37083,0.043042894
37084,0.016696924
37085,0.008584523
37086,0.04984405
37087,0.008238601
37088,0.016110232
37089,0.017154139
37090,0.057461288
37091,0.040263057
37092,0.055841167
37093,0.047595184
37094,0.059321288
37095,0.22192235
37096,0.37323934
37097,0.049042434
37098,0.019979559
37099,0.056890883
37100,0.036428217
37101,0.058326583
37102,0.046438806
37103,0.065874286
37104,0.03908558
37105,0.06120371
37106,0.036890827
37107,0.033210408
37108,0.017275022
37109,0.06757915
37110,0.052592397
37111,0.028889934
37112,0.02099914
37113,0.03279099
37114,0.047083855
37115,0.05367153
37116,0.0646148
37117,0.056973338
37118,0.23686
37119,0.22028552
37120,0.06917455
37121,0.011335585
37122,0.057519775
37123,0.010850007
37124,0.04402492
37125,0.038885597
37126,0.057903882
37127,0.029807687
37128,0.04185359
37129,0.034790084
37130,0.04424214
37131,0.05797338
37132,0.029799378
37133,0.04592491
37134,0.008020981
37135,0.053623915
37136,0.012634466
37137,0.03367765
37138,0.061389886
37139,0.04653476
37140,0.06809027
37141,0.5679822
37142,0.05651081
37143,0.06280775
37144,0.047806215
37145,0.055270955
37146,0.053177718
37147,0.057898752
37148,0.045203716
37149,0.009027946
37150,0.0090371175
37151,0.01860779
37152,0.09654069
37153,0.053126734
37154,0.056000534
37155,0.047507796
37156,0.056429185
37157,0.025072057
37158,0.017204398
37159,0.018425805
37160,0.033295486
37161,0.36858752
37162,0.050036278
37163,0.04028531
37164,0.059859756
37165,0.520569
37166,0.057885975
37167,0.06119423
37168,0.04552878
37169,0.23684302
37170,0.36424187
37171,0.049852185
37172,0.01753813
37173,0.0411942
37174,0.042182777
37175,0.059524152
37176,0.074493185
37177,0.037541043
37178,0.24114549
37179,0.05786339
37180,0.05352714
37181,0.013099422
37182,0.018688822
37183,0.043487
37184,0.04955286
37185,0.013281694
37186,0.066281825
37187,0.070492364
37188,0.22528052
37189,0.055985592
37190,0.02884459
37191,0.05905214
37192,0.0753506
37193,0.070615254
37194,0.046069916
37195,0.04186838
37196,0.01917116
37197,0.049755547
37198,0.6067452
37199,0.035439238
37200,0.07194363
37201,0.47272933
37202,0.075251244
37203,0.016620662
37204,0.01123262
37205,0.008533324
37206,0.036892414
37207,0.04452646
37208,0.2324134
37209,0.39217323
37210,0.054440126
37211,0.056922104
37212,0.07399304
37213,0.06996322
37214,0.06742102
37215,0.07432532
37216,0.4036742
37217,0.055063624
37218,0.017037526
37219,0.04177854
37220,0.05794341
37221,0.045072787
37222,0.24893352
37223,0.61931264
37224,0.03937998
37225,0.40281945
37226,0.012868308
37227,0.041058358
37228,0.07780536
37229,0.011325621
37230,0.04193836
37231,0.054228205
37232,0.014992569
37233,0.0386813
37234,0.39669478
37235,0.036582254
37236,0.053818572
37237,0.23642488
37238,0.07049674
37239,0.07840979
37240,0.25057283
37241,0.24496959
37242,0.025377994
37243,0.23592563
37244,0.060042758
37245,0.06552768
37246,0.61297345
37247,0.43053794
37248,0.2447496
37249,0.022190532
37250,0.0699913
37251,0.04818136
37252,0.024758482
37253,0.018368877
37254,0.045650896
37255,0.0077701462
37256,0.009728534
37257,0.029248128
37258,0.04577446
37259,0.05697748
37260,0.05746034
37261,0.059776593
37262,0.057317104
37263,0.068882056
37264,0.06087147
37265,0.025521548
37266,0.06099465
37267,0.23877393
37268,0.04629064
37269,0.6694081
37270,0.62720984
37271,0.5059889
37272,0.005494756
37273,0.024794951
37274,0.015607389
37275,0.056756716
37276,0.43100157
37277,0.056781277
37278,0.048535258
37279,0.007697267
37280,0.00839718
37281,0.04821727
37282,0.04903215
37283,0.042340156
37284,0.011141855
37285,0.37791014
37286,0.015514311
37287,0.025869349
37288,0.22007264
37289,0.06047873
37290,0.042287327
37291,0.04184053
37292,0.22258724
37293,0.057505988
37294,0.06644567
37295,0.058992606
37296,0.06020118
37297,0.6604898
37298,0.54456615
37299,0.50044405
37300,0.012503846
37301,0.048783347
37302,0.025596362
37303,0.0077817473
37304,0.38271737
37305,0.058528677
37306,0.23884314
37307,0.036202133
37308,0.057679333
37309,0.01693043
37310,0.056847427
37311,0.060096778
37312,0.0700731
37313,0.068506025
37314,0.5017224
37315,0.4880463
37316,0.069412336
37317,0.06663565
37318,0.05667695
37319,0.047475632
37320,0.06088858
37321,0.039023597
37322,0.029987691
37323,0.07136134
37324,0.071128145
37325,0.050085813
37326,0.06078009
37327,0.022169404
37328,0.6599288
37329,0.6255196
37330,0.6335123
37331,0.04167007
37332,0.38657248
37333,0.40821573
37334,0.024535792
37335,0.008574469
37336,0.01565761
37337,0.0149824275
37338,0.030278655
37339,0.057314605
37340,0.042116232
37341,0.39405182
37342,0.6062196
37343,0.052932113
37344,0.058655918
37345,0.056556992
37346,0.07122166
37347,0.052767955
37348,0.068472825
37349,0.06026507
37350,0.033323046
37351,0.057030994
37352,0.06071622
37353,0.060419083
37354,0.04072161
37355,0.46370068
37356,0.41866595
37357,0.07519197
37358,0.025148338
37359,0.061366964
37360,0.0538196
37361,0.0739265
37362,0.027418107
37363,0.037623193
37364,0.03822664
37365,0.015243947
37366,0.017101817
37367,0.03670832
37368,0.038259633
37369,0.23734334
37370,0.6328913
37371,0.078890584
37372,0.06961696
37373,0.06251242
37374,0.07251615
37375,0.07103219
37376,0.4694426
37377,0.04673974
37378,0.029676713
37379,0.07210618
37380,0.06955069
37381,0.22602433
37382,0.4586227
37383,0.24425302
37384,0.074543126
37385,0.6204948
37386,0.22435778
37387,0.06574316
37388,0.07685596
37389,0.017862488
37390,0.04581273
37391,0.4366489
37392,0.04805949
37393,0.033647697
37394,0.033010334
37395,0.040810183
37396,0.06929566
37397,0.41114637
37398,0.24727128
37399,0.25163046
37400,0.24278188
37401,0.07163012
37402,0.07076828
37403,0.24200687
37404,0.016446711
37405,0.025132343
37406,0.07021301
37407,0.05464318
37408,0.042670995
37409,0.47391042
37410,0.13063706
37411,0.046259325
37412,0.46646038
37413,0.24333352
37414,0.005510075
37415,0.057850476
37416,0.06175719
37417,0.058056083
37418,0.008216329
37419,0.04569992
37420,0.05753479
37421,0.05874745
37422,0.0654714
37423,0.38945723
37424,0.60981965
37425,0.40223524
37426,0.24421774
37427,0.5456976
37428,0.057097133
37429,0.018045912
37430,0.05386585
37431,0.05472421
37432,0.06860773
37433,0.234534
37434,0.048024148
37435,0.024787655
37436,0.049072374
37437,0.07144797
37438,0.04122449
37439,0.059992842
37440,0.018644033
37441,0.03300896
37442,0.017502233
37443,0.011329862
37444,0.029515285
37445,0.052755967
37446,0.045278285
37447,0.056147356
37448,0.39368063
37449,0.07241004
37450,0.37801826
37451,0.53815657
37452,0.5111671
37453,0.251879
37454,0.060604826
37455,0.041204803
37456,0.04200084
37457,0.060256384
37458,0.013317324
37459,0.029036392
37460,0.6269438
37461,0.04177798
37462,0.047105744
37463,0.04210323
37464,0.21475405
37465,0.034306444
37466,0.041896716
37467,0.04131979
37468,0.012618455
37469,0.012754052
37470,0.025347248
37471,0.05795286
37472,0.059575334
37473,0.44984576
37474,0.3891447
37475,0.21899885
37476,0.563959
37477,0.40571234
37478,0.24427955
37479,0.07267367
37480,0.034740776
37481,0.029066896
37482,0.03295618
37483,0.041419208
37484,0.039512366
37485,0.03248606
37486,0.049714632
37487,0.49066153
37488,0.20917428
37489,0.24790187
37490,0.02694543
37491,0.060028408
37492,0.0648863
37493,0.072802745
37494,0.23326378
37495,0.040968753
37496,0.025962526
37497,0.037623193
37498,0.07032736
37499,0.56275266
37500,0.40724844
37501,0.46133482
37502,0.403132
37503,0.24375026
37504,0.07352425
37505,0.05716523
37506,0.039337177
37507,0.011875367
37508,0.020411575
37509,0.011103965
37510,0.027820013
37511,0.066088274
37512,0.06833944
37513,0.05729849
37514,0.07595007
37515,0.024416318
37516,0.053600546
37517,0.37433913
37518,0.036427833
37519,0.009583686
37520,0.060975585
37521,0.22324574
37522,0.026949523
37523,0.061496872
37524,0.07178588
37525,0.05273487
37526,0.059058573
37527,0.056935895
37528,0.056800697
37529,0.032756474
37530,0.21846904
37531,0.06148243
37532,0.036118805
37533,0.009096378
37534,0.062060487
37535,0.05799367
37536,0.029341305
37537,0.06593047
37538,0.030403633
37539,0.04359887
37540,0.03665042
37541,0.0693236
37542,0.41821253
37543,0.5062644
37544,0.062330697
37545,0.010038155
37546,0.011923861
37547,0.01684926
37548,0.025491841
37549,0.044461917
37550,0.013141721
37551,0.05002922
37552,0.0705704
37553,0.012330871
37554,0.028071906
37555,0.013123817
37556,0.010632859
37557,0.022128988
37558,0.053495407
37559,0.05753479
37560,0.38489762
37561,0.013223123
37562,0.01570237
37563,0.029619154
37564,0.052425534
37565,0.056582827
37566,0.42874625
37567,0.061255947
37568,0.011437244
37569,0.0094689615
37570,0.22530393
37571,0.0137723815
37572,0.05381006
37573,0.22029515
37574,0.04353976
37575,0.011128856
37576,0.009219341
37577,0.24847083
37578,0.015714405
37579,0.023035036
37580,0.07041718
37581,0.048540838
37582,0.034686487
37583,0.025139833
37584,0.046957538
37585,0.073296234
37586,0.028347576
37587,0.016926518
37588,0.026164494
37589,0.03727781
37590,0.04712371
37591,0.23869541
37592,0.048427146
37593,0.24004674
37594,0.056283858
37595,0.026420608
37596,0.013138739
37597,0.04147297
37598,0.04153188
37599,0.025426878
37600,0.42553914
37601,0.2366069
37602,0.016286086
37603,0.05810593
37604,0.041705675
37605,0.0097985
37606,0.46657673
37607,0.55023664
37608,0.060965482
37609,0.05735115
37610,0.057552278
37611,0.04203221
37612,0.0385444
37613,0.057677597
37614,0.057487912
37615,0.059091907
37616,0.5893244
37617,0.055912856
37618,0.014180295
37619,0.056908976
37620,0.056030996
37621,0.032966092
37622,0.0706415
37623,0.4701769
37624,0.053585615
37625,0.22430882
37626,0.022980426
37627,0.015633734
37628,0.05449775
37629,0.018792016
37630,0.05558389
37631,0.02571028
37632,0.022680663
37633,0.0444843
37634,0.046129785
37635,0.024554979
37636,0.045395657
37637,0.07049227
37638,0.032067083
37639,0.037619304
37640,0.029755175
37641,0.05770375
37642,0.060802646
37643,0.01875922
37644,0.02245598
37645,0.045753825
37646,0.60729736
37647,0.050396744
37648,0.06031595
37649,0.04171598
37650,0.033326503
37651,0.041078016
37652,0.04137675
37653,0.011384302
37654,0.24742182
37655,0.024890112
37656,0.004982968
37657,0.0074444567
37658,0.04155128
37659,0.35556072
37660,0.00900538
37661,0.062626615
37662,0.02351619
37663,0.005382794
37664,0.042679258
37665,0.24448328
37666,0.025271844
37667,0.017157521
37668,0.02402641
37669,0.039403774
37670,0.028856326
37671,0.070074186
37672,0.048508544
37673,0.013165764
37674,0.049492188
37675,0.22421189
37676,0.056651324
37677,0.054621935
37678,0.04879146
37679,0.02525451
37680,0.044200964
37681,0.050584473
37682,0.23941055
37683,0.069513515
37684,0.0068835467
37685,0.029439893
37686,0.01354172
37687,0.010733717
37688,0.016899109
37689,0.013657612
37690,0.020985154
37691,0.044755735
37692,0.041854165
37693,0.06245556
37694,0.06882605
37695,0.0083110565
37696,0.39787084
37697,0.008974486
37698,0.01746117
37699,0.022980426
37700,0.011266365
37701,0.015712207
37702,0.01710228
37703,0.0076922975
37704,0.012367609
37705,0.028252108
37706,0.0114396745
37707,0.012676142
37708,0.007414778
37709,0.047523994
37710,0.025069425
37711,0.03881231
37712,0.04101884
37713,0.008584644
37714,0.006986117
37715,0.060850646
37716,0.024776347
37717,0.041551426
37718,0.02966076
37719,0.010333698
37720,0.01444038
37721,0.05664956
37722,0.24450809
37723,0.04746432
37724,0.04895576
37725,0.049269408
37726,0.0576887
37727,0.019237153
37728,0.05613147
37729,0.012846239
37730,0.059091907
37731,0.0689974
37732,0.01578037
37733,0.013670568
37734,0.029439999
37735,0.024808783
37736,0.024738025
37737,0.011099895
37738,0.029329985
37739,0.056864306
37740,0.046685357
37741,0.0067505664
37742,0.23494647
37743,0.016048918
37744,0.022242693
37745,0.017292166
37746,0.027825309
37747,0.04123822
37748,0.023717167
37749,0.02980717
37750,0.008816808
37751,0.009526139
37752,0.071208976
37753,0.22615588
37754,0.016924081
37755,0.057394996
37756,0.017582307
37757,0.035309825
37758,0.047789186
37759,0.04207297
37760,0.050292928
37761,0.030298216
37762,0.034460228
37763,0.04277941
37764,0.036865264
37765,0.04074726
37766,0.061527476
37767,0.042400453
37768,0.034860548
37769,0.029028248
37770,0.41795823
37771,0.041742958
37772,0.0585975
37773,0.071203366
37774,0.07196807
37775,0.025033843
37776,0.042238925
37777,0.25002104
37778,0.05781416
37779,0.42974398
37780,0.060696132
37781,0.071953885
37782,0.052451458
37783,0.060957123
37784,0.072572045
37785,0.029836632
37786,0.62834346
37787,0.06882107
37788,0.04251574
37789,0.23459233
37790,0.05329235
37791,0.011784256
37792,0.026565798
37793,0.041922852
37794,0.06517922
37795,0.06899364
37796,0.5176944
37797,0.16701382
37798,0.041070487
37799,0.070976704
37800,0.077192985
37801,0.01079551
37802,0.04830396
37803,0.04018006
37804,0.05350783
37805,0.016442768
37806,0.05997467
37807,0.032700956
37808,0.4389643
37809,0.07141298
37810,0.23927845
37811,0.44850907
37812,0.2278072
37813,0.02010961
37814,0.5125413
37815,0.016201489
37816,0.04910609
37817,0.07378878
37818,0.045975063
37819,0.04482321
37820,0.032930724
37821,0.055863727
37822,0.025202401
37823,0.060498618
37824,0.06475856
37825,0.06129984
37826,0.05640116
37827,0.40379018
37828,0.042242374
37829,0.029124793
37830,0.049527314
37831,0.051054318
37832,0.057524238
37833,0.037751388
37834,0.025193166
37835,0.049753472
37836,0.071227305
37837,0.049810406
37838,0.24880011
37839,0.04786136
37840,0.037640247
37841,0.022428438
37842,0.43023852
37843,0.3996344
37844,0.05847379
37845,0.44582653
37846,0.45721793
37847,0.005716522
37848,0.05733879
37849,0.045601003
37850,0.03455023
37851,0.056291945
37852,0.055139173
37853,0.060554504
37854,0.073920436
37855,0.45579797
37856,0.18564473
37857,0.041197367
37858,0.029859547
37859,0.033157364
37860,0.24156085
37861,0.017377518
37862,0.04069759
37863,0.009820744
37864,0.20903707
37865,0.041737977
37866,0.23535343
37867,0.4736573
37868,0.05660682
37869,0.019541599
37870,0.03873127
37871,0.048884954
37872,0.026037252
37873,0.06496465
37874,0.07608266
37875,0.060328845
37876,0.06019402
37877,0.049815148
37878,0.03390468
37879,0.029926952
37880,0.028377179
37881,0.03229475
37882,0.21678588
37883,0.045337755
37884,0.057637222
37885,0.01299741
37886,0.032851182
37887,0.025865538
37888,0.016389983
37889,0.014395717
37890,0.022289604
37891,0.039031934
37892,0.0226983
37893,0.051729698
37894,0.40522072
37895,0.42694303
37896,0.041222267
37897,0.03696602
37898,0.060610242
37899,0.053820685
37900,0.013531605
37901,0.048015505
37902,0.01418164
37903,0.07180787
37904,0.025642205
37905,0.022789119
37906,0.029386565
37907,0.04972105
37908,0.049336936
37909,0.0703253
37910,0.061373275
37911,0.222179
37912,0.049025886
37913,0.03693078
37914,0.017386278
37915,0.046306927
37916,0.041922726
37917,0.010534544
37918,0.22528264
37919,0.04191449
37920,0.4815066
37921,0.062044468
37922,0.018395117
37923,0.06192395
37924,0.044325907
37925,0.04367825
37926,0.022424312
37927,0.00904864
37928,0.011587148
37929,0.05050497
37930,0.025508784
37931,0.016258033
37932,0.016714172
37933,0.056538858
37934,0.041167904
37935,0.055387184
37936,0.047089994
37937,0.05977784
37938,0.070295185
37939,0.41254228
37940,0.04931863
37941,0.020280601
37942,0.05582823
37943,0.015218411
37944,0.036957297
37945,0.0072988425
37946,0.057658866
37947,0.046350494
37948,0.06560667
37949,0.039750874
37950,0.060028568
37951,0.03638729
37952,0.047737844
37953,0.033151437
37954,0.068765156
37955,0.009874108
37956,0.05337242
37957,0.028996766
37958,0.020349221
37959,0.033009857
37960,0.047563188
37961,0.053992286
37962,0.06435503
37963,0.05754638
37964,0.241488
37965,0.22227287
37966,0.07071837
37967,0.010979142
37968,0.05742066
37969,0.011536631
37970,0.04542578
37971,0.038551092
37972,0.057822224
37973,0.029522315
37974,0.019151235
37975,0.042762518
37976,0.034844495
37977,0.045220748
37978,0.058289085
37979,0.030152261
37980,0.046019226
37981,0.004759592
37982,0.05385134
37983,0.01269489
37984,0.033562977
37985,0.21757254
37986,0.04792338
37987,0.06912695
37988,0.62234735
37989,0.057862528
37990,0.060981683
37991,0.047545064
37992,0.053577848
37993,0.052841596
37994,0.058398616
37995,0.046073806
37996,0.009439908
37997,0.016858758
37998,0.2507872
37999,0.05270938
38000,0.0558601
38001,0.047464613
38002,0.05616582
38003,0.016889207
38004,0.02522161
38005,0.017106667
38006,0.018481143
38007,0.03394089
38008,0.4101907
38009,0.05037816
38010,0.04089145
38011,0.060934853
38012,0.6184899
38013,0.05893402
38014,0.01299741
38015,0.061247148
38016,0.046088032
38017,0.2406964
38018,0.39963406
38019,0.050395835
38020,0.018265992
38021,0.041731417
38022,0.04212781
38023,0.05988519
38024,0.0754933
38025,0.0376096
38026,0.07699526
38027,0.057828933
38028,0.05324475
38029,0.013588838
38030,0.01829843
38031,0.043296438
38032,0.050217997
38033,0.013900575
38034,0.06510246
38035,0.071073905
38036,0.22932045
38037,0.05735682
38038,0.02936298
38039,0.059135508
38040,0.07659451
38041,0.2405184
38042,0.04562877
38043,0.04249311
38044,0.01941602
38045,0.050251517
38046,0.56049347
38047,0.033562288
38048,0.07039839
38049,0.446818
38050,0.072294615
38051,0.01679139
38052,0.01226552
38053,0.008179031
38054,0.036292158
38055,0.044852253
38056,0.23741288
38057,0.40092063
38058,0.054679222
38059,0.05675491
38060,0.075404055
38061,0.07021322
38062,0.06732365
38063,0.0754791
38064,0.42453396
38065,0.056262206
38066,0.04151887
38067,0.05730817
38068,0.04533169
38069,0.07820308
38070,0.67846787
38071,0.039600715
38072,0.38227016
38073,0.04146585
38074,0.07499754
38075,0.011726354
38076,0.042750973
38077,0.05380539
38078,0.014740345
38079,0.03937702
38080,0.44464523
38081,0.036883675
38082,0.05486478
38083,0.23956877
38084,0.07190819
38085,0.07397972
38086,0.24694578
38087,0.2468047
38088,0.025575114
38089,0.0811976
38090,0.06056087
38091,0.06567268
38092,0.6045079
38093,0.47293484
38094,0.24769601
38095,0.022544013
38096,0.07113198
38097,0.048549797
38098,0.020119693
38099,0.04593799
38100,0.0081638
38101,0.010453225
38102,0.030150622
38103,0.04649413
38104,0.056912675
38105,0.05689653
38106,0.060424235
38107,0.058098182
38108,0.068594046
38109,0.061808046
38110,0.026240489
38111,0.06231361
38112,0.07386581
38113,0.017050946
38114,0.04649413
38115,0.6557806
38116,0.5093895
38117,0.5440741
38118,0.0058001014
38119,0.023538927
38120,0.016339531
38121,0.057413664
38122,0.4553661
38123,0.057510722
38124,0.04825362
38125,0.00764202
38126,0.008904301
38127,0.046163373
38128,0.050535817
38129,0.04154837
38130,0.011376612
38131,0.38894075
38132,0.016374405
38133,0.025898887
38134,0.059934866
38135,0.059786938
38136,0.041384112
38137,0.041816972
38138,0.22773167
38139,0.057557486
38140,0.066039555
38141,0.05968386
38142,0.059404578
38143,0.631203
38144,0.56844145
38145,0.61959577
38146,0.048849944
38147,0.025534425
38148,0.43079087
38149,0.058466528
38150,0.24087861
38151,0.03657137
38152,0.057322495
38153,0.017123066
38154,0.057864755
38155,0.060450304
38156,0.07152247
38157,0.0702771
38158,0.46848455
38159,0.46977398
38160,0.0701185
38161,0.06763606
38162,0.055809796
38163,0.04705846
38164,0.061615843
38165,0.039169446
38166,0.030050738
38167,0.021147536
38168,0.070274465
38169,0.07033436
38170,0.049842015
38171,0.060039952
38172,0.022734955
38173,0.69077617
38174,0.56811386
38175,0.565919
38176,0.04216123
38177,0.22743173
38178,0.44457713
38179,0.026084349
38180,0.00841671
38181,0.030909117
38182,0.057458404
38183,0.041519854
38184,0.13588308
38185,0.5666029
38186,0.052555155
38187,0.059670143
38188,0.05727679
38189,0.071278945
38190,0.05282544
38191,0.06776407
38192,0.06020887
38193,0.034724228
38194,0.057125896
38195,0.059204992
38196,0.060740024
38197,0.04161658
38198,0.020196399
38199,0.52458364
38200,0.24764071
38201,0.0715592
38202,0.05553364
38203,0.024472712
38204,0.060844243
38205,0.053650644
38206,0.07560738
38207,0.027916411
38208,0.038411953
38209,0.039007187
38210,0.015553649
38211,0.01727443
38212,0.03697039
38213,0.039167583
38214,0.24362352
38215,0.6052511
38216,0.07474322
38217,0.24156842
38218,0.06063443
38219,0.07366091
38220,0.07190552
38221,0.4870894
38222,0.047871012
38223,0.029893896
38224,0.071515664
38225,0.06883798
38226,0.39536235
38227,0.49385676
38228,0.24637948
38229,0.07489065
38230,0.7276155
38231,0.2270796
38232,0.065591544
38233,0.23808733
38234,0.018633967
38235,0.046063688
38236,0.4040587
38237,0.048282012
38238,0.03316589
38239,0.032822743
38240,0.040009264
38241,0.069465466
38242,0.41856134
38243,0.24760504
38244,0.52518696
38245,0.25071555
38246,0.07144994
38247,0.070099354
38248,0.24939676
38249,0.012169815
38250,0.07501208
38251,0.054668315
38252,0.041695498
38253,0.4801902
38254,0.24812071
38255,0.045064755
38256,0.52370214
38257,0.25043273
38258,0.057567656
38259,0.061566405
38260,0.05771363
38261,0.04245326
38262,0.025178758
38263,0.044971023
38264,0.058598507
38265,0.05807731
38266,0.066242956
38267,0.41621518
38268,0.68225896
38269,0.40730095
38270,0.24916594
38271,0.5566919
38272,0.057461012
38273,0.01674827
38274,0.054301534
38275,0.054755073
38276,0.06808801
38277,0.23867509
38278,0.049487554
38279,0.025642205
38280,0.05170626
38281,0.069952935
38282,0.016201878
38283,0.03994241
38284,0.06091006
38285,0.018954253
38286,0.01494251
38287,0.03204623
38288,0.011416748
38289,0.029975032
38290,0.051727835
38291,0.046010155
38292,0.056559395
38293,0.23847409
38294,0.23945788
38295,0.40051326
38296,0.57753694
38297,0.60137725
38298,0.25067136
38299,0.06214819
38300,0.040261116
38301,0.017770706
38302,0.042583145
38303,0.062202964
38304,0.029692387
38305,0.6215262
38306,0.041963704
38307,0.015475094
38308,0.04719093
38309,0.04224946
38310,0.36443007
38311,0.033727404
38312,0.042325873
38313,0.021196742
38314,0.040528845
38315,0.012722417
38316,0.02560679
38317,0.05734425
38318,0.060439494
38319,0.4698599
38320,0.37778023
38321,0.22151387
38322,0.70034814
38323,0.39527717
38324,0.25041848
38325,0.071991056
38326,0.034791976
38327,0.029939994
38328,0.033165157
38329,0.04206467
38330,0.03917804
38331,0.03233087
38332,0.04885361
38333,0.45580387
38334,0.21194255
38335,0.24862914
38336,0.027775494
38337,0.22412926
38338,0.06495048
38339,0.07010652
38340,0.07907467
38341,0.04123291
38342,0.026648553
38343,0.037488814
38344,0.0725419
38345,0.6163863
38346,0.4089703
38347,0.5375646
38348,0.4054622
38349,0.24835993
38350,0.0749175
38351,0.05791778
38352,0.012116041
38353,0.019445958
38354,0.010815317
38355,0.011616949
38356,0.066734634
38357,0.06860652
38358,0.05711879
38359,0.24612896
38360,0.025381787
38361,0.05324475
38362,0.24583651
38363,0.036063854
38364,0.011221791
38365,0.009612354
38366,0.061445136
38367,0.2255133
38368,0.026552044
38369,0.06144209
38370,0.07289663
38371,0.05321097
38372,0.059267476
38373,0.027660957
38374,0.05804049
38375,0.055653777
38376,0.033796877
38377,0.22415605
38378,0.06210184
38379,0.037719995
38380,0.008794821
38381,0.06190446
38382,0.011428406
38383,0.057738665
38384,0.036614466
38385,0.030218583
38386,0.065694526
38387,0.0304878
38388,0.038852815
38389,0.03697467
38390,0.07186991
38391,0.24674611
38392,0.4165501
38393,0.062909536
38394,0.011616949
38395,0.017100887
38396,0.025461646
38397,0.044669382
38398,0.01324992
38399,0.05004941
38400,0.070637956
38401,0.013063708
38402,0.028909087
38403,0.017347034
38404,0.02438209
38405,0.053749934
38406,0.057873815
38407,0.44745293
38408,0.012213663
38409,0.016385177
38410,0.029483149
38411,0.05247742
38412,0.05982674
38413,0.50300425
38414,0.062180474
38415,0.009676964
38416,0.2278295
38417,0.05390973
38418,0.06654281
38419,0.043626055
38420,0.011212128
38421,0.24982369
38422,0.023311216
38423,0.07089493
38424,0.049262557
38425,0.033816878
38426,0.016348762
38427,0.024330856
38428,0.047895465
38429,0.24676766
38430,0.028442886
38431,0.017206253
38432,0.026174676
38433,0.037402865
38434,0.04822284
38435,0.24471568
38436,0.04907071
38437,0.07138371
38438,0.057922397
38439,0.026235845
38440,0.041926302
38441,0.026168633
38442,0.1154383
38443,0.40162584
38444,0.016791765
38445,0.057978615
38446,0.04140054
38447,0.010154729
38448,0.44122103
38449,0.6406843
38450,0.06192954
38451,0.05755944
38452,0.012495028
38453,0.057805497
38454,0.041990463
38455,0.039480254
38456,0.057605103
38457,0.056883078
38458,0.05997817
38459,0.716738
38460,0.0561321
38461,0.014268614
38462,0.056633048
38463,0.05632475
38464,0.016257355
38465,0.03307504
38466,0.07264454
38467,0.5157165
38468,0.054004237
38469,0.22845292
38470,0.02373789
38471,0.05474821
38472,0.011544696
38473,0.018591022
38474,0.056451235
38475,0.025504997
38476,0.023065323
38477,0.04459784
38478,0.047186814
38479,0.025708346
38480,0.046481516
38481,0.012138378
38482,0.016024204
38483,0.06849246
38484,0.03506557
38485,0.037540775
38486,0.057640683
38487,0.06205099
38488,0.022580186
38489,0.045908358
38490,0.63736135
38491,0.04871268
38492,0.05897227
38493,0.04220492
38494,0.03345495
38495,0.041030716
38496,0.04170157
38497,0.011575809
38498,0.24954012
38499,0.025035555
38500,0.007990694
38501,0.014317258
38502,0.041868396
38503,0.37893704
38504,0.017301578
38505,0.062045194
38506,0.036953438
38507,0.041899744
38508,0.38655755
38509,0.026901515
38510,0.017095264
38511,0.018091118
38512,0.03941826
38513,0.028446442
38514,0.07018895
38515,0.048193593
38516,0.013777257
38517,0.04978308
38518,0.2277966
38519,0.057983007
38520,0.054717943
38521,0.04821146
38522,0.024683474
38523,0.044619776
38524,0.015760114
38525,0.050081287
38526,0.07000146
38527,0.22009538
38528,0.0070308447
38529,0.029563216
38530,0.012749727
38531,0.0111996895
38532,0.017468749
38533,0.01432739
38534,0.013533462
38535,0.021484958
38536,0.045798767
38537,0.04284373
38538,0.0614849
38539,0.06818103
38540,0.2490038
38541,0.024143938
38542,0.011604101
38543,0.016336463
38544,0.017379228
38545,0.008507486
38546,0.012810465
38547,0.04772826
38548,0.02485317
38549,0.03930519
38550,0.041417286
38551,0.013266718
38552,0.060349215
38553,0.024944708
38554,0.04179563
38555,0.010413639
38556,0.029432837
38557,0.014317258
38558,0.05856333
38559,0.24775219
38560,0.048172995
38561,0.04930048
38562,0.050373435
38563,0.057798617
38564,0.019402944
38565,0.056134917
38566,0.012939494
38567,0.060740024
38568,0.06885573
38569,0.016014025
38570,0.029231638
38571,0.03213402
38572,0.02531952
38573,0.025268497
38574,0.017573847
38575,0.029445935
38576,0.057039384
38577,0.04641935
38578,0.030515648
38579,0.068602756
38580,0.02274818
38581,0.04116554
38582,0.023812622
38583,0.02991898
38584,0.027919954
38585,0.07289663
38586,0.06981388
38587,0.017289922
38588,0.057437543
38589,0.014548257
38590,0.0178634
38591,0.043417502
38592,0.019519802
38593,0.034206364
38594,0.0506309
38595,0.032033015
38596,0.035012916
38597,0.043442644
38598,0.037340015
38599,0.041503362
38600,0.06677496
38601,0.035135858
38602,0.034514494
38603,0.4218167
38604,0.043517742
38605,0.060311
38606,0.24321021
38607,0.2314371
38608,0.025556652
38609,0.043227207
38610,0.25334415
38611,0.059950758
38612,0.4057611
38613,0.06257862
38614,0.23485726
38615,0.05283709
38616,0.014027883
38617,0.013886134
38618,0.016584614
38619,0.07536953
38620,0.69175655
38621,0.23382062
38622,0.04390386
38623,0.39626044
38624,0.055116918
38625,0.026484728
38626,0.017096508
38627,0.072633676
38628,0.078346774
38629,0.4989038
38630,0.4850687
38631,0.04331686
38632,0.060330026
38633,0.2275722
38634,0.0768552
38635,0.04826742
38636,0.04100471
38637,0.05506619
38638,0.019244926
38639,0.06387618
38640,0.43951905
38641,0.2285361
38642,0.23722434
38643,0.45101315
38644,0.07723767
38645,0.021246223
38646,0.43952394
38647,0.04924207
38648,0.06812669
38649,0.04673852
38650,0.04520221
38651,0.033966612
38652,0.056155946
38653,0.06427155
38654,0.071872875
38655,0.06384069
38656,0.031565424
38657,0.057391312
38658,0.40893704
38659,0.043034513
38660,0.0490023
38661,0.049623825
38662,0.059072144
38663,0.037584096
38664,0.050278097
38665,0.07697013
38666,0.25042453
38667,0.048421502
38668,0.04702432
38669,0.037602127
38670,0.023196762
38671,0.4620901
38672,0.07169128
38673,0.05927735
38674,0.4660306
38675,0.44870976
38676,0.05766471
38677,0.046439737
38678,0.01771402
38679,0.015484145
38680,0.03545381
38681,0.0569739
38682,0.06350796
38683,0.2480082
38684,0.46089393
38685,0.17281313
38686,0.043286063
38687,0.009034518
38688,0.03388085
38689,0.24093664
38690,0.018225498
38691,0.041553102
38692,0.054445677
38693,0.04259326
38694,0.026388912
38695,0.233784
38696,0.4485278
38697,0.061741155
38698,0.019596174
38699,0.040428393
38700,0.051303722
38701,0.009262185
38702,0.022336273
38703,0.026638428
38704,0.0704689
38705,0.086928405
38706,0.0636587
38707,0.066343725
38708,0.04890106
38709,0.030248677
38710,0.033478834
38711,0.2112378
38712,0.047102217
38713,0.06165127
38714,0.014337309
38715,0.034358792
38716,0.026176022
38717,0.017166723
38718,0.014945723
38719,0.023625564
38720,0.03936575
38721,0.023280993
38722,0.05434046
38723,0.43880007
38724,0.41000447
38725,0.042096775
38726,0.037972532
38727,0.03431401
38728,0.063799925
38729,0.05460299
38730,0.04794939
38731,0.014670347
38732,0.029080434
38733,0.07134709
38734,0.025724772
38735,0.023174185
38736,0.030416077
38737,0.048914768
38738,0.050464235
38739,0.077090524
38740,0.21449937
38741,0.2181279
38742,0.049553186
38743,0.037285868
38744,0.01778251
38745,0.046671316
38746,0.042479265
38747,0.01635304
38748,0.2311473
38749,0.04294435
38750,0.6190034
38751,0.06709559
38752,0.06645595
38753,0.04611831
38754,0.044701826
38755,0.04919924
38756,0.025978975
38757,0.023735853
38758,0.01690799
38759,0.017809132
38760,0.057896864
38761,0.04157218
38762,0.056503743
38763,0.04833482
38764,0.065027684
38765,0.077200025
38766,0.43290445
38767,0.04975469
38768,0.020746805
38769,0.057486292
38770,0.015578614
38771,0.037696466
38772,0.0600048
38773,0.04747397
38774,0.07221301
38775,0.038467657
38776,0.064519614
38777,0.04759713
38778,0.033453085
38779,0.01749684
38780,0.07653504
38781,0.010078846
38782,0.030038344
38783,0.054281402
38784,0.029558517
38785,0.021445142
38786,0.03327381
38787,0.04837943
38788,0.05460366
38789,0.07141755
38790,0.06048187
38791,0.077074625
38792,0.21764034
38793,0.22904831
38794,0.012331311
38795,0.059592433
38796,0.04599323
38797,0.039396096
38798,0.060467295
38799,0.04374978
38800,0.037750542
38801,0.04607743
38802,0.060087886
38803,0.030451862
38804,0.046809893
38805,0.053892568
38806,0.013730745
38807,0.034002677
38808,0.2145819
38809,0.04841406
38810,0.07506685
38811,0.2622967
38812,0.062152244
38813,0.06911584
38814,0.048495263
38815,0.056562353
38816,0.054672174
38817,0.05980952
38818,0.04453817
38819,0.009743312
38820,0.017846908
38821,0.2478813
38822,0.05518201
38823,0.058232404
38824,0.048809424
38825,0.057546385
38826,0.025356397
38827,0.018119087
38828,0.03371827
38829,0.11750502
38830,0.05037932
38831,0.041727174
38832,0.06496868
38833,0.5736578
38834,0.05953599
38835,0.013912643
38836,0.06802059
38837,0.047090836
38838,0.085065626
38839,0.41456625
38840,0.05128815
38841,0.018539732
38842,0.042686734
38843,0.04361121
38844,0.06324008
38845,0.081698194
38846,0.037544157
38847,0.079200625
38848,0.06023321
38849,0.055615015
38850,0.014005687
38851,0.018548708
38852,0.045020446
38853,0.049619228
38854,0.014330463
38855,0.07066194
38856,0.07688001
38857,0.23133494
38858,0.058711357
38859,0.030839559
38860,0.065220885
38861,0.077797316
38862,0.08204752
38863,0.046926077
38864,0.04371894
38865,0.020713158
38866,0.01051156
38867,0.050576124
38868,0.50806874
38869,0.035126556
38870,0.073102005
38871,0.44638762
38872,0.08059315
38873,0.017880676
38874,0.00931497
38875,0.037700716
38876,0.04595812
38877,0.37125736
38878,0.23752762
38879,0.055971745
38880,0.058218792
38881,0.079023324
38882,0.07738907
38883,0.074021995
38884,0.08493099
38885,0.39494434
38886,0.05704465
38887,0.044504073
38888,0.06121657
38889,0.04573671
38890,0.24794407
38891,0.6389211
38892,0.25210932
38893,0.0137399025
38894,0.17888795
38895,0.08063658
38896,0.015216304
38897,0.015116084
38898,0.04343034
38899,0.054583624
38900,0.016054984
38901,0.0393277
38902,0.42088732
38903,0.036948003
38904,0.055720523
38905,0.23959771
38906,0.07772194
38907,0.08168585
38908,0.39835605
38909,0.079247616
38910,0.026508713
38911,0.08539574
38912,0.064857945
38913,0.07176369
38914,0.76294476
38915,0.2557509
38916,0.25273278
38917,0.023078466
38918,0.07783031
38919,0.049314115
38920,0.01855752
38921,0.011582282
38922,0.04683617
38923,0.008592519
38924,0.010723472
38925,0.030897142
38926,0.047314227
38927,0.060450535
38928,0.05981379
38929,0.06551268
38930,0.05897659
38931,0.07470969
38932,0.065103516
38933,0.069526315
38934,0.24426398
38935,0.01785385
38936,0.04701115
38937,0.7679203
38938,0.7535268
38939,0.6029432
38940,0.016406836
38941,0.060022313
38942,0.48395827
38943,0.058919568
38944,0.05006866
38945,0.046411805
38946,0.049937118
38947,0.04250827
38948,0.011702963
38949,0.39560112
38950,0.016593324
38951,0.027155843
38952,0.064262345
38953,0.06579432
38954,0.043889306
38955,0.04197719
38956,0.22957693
38957,0.060708504
38958,0.08419057
38959,0.065435946
38960,0.06512778
38961,0.7150332
38962,0.680781
38963,0.60671246
38964,0.049484942
38965,0.025461432
38966,0.40530747
38967,0.060563773
38968,0.24044059
38969,0.03748148
38970,0.061890442
38971,0.017966757
38972,0.061568238
38973,0.063967064
38974,0.07834087
38975,0.07391311
38976,0.5039388
38977,0.44535974
38978,0.07645026
38979,0.0747001
38980,0.057360843
38981,0.048006143
38982,0.069562405
38983,0.039584734
38984,0.03061772
38985,0.07783663
38986,0.07698944
38987,0.04933411
38988,0.06695458
38989,0.02315264
38990,0.76744854
38991,0.81263924
38992,0.7875248
38993,0.07221545
38994,0.046371583
38995,0.22649391
38996,0.0116994465
38997,0.38555807
38998,0.025741305
38999,0.01623607
39000,0.031479653
39001,0.061591845
39002,0.04348848
39003,0.4065731
39004,0.7464967
39005,0.054332774
39006,0.06319342
39007,0.061756827
39008,0.07973164
39009,0.053470828
39010,0.22641641
39011,0.06529914
39012,0.033987366
39013,0.06093184
39014,0.06578285
39015,0.06136063
39016,0.0425844
39017,0.02056984
39018,0.25527072
39019,0.24931645
39020,0.076968335
39021,0.06771077
39022,0.05455398
39023,0.08300246
39024,0.02777763
39025,0.037584096
39026,0.017863391
39027,0.03774433
39028,0.039596044
39029,0.3980757
39030,0.65554637
39031,0.08220961
39032,0.07481824
39033,0.21457435
39034,0.07887549
39035,0.077530734
39036,0.45938575
39037,0.048923515
39038,0.033401273
39039,0.030840268
39040,0.07791687
39041,0.07408705
39042,0.3826679
39043,0.2597405
39044,0.083656766
39045,0.07983272
39046,0.7155479
39047,0.07543728
39048,0.21817541
39049,0.085370004
39050,0.01890292
39051,0.04596957
39052,0.24209349
39053,0.05014096
39054,0.033662427
39055,0.0335952
39056,0.040643606
39057,0.0776549
39058,0.39913753
39059,0.24701267
39060,0.25516135
39061,0.24953671
39062,0.076822154
39063,0.076678306
39064,0.25299826
39065,0.025420913
39066,0.07549021
39067,0.055430666
39068,0.04317757
39069,0.45195934
39070,0.24925782
39071,0.046979137
39072,0.5010682
39073,0.24904953
39074,0.059526
39075,0.066343725
39076,0.059393957
39077,0.043415487
39078,0.026104596
39079,0.046031017
39080,0.059592433
39081,0.06043701
39082,0.073204175
39083,0.4013287
39084,0.70507634
39085,0.43592232
39086,0.397557
39087,0.19639778
39088,0.061114214
39089,0.01744244
39090,0.05474678
39091,0.05856049
39092,0.07508326
39093,0.24260415
39094,0.0497964
39095,0.025696171
39096,0.048047565
39097,0.075684205
39098,0.04138995
39099,0.06591565
39100,0.01887517
39101,0.034003075
39102,0.018103592
39103,0.011615302
39104,0.029948916
39105,0.054692365
39106,0.04642516
39107,0.05770627
39108,0.40374416
39109,0.23867077
39110,0.3936818
39111,0.5779205
39112,0.5889348
39113,0.25135803
39114,0.06789767
39115,0.042382002
39116,0.01831125
39117,0.04322202
39118,0.06741917
39119,0.0296637
39120,0.6862689
39121,0.042767465
39122,0.017096508
39123,0.048302308
39124,0.043566357
39125,0.37591216
39126,0.03459764
39127,0.04311028
39128,0.016059859
39129,0.042989213
39130,0.013428448
39131,0.013720873
39132,0.025762085
39133,0.059447534
39134,0.06519185
39135,0.45893314
39136,0.41884544
39137,0.3863098
39138,0.7976157
39139,0.4223262
39140,0.2517394
39141,0.079133675
39142,0.030618064
39143,0.03345216
39144,0.042995002
39145,0.039487157
39146,0.03327354
39147,0.04991599
39148,0.41312218
39149,0.061779525
39150,0.2500687
39151,0.02748202
39152,0.06419163
39153,0.07193621
39154,0.07655829
39155,0.08041391
39156,0.041553784
39157,0.026622906
39158,0.008887589
39159,0.038835596
39160,0.07645929
39161,0.59558547
39162,0.39537734
39163,0.54715145
39164,0.39840648
39165,0.24922904
39166,0.080733806
39167,0.059350006
39168,0.01217069
39169,0.020280693
39170,0.01191648
39171,0.03455097
39172,0.07357446
39173,0.075629085
39174,0.05981182
39175,0.08500513
39176,0.025819603
39177,0.05431328
39178,0.2502015
39179,0.037756216
39180,0.067488246
39181,0.22841842
39182,0.06595365
39183,0.07774665
39184,0.05492319
39185,0.063419655
39186,0.06072069
39187,0.057628322
39188,0.03339453
39189,0.07245585
39190,0.068643026
39191,0.008826739
39192,0.06756774
39193,0.011695304
39194,0.061856247
39195,0.038081624
39196,0.030560266
39197,0.072395995
39198,0.032038327
39199,0.04034238
39200,0.03765744
39201,0.07726171
39202,0.24860443
39203,0.40877953
39204,0.06586478
39205,0.012536905
39206,0.018234733
39207,0.017686166
39208,0.026636746
39209,0.0443474
39210,0.049781542
39211,0.07662622
39212,0.029365988
39213,0.028984448
39214,0.017809132
39215,0.011790636
39216,0.028480204
39217,0.05454341
39218,0.059441477
39219,0.42355728
39220,0.0130535755
39221,0.016057221
39222,0.03038889
39223,0.05415806
39224,0.060866773
39225,0.46926835
39226,0.06913401
39227,0.012040119
39228,0.22779022
39229,0.032903228
39230,0.014295302
39231,0.054533675
39232,0.07263913
39233,0.010106634
39234,0.25295192
39235,0.024226852
39236,0.07745832
39237,0.049819514
39238,0.035489872
39239,0.016453851
39240,0.025170512
39241,0.048649106
39242,0.43347234
39243,0.029008927
39244,0.017842926
39245,0.026120732
39246,0.038504016
39247,0.048303667
39248,0.07647894
39249,0.049307026
39250,0.23944573
39251,0.06013437
39252,0.026938612
39253,0.042670336
39254,0.04374843
39255,0.026729438
39256,0.24775487
39257,0.40875223
39258,0.059126064
39259,0.043207377
39260,0.42580372
39261,0.61627114
39262,0.066879176
39263,0.061667442
39264,0.013218491
39265,0.05979936
39266,0.043748472
39267,0.03997269
39268,0.061745197
39269,0.057062555
39270,0.06220935
39271,0.86942005
39272,0.056727134
39273,0.05725038
39274,0.056920674
39275,0.034043074
39276,0.07841507
39277,0.461579
39278,0.054761693
39279,0.08049199
39280,0.023711678
39281,0.054794803
39282,0.01959524
39283,0.05729037
39284,0.026449589
39285,0.008890262
39286,0.023684314
39287,0.04503889
39288,0.04684692
39289,0.025411386
39290,0.046712425
39291,0.012374933
39292,0.01641007
39293,0.07590449
39294,0.034453698
39295,0.038088474
39296,0.030324062
39297,0.05937133
39298,0.06566074
39299,0.04667296
39300,0.69902974
39301,0.05021763
39302,0.06394634
39303,0.04313333
39304,0.03365648
39305,0.042564284
39306,0.04345214
39307,0.012751953
39308,0.01642522
39309,0.25466177
39310,0.025695773
39311,0.008572561
39312,0.015084956
39313,0.06167366
39314,0.01752678
39315,0.067409985
39316,0.03755032
39317,0.043122433
39318,0.40599674
39319,0.025533335
39320,0.01774776
39321,0.018563922
39322,0.040086016
39323,0.029341888
39324,0.07570728
39325,0.04916942
39326,0.012736612
39327,0.008481723
39328,0.049067818
39329,0.22789784
39330,0.06048187
39331,0.055633154
39332,0.050354123
39333,0.025304876
39334,0.045569696
39335,0.048885334
39336,0.24508487
39337,0.07462858
39338,0.013005599
39339,0.015519119
39340,0.011749306
39341,0.008898351
39342,0.014332734
39343,0.013849889
39344,0.014290115
39345,0.027292265
39346,0.047289357
39347,0.04300577
39348,0.06803113
39349,0.074881546
39350,0.24766824
39351,0.0179646
39352,0.024163557
39353,0.012079537
39354,0.016273336
39355,0.017954681
39356,0.013486314
39357,0.029008921
39358,0.01198253
39359,0.013005054
39360,0.009532723
39361,0.048650086
39362,0.040883586
39363,0.011696176
39364,0.04176213
39365,0.06456224
39366,0.043482635
39367,0.030201113
39368,0.015132075
39369,0.0605966
39370,0.010358909
39371,0.42262205
39372,0.04886314
39373,0.048023432
39374,0.049139906
39375,0.013331606
39376,0.05885331
39377,0.019870915
39378,0.009669599
39379,0.058447037
39380,0.013671454
39381,0.06351124
39382,0.07772419
39383,0.030195987
39384,0.030768096
39385,0.025646694
39386,0.016664634
39387,0.011412188
39388,0.030109102
39389,0.008505544
39390,0.05773923
39391,0.04728416
39392,0.077330604
39393,0.023262812
39394,0.028523855
39395,0.044031706
39396,0.02374902
39397,0.015479326
39398,0.030494876
39399,0.028879952
39400,0.24101564
39401,0.22866723
39402,0.017511893
39403,0.060722213
39404,0.014988525
39405,0.01825104
39406,0.041280147
39407,0.018820873
39408,0.04706088
39409,0.041975483
39410,0.04984481
39411,0.030838786
39412,0.041517165
39413,0.037038468
39414,0.03970045
39415,0.061274763
39416,0.0423031
39417,0.03467345
39418,0.029585788
39419,0.22945361
39420,0.04155504
39421,0.0578745
39422,0.04209098
39423,0.07014415
39424,0.2228093
39425,0.02428869
39426,0.04200074
39427,0.23871191
39428,0.05713463
39429,0.2401917
39430,0.22540228
39431,0.05137606
39432,0.025824733
39433,0.0048993863
39434,0.012605314
39435,0.012899841
39436,0.06462359
39437,0.02917442
39438,0.5939698
39439,0.067820996
39440,0.041849792
39441,0.22699445
39442,0.052450325
39443,0.011838722
39444,0.02526886
39445,0.06480444
39446,0.06596057
39447,0.44013903
39448,0.4842185
39449,0.04173318
39450,0.05722346
39451,0.06951957
39452,0.2340176
39453,0.008805716
39454,0.047464974
39455,0.040734638
39456,0.052450325
39457,0.060041822
39458,0.40510446
39459,0.07032044
39460,0.23124257
39461,0.48430488
39462,0.2226406
39463,0.020324266
39464,0.40199772
39465,0.049260296
39466,0.0647997
39467,0.04573853
39468,0.04383043
39469,0.032761853
39470,0.05466563
39471,0.060587585
39472,0.06368431
39473,0.059722766
39474,0.05954048
39475,0.39286262
39476,0.04158674
39477,0.028988918
39478,0.04685107
39479,0.052494764
39480,0.056892626
39481,0.03743274
39482,0.041091897
39483,0.024816072
39484,0.049506728
39485,0.07072614
39486,0.072816156
39487,0.037666507
39488,0.015081337
39489,0.47463006
39490,0.063493066
39491,0.20937139
39492,0.43557498
39493,0.43440756
39494,0.0061705564
39495,0.05548526
39496,0.045504708
39497,0.014660444
39498,0.034600932
39499,0.05528309
39500,0.05459859
39501,0.060422324
39502,0.07181437
39503,0.43046933
39504,0.015675902
39505,0.17475143
39506,0.041966025
39507,0.033277404
39508,0.23577411
39509,0.041102935
39510,0.05248375
39511,0.041942555
39512,0.0662263
39513,0.50310653
39514,0.059687737
39515,0.016480317
39516,0.019248202
39517,0.039489117
39518,0.047448274
39519,0.016243465
39520,0.026519343
39521,0.063379
39522,0.07164011
39523,0.061240427
39524,0.060446937
39525,0.049740206
39526,0.033565305
39527,0.029815927
39528,0.028419653
39529,0.033443864
39530,0.059415273
39531,0.04502036
39532,0.057577312
39533,0.013062164
39534,0.033664033
39535,0.025320036
39536,0.013849831
39537,0.02206927
39538,0.03899849
39539,0.022392083
39540,0.051879108
39541,0.3909381
39542,0.38506988
39543,0.041263234
39544,0.037188265
39545,0.0602045
39546,0.052221306
39547,0.014025441
39548,0.047048815
39549,0.028997138
39550,0.06687345
39551,0.02503994
39552,0.022068553
39553,0.029845238
39554,0.0052768104
39555,0.04885241
39556,0.04948436
39557,0.22194181
39558,0.38829255
39559,0.21710911
39560,0.04861222
39561,0.036312576
39562,0.016781582
39563,0.04467354
39564,0.04212953
39565,0.010436542
39566,0.370282
39567,0.041524354
39568,0.5190939
39569,0.060883414
39570,0.0114213405
39571,0.06197568
39572,0.044923805
39573,0.043838855
39574,0.008549218
39575,0.049038455
39576,0.028206695
39577,0.017088471
39578,0.016172485
39579,0.017066594
39580,0.055477694
39581,0.041083086
39582,0.054560896
39583,0.046915393
39584,0.061766382
39585,0.22161737
39586,0.37082854
39587,0.048847947
39588,0.055174977
39589,0.014825882
39590,0.037100125
39591,0.058000986
39592,0.045744374
39593,0.06432933
39594,0.038766943
39595,0.058776293
39596,0.037132684
39597,0.01607065
39598,0.01733112
39599,0.06640304
39600,0.009237617
39601,0.0511009
39602,0.029470189
39603,0.024228087
39604,0.03351156
39605,0.04673459
39606,0.052412853
39607,0.06300563
39608,0.05866866
39609,0.23358633
39610,0.21631208
39611,0.067322984
39612,0.01112658
39613,0.057867456
39614,0.01128537
39615,0.04497066
39616,0.038898185
39617,0.05626338
39618,0.029850245
39619,0.018017178
39620,0.042821996
39621,0.03423988
39622,0.011534951
39623,0.05742193
39624,0.045648046
39625,0.052610893
39626,0.03360804
39627,0.21279761
39628,0.047139984
39629,0.06641743
39630,0.25247043
39631,0.0588254
39632,0.061687797
39633,0.04759971
39634,0.053256672
39635,0.052323427
39636,0.05706659
39637,0.044755958
39638,0.017281622
39639,0.23895009
39640,0.051697712
39641,0.055303324
39642,0.046396438
39643,0.05467064
39644,0.025027815
39645,0.01746653
39646,0.033802282
39647,0.41711688
39648,0.048299804
39649,0.041657697
39650,0.060846258
39651,0.5311728
39652,0.056593314
39653,0.013091446
39654,0.05991442
39655,0.045450382
39656,0.2362876
39657,0.41631246
39658,0.049202178
39659,0.018673658
39660,0.042070687
39661,0.042377654
39662,0.058980174
39663,0.22551122
39664,0.03752332
39665,0.07028834
39666,0.05701673
39667,0.05570007
39668,0.017837035
39669,0.043499958
39670,0.049442668
39671,0.012929635
39672,0.06365296
39673,0.068333626
39674,0.22165824
39675,0.05607899
39676,0.029093957
39677,0.059697937
39678,0.073834896
39679,0.23453225
39680,0.045493305
39681,0.019257015
39682,0.008155598
39683,0.049208596
39684,0.53108484
39685,0.034295853
39686,0.06592899
39687,0.4730587
39688,0.07208993
39689,0.011762771
39690,0.0077544414
39691,0.037596524
39692,0.044982646
39693,0.35993353
39694,0.23021954
39695,0.05385532
39696,0.055774175
39697,0.071086995
39698,0.06874314
39699,0.066097185
39700,0.07198969
39701,0.23756859
39702,0.055009525
39703,0.04191384
39704,0.0579672
39705,0.04476373
39706,0.072605215
39707,0.5710639
39708,0.038947135
39709,0.2436075
39710,0.041594
39711,0.07311334
39712,0.011998047
39713,0.04168537
39714,0.052187003
39715,0.015289819
39716,0.03841812
39717,0.41651902
39718,0.037160855
39719,0.05327217
39720,0.23247181
39721,0.06901683
39722,0.07333584
39723,0.23969088
39724,0.07008619
39725,0.026019486
39726,0.07760263
39727,0.062300988
39728,0.06481767
39729,0.57185477
39730,0.42180496
39731,0.241494
39732,0.029532513
39733,0.07079445
39734,0.048131127
39735,0.024768814
39736,0.017255181
39737,0.01628965
39738,0.045515675
39739,0.007547561
39740,0.009917633
39741,0.029207693
39742,0.04580895
39743,0.057915065
39744,0.056983627
39745,0.061703607
39746,0.0573767
39747,0.06680419
39748,0.060956668
39749,0.061107315
39750,0.07109858
39751,0.016864806
39752,0.04614094
39753,0.5450838
39754,0.6032482
39755,0.5816027
39756,0.025185527
39757,0.01591533
39758,0.05836226
39759,0.47429442
39760,0.056224752
39761,0.007668935
39762,0.045121916
39763,0.04871848
39764,0.04181085
39765,0.39191115
39766,0.015854124
39767,0.026589751
39768,0.05974123
39769,0.061305158
39770,0.045748655
39771,0.041413274
39772,0.36456016
39773,0.057686046
39774,0.06481797
39775,0.058926072
39776,0.061437048
39777,0.602938
39778,0.54607475
39779,0.48760238
39780,0.047586728
39781,0.023192568
39782,0.008341525
39783,0.39640135
39784,0.058450516
39785,0.07349419
39786,0.036267813
39787,0.05797833
39788,0.016615681
39789,0.057619773
39790,0.060026906
39791,0.070467874
39792,0.067160085
39793,0.48196566
39794,0.42695305
39795,0.06770923
39796,0.06599095
39797,0.054863915
39798,0.047429346
39799,0.061046313
39800,0.038435362
39801,0.029481554
39802,0.02108163
39803,0.069399804
39804,0.06923764
39805,0.05867185
39806,0.022105705
39807,0.663377
39808,0.61058
39809,0.64908004
39810,0.042149454
39811,0.067707285
39812,0.011288191
39813,0.39000592
39814,0.025068387
39815,0.015194062
39816,0.015427521
39817,0.03054655
39818,0.05772105
39819,0.041281242
39820,0.38035
39821,0.6394131
39822,0.05172078
39823,0.059448227
39824,0.05753041
39825,0.06832736
39826,0.051466696
39827,0.066471934
39828,0.060875196
39829,0.033706773
39830,0.057882883
39831,0.0613728
39832,0.06019144
39833,0.25179994
39834,0.24023551
39835,0.06872832
39836,0.054324053
39837,0.0614433
39838,0.052822098
39839,0.07114959
39840,0.025719143
39841,0.037217442
39842,0.038988795
39843,0.015361277
39844,0.017163407
39845,0.036443554
39846,0.03864297
39847,0.23248313
39848,0.5563734
39849,0.07444146
39850,0.06698811
39851,0.061585184
39852,0.069874205
39853,0.071498774
39854,0.47230428
39855,0.047837637
39856,0.033980172
39857,0.06926307
39858,0.06891571
39859,0.22444251
39860,0.44866306
39861,0.09504439
39862,0.06796331
39863,0.6495007
39864,0.070261225
39865,0.01628965
39866,0.21635188
39867,0.07515915
39868,0.018274229
39869,0.4246657
39870,0.048095237
39871,0.033050854
39872,0.03235678
39873,0.040112395
39874,0.06825957
39875,0.3808445
39876,0.23939405
39877,0.24628419
39878,0.23857743
39879,0.069656014
39880,0.06925774
39881,0.23913273
39882,0.025080722
39883,0.06930608
39884,0.053585496
39885,0.042400498
39886,0.43627036
39887,0.23914224
39888,0.4704108
39889,0.24086194
39890,0.05703223
39891,0.060391646
39892,0.057195175
39893,0.041909542
39894,0.012920275
39895,0.025183715
39896,0.044893093
39897,0.05757726
39898,0.057379685
39899,0.21684091
39900,0.37508225
39901,0.607928
39902,0.4208601
39903,0.24099043
39904,0.49194384
39905,0.05787746
39906,0.052815396
39907,0.05465412
39908,0.06684276
39909,0.23276567
39910,0.048201974
39911,0.024567196
39912,0.048299953
39913,0.06660611
39914,0.04071297
39915,0.060390297
39916,0.018820873
39917,0.01075308
39918,0.029962564
39919,0.05240384
39920,0.045519195
39921,0.05473223
39922,0.23292617
39923,0.2317959
39924,0.38419655
39925,0.5936285
39926,0.5227056
39927,0.24013169
39928,0.06149818
39929,0.040821955
39930,0.017653842
39931,0.04215297
39932,0.06317404
39933,0.029441742
39934,0.5536172
39935,0.041746367
39936,0.015475612
39937,0.04721391
39938,0.04179659
39939,0.37620285
39940,0.034611307
39941,0.040979978
39942,0.015148544
39943,0.040770497
39944,0.012338433
39945,0.012919846
39946,0.025134513
39947,0.055921435
39948,0.061077457
39949,0.49892515
39950,0.37909976
39951,0.36484554
39952,0.5427782
39953,0.3743867
39954,0.24209674
39955,0.07119841
39956,0.029975187
39957,0.03208447
39958,0.04177057
39959,0.040357977
39960,0.032862943
39961,0.04839603
39962,0.43090796
39963,0.057752162
39964,0.2395636
39965,0.027290339
39966,0.060459543
39967,0.06374731
39968,0.067824066
39969,0.07583612
39970,0.040460866
39971,0.026179906
39972,0.037646003
39973,0.0684732
39974,0.54772455
39975,0.37844694
39976,0.4408738
39977,0.40038553
39978,0.23952682
39979,0.07000263
39980,0.05702783
39981,0.019965712
39982,0.03392804
39983,0.027728602
39984,0.06535614
39985,0.06564652
39986,0.07178439
39987,0.02508522
39988,0.052187856
39989,0.24216126
39990,0.037864473
39991,0.06128445
39992,0.06992342
39993,0.026534194
39994,0.061539505
39995,0.07047308
39996,0.05178317
39997,0.058919884
39998,0.027522745
39999,0.057761412
40000,0.05467064
40001,0.033469126
40002,0.06300563
40003,0.060786385
40004,0.06127604
40005,0.01104535
40006,0.057665534
40007,0.03648607
40008,0.029663919
40009,0.064384595
40010,0.03142957
40011,0.039320383
40012,0.036712274
40013,0.06885736
40014,0.2455722
40015,0.48967338
40016,0.06221748
40017,0.016389687
40018,0.01717222
40019,0.025967553
40020,0.043470178
40021,0.049733102
40022,0.06867459
40023,0.012234305
40024,0.02833124
40025,0.02360037
40026,0.0523055
40027,0.056737207
40028,0.4122536
40029,0.012539376
40030,0.01574565
40031,0.029728733
40032,0.05132021
40033,0.05813327
40034,0.4153135
40035,0.060669404
40036,0.06992535
40037,0.03335237
40038,0.013594027
40039,0.05237317
40040,0.21887587
40041,0.043297883
40042,0.2456553
40043,0.02897762
40044,0.023469348
40045,0.06858632
40046,0.04847794
40047,0.035025097
40048,0.024730567
40049,0.047728486
40050,0.24287164
40051,0.028093474
40052,0.017134806
40053,0.02606557
40054,0.037454266
40055,0.047170144
40056,0.23670068
40057,0.048300024
40058,0.07105683
40059,0.057619773
40060,0.026891436
40061,0.013110332
40062,0.04196579
40063,0.04252404
40064,0.026156113
40065,0.24139312
40066,0.23382784
40067,0.016143426
40068,0.056955844
40069,0.041785084
40070,0.009281953
40071,0.43998432
40072,0.54696625
40073,0.060326368
40074,0.057290237
40075,0.012600918
40076,0.05719511
40077,0.042134866
40078,0.039277036
40079,0.0576019
40080,0.054983377
40081,0.06023659
40082,0.69300485
40083,0.054307856
40084,0.055604167
40085,0.05409958
40086,0.015521862
40087,0.03273764
40088,0.07011709
40089,0.4843694
40090,0.052822098
40091,0.068454064
40092,0.023269098
40093,0.053111684
40094,0.018614542
40095,0.05508149
40096,0.025154104
40097,0.005229621
40098,0.022664245
40099,0.044244215
40100,0.046032388
40101,0.024377177
40102,0.016578013
40103,0.045491416
40104,0.0115399435
40105,0.06831056
40106,0.033519216
40107,0.03698893
40108,0.012695198
40109,0.029207693
40110,0.0569942
40111,0.061434466
40112,0.018622547
40113,0.045585286
40114,0.573995
40115,0.049283206
40116,0.057778187
40117,0.03270154
40118,0.04073705
40119,0.022033859
40120,0.2425453
40121,0.024784239
40122,0.005339377
40123,0.004881355
40124,0.0078041763
40125,0.0611446
40126,0.06073332
40127,0.38340828
40128,0.024956953
40129,0.017457718
40130,0.0114213405
40131,0.039446324
40132,0.028846612
40133,0.07163128
40134,0.047781397
40135,0.004983151
40136,0.011314064
40137,0.04898146
40138,0.06940056
40139,0.059297375
40140,0.053378716
40141,0.048535917
40142,0.024676377
40143,0.044246737
40144,0.048865348
40145,0.067820705
40146,0.06595664
40147,0.01350451
40148,0.011132512
40149,0.011198985
40150,0.016818864
40151,0.013178641
40152,0.010656731
40153,0.013655488
40154,0.013073225
40155,0.020804144
40156,0.045098912
40157,0.042279683
40158,0.064067304
40159,0.011806256
40160,0.06753731
40161,0.24006714
40162,0.01391333
40163,0.022754733
40164,0.010885958
40165,0.007239122
40166,0.012728833
40167,0.02845606
40168,0.012492962
40169,0.03952711
40170,0.011518832
40171,0.040638667
40172,0.05760311
40173,0.024826515
40174,0.041326392
40175,0.010325005
40176,0.029632771
40177,0.01389235
40178,0.057841126
40179,0.38212386
40180,0.04722425
40181,0.04732236
40182,0.049217097
40183,0.05699809
40184,0.019620912
40185,0.009449974
40186,0.055560246
40187,0.013607628
40188,0.060215674
40189,0.067412116
40190,0.015317301
40191,0.022803927
40192,0.027927415
40193,0.029433776
40194,0.024652109
40195,0.011608142
40196,0.029132368
40197,0.0075088195
40198,0.05556534
40199,0.04614094
40200,0.067597464
40201,0.009456886
40202,0.022404868
40203,0.028032819
40204,0.01328179
40205,0.04195103
40206,0.0233407
40207,0.030457728
40208,0.07287976
40209,0.22187069
40210,0.058264583
40211,0.016426232
40212,0.04101826
40213,0.018260526
40214,0.032723445
40215,0.045364697
40216,0.026860548
40217,0.040824525
40218,0.047734983
40219,0.030461969
40220,0.033604153
40221,0.03994528
40222,0.03624819
40223,0.039767295
40224,0.058632035
40225,0.04054543
40226,0.03372973
40227,0.028759824
40228,0.23114392
40229,0.040902488
40230,0.21133801
40231,0.06652581
40232,0.068250634
40233,0.040983543
40234,0.07030315
40235,0.39044717
40236,0.05634305
40237,0.06649983
40238,0.04992621
40239,0.024898686
40240,0.02181315
40241,0.012216854
40242,0.06303826
40243,0.6064783
40244,0.06363158
40245,0.040770035
40246,0.04102487
40247,0.06361261
40248,0.04858831
40249,0.025874313
40250,0.040079758
40251,0.061564747
40252,0.06358965
40253,0.41297972
40254,0.47044033
40255,0.04211852
40256,0.05467388
40257,0.06819894
40258,0.23698369
40259,0.04570119
40260,0.051121525
40261,0.056008272
40262,0.033009157
40263,0.42031682
40264,0.06578707
40265,0.06263084
40266,0.43645677
40267,0.22238554
40268,0.019594375
40269,0.44420838
40270,0.047888998
40271,0.058019083
40272,0.042825796
40273,0.032710437
40274,0.0538502
40275,0.057423756
40276,0.06105443
40277,0.0579268
40278,0.028876774
40279,0.053825863
40280,0.398269
40281,0.040517744
40282,0.045628227
40283,0.05564832
40284,0.035113864
40285,0.024000151
40286,0.047808874
40287,0.06787637
40288,0.069223836
40289,0.03680795
40290,0.23875873
40291,0.21558166
40292,0.055278398
40293,0.48647404
40294,0.4247652
40295,0.0053947913
40296,0.053516414
40297,0.044047438
40298,0.019437663
40299,0.014881386
40300,0.0072544115
40301,0.033643264
40302,0.053652234
40303,0.053255893
40304,0.05800702
40305,0.06866608
40306,0.41812468
40307,0.018305892
40308,0.041046612
40309,0.031097766
40310,0.38690048
40311,0.04011903
40312,0.051368903
40313,0.040506493
40314,0.024602223
40315,0.06601865
40316,0.43058193
40317,0.05546705
40318,0.016267097
40319,0.019172093
40320,0.037940647
40321,0.04672555
40322,0.015692046
40323,0.061288517
40324,0.07394177
40325,0.05859182
40326,0.05933857
40327,0.046609644
40328,0.028828265
40329,0.027925882
40330,0.0315012
40331,0.05580586
40332,0.04427522
40333,0.055158675
40334,0.012637291
40335,0.033207525
40336,0.0249553
40337,0.015258699
40338,0.013331269
40339,0.021967584
40340,0.037868
40341,0.05045477
40342,0.3993688
40343,0.39238748
40344,0.04043053
40345,0.036282435
40346,0.033292387
40347,0.057263255
40348,0.051002674
40349,0.013062116
40350,0.045146503
40351,0.028192742
40352,0.2347509
40353,0.024179647
40354,0.02171345
40355,0.0284047
40356,0.047250926
40357,0.047250275
40358,0.069332495
40359,0.21380046
40360,0.2186404
40361,0.046522643
40362,0.03607749
40363,0.01658351
40364,0.043724965
40365,0.04073094
40366,0.22147474
40367,0.04072165
40368,0.44575623
40369,0.059623525
40370,0.058462992
40371,0.042301722
40372,0.04729552
40373,0.016208237
40374,0.05410802
40375,0.05292715
40376,0.04586331
40377,0.06232013
40378,0.22256336
40379,0.39403906
40380,0.04699136
40381,0.019575216
40382,0.053579282
40383,0.014294363
40384,0.0552498
40385,0.04370789
40386,0.062208418
40387,0.03765855
40388,0.058143735
40389,0.03532408
40390,0.045329377
40391,0.032262184
40392,0.01680498
40393,0.0659394
40394,0.009265861
40395,0.049928218
40396,0.028646002
40397,0.020540196
40398,0.03130904
40399,0.045747958
40400,0.050738603
40401,0.06092532
40402,0.054940887
40403,0.23600613
40404,0.061366927
40405,0.06520446
40406,0.011069626
40407,0.054920662
40408,0.0432114
40409,0.038357995
40410,0.055140316
40411,0.027995292
40412,0.040441398
40413,0.034196302
40414,0.043261465
40415,0.05557028
40416,0.028996242
40417,0.04454591
40418,0.05087329
40419,0.033026293
40420,0.060019456
40421,0.0456585
40422,0.06480417
40423,0.460517
40424,0.055287115
40425,0.05893297
40426,0.045574494
40427,0.051988143
40428,0.0499667
40429,0.05544413
40430,0.043441795
40431,0.016581593
40432,0.24113667
40433,0.0504116
40434,0.053603597
40435,0.045223713
40436,0.052869685
40437,0.0227404
40438,0.032041717
40439,0.23833738
40440,0.04854011
40441,0.03961577
40442,0.05912504
40443,0.55175424
40444,0.054959383
40445,0.012579965
40446,0.05978689
40447,0.044249784
40448,0.06833649
40449,0.24230975
40450,0.047268376
40451,0.017556012
40452,0.040961012
40453,0.040489573
40454,0.057410486
40455,0.22668028
40456,0.03634874
40457,0.06809989
40458,0.05562413
40459,0.050914034
40460,0.013291638
40461,0.014082018
40462,0.017397705
40463,0.041139867
40464,0.047806617
40465,0.012536293
40466,0.061382867
40467,0.06476924
40468,0.22394003
40469,0.054177128
40470,0.029088534
40471,0.057296477
40472,0.066251226
40473,0.23396532
40474,0.044097587
40475,0.040983543
40476,0.008294286
40477,0.047042076
40478,0.4475096
40479,0.032669444
40480,0.065139264
40481,0.42312023
40482,0.07055534
40483,0.036400456
40484,0.04330883
40485,0.23139937
40486,0.23275402
40487,0.051394783
40488,0.054089926
40489,0.06857225
40490,0.067142464
40491,0.06428241
40492,0.06775012
40493,0.24386571
40494,0.053533904
40495,0.041200317
40496,0.054983463
40497,0.04345441
40498,0.069940686
40499,0.59926885
40500,0.0378016
40501,0.23833881
40502,0.012700524
40503,0.040406417
40504,0.0672932
40505,0.040368054
40506,0.053098027
40507,0.015161411
40508,0.03792289
40509,0.41513094
40510,0.035685
40511,0.052067894
40512,0.06439383
40513,0.0661769
40514,0.072353095
40515,0.23935299
40516,0.06747118
40517,0.025393447
40518,0.0776821
40519,0.057769585
40520,0.061924852
40521,0.5340196
40522,0.4344059
40523,0.23620991
40524,0.022016108
40525,0.066535145
40526,0.010790362
40527,0.046778668
40528,0.016010622
40529,0.043424632
40530,0.007151335
40531,0.009366075
40532,0.029313238
40533,0.04434595
40534,0.056301977
40535,0.054891445
40536,0.05716877
40537,0.055022478
40538,0.06483057
40539,0.058531616
40540,0.025213037
40541,0.059062347
40542,0.23912789
40543,0.044352368
40544,0.5937332
40545,0.51040024
40546,0.5731055
40547,0.023870526
40548,0.055068847
40549,0.46638176
40550,0.054516822
40551,0.046517536
40552,0.0078014503
40553,0.044036794
40554,0.048379034
40555,0.0406456
40556,0.010251006
40557,0.3634041
40558,0.015090388
40559,0.025608167
40560,0.05791968
40561,0.05780618
40562,0.040888865
40563,0.04050224
40564,0.06678114
40565,0.054874588
40566,0.062010016
40567,0.057800725
40568,0.057811964
40569,0.56090975
40570,0.6119983
40571,0.51955044
40572,0.04696442
40573,0.024452832
40574,0.007526675
40575,0.38863572
40576,0.05544796
40577,0.23358254
40578,0.036503762
40579,0.054901205
40580,0.055114087
40581,0.057912946
40582,0.067651965
40583,0.06464369
40584,0.44985205
40585,0.4219999
40586,0.068251185
40587,0.06496202
40588,0.053512435
40589,0.045597177
40590,0.05893297
40591,0.037515868
40592,0.029211756
40593,0.020164415
40594,0.06708582
40595,0.06659971
40596,0.04761968
40597,0.058438946
40598,0.021599803
40599,0.5475662
40600,0.66056615
40601,0.49383095
40602,0.041080054
40603,0.065507844
40604,0.010485964
40605,0.3680651
40606,0.024137294
40607,0.015261804
40608,0.030146988
40609,0.055931315
40610,0.04099169
40611,0.39870542
40612,0.6289004
40613,0.04972658
40614,0.057348188
40615,0.05602928
40616,0.06884831
40617,0.050045773
40618,0.06551453
40619,0.058000505
40620,0.03175079
40621,0.05508114
40622,0.057618733
40623,0.058590446
40624,0.039988764
40625,0.2417348
40626,0.0675483
40627,0.06758407
40628,0.053078033
40629,0.024711875
40630,0.05903153
40631,0.051059686
40632,0.06997745
40633,0.026535442
40634,0.03673765
40635,0.03841974
40636,0.014499859
40637,0.016407048
40638,0.035355024
40639,0.037534647
40640,0.23628774
40641,0.60038227
40642,0.06976474
40643,0.23470588
40644,0.05851781
40645,0.06843707
40646,0.065871894
40647,0.3983827
40648,0.045687757
40649,0.03270376
40650,0.029374227
40651,0.067142464
40652,0.069349214
40653,0.22378306
40654,0.4915345
40655,0.07111031
40656,0.067342564
40657,0.6436713
40658,0.06647568
40659,0.015657865
40660,0.062210724
40661,0.22976679
40662,0.017529044
40663,0.044100173
40664,0.44457528
40665,0.04666849
40666,0.030133061
40667,0.032402623
40668,0.038709942
40669,0.06689776
40670,0.39482978
40671,0.36532447
40672,0.24224119
40673,0.23896869
40674,0.067651965
40675,0.0664441
40676,0.23966973
40677,0.06646741
40678,0.052115723
40679,0.040915407
40680,0.39539346
40681,0.240094
40682,0.044047862
40683,0.44292623
40684,0.24044953
40685,0.055545922
40686,0.058818024
40687,0.054879177
40688,0.040083732
40689,0.012665337
40690,0.025330035
40691,0.043997113
40692,0.05516508
40693,0.05570524
40694,0.062137768
40695,0.39883664
40696,0.6134318
40697,0.23802008
40698,0.23921697
40699,0.4945791
40700,0.055065688
40701,0.016878448
40702,0.05101032
40703,0.052549057
40704,0.06595061
40705,0.23497987
40706,0.046840623
40707,0.023870526
40708,0.04641447
40709,0.06546489
40710,0.03911246
40711,0.058094632
40712,0.018719342
40713,0.031895585
40714,0.016828984
40715,0.01708511
40716,0.010995336
40717,0.028555227
40718,0.050799847
40719,0.044425618
40720,0.05325979
40721,0.23364331
40722,0.06987818
40723,0.3475236
40724,0.59819406
40725,0.5538799
40726,0.23876366
40727,0.058986917
40728,0.040185757
40729,0.017417554
40730,0.0408204
40731,0.05929956
40732,0.5973612
40733,0.041032065
40734,0.015562451
40735,0.045534838
40736,0.041200317
40737,0.21298273
40738,0.03286757
40739,0.04109351
40740,0.016503558
40741,0.040317673
40742,0.02457972
40743,0.054878805
40744,0.05794787
40745,0.49350697
40746,0.41586083
40747,0.3479017
40748,0.6373144
40749,0.23816323
40750,0.24047379
40751,0.068158254
40752,0.028758846
40753,0.04037281
40754,0.038604252
40755,0.032419488
40756,0.04738988
40757,0.41157123
40758,0.054912254
40759,0.23962684
40760,0.026984079
40761,0.05770513
40762,0.06135687
40763,0.06686741
40764,0.09040654
40765,0.040752247
40766,0.025315294
40767,0.036690354
40768,0.06755813
40769,0.478218
40770,0.37820548
40771,0.52431583
40772,0.35901278
40773,0.06878358
40774,0.06634779
40775,0.05531089
40776,0.037885934
40777,0.011583777
40778,0.019920303
40779,0.010961591
40780,0.0328031
40781,0.06197915
40782,0.06490074
40783,0.054475818
40784,0.06995762
40785,0.022680512
40786,0.050384972
40787,0.23992342
40788,0.035744105
40789,0.059596535
40790,0.066417955
40791,0.025851792
40792,0.005168628
40793,0.05880115
40794,0.06948133
40795,0.050280306
40796,0.057049565
40797,0.05495048
40798,0.052839193
40799,0.033021457
40800,0.061004907
40801,0.059749566
40802,0.036190316
40803,0.008565178
40804,0.0587449
40805,0.010962433
40806,0.05581546
40807,0.029369762
40808,0.063366406
40809,0.030499922
40810,0.038346115
40811,0.035440028
40812,0.06451224
40813,0.24148871
40814,0.44200572
40815,0.058950216
40816,0.02506158
40817,0.04272226
40818,0.012798963
40819,0.048398234
40820,0.06658704
40821,0.011714329
40822,0.027253581
40823,0.016798422
40824,0.01088959
40825,0.02329333
40826,0.05098885
40827,0.055535465
40828,0.40479732
40829,0.012371888
40830,0.015614558
40831,0.029120816
40832,0.04968847
40833,0.054653607
40834,0.24084993
40835,0.21490462
40836,0.011195259
40837,0.22587466
40838,0.032933403
40839,0.01328549
40840,0.051020302
40841,0.22026466
40842,0.042183008
40843,0.07063611
40844,0.023023674
40845,0.065517835
40846,0.04653447
40847,0.03399832
40848,0.015597195
40849,0.024566403
40850,0.045146503
40851,0.06681128
40852,0.02730129
40853,0.016626058
40854,0.02584659
40855,0.03718921
40856,0.045253206
40857,0.23696159
40858,0.04703593
40859,0.23569655
40860,0.05490059
40861,0.025980059
40862,0.040594954
40863,0.025023047
40864,0.23925082
40865,0.015916707
40866,0.23549269
40867,0.015497833
40868,0.054718297
40869,0.04103924
40870,0.009066334
40871,0.44597393
40872,0.5829206
40873,0.058490656
40874,0.055825833
40875,0.0118692
40876,0.055077728
40877,0.040969335
40878,0.038301595
40879,0.055600364
40880,0.053879596
40881,0.05680153
40882,0.6013045
40883,0.053176925
40884,0.013690839
40885,0.05418226
40886,0.053531606
40887,0.015170514
40888,0.03304435
40889,0.06630706
40890,0.23998274
40891,0.050835688
40892,0.06601978
40893,0.05228944
40894,0.018704439
40895,0.053641617
40896,0.024737207
40897,0.022001257
40898,0.04231515
40899,0.04347461
40900,0.023786785
40901,0.044271834
40902,0.01138612
40903,0.2341886
40904,0.031596333
40905,0.036255967
40906,0.012894255
40907,0.028465843
40908,0.054802965
40909,0.058828663
40910,0.01793397
40911,0.04403535
40912,0.51087505
40913,0.04763784
40914,0.058192503
40915,0.040136777
40916,0.03211108
40917,0.039903432
40918,0.040468834
40919,0.011218518
40920,0.014891157
40921,0.23858237
40922,0.024613447
40923,0.005417122
40924,0.0069623734
40925,0.058933105
40926,0.01644215
40927,0.058612797
40928,0.03581048
40929,0.040777866
40930,0.24372143
40931,0.02463795
40932,0.017063722
40933,0.016680306
40934,0.040483393
40935,0.028152646
40936,0.067931026
40937,0.04615367
40938,0.011231685
40939,0.013522834
40940,0.047032345
40941,0.06724809
40942,0.05508114
40943,0.05192021
40944,0.046874147
40945,0.02434076
40946,0.042185195
40947,0.015512699
40948,0.046928786
40949,0.06540863
40950,0.06556241
40951,0.0087859975
40952,0.020088227
40953,0.043125473
40954,0.04035311
40955,0.059244648
40956,0.011708565
40957,0.064547196
40958,0.24203436
40959,0.01664933
40960,0.023080833
40961,0.016037395
40962,0.027995111
40963,0.04545226
40964,0.024086842
40965,0.038017735
40966,0.011544825
40967,0.040250726
40968,0.058419723
40969,0.024501866
40970,0.04088098
40971,0.006574963
40972,0.029073527
40973,0.055732373
40974,0.24242127
40975,0.045250762
40976,0.046490856
40977,0.04744884
40978,0.05562422
40979,0.018675946
40980,0.009406011
40981,0.054090973
40982,0.013399107
40983,0.056664083
40984,0.006968191
40985,0.066031575
40986,0.014993272
40987,0.029013978
40988,0.010565181
40989,0.008674456
40990,0.028277403
40991,0.054405026
40992,0.044896502
40993,0.063921705
40994,0.022457704
40995,0.041116234
40996,0.023658507
40997,0.029403638
40998,0.23631845
40999,0.22516003
41000,0.05542069
41001,0.04066664
41002,0.024107605
41003,0.040720973
41004,0.04769192
41005,0.030347226
41006,0.04030741
41007,0.0408559
41008,0.06709986
41009,0.040078614
41010,0.056202862
41011,0.06769946
41012,0.06833067
41013,0.024544442
41014,0.03990378
41015,0.06891434
41016,0.072171
41017,0.05741141
41018,0.06715826
41019,0.05001076
41020,0.0128550595
41021,0.06577912
41022,0.03364773
41023,0.6126786
41024,0.06454554
41025,0.23287664
41026,0.05064181
41027,0.039853558
41028,0.031740725
41029,0.015572297
41030,0.0641157
41031,0.47699228
41032,0.44985154
41033,0.040620755
41034,0.055859737
41035,0.025325973
41036,0.06562933
41037,0.06619949
41038,0.04535032
41039,0.039708715
41040,0.051433384
41041,0.057183083
41042,0.2442398
41043,0.06611096
41044,0.06569161
41045,0.46636474
41046,0.225968
41047,0.47936976
41048,0.04706346
41049,0.06445895
41050,0.043964345
41051,0.032914367
41052,0.052910287
41053,0.057622973
41054,0.061454114
41055,0.056724977
41056,0.030560851
41057,0.035787914
41058,0.054032594
41059,0.24370728
41060,0.03979693
41061,0.028882273
41062,0.04596042
41063,0.054995727
41064,0.03660221
41065,0.04856903
41066,0.06716568
41067,0.07120044
41068,0.036147565
41069,0.013267682
41070,0.06189118
41071,0.06194061
41072,0.054309245
41073,0.43348995
41074,0.47139728
41075,0.05420331
41076,0.044154346
41077,0.013798336
41078,0.03355496
41079,0.053130355
41080,0.056065336
41081,0.06920249
41082,0.49761683
41083,0.018423399
41084,0.040639598
41085,0.028906062
41086,0.023491697
41087,0.032407995
41088,0.066076264
41089,0.03960756
41090,0.05122969
41091,0.040461525
41092,0.065039285
41093,0.42526188
41094,0.056171812
41095,0.017020805
41096,0.018029636
41097,0.038389955
41098,0.045768954
41099,0.06049674
41100,0.072960556
41101,0.057820853
41102,0.058307473
41103,0.047149196
41104,0.032234583
41105,0.028923659
41106,0.028086217
41107,0.031531706
41108,0.05522167
41109,0.04440222
41110,0.054969218
41111,0.012838712
41112,0.03245625
41113,0.025049513
41114,0.015460094
41115,0.0139660295
41116,0.022177298
41117,0.037985623
41118,0.021977048
41119,0.05096216
41120,0.43118694
41121,0.41057023
41122,0.03959363
41123,0.03521215
41124,0.05813108
41125,0.050079715
41126,0.013367612
41127,0.044593696
41128,0.015421013
41129,0.027767593
41130,0.23740466
41131,0.024619658
41132,0.021429542
41133,0.028931072
41134,0.04648508
41135,0.04737218
41136,0.06569568
41137,0.21804121
41138,0.22021334
41139,0.047810756
41140,0.03369654
41141,0.017067125
41142,0.044084474
41143,0.040236186
41144,0.40406635
41145,0.040170208
41146,0.59005845
41147,0.05954994
41148,0.058553513
41149,0.042471383
41150,0.042135004
41151,0.04786305
41152,0.01707068
41153,0.016789244
41154,0.0539342
41155,0.040024128
41156,0.05302745
41157,0.045535132
41158,0.05739373
41159,0.06558567
41160,0.4016496
41161,0.04731072
41162,0.019454066
41163,0.053591285
41164,0.014594659
41165,0.035149347
41166,0.055859737
41167,0.04443381
41168,0.061526053
41169,0.03794434
41170,0.056732703
41171,0.035927396
41172,0.045578197
41173,0.017043212
41174,0.06465624
41175,0.050056223
41176,0.028378062
41177,0.019957243
41178,0.030898388
41179,0.045405366
41180,0.050996646
41181,0.060192827
41182,0.055893473
41183,0.2398124
41184,0.061295267
41185,0.22435066
41186,0.011303587
41187,0.05505293
41188,0.043483824
41189,0.038090426
41190,0.05559552
41191,0.028692782
41192,0.018643478
41193,0.04154577
41194,0.042689256
41195,0.028314942
41196,0.044607278
41197,0.007791385
41198,0.050870042
41199,0.032581978
41200,0.05920645
41201,0.04585725
41202,0.06293469
41203,0.53713936
41204,0.05590412
41205,0.058934364
41206,0.046201162
41207,0.051804863
41208,0.050558757
41209,0.055220973
41210,0.042870387
41211,0.009198719
41212,0.2434856
41213,0.050441816
41214,0.053598326
41215,0.04499988
41216,0.054154232
41217,0.023986088
41218,0.032204106
41219,0.07065096
41220,0.048254184
41221,0.040297817
41222,0.057202064
41223,0.6075976
41224,0.054214984
41225,0.014708743
41226,0.05878024
41227,0.044264525
41228,0.06970881
41229,0.24357665
41230,0.048018195
41231,0.017548487
41232,0.04067609
41233,0.040632255
41234,0.056854304
41235,0.070828654
41236,0.03663732
41237,0.2407355
41238,0.057596855
41239,0.050674524
41240,0.013833863
41241,0.01743313
41242,0.041950442
41243,0.048201215
41244,0.012759235
41245,0.05996409
41246,0.0665497
41247,0.065594204
41248,0.054244857
41249,0.029106785
41250,0.05876731
41251,0.069937095
41252,0.23819168
41253,0.04407166
41254,0.04076617
41255,0.008168172
41256,0.048193578
41257,0.4817501
41258,0.23454146
41259,0.44622275
41260,0.06987315
41261,0.012207775
41262,0.011237933
41263,0.03563791
41264,0.042100612
41265,0.39894858
41266,0.23367853
41267,0.05207818
41268,0.054580666
41269,0.06683273
41270,0.06569167
41271,0.063040145
41272,0.069520116
41273,0.24294583
41274,0.053546343
41275,0.040473305
41276,0.054704882
41277,0.043359328
41278,0.07120187
41279,0.6181868
41280,0.04370619
41281,0.4248129
41282,0.040121287
41283,0.070127085
41284,0.011195244
41285,0.040935326
41286,0.05099914
41287,0.014249861
41288,0.037884388
41289,0.41089207
41290,0.03608117
41291,0.051864907
41292,0.06502869
41293,0.06722654
41294,0.07127707
41295,0.24304317
41296,0.0720591
41297,0.025334092
41298,0.23637697
41299,0.057573494
41300,0.06148626
41301,0.54745805
41302,0.43416244
41303,0.24196878
41304,0.021747807
41305,0.22256947
41306,0.04681623
41307,0.024570113
41308,0.043956075
41309,0.028728005
41310,0.04434093
41311,0.054500457
41312,0.055601247
41313,0.057440948
41314,0.05564426
41315,0.063615195
41316,0.05826719
41317,0.025464084
41318,0.059833024
41319,0.4027639
41320,0.016098084
41321,0.0442996
41322,0.62106705
41323,0.5776621
41324,0.5753348
41325,0.054852925
41326,0.4658098
41327,0.05497648
41328,0.046469368
41329,0.043586627
41330,0.04798549
41331,0.04075697
41332,0.01076552
41333,0.40347785
41334,0.016431382
41335,0.0257281
41336,0.056796424
41337,0.05767532
41338,0.04050682
41339,0.04075697
41340,0.066609025
41341,0.05484516
41342,0.022617297
41343,0.06124629
41344,0.05581829
41345,0.0580706
41346,0.5308422
41347,0.5656517
41348,0.55688125
41349,0.046446357
41350,0.023140177
41351,0.008295484
41352,0.40769508
41353,0.055660643
41354,0.23888153
41355,0.0361859
41356,0.054987703
41357,0.016108071
41358,0.05491074
41359,0.05797362
41360,0.06577668
41361,0.06580003
41362,0.43874085
41363,0.44773808
41364,0.06492839
41365,0.062649764
41366,0.05391749
41367,0.04554396
41368,0.057360403
41369,0.03708483
41370,0.02911246
41371,0.020222023
41372,0.065841965
41373,0.0662652
41374,0.04718724
41375,0.057499368
41376,0.021489872
41377,0.5415303
41378,0.54262716
41379,0.53347415
41380,0.039780688
41381,0.064372405
41382,0.4022864
41383,0.015903408
41384,0.015081473
41385,0.030048933
41386,0.05503527
41387,0.04033839
41388,0.40312216
41389,0.63297415
41390,0.050505675
41391,0.05663308
41392,0.055485245
41393,0.06576708
41394,0.050067045
41395,0.06448225
41396,0.05860572
41397,0.03292266
41398,0.055119358
41399,0.056860417
41400,0.056856938
41401,0.039622854
41402,0.2481046
41403,0.2428282
41404,0.06657299
41405,0.052432425
41406,0.059760287
41407,0.051050637
41408,0.24355191
41409,0.029385412
41410,0.036569264
41411,0.03769211
41412,0.014198093
41413,0.016880957
41414,0.03611852
41415,0.03755868
41416,0.23940751
41417,0.53581005
41418,0.070018105
41419,0.06705379
41420,0.059048582
41421,0.07325458
41422,0.06585832
41423,0.45063317
41424,0.045593657
41425,0.02905342
41426,0.06555525
41427,0.06431345
41428,0.22765666
41429,0.5049967
41430,0.24591437
41431,0.07044692
41432,0.56171376
41433,0.06506172
41434,0.016130576
41435,0.060934976
41436,0.0718119
41437,0.01779102
41438,0.043403402
41439,0.45401543
41440,0.04629506
41441,0.03264695
41442,0.032479245
41443,0.039566275
41444,0.06643839
41445,0.4153708
41446,0.24284051
41447,0.24888892
41448,0.24251269
41449,0.06593578
41450,0.067182325
41451,0.24221912
41452,0.024311373
41453,0.0678604
41454,0.05243163
41455,0.041228615
41456,0.47644335
41457,0.24272893
41458,0.04371647
41459,0.25837606
41460,0.41778395
41461,0.054353766
41462,0.058026493
41463,0.054832242
41464,0.0128838755
41465,0.02566029
41466,0.04307496
41467,0.055120334
41468,0.054926135
41469,0.060832568
41470,0.4053527
41471,0.6337679
41472,0.37666374
41473,0.06911113
41474,0.5223544
41475,0.055103842
41476,0.017043212
41477,0.05078887
41478,0.05251659
41479,0.063615195
41480,0.23830374
41481,0.047078747
41482,0.024256056
41483,0.046244085
41484,0.06447144
41485,0.038680762
41486,0.057727613
41487,0.017892854
41488,0.0134557225
41489,0.03337174
41490,0.016954511
41491,0.017960373
41492,0.011041342
41493,0.028933018
41494,0.050645348
41495,0.044154346
41496,0.052927803
41497,0.23693597
41498,0.066964455
41499,0.38056594
41500,0.6420419
41501,0.47915217
41502,0.073539086
41503,0.058654048
41504,0.04083996
41505,0.059485845
41506,0.013344447
41507,0.028569004
41508,0.5982831
41509,0.04113905
41510,0.04526078
41511,0.040947136
41512,0.21707545
41513,0.0407757
41514,0.0149094565
41515,0.040138196
41516,0.013964424
41517,0.024511075
41518,0.055298775
41519,0.057981547
41520,0.48904043
41521,0.40558824
41522,0.2203976
41523,0.6531789
41524,0.24192338
41525,0.24288747
41526,0.06780993
41527,0.033712044
41528,0.0293001
41529,0.031453308
41530,0.041560628
41531,0.038409825
41532,0.048048582
41533,0.48255122
41534,0.054809347
41535,0.40089586
41536,0.02687567
41537,0.057191275
41538,0.07180969
41539,0.065592386
41540,0.072504796
41541,0.040071674
41542,0.036546797
41543,0.065349355
41544,0.5648954
41545,0.42102426
41546,0.46987393
41547,0.437901
41548,0.07157238
41549,0.06971637
41550,0.05482622
41551,0.037808686
41552,0.018832097
41553,0.011316236
41554,0.032805428
41555,0.0601082
41556,0.063428186
41557,0.05481815
41558,0.068353735
41559,0.050721664
41560,0.24712746
41561,0.035379913
41562,0.0093624
41563,0.0593071
41564,0.06622825
41565,0.024257531
41566,0.0049621547
41567,0.21735716
41568,0.0671624
41569,0.049983907
41570,0.056737766
41571,0.05550464
41572,0.053285316
41573,0.033106714
41574,0.060132667
41575,0.058722604
41576,0.036007393
41577,0.00862742
41578,0.05902075
41579,0.010646687
41580,0.05555657
41581,0.028984701
41582,0.0610585
41583,0.030472199
41584,0.038397856
41585,0.012514778
41586,0.036303036
41587,0.06715851
41588,0.24361894
41589,0.496212
41590,0.05912112
41591,0.01650439
41592,0.025707146
41593,0.042531673
41594,0.012905821
41595,0.04874587
41596,0.06630932
41597,0.013286019
41598,0.027926529
41599,0.016684141
41600,0.010855467
41601,0.023257961
41602,0.05138067
41603,0.055185206
41604,0.41297245
41605,0.01233979
41606,0.015353754
41607,0.028197782
41608,0.05044446
41609,0.05534346
41610,0.43332416
41611,0.21597826
41612,0.011277719
41613,0.22585025
41614,0.032678574
41615,0.013666937
41616,0.050565057
41617,0.060949244
41618,0.041604552
41619,0.06988757
41620,0.01272942
41621,0.014888281
41622,0.023131263
41623,0.065872185
41624,0.046540957
41625,0.033664227
41626,0.015867973
41627,0.024376517
41628,0.04564665
41629,0.24268897
41630,0.027344497
41631,0.012678191
41632,0.016595108
41633,0.025748573
41634,0.04583022
41635,0.24198522
41636,0.04668043
41637,0.24021688
41638,0.055556584
41639,0.012629421
41640,0.040846158
41641,0.040950246
41642,0.024819737
41643,0.39598358
41644,0.23697843
41645,0.015823377
41646,0.055160925
41647,0.040806085
41648,0.009522636
41649,0.24297859
41650,0.5849323
41651,0.05963805
41652,0.055553466
41653,0.012153002
41654,0.05482622
41655,0.039844148
41656,0.038367517
41657,0.055890977
41658,0.05392159
41659,0.05800288
41660,0.55742836
41661,0.053111926
41662,0.054153323
41663,0.05295516
41664,0.06662009
41665,0.23981224
41666,0.051067717
41667,0.08676645
41668,0.05137936
41669,0.018824387
41670,0.053719692
41671,0.025570197
41672,0.02256547
41673,0.04290403
41674,0.044141002
41675,0.024465932
41676,0.044303708
41677,0.011618067
41678,0.23873512
41679,0.03168613
41680,0.03614679
41681,0.0126676215
41682,0.029304128
41683,0.05506935
41684,0.05825089
41685,0.0440775
41686,0.6400636
41687,0.047445863
41688,0.05748397
41689,0.04031499
41690,0.033106714
41691,0.039432455
41692,0.040124826
41693,0.011731035
41694,0.014553124
41695,0.24570225
41696,0.024059994
41697,0.009470537
41698,0.056878064
41699,0.05862407
41700,0.035598498
41701,0.040232647
41702,0.24346194
41703,0.038518384
41704,0.027830012
41705,0.22974843
41706,0.0481039
41707,0.012831491
41708,0.013535873
41709,0.04699321
41710,0.06725075
41711,0.055613473
41712,0.050860148
41713,0.04663794
41714,0.042123042
41715,0.06524623
41716,0.22103594
41717,0.01217656
41718,0.010626294
41719,0.011044551
41720,0.0163712
41721,0.01328113
41722,0.008489858
41723,0.012520334
41724,0.020531094
41725,0.04341978
41726,0.04071582
41727,0.059938822
41728,0.063620664
41729,0.24180363
41730,0.016343923
41731,0.010703383
41732,0.015760591
41733,0.01690104
41734,0.012577538
41735,0.028339172
41736,0.005619451
41737,0.011648405
41738,0.008515938
41739,0.045865778
41740,0.024576074
41741,0.039883047
41742,0.012337188
41743,0.05764557
41744,0.040888235
41745,0.0281204
41746,0.05554349
41747,0.009733957
41748,0.24325132
41749,0.045228943
41750,0.046083715
41751,0.047586516
41752,0.055233352
41753,0.019127682
41754,0.05432551
41755,0.012631132
41756,0.057739787
41757,0.06468086
41758,0.015541234
41759,0.014560693
41760,0.02871456
41761,0.028666759
41762,0.012308689
41763,0.024511075
41764,0.024508063
41765,0.053453896
41766,0.044519912
41767,0.028387861
41768,0.06560918
41769,0.021821097
41770,0.027244043
41771,0.041032933
41772,0.028388731
41773,0.2366021
41774,0.06623236
41775,0.01676942
41776,0.05507588
41777,0.017823199
