Index,demand
0,0.053436562
1,0.027431905
2,0.032345638
3,0.034248717
4,0.0615619
5,0.014329373
6,0.037939493
7,0.116326414
8,0.04756381
9,0.06559188
10,0.041867107
11,0.24997286
12,0.25390282
13,0.036762007
14,0.0813059
15,0.03524145
16,0.09343512
17,0.049612485
18,0.1079268
19,0.064452045
20,0.013885397
21,0.023175545
22,0.10904468
23,0.047326934
24,0.43389663
25,0.09910789
26,0.043755203
27,0.14354384
28,0.038322937
29,0.010437338
30,0.02576531
31,0.04459146
32,0.03051548
33,0.056133445
34,0.23522842
35,0.4236625
36,0.040337875
37,0.03970939
38,0.10795372
39,0.08731762
40,0.011043986
41,0.007184945
42,0.030103385
43,0.062898345
44,0.029863328
45,0.057407573
46,0.069743335
47,0.45359582
48,0.07455676
49,0.067068174
50,0.2569907
51,0.079549655
52,0.018326206
53,0.19024348
54,0.015615111
55,0.062477626
56,0.11957801
57,0.041658543
58,0.04275836
59,0.03441864
60,0.034943182
61,0.050861143
62,0.11220911
63,0.048932042
64,0.038218703
65,0.38688678
66,0.023615409
67,0.042877287
68,0.03506868
69,0.033900797
70,0.027176194
71,0.035430554
72,0.0078081517
73,0.06476267
74,0.04217137
75,0.030063266
76,0.05823332
77,0.11761235
78,0.13374732
79,0.039948374
80,0.04056215
81,0.012578209
82,0.014780378
83,0.08154768
84,0.07885482
85,0.04438797
86,0.1417404
87,0.39013165
88,0.068481065
89,0.051772803
90,0.015342618
91,0.02701962
92,0.07951596
93,0.10504166
94,0.16719484
95,0.022920495
96,0.066400684
97,0.045713335
98,0.012352989
99,0.007759752
100,0.023459243
101,0.03596909
102,0.029687181
103,0.14243852
104,0.042249624
105,0.037008364
106,0.03201663
107,0.08571648
108,0.42430845
109,0.04338704
110,0.025485631
111,0.042256035
112,0.0557898
113,0.052663207
114,0.022226097
115,0.12079262
116,0.15230967
117,0.089561336
118,0.08001573
119,0.041927192
120,0.025007032
121,0.027506916
122,0.028085675
123,0.028770784
124,0.0060766917
125,0.06118755
126,0.06510761
127,0.246048
128,0.036525395
129,0.069736466
130,0.033235494
131,0.0210139
132,0.015439312
133,0.028898316
134,0.04310597
135,0.030845884
136,0.08417693
137,0.16349466
138,0.24952345
139,0.040389854
140,0.050149493
141,0.096710265
142,0.053875845
143,0.017635176
144,0.07143877
145,0.014908808
146,0.013213687
147,0.020538623
148,0.075341284
149,0.023718076
150,0.020713164
151,0.021443684
152,0.06454145
153,0.061607994
154,0.14266188
155,0.1561142
156,0.2407568
157,0.060203943
158,0.04174705
159,0.01851018
160,0.04816037
161,0.037553124
162,0.08849486
163,0.04870557
164,0.62162846
165,0.133023
166,0.021763843
167,0.12119962
168,0.05065607
169,0.046826895
170,0.030580444
171,0.016020536
172,0.009592472
173,0.056567628
174,0.01496508
175,0.026343323
176,0.074608676
177,0.035450835
178,0.0828057
179,0.060351074
180,0.113691375
181,0.24375035
182,0.37352225
183,0.07920234
184,0.02966245
185,0.07419652
186,0.015975622
187,0.02794972
188,0.009075648
189,0.07966851
190,0.060689837
191,0.13675268
192,0.06514977
193,0.087498486
194,0.065033525
195,0.06829039
196,0.020808281
197,0.022577822
198,0.11255051
199,0.031117702
200,0.03976135
201,0.02459381
202,0.009805426
203,0.021082604
204,0.037672967
205,0.061987497
206,0.07723444
207,0.121372834
208,0.103645
209,0.18717022
210,0.11140153
211,0.13247114
212,0.013868783
213,0.090917975
214,0.052188855
215,0.009348564
216,0.044805225
217,0.109869525
218,0.02746843
219,0.026965506
220,0.053537972
221,0.03859122
222,0.020725545
223,0.045504436
224,0.06915925
225,0.035167307
226,0.07179727
227,0.01897007
228,0.021231048
229,0.052867193
230,0.04131887
231,0.039751906
232,0.061871845
233,0.13311084
234,0.27784044
235,0.12478786
236,0.13081782
237,0.071640074
238,0.08327897
239,0.080127075
240,0.08624252
241,0.06037506
242,0.029234607
243,0.29887968
244,0.07310998
245,0.074936494
246,0.054199815
247,0.078139976
248,0.017105052
249,0.02911779
250,0.010539407
251,0.016478634
252,0.022373565
253,0.04886189
254,0.110573374
255,0.058745485
256,0.04403351
257,0.12499292
258,0.50632465
259,0.100340545
260,0.01708481
261,0.24152909
262,0.06608139
263,0.3694399
264,0.13817942
265,0.08074732
266,0.018109825
267,0.04775661
268,0.042486202
269,0.086161934
270,0.24522404
271,0.06796872
272,0.37915257
273,0.09964139
274,0.05924772
275,0.016187215
276,0.01807007
277,0.053473413
278,0.048731104
279,0.019075776
280,0.15225963
281,0.24565168
282,0.14217107
283,0.08585971
284,0.033793952
285,0.09270259
286,0.17810263
287,0.24511284
288,0.055244114
289,0.06642993
290,0.021465695
291,0.083223216
292,0.5168241
293,0.028480714
294,0.06302772
295,0.30766553
296,0.27198437
297,0.011149597
298,0.014882499
299,0.029805195
300,0.05641937
301,0.14865068
302,0.24260561
303,0.103759654
304,0.10209362
305,0.26383957
306,0.24552079
307,0.13982895
308,0.24627517
309,0.37890586
310,0.092090316
311,0.02443637
312,0.041344836
313,0.068499394
314,0.057392012
315,0.1927396
316,0.81570345
317,0.007927755
318,0.07630843
319,0.4008273
320,0.013939815
321,0.049503118
322,0.2541796
323,0.012462019
324,0.038846936
325,0.07298377
326,0.023079848
327,0.032830216
328,0.17278616
329,0.07094438
330,0.08355826
331,0.17825025
332,0.16937433
333,0.24462783
334,0.2694802
335,0.13862836
336,0.03324185
337,0.28444618
338,0.2420665
339,0.15322934
340,0.8642119
341,0.37413478
342,0.26077116
343,0.02801674
344,0.11144068
345,0.07033708
346,0.022920173
347,0.011122098
348,0.015586106
349,0.038475554
350,0.0076991282
351,0.010675775
352,0.021722348
353,0.07707397
354,0.11838018
355,0.0936811
356,0.10319208
357,0.08669011
358,0.1594709
359,0.10554689
360,0.021889804
361,0.12947476
362,0.24774677
363,0.024480173
364,0.07532221
365,0.66329813
366,0.79188174
367,0.4085285
368,0.006118299
369,0.028808922
370,0.016190544
371,0.040555246
372,0.26367736
373,0.07698546
374,0.015306676
375,0.05903409
376,0.022186719
377,0.06367157
378,0.053447206
379,0.051385067
380,0.013132087
381,0.25301823
382,0.020725735
383,0.039373357
384,0.11688837
385,0.10560055
386,0.058388393
387,0.05612534
388,0.09989026
389,0.10924117
390,0.028670989
391,0.12699178
392,0.08914936
393,0.13886335
394,0.7756767
395,0.8881396
396,0.41761264
397,0.14851128
398,0.021174395
399,0.1299491
400,0.07825624
401,0.24856469
402,0.053850863
403,0.055332646
404,0.018171804
405,0.059884854
406,0.13707727
407,0.2483549
408,0.08627196
409,0.6341567
410,0.2593162
411,0.15514857
412,0.16043876
413,0.09639736
414,0.058493033
415,0.13374767
416,0.040864404
417,0.04033178
418,0.019822802
419,0.10798283
420,0.091258794
421,0.034374587
422,0.10334572
423,0.022841085
424,0.7626441
425,0.97250324
426,0.8350815
427,0.053868614
428,0.03871824
429,0.24359787
430,0.13107543
431,0.02197771
432,0.010782413
433,0.018170359
434,0.01924372
435,0.044141755
436,0.10549433
437,0.05192783
438,0.42479876
439,0.49157247
440,0.0707951
441,0.10299221
442,0.15132652
443,0.24853505
444,0.06452924
445,0.2589776
446,0.10604768
447,0.023192659
448,0.053876694
449,0.0999779
450,0.08791131
451,0.038438607
452,0.025790691
453,0.28915462
454,0.38746032
455,0.1634828
456,0.06695587
457,0.032650325
458,0.25083935
459,0.07770248
460,0.3030609
461,0.02406089
462,0.03384083
463,0.035094198
464,0.017093355
465,0.017587999
466,0.049225464
467,0.044578247
468,0.2664864
469,0.7610919
470,0.3910328
471,0.37463912
472,0.08906626
473,0.18809472
474,0.24510446
475,0.38731796
476,0.12609714
477,0.025693858
478,0.028478215
479,0.028366826
480,0.2430116
481,0.11786086
482,0.05317809
483,0.2583924
484,0.28567287
485,0.26763055
486,1.0115359
487,0.11811352
488,0.019439397
489,0.15919124
490,0.24330345
491,0.028832503
492,0.07306069
493,0.4455311
494,0.005834245
495,0.07538744
496,0.036086585
497,0.049227327
498,0.053497203
499,0.24263203
500,0.38817266
501,0.370237
502,0.4983215
503,0.37916556
504,0.16785267
505,0.16918103
506,0.2579821
507,0.014562762
508,0.021902641
509,0.13751638
510,0.09220141
511,0.057577174
512,0.17478143
513,0.17208192
514,0.49769512
515,0.1914684
516,0.009333389
517,0.08146295
518,0.12430785
519,0.08471346
520,0.05467234
521,0.009050604
522,0.01029721
523,0.012268683
524,0.032455035
525,0.060386345
526,0.100315236
527,0.10951017
528,0.13413955
529,0.37317282
530,0.7353258
531,0.3906433
532,0.4214635
533,0.6940608
534,0.103629015
535,0.019879462
536,0.03621954
537,0.062153038
538,0.1332692
539,0.18095113
540,0.069741026
541,0.022382164
542,0.06573595
543,0.15454885
544,0.019311508
545,0.0060884887
546,0.04688448
547,0.13350359
548,0.02294422
549,0.013719353
550,0.042272363
551,0.027037479
552,0.0101091545
553,0.036537543
554,0.08369873
555,0.05330503
556,0.08713141
557,0.2670084
558,0.37980133
559,0.3746805
560,0.95314115
561,0.60146695
562,0.3770612
563,0.07879678
564,0.03860317
565,0.020940864
566,0.057419777
567,0.11656859
568,0.019235943
569,0.038017355
570,0.42649698
571,0.061216645
572,0.01803056
573,0.07116424
574,0.044665787
575,0.08484025
576,0.06424629
577,0.056646425
578,0.015664965
579,0.053275716
580,0.012734192
581,0.014508711
582,0.023862269
583,0.081964836
584,0.11578117
585,0.5899877
586,0.3977849
587,0.24259703
588,0.9774695
589,0.37429655
590,0.43942386
591,0.1213124
592,0.042338677
593,0.019953161
594,0.037891462
595,0.04786845
596,0.036970418
597,0.028214388
598,0.061459385
599,0.4302228
600,0.11615612
601,0.25659588
602,0.05255865
603,0.092182286
604,0.14307144
605,0.12943396
606,0.2464573
607,0.037446328
608,0.026023895
609,0.04202856
610,0.16695361
611,0.5128887
612,0.37776837
613,0.3000695
614,0.14711276
615,0.39685494
616,0.14235061
617,0.092363074
618,0.027684247
619,0.056168627
620,0.03879766
621,0.08496067
622,0.26867798
623,0.07192256
624,0.25845262
625,0.031440247
626,0.069379464
627,0.17425556
628,0.042094506
629,0.011482806
630,0.11547472
631,0.16610023
632,0.035149593
633,0.23882167
634,0.24922694
635,0.07994691
636,0.08260479
637,0.02507571
638,0.09411417
639,0.106487095
640,0.054978613
641,0.104031615
642,0.23626657
643,0.03238521
644,0.02990814
645,0.013619629
646,0.13056949
647,0.011177655
648,0.016498778
649,0.10915583
650,0.03192855
651,0.028341401
652,0.13077565
653,0.04405898
654,0.06007708
655,0.007383596
656,0.080029994
657,0.16239133
658,0.3749061
659,0.39080796
660,0.034738533
661,0.01636851
662,0.019812554
663,0.022637919
664,0.08092163
665,0.017256346
666,0.06199336
667,0.12143295
668,0.013696356
669,0.03572889
670,0.020390678
671,0.015360018
672,0.0771718
673,0.10442534
674,0.28769264
675,0.012671261
676,0.015087939
677,0.07060583
678,0.060263064
679,0.091534175
680,0.25830674
681,0.041554905
682,0.010979701
683,0.010007314
684,0.10552432
685,0.024989985
686,0.019215612
687,0.077688046
688,0.12623772
689,0.048604544
690,0.022083657
691,0.0092584975
692,0.25312167
693,0.012749618
694,0.026197152
695,0.24376388
696,0.07124108
697,0.050575003
698,0.01652216
699,0.032909933
700,0.07418686
701,0.37242275
702,0.03256229
703,0.01919287
704,0.021696065
705,0.05618843
706,0.06088723
707,0.16460533
708,0.08370141
709,0.17725065
710,0.08747044
711,0.03241436
712,0.035123315
713,0.04148581
714,0.025624752
715,0.16066667
716,0.015789539
717,0.018887319
718,0.08679253
719,0.02049742
720,0.1175385
721,0.049841076
722,0.013542346
723,0.26803622
724,0.44903812
725,0.23898996
726,0.041499175
727,0.07814665
728,0.03298424
729,0.09743004
730,0.069397815
731,0.06419325
732,0.58076847
733,0.08259987
734,0.019465894
735,0.09800003
736,0.08627394
737,0.035643946
738,0.12902974
739,0.44109324
740,0.07735204
741,0.120685495
742,0.032590356
743,0.028660804
744,0.02021215
745,0.09855172
746,0.024074446
747,0.0059077605
748,0.022144495
749,0.05211025
750,0.03681725
751,0.017340755
752,0.048477534
753,0.014079634
754,0.10018482
755,0.025339475
756,0.03285367
757,0.013472675
758,0.036534354
759,0.08209611
760,0.10457496
761,0.027252577
762,0.055810537
763,0.49998805
764,0.06689008
765,0.082592726
766,0.033810146
767,0.03406138
768,0.049925726
769,0.16595744
770,0.03160514
771,0.016730417
772,0.011511737
773,0.049890704
774,0.11789056
775,0.020118576
776,0.24072339
777,0.052088164
778,0.019769596
779,0.057512265
780,0.29642525
781,0.024733165
782,0.026650354
783,0.018864153
784,0.045779217
785,0.04694807
786,0.24815346
787,0.06667258
788,0.005810133
789,0.015275028
790,0.071271844
791,0.15298109
792,0.08485061
793,0.073119715
794,0.05900726
795,0.024563096
796,0.04901094
797,0.1014931
798,0.25810236
799,0.08840311
800,0.008569712
801,0.023059884
802,0.023710499
803,0.010662628
804,0.019079052
805,0.013206073
806,0.02103724
807,0.010307578
808,0.013662877
809,0.017266953
810,0.020598387
811,0.02754873
812,0.057666466
813,0.050814576
814,0.121147074
815,0.0070918803
816,0.009497175
817,0.11726181
818,0.1095071
819,0.051158533
820,0.022030767
821,0.009467325
822,0.015348246
823,0.024552666
824,0.008149515
825,0.018836409
826,0.005562371
827,0.014689651
828,0.008195922
829,0.0053218827
830,0.0710128
831,0.033809554
832,0.011969029
833,0.012960404
834,0.011542006
835,0.011261578
836,0.010537009
837,0.070150726
838,0.029743982
839,0.044150908
840,0.008301214
841,0.026922042
842,0.013363445
843,0.09696518
844,0.0115309805
845,0.010641583
846,0.012761841
847,0.11729506
848,0.061607804
849,0.060170643
850,0.0610408
851,0.0060474565
852,0.07810388
853,0.01872572
854,0.011772374
855,0.060742997
856,0.039597627
857,0.11960799
858,0.0228357
859,0.035622843
860,0.028953653
861,0.027115269
862,0.011105043
863,0.009522293
864,0.013154421
865,0.009766159
866,0.02472984
867,0.011498522
868,0.03420242
869,0.06322228
870,0.028039651
871,0.11290234
872,0.020028861
873,0.021017766
874,0.014354312
875,0.012883777
876,0.0204998
877,0.05186259
878,0.020518925
879,0.014594227
880,0.021692416
881,0.009803884
882,0.0091561135
883,0.059322666
884,0.13338648
885,0.017609714
886,0.09140467
887,0.025124801
888,0.04767988
889,0.038004283
890,0.036245544
891,0.025302963
892,0.054547716
893,0.022596681
894,0.026326114
895,0.037277207
896,0.028933048
897,0.08837838
898,0.04198006
899,0.047826044
900,0.061650302
901,0.09428401
902,0.22710674
903,0.023713313
904,0.04373307
905,0.08026177
906,0.05507935
907,0.3779774
908,0.055633806
909,0.08947141
910,0.06316192
911,0.009128466
912,0.020836838
913,0.2384286
914,0.038696006
915,0.5354638
916,0.066868335
917,0.042785883
918,0.08818069
919,0.052523248
920,0.03321152
921,0.04453409
922,0.016379485
923,0.014257115
924,0.07250715
925,0.062060606
926,0.103495486
927,0.48100197
928,0.04438861
929,0.055667296
930,0.026822861
931,0.08296107
932,0.08054418
933,0.026057525
934,0.059466593
935,0.03712413
936,0.056746863
937,0.07164352
938,0.43324217
939,0.06677704
940,0.06412488
941,0.26675904
942,0.06882283
943,0.44049463
944,0.01853173
945,0.060841322
946,0.099512525
947,0.04971755
948,0.047565673
949,0.037994754
950,0.049461454
951,0.059023466
952,0.085542195
953,0.057752956
954,0.037620116
955,0.03797835
956,0.25253558
957,0.034879874
958,0.03192269
959,0.051369727
960,0.049124934
961,0.05601832
962,0.033404324
963,0.040034078
964,0.04685691
965,0.05704283
966,0.03117273
967,0.052364938
968,0.09634477
969,0.100804485
970,0.021127144
971,0.00519763
972,0.021126768
973,0.08191559
974,0.21915501
975,0.021731956
976,0.05241878
977,0.096006356
978,0.25258434
979,0.061264064
980,0.051100533
981,0.020845948
982,0.023015695
983,0.007014718
984,0.039255466
985,0.011010323
986,0.07113834
987,0.24732934
988,0.25582927
989,0.028281823
990,0.045045827
991,0.014746572
992,0.012260148
993,0.029412337
994,0.036752116
995,0.101763286
996,0.01674176
997,0.042853836
998,0.041602924
999,0.026233744
1000,0.063148946
1001,0.44709626
1002,0.007342026
1003,0.055116512
1004,0.02514053
1005,0.025714843
1006,0.04456283
1007,0.055729497
1008,0.03172097
1009,0.09439018
1010,0.10273016
1011,0.070146404
1012,0.06881441
1013,0.050347686
1014,0.00933029
1015,0.03366874
1016,0.034306206
1017,0.037023637
1018,0.005263953
1019,0.060810193
1020,0.056671835
1021,0.2155108
1022,0.018736986
1023,0.043776385
1024,0.032643285
1025,0.023363765
1026,0.020759363
1027,0.028747147
1028,0.04081121
1029,0.029790755
1030,0.0671554
1031,0.09592261
1032,0.119163826
1033,0.042816427
1034,0.043855637
1035,0.047131784
1036,0.071504176
1037,0.05692248
1038,0.021700058
1039,0.06049045
1040,0.021214593
1041,0.02918713
1042,0.064029366
1043,0.031138359
1044,0.029275276
1045,0.031558074
1046,0.058823414
1047,0.05798236
1048,0.22458567
1049,0.2115901
1050,0.22473742
1051,0.053153083
1052,0.04004601
1053,0.025084477
1054,0.05014545
1055,0.043476768
1056,0.06769772
1057,0.045954555
1058,0.530088
1059,0.08079351
1060,0.011675032
1061,0.08834952
1062,0.049112152
1063,0.049175564
1064,0.023029039
1065,0.021420123
1066,0.014914594
1067,0.056870997
1068,0.026673561
1069,0.018051408
1070,0.022280822
1071,0.024847478
1072,0.06662632
1073,0.041383773
1074,0.06862995
1075,0.055528075
1076,0.08356819
1077,0.08860327
1078,0.3824577
1079,0.062486663
1080,0.028308293
1081,0.06727454
1082,0.021812344
1083,0.039659873
1084,0.019753514
1085,0.06216719
1086,0.053658836
1087,0.080499
1088,0.044931877
1089,0.071863756
1090,0.04675762
1091,0.05701485
1092,0.031978495
1093,0.023430614
1094,0.024408536
1095,0.08170079
1096,0.011268042
1097,0.03487041
1098,0.05161512
1099,0.033231508
1100,0.014842003
1101,0.013417617
1102,0.028649293
1103,0.037362143
1104,0.057715666
1105,0.06347244
1106,0.09613663
1107,0.07479962
1108,0.09232823
1109,0.087779514
1110,0.092997566
1111,0.019512456
1112,0.07200335
1113,0.010360204
1114,0.049067978
1115,0.010604267
1116,0.040417213
1117,0.077937156
1118,0.03442028
1119,0.026308553
1120,0.04885913
1121,0.03934136
1122,0.018734412
1123,0.047071736
1124,0.06306858
1125,0.03485705
1126,0.059932493
1127,0.030244801
1128,0.030879997
1129,0.055751707
1130,0.011729221
1131,0.040287588
1132,0.059261702
1133,0.058384933
1134,0.098612644
1135,0.51788735
1136,0.07345134
1137,0.083295286
1138,0.059955176
1139,0.067040876
1140,0.06799186
1141,0.071339145
1142,0.052429363
1143,0.010826775
1144,0.025002351
1145,0.2447587
1146,0.06288197
1147,0.06760936
1148,0.054690868
1149,0.067655906
1150,0.022796867
1151,0.030947268
1152,0.0136498
1153,0.02619847
1154,0.040975362
1155,0.086048305
1156,0.055539034
1157,0.041671358
1158,0.07924012
1159,0.5922511
1160,0.07437526
1161,0.026766324
1162,0.2212496
1163,0.05694604
1164,0.24864303
1165,0.24991634
1166,0.06446362
1167,0.04766219
1168,0.04230234
1169,0.06681766
1170,0.22741035
1171,0.046630915
1172,0.23598583
1173,0.073615685
1174,0.05637457
1175,0.018337838
1176,0.010522793
1177,0.023007307
1178,0.024987381
1179,0.049988635
1180,0.05380724
1181,0.0213106
1182,0.081408925
1183,0.09107987
1184,0.08581872
1185,0.06752059
1186,0.033530492
1187,0.07108395
1188,0.23519666
1189,0.2399363
1190,0.05165071
1191,0.010577017
1192,0.05116927
1193,0.027146552
1194,0.06279633
1195,0.52909166
1196,0.03769624
1197,0.060361777
1198,0.24997555
1199,0.23355715
1200,0.021625783
1201,0.008625417
1202,0.039718
1203,0.0526585
1204,0.08590027
1205,0.10321383
1206,0.072572835
1207,0.06650533
1208,0.23344216
1209,0.22924337
1210,0.083064795
1211,0.2405706
1212,0.3898189
1213,0.07380533
1214,0.02495885
1215,0.04340602
1216,0.060343083
1217,0.05226527
1218,0.09697371
1219,0.49833763
1220,0.010517437
1221,0.050271593
1222,0.41241518
1223,0.017178457
1224,0.045497242
1225,0.246641
1226,0.013843739
1227,0.018228753
1228,0.044458184
1229,0.06445249
1230,0.023185438
1231,0.03989112
1232,0.005539955
1233,0.10178569
1234,0.046287086
1235,0.067708425
1236,0.090366445
1237,0.09426137
1238,0.24325828
1239,0.40537956
1240,0.25280026
1241,0.032955863
1242,0.23635657
1243,0.2162594
1244,0.08766631
1245,0.5297091
1246,0.42370957
1247,0.25188443
1248,0.0061936355
1249,0.028454926
1250,0.08597222
1251,0.0612942
1252,0.03058088
1253,0.02077263
1254,0.017611643
1255,0.04966234
1256,0.014585563
1257,0.027712254
1258,0.05857463
1259,0.074494846
1260,0.07174179
1261,0.075399235
1262,0.06983385
1263,0.08973975
1264,0.07424071
1265,0.030462869
1266,0.07816333
1267,0.24651775
1268,0.023641076
1269,0.05889881
1270,0.6289633
1271,0.53423923
1272,0.6357899
1273,0.008584932
1274,0.031259168
1275,0.024466634
1276,0.05583158
1277,0.24604721
1278,0.068094246
1279,0.020625614
1280,0.057786535
1281,0.00932162
1282,0.05455146
1283,0.052602883
1284,0.045587182
1285,0.017206907
1286,0.24744534
1287,0.023491152
1288,0.034591638
1289,0.08347352
1290,0.08192136
1291,0.048706807
1292,0.047621544
1293,0.07865988
1294,0.0810421
1295,0.030218534
1296,0.08918282
1297,0.06916161
1298,0.07496461
1299,0.49092954
1300,0.4972635
1301,0.5461371
1302,0.014588835
1303,0.06360013
1304,0.03286786
1305,0.25301665
1306,0.06308939
1307,0.095472366
1308,0.045004275
1309,0.05681124
1310,0.025033947
1311,0.06161674
1312,0.07868199
1313,0.22919983
1314,0.07076988
1315,0.48587534
1316,0.25215203
1317,0.086960495
1318,0.09118431
1319,0.07304888
1320,0.05438366
1321,0.08218036
1322,0.040419564
1323,0.03629254
1324,0.027592298
1325,0.07605412
1326,0.07619005
1327,0.04957454
1328,0.073874764
1329,0.03017008
1330,0.50221914
1331,0.51797146
1332,0.5400973
1333,0.04206539
1334,0.22077052
1335,0.2460287
1336,0.030693868
1337,0.024788562
1338,0.02333442
1339,0.038707446
1340,0.076457515
1341,0.04738301
1342,0.41049728
1343,0.47107047
1344,0.06605926
1345,0.07598073
1346,0.0699111
1347,0.096747056
1348,0.058156285
1349,0.35942206
1350,0.082713775
1351,0.036034603
1352,0.05521398
1353,0.074555956
1354,0.06689823
1355,0.042623147
1356,0.4759878
1357,0.41590935
1358,0.087165
1359,0.058532745
1360,0.030778961
1361,0.07778432
1362,0.012755042
1363,0.0645652
1364,0.09006308
1365,0.033141583
1366,0.03904814
1367,0.04007381
1368,0.023533126
1369,0.02368954
1370,0.04217355
1371,0.042144686
1372,0.36610064
1373,0.647805
1374,0.42189816
1375,0.24395424
1376,0.071627215
1377,0.08608597
1378,0.22369173
1379,0.45394817
1380,0.05543702
1381,0.03270038
1382,0.037477825
1383,0.03425623
1384,0.091192104
1385,0.23939806
1386,0.058034483
1387,0.26437336
1388,0.2458221
1389,0.22166479
1390,0.49813646
1391,0.08591099
1392,0.023790203
1393,0.082886264
1394,0.09986634
1395,0.025981141
1396,0.057305153
1397,0.47913784
1398,0.06175885
1399,0.037568882
1400,0.03842492
1401,0.045197077
1402,0.0890045
1403,0.3995773
1404,0.24696998
1405,0.44795418
1406,0.40044194
1407,0.08943545
1408,0.22766799
1409,0.24690183
1410,0.03114878
1411,0.10013521
1412,0.06986661
1413,0.048638728
1414,0.25359753
1415,0.247544
1416,0.051407076
1417,0.4658599
1418,0.24712086
1419,0.0147889
1420,0.07028101
1421,0.08334093
1422,0.069162175
1423,0.046878967
1424,0.01509351
1425,0.013128873
1426,0.021631474
1427,0.032233607
1428,0.055627134
1429,0.07325279
1430,0.07689634
1431,0.085546784
1432,0.38526976
1433,0.571317
1434,0.4008537
1435,0.39105514
1436,0.5937701
1437,0.07891713
1438,0.025128055
1439,0.051330727
1440,0.056916144
1441,0.08835943
1442,0.094381064
1443,0.060833525
1444,0.029995421
1445,0.05833257
1446,0.088538334
1447,0.024029199
1448,0.041621514
1449,0.07525626
1450,0.021730468
1451,0.03941404
1452,0.024801884
1453,0.019208388
1454,0.01585375
1455,0.035264462
1456,0.068001285
1457,0.052053813
1458,0.068833195
1459,0.23122883
1460,0.22623958
1461,0.3965146
1462,0.61036
1463,0.5443441
1464,0.4023008
1465,0.06867701
1466,0.043789443
1467,0.02589189
1468,0.04919632
1469,0.07465559
1470,0.021959925
1471,0.0353377
1472,0.47998098
1473,0.04841893
1474,0.021816235
1475,0.06060472
1476,0.046737045
1477,0.06858943
1478,0.04364933
1479,0.049803607
1480,0.021921502
1481,0.046852924
1482,0.031385947
1483,0.06948125
1484,0.08388641
1485,0.48943654
1486,0.42218772
1487,0.23367143
1488,0.49292943
1489,0.38072944
1490,0.52827114
1491,0.08975413
1492,0.040124085
1493,0.027589269
1494,0.037528206
1495,0.045973007
1496,0.039866596
1497,0.035556808
1498,0.060331967
1499,0.46497187
1500,0.07537548
1501,0.3840034
1502,0.03748854
1503,0.06703991
1504,0.08488904
1505,0.0902634
1506,0.097229786
1507,0.042513255
1508,0.041540198
1509,0.22910656
1510,0.59115416
1511,0.4052841
1512,0.58317405
1513,0.10267248
1514,0.38303563
1515,0.09699451
1516,0.071611874
1517,0.02650927
1518,0.0429486
1519,0.034487862
1520,0.07603899
1521,0.23116083
1522,0.06553947
1523,0.24027099
1524,0.03249143
1525,0.05828553
1526,0.09975989
1527,0.040484995
1528,0.01418616
1529,0.08724132
1530,0.088832185
1531,0.034157578
1532,0.21750523
1533,0.088571765
1534,0.067756794
1535,0.066821285
1536,0.033105753
1537,0.0710635
1538,0.06886942
1539,0.04181552
1540,0.07837915
1541,0.21802649
1542,0.035000607
1543,0.030813156
1544,0.081525475
1545,0.015751986
1546,0.0131919915
1547,0.08040289
1548,0.041166294
1549,0.034342274
1550,0.09222434
1551,0.03744605
1552,0.046583243
1553,0.011206643
1554,0.048272803
1555,0.0854534
1556,0.42486084
1557,0.26492244
1558,0.055934582
1559,0.023567766
1560,0.05909072
1561,0.021190725
1562,0.057606928
1563,0.09002261
1564,0.020517724
1565,0.033115238
1566,0.020583402
1567,0.02407244
1568,0.026269797
1569,0.063693896
1570,0.073291644
1571,0.25020468
1572,0.020456754
1573,0.019408856
1574,0.038736347
1575,0.05790722
1576,0.06736946
1577,0.25272423
1578,0.06035534
1579,0.011149801
1580,0.013999093
1581,0.08190494
1582,0.03659034
1583,0.02163484
1584,0.06333146
1585,0.09412826
1586,0.046605628
1587,0.011962762
1588,0.010475691
1589,0.095983975
1590,0.009836136
1591,0.01742427
1592,0.029829647
1593,0.08844065
1594,0.060700353
1595,0.041568946
1596,0.022965536
1597,0.03317049
1598,0.06052109
1599,0.25297806
1600,0.0330679
1601,0.023290424
1602,0.031082317
1603,0.044194806
1604,0.055153288
1605,0.092942365
1606,0.0643083
1607,0.09418082
1608,0.0667039
1609,0.033605278
1610,0.0139689585
1611,0.04326326
1612,0.043612625
1613,0.24175398
1614,0.022407092
1615,0.023991354
1616,0.077392
1617,0.023851644
1618,0.07199141
1619,0.046991255
1620,0.009411243
1621,0.017080752
1622,0.25329164
1623,0.56600004
1624,0.07601328
1625,0.055973012
1626,0.06526821
1627,0.04235644
1628,0.030024221
1629,0.07509278
1630,0.06399845
1631,0.062283907
1632,0.6793233
1633,0.0657839
1634,0.021825546
1635,0.074061014
1636,0.06827057
1637,0.038858093
1638,0.08724394
1639,0.5318929
1640,0.06451748
1641,0.087788746
1642,0.030346308
1643,0.01589431
1644,0.046912182
1645,0.027468309
1646,0.076285325
1647,0.032440256
1648,0.028819878
1649,0.049192026
1650,0.05063374
1651,0.025509905
1652,0.050267123
1653,0.0144836
1654,0.02167871
1655,0.08141012
1656,0.039808016
1657,0.01732411
1658,0.036801893
1659,0.065124616
1660,0.076409735
1661,0.026264004
1662,0.049517535
1663,0.4672672
1664,0.058496922
1665,0.06989959
1666,0.03769112
1667,0.04256351
1668,0.04718204
1669,0.011853628
1670,0.014614364
1671,0.25817654
1672,0.032513876
1673,0.023064004
1674,0.045581095
1675,0.07653228
1676,0.025505174
1677,0.011141815
1678,0.22417642
1679,0.04402548
1680,0.029834649
1681,0.04909973
1682,0.39246497
1683,0.025455408
1684,0.008396896
1685,0.026493395
1686,0.012239397
1687,0.043512452
1688,0.007747241
1689,0.03631207
1690,0.0892296
1691,0.058988485
1692,0.008446425
1693,0.018732332
1694,0.021039505
1695,0.060339388
1696,0.22762607
1697,0.06601183
1698,0.06135819
1699,0.05588598
1700,0.0316808
1701,0.047012117
1702,0.016140334
1703,0.058705118
1704,0.24284701
1705,0.07700592
1706,0.010692999
1707,0.033640757
1708,0.020199686
1709,0.01702061
1710,0.022157464
1711,0.018985914
1712,0.026351737
1713,0.012824225
1714,0.021401968
1715,0.028270531
1716,0.05306469
1717,0.045269925
1718,0.077530384
1719,0.009114544
1720,0.009345697
1721,0.0933458
1722,0.009251709
1723,0.094467774
1724,0.008684039
1725,0.030725438
1726,0.019731497
1727,0.022432169
1728,0.012386793
1729,0.021457914
1730,0.020031806
1731,0.008724482
1732,0.008001673
1733,0.059123322
1734,0.040691182
1735,0.02083974
1736,0.051891975
1737,0.02040097
1738,0.010444904
1739,0.014097197
1740,0.014325454
1741,0.060825463
1742,0.032863747
1743,0.044309895
1744,0.012988613
1745,0.010310859
1746,0.034507904
1747,0.010254642
1748,0.017358292
1749,0.015008793
1750,0.07517723
1751,0.019694354
1752,0.013594299
1753,0.015337685
1754,0.090276666
1755,0.05934967
1756,0.052953184
1757,0.05514836
1758,0.00499301
1759,0.06788515
1760,0.025618127
1761,0.014231368
1762,0.058547255
1763,0.014759773
1764,0.05810714
1765,0.092062324
1766,0.018873084
1767,0.031672325
1768,0.034735836
1769,0.030945472
1770,0.031208081
1771,0.006400391
1772,0.016465299
1773,0.01773774
1774,0.007571768
1775,0.013417599
1776,0.03401018
1777,0.013808846
1778,0.010055706
1779,0.053431455
1780,0.055996083
1781,0.034150362
1782,0.007201709
1783,0.081603855
1784,0.029068653
1785,0.020849481
1786,0.022545341
1787,0.0055499654
1788,0.021548033
1789,0.048364434
1790,0.02386866
1791,0.021255646
1792,0.030424524
1793,0.020806823
1794,0.0107761705
1795,0.041634522
1796,0.05845036
1797,0.08497782
1798,0.008763884
1799,0.022778278
1800,0.06837293
1801,0.016821671
1802,0.041888613
1803,0.03493702
1804,0.025453072
1805,0.03962583
1806,0.047701523
1807,0.013367723
1808,0.036873374
1809,0.042841777
1810,0.033016372
1811,0.063448556
1812,0.058521084
1813,0.028272888
1814,0.057239145
1815,0.041782357
1816,0.22753973
1817,0.21424347
1818,0.07546352
1819,0.057876173
1820,0.06939414
1821,0.06194297
1822,0.073102735
1823,0.054275263
1824,0.018988486
1825,0.031156665
1826,0.057009157
1827,0.031299673
1828,0.6143368
1829,0.058327112
1830,0.04349172
1831,0.061008394
1832,0.052106757
1833,0.006035994
1834,0.0066056196
1835,0.028382858
1836,0.041770205
1837,0.038165115
1838,0.023209961
1839,0.021039428
1840,0.06715102
1841,0.06593717
1842,0.25480613
1843,0.45796597
1844,0.039041284
1845,0.06871098
1846,0.071791105
1847,0.014862797
1848,0.012603573
1849,0.051020842
1850,0.053308267
1851,0.059334826
1852,0.46945173
1853,0.06659525
1854,0.06589678
1855,0.41780585
1856,0.067920834
1857,0.5031287
1858,0.01627267
1859,0.051798526
1860,0.07193563
1861,0.047989726
1862,0.045088153
1863,0.034047082
1864,0.05711527
1865,0.026329078
1866,0.06160842
1867,0.06889093
1868,0.06011427
1869,0.051820107
1870,0.23700982
1871,0.04311173
1872,0.05035147
1873,0.050920386
1874,0.059135612
1875,0.030531717
1876,0.036575522
1877,0.04068063
1878,0.026191553
1879,0.06864532
1880,0.030166596
1881,0.073990785
1882,0.05089897
1883,0.039865486
1884,0.013788264
1885,0.078220025
1886,0.06667974
1887,0.058273826
1888,0.074346825
1889,0.5181643
1890,0.0056868345
1891,0.057000093
1892,0.04854108
1893,0.020898141
1894,0.014367282
1895,0.03729383
1896,0.0065901037
1897,0.07800871
1898,0.06292513
1899,0.07021969
1900,0.24091928
1901,0.022464417
1902,0.019547269
1903,0.042221043
1904,0.02505464
1905,0.03393067
1906,0.06853141
1907,0.025184866
1908,0.040949386
1909,0.049903333
1910,0.041773077
1911,0.06025834
1912,0.4860751
1913,0.05823245
1914,0.017065216
1915,0.019744879
1916,0.039346084
1917,0.052453026
1918,0.028382858
1919,0.06665527
1920,0.07882579
1921,0.05951999
1922,0.060780462
1923,0.050099377
1924,0.00578049
1925,0.03130127
1926,0.029338293
1927,0.034450736
1928,0.057827212
1929,0.050887316
1930,0.21136169
1931,0.013455568
1932,0.035295505
1933,0.026884565
1934,0.01647365
1935,0.018422564
1936,0.023037322
1937,0.039182473
1938,0.023028152
1939,0.054976676
1940,0.072548315
1941,0.38921344
1942,0.040829446
1943,0.038332727
1944,0.041271284
1945,0.06009052
1946,0.054628678
1947,0.0140175745
1948,0.050329424
1949,0.0139016155
1950,0.029584711
1951,0.0639803
1952,0.026160726
1953,0.022979937
1954,0.030465562
1955,0.051739484
1956,0.051433377
1957,0.21942446
1958,0.06243215
1959,0.06699702
1960,0.050331723
1961,0.03792218
1962,0.016300302
1963,0.0485201
1964,0.04168379
1965,0.07020046
1966,0.04178173
1967,0.56518775
1968,0.21107444
1969,0.027164586
1970,0.06015457
1971,0.046075977
1972,0.045439146
1973,0.017943675
1974,0.015060854
1975,0.009795202
1976,0.051727984
1977,0.026891274
1978,0.016121317
1979,0.015992254
1980,0.05707874
1981,0.040829446
1982,0.055500694
1983,0.051102474
1984,0.061001103
1985,0.21934344
1986,0.24092472
1987,0.05270527
1988,0.02141515
1989,0.05864058
1990,0.014063619
1991,0.008016089
1992,0.032836612
1993,0.058548536
1994,0.04988998
1995,0.06669493
1996,0.03843756
1997,0.061068032
1998,0.03760364
1999,0.04996939
2000,0.036812715
2001,0.01587798
2002,0.016579552
2003,0.06586986
2004,0.014076474
2005,0.054351397
2006,0.031326033
2007,0.010220878
2008,0.02172359
2009,0.034561586
2010,0.050021783
2011,0.05336959
2012,0.06852174
2013,0.057877246
2014,0.22848277
2015,0.06692192
2016,0.06623874
2017,0.011318037
2018,0.057621434
2019,0.013253865
2020,0.046196826
2021,0.038875796
2022,0.057676233
2023,0.031242752
2024,0.0186602
2025,0.042376507
2026,0.037859928
2027,0.012372896
2028,0.046123926
2029,0.058157988
2030,0.031155098
2031,0.049927946
2032,0.021742098
2033,0.030736728
2034,0.05323212
2035,0.020732384
2036,0.035440657
2037,0.06249017
2038,0.051391125
2039,0.07091637
2040,0.5275305
2041,0.058129326
2042,0.061038233
2043,0.051161405
2044,0.053488
2045,0.05598109
2046,0.058553323
2047,0.046529237
2048,0.008924617
2049,0.017531829
2050,0.3930664
2051,0.053200398
2052,0.05810532
2053,0.050730128
2054,0.05573611
2055,0.016339462
2056,0.02439724
2057,0.019355625
2058,0.037230663
2059,0.07575015
2060,0.05142065
2061,0.040732253
2062,0.060271297
2063,0.60777444
2064,0.05191731
2065,0.013795884
2066,0.064053215
2067,0.05015338
2068,0.23017578
2069,0.23710647
2070,0.051649336
2071,0.042749036
2072,0.04234654
2073,0.062486965
2074,0.072020635
2075,0.03785034
2076,0.22866613
2077,0.05745179
2078,0.054061413
2079,0.021576481
2080,0.014713018
2081,0.018028976
2082,0.04603426
2083,0.051333033
2084,0.014107599
2085,0.066359185
2086,0.069328964
2087,0.06734256
2088,0.0567209
2089,0.03118575
2090,0.061801065
2091,0.059799362
2092,0.22878051
2093,0.048631728
2094,0.013581065
2095,0.043357443
2096,0.020107957
2097,0.05097745
2098,0.56883377
2099,0.03696485
2100,0.057878044
2101,0.2398253
2102,0.21683972
2103,0.01608056
2104,0.0114363665
2105,0.014598798
2106,0.037561405
2107,0.04527153
2108,0.05416144
2109,0.07608054
2110,0.055244412
2111,0.057447918
2112,0.2232922
2113,0.06918889
2114,0.06783586
2115,0.07523741
2116,0.23291399
2117,0.057418205
2118,0.043279503
2119,0.057990022
2120,0.047240138
2121,0.068618946
2122,0.45121446
2123,0.008860992
2124,0.0061512846
2125,0.039362453
2126,0.40511063
2127,0.042209372
2128,0.23513593
2129,0.012305178
2130,0.042382307
2131,0.055086337
2132,0.01488701
2133,0.038397785
2134,0.071503684
2135,0.038201787
2136,0.054935444
2137,0.22265941
2138,0.06690158
2139,0.07041188
2140,0.3729586
2141,0.06897828
2142,0.026772616
2143,0.2309123
2144,0.06098909
2145,0.066700295
2146,0.49002534
2147,0.48270044
2148,0.23924379
2149,0.005586443
2150,0.023471674
2151,0.06627964
2152,0.021206737
2153,0.051329877
2154,0.026311858
2155,0.025975844
2156,0.011145408
2157,0.048314694
2158,0.008393231
2159,0.010278544
2160,0.0312124
2161,0.0482119
2162,0.056929983
2163,0.05836445
2164,0.060941357
2165,0.0586455
2166,0.22004436
2167,0.20944102
2168,0.026541965
2169,0.061003413
2170,0.22823638
2171,0.016285198
2172,0.049790017
2173,0.48091248
2174,0.4803746
2175,0.6316327
2176,0.005890975
2177,0.026023911
2178,0.015655646
2179,0.05857263
2180,0.23819791
2181,0.058200855
2182,0.015540253
2183,0.013673387
2184,0.048536286
2185,0.051392857
2186,0.04202515
2187,0.010738142
2188,0.24020357
2189,0.01589554
2190,0.029101478
2191,0.061135214
2192,0.06097252
2193,0.044197693
2194,0.040988095
2195,0.06753511
2196,0.058007155
2197,0.024603311
2198,0.06908889
2199,0.059911847
2200,0.06266034
2201,0.5227285
2202,0.68492085
2203,0.55782634
2204,0.022666834
2205,0.051401004
2206,0.026407808
2207,0.007537635
2208,0.06683078
2209,0.056517165
2210,0.07230703
2211,0.038386103
2212,0.05656049
2213,0.016850375
2214,0.05811781
2215,0.060514633
2216,0.22213003
2217,0.06605273
2218,0.49307495
2219,0.23313455
2220,0.21879548
2221,0.0711536
2222,0.057188336
2223,0.050273973
2224,0.06284672
2225,0.038383
2226,0.031482343
2227,0.021465376
2228,0.070218064
2229,0.06687527
2230,0.050667375
2231,0.06129249
2232,0.023040157
2233,0.49535477
2234,0.6779007
2235,0.5070217
2236,0.060560208
2237,0.041733734
2238,0.21880887
2239,0.07464373
2240,0.026576819
2241,0.013849939
2242,0.015658632
2243,0.015428567
2244,0.032307744
2245,0.057760097
2246,0.04174163
2247,0.39621967
2248,0.4952109
2249,0.055078402
2250,0.061387848
2251,0.057590064
2252,0.075141996
2253,0.05454661
2254,0.3882694
2255,0.060910515
2256,0.03552026
2257,0.056675162
2258,0.061502118
2259,0.06010197
2260,0.04096604
2261,0.02725636
2262,0.2487471
2263,0.40851045
2264,0.2249507
2265,0.054741498
2266,0.026886651
2267,0.061855152
2268,0.017640121
2269,0.05383218
2270,0.06962507
2271,0.030126393
2272,0.03785034
2273,0.039835773
2274,0.014954414
2275,0.016423803
2276,0.03827743
2277,0.038534544
2278,0.2282834
2279,0.59975463
2280,0.235871
2281,0.23138781
2282,0.06319787
2283,0.21904637
2284,0.071567185
2285,0.4965866
2286,0.051008977
2287,0.027479738
2288,0.035923377
2289,0.031209528
2290,0.07058013
2291,0.056816973
2292,0.06181774
2293,0.08627348
2294,0.4321146
2295,0.22075249
2296,0.538783
2297,0.07047101
2298,0.016014906
2299,0.066716865
2300,0.08119557
2301,0.04861907
2302,0.476034
2303,0.052436303
2304,0.033975955
2305,0.03437651
2306,0.040777966
2307,0.066673495
2308,0.39626724
2309,0.35453913
2310,0.5047095
2311,0.38655797
2312,0.07179035
2313,0.06872808
2314,0.23320375
2315,0.026728336
2316,0.0697144
2317,0.054256644
2318,0.042580463
2319,0.23321328
2320,0.23940863
2321,0.048880614
2322,0.18269593
2323,0.23535155
2324,0.05774335
2325,0.060963802
2326,0.058057077
2327,0.042382307
2328,0.011187243
2329,0.0086620385
2330,0.013849589
2331,0.027393535
2332,0.048837814
2333,0.0589249
2334,0.05851997
2335,0.06974336
2336,0.3903942
2337,0.6580977
2338,0.40752825
2339,0.23517738
2340,0.51153445
2341,0.056912523
2342,0.054065887
2343,0.053936202
2344,0.0697783
2345,0.06780965
2346,0.052808557
2347,0.026362672
2348,0.0051721954
2349,0.051386308
2350,0.06706111
2351,0.04018408
2352,0.059640016
2353,0.013800604
2354,0.036700364
2355,0.017085947
2356,0.026405156
2357,0.010710484
2358,0.030661425
2359,0.056600805
2360,0.048654284
2361,0.05523775
2362,0.22288747
2363,0.21586488
2364,0.35667956
2365,0.66105837
2366,0.6385527
2367,0.35659713
2368,0.06308581
2369,0.041201968
2370,0.018248992
2371,0.043110624
2372,0.062901415
2373,0.01401487
2374,0.008995777
2375,0.030540146
2376,0.49138796
2377,0.042245213
2378,0.015372611
2379,0.05202059
2380,0.042555008
2381,0.061955858
2382,0.03498625
2383,0.042729195
2384,0.04097977
2385,0.0206654
2386,0.021836834
2387,0.02637134
2388,0.05754199
2389,0.061265398
2390,0.51159006
2391,0.40350935
2392,0.06915427
2393,0.451964
2394,0.39128396
2395,0.4476244
2396,0.06181774
2397,0.037949607
2398,0.03207039
2399,0.0430058
2400,0.03910739
2401,0.050242234
2402,0.49302027
2403,0.058679406
2404,0.23574834
2405,0.030252425
2406,0.06319982
2407,0.068552434
2408,0.06924051
2409,0.077165484
2410,0.041024115
2411,0.03289257
2412,0.038183387
2413,0.0676984
2414,0.52236795
2415,0.3651645
2416,0.548363
2417,0.23148955
2418,0.4329241
2419,0.07019254
2420,0.05775037
2421,0.038424306
2422,0.011696284
2423,0.02841982
2424,0.0118725505
2425,0.037576526
2426,0.029750347
2427,0.069462106
2428,0.06983375
2429,0.05747617
2430,0.23323222
2431,0.026189959
2432,0.05290896
2433,0.23059858
2434,0.03827743
2435,0.010664586
2436,0.009791318
2437,0.06435694
2438,0.0679359
2439,0.02895168
2440,0.21044135
2441,0.059911158
2442,0.05580429
2443,0.05920122
2444,0.058192745
2445,0.05613521
2446,0.035192132
2447,0.06786996
2448,0.06119844
2449,0.03830531
2450,0.025654968
2451,0.02096028
2452,0.061967738
2453,0.011035287
2454,0.01815753
2455,0.056927375
2456,0.0068723257
2457,0.03774475
2458,0.031302083
2459,0.06706598
2460,0.032425962
2461,0.039782897
2462,0.008438793
2463,0.037709884
2464,0.06375853
2465,0.35733747
2466,0.38894355
2467,0.060734622
2468,0.04561183
2469,0.013412507
2470,0.051305678
2471,0.071786724
2472,0.013301801
2473,0.030078396
2474,0.013672841
2475,0.03354496
2476,0.023321025
2477,0.013325107
2478,0.029740054
2479,0.053882454
2480,0.05770368
2481,0.39471698
2482,0.013655433
2483,0.030446393
2484,0.055433657
2485,0.05724161
2486,0.23620185
2487,0.062406633
2488,0.012140593
2489,0.068248086
2490,0.013974731
2491,0.05454104
2492,0.21453723
2493,0.045182474
2494,0.016992796
2495,0.023003027
2496,0.013815498
2497,0.23665154
2498,0.025908684
2499,0.01379639
2500,0.024586745
2501,0.06749766
2502,0.051805276
2503,0.037237413
2504,0.015748076
2505,0.02603231
2506,0.05149036
2507,0.07586631
2508,0.02941404
2509,0.016433286
2510,0.028539035
2511,0.038297534
2512,0.050472572
2513,0.070197195
2514,0.05064476
2515,0.22784705
2516,0.057794087
2517,0.029084846
2518,0.041802272
2519,0.041752875
2520,0.03199674
2521,0.068803534
2522,0.015799843
2523,0.01566784
2524,0.05685315
2525,0.015584279
2526,0.058223505
2527,0.04214985
2528,0.010332986
2529,0.23987204
2530,0.5915035
2531,0.061218947
2532,0.057598013
2533,0.010542645
2534,0.057742406
2535,0.04202157
2536,0.040207274
2537,0.05627447
2538,0.058060765
2539,0.059643276
2540,0.68700933
2541,0.05548286
2542,0.014050976
2543,0.057235304
2544,0.055623382
2545,0.015712429
2546,0.0353034
2547,0.0726909
2548,0.48635638
2549,0.05402395
2550,0.07138071
2551,0.024997398
2552,0.05373939
2553,0.019699099
2554,0.056052357
2555,0.027606368
2556,0.023041429
2557,0.0050410978
2558,0.045340344
2559,0.050397772
2560,0.048834767
2561,0.015393789
2562,0.063593164
2563,0.033976723
2564,0.038500268
2565,0.013570652
2566,0.0310701
2567,0.058587965
2568,0.062329873
2569,0.019138612
2570,0.04815507
2571,0.4846404
2572,0.051588282
2573,0.05953892
2574,0.03580512
2575,0.03582841
2576,0.041849222
2577,0.042752907
2578,0.020490268
2579,0.023889257
2580,0.100057386
2581,0.0255383
2582,0.014721495
2583,0.042338364
2584,0.058658212
2585,0.017818933
2586,0.0142089445
2587,0.060771458
2588,0.0384501
2589,0.024817258
2590,0.04182754
2591,0.39152616
2592,0.017428841
2593,0.008965223
2594,0.01824807
2595,0.017280016
2596,0.039272774
2597,0.014208394
2598,0.029929027
2599,0.0702918
2600,0.05166984
2601,0.0138143
2602,0.050817285
2603,0.06986494
2604,0.057463694
2605,0.053337615
2606,0.051318023
2607,0.045290597
2608,0.022686576
2609,0.051159825
2610,0.23294617
2611,0.066863835
2612,0.009965481
2613,0.03133389
2614,0.012822153
2615,0.01129994
2616,0.014051485
2617,0.010711064
2618,0.017352773
2619,0.009121814
2620,0.013758564
2621,0.021255132
2622,0.021486899
2623,0.04846651
2624,0.042697933
2625,0.06107839
2626,0.009368997
2627,0.010101877
2628,0.067177124
2629,0.015473549
2630,0.069284715
2631,0.016569175
2632,0.0126608275
2633,0.024944425
2634,0.01623553
2635,0.016623484
2636,0.008010861
2637,0.02653786
2638,0.011470594
2639,0.013655516
2640,0.0081253955
2641,0.050799068
2642,0.023561237
2643,0.039220925
2644,0.012283267
2645,0.04526653
2646,0.0132725155
2647,0.011919751
2648,0.009575158
2649,0.059466437
2650,0.0251745
2651,0.041019037
2652,0.008108294
2653,0.015800843
2654,0.031347584
2655,0.059062872
2656,0.011437015
2657,0.010418673
2658,0.07241966
2659,0.051241223
2660,0.05144233
2661,0.019909874
2662,0.0060827937
2663,0.057837337
2664,0.019504298
2665,0.0106155975
2666,0.057000093
2667,0.021356156
2668,0.060600504
2669,0.06627062
2670,0.023561561
2671,0.031885892
2672,0.030136116
2673,0.030775191
2674,0.02658019
2675,0.026125243
2676,0.007268747
2677,0.0119948685
2678,0.010770876
2679,0.011313848
2680,0.010317097
2681,0.030271338
2682,0.009950783
2683,0.015702939
2684,0.051651586
2685,0.061982423
2686,0.013379265
2687,0.042778544
2688,0.016956352
2689,0.013265545
2690,0.024650726
2691,0.029288752
2692,0.022484032
2693,0.03704483
2694,0.061335016
2695,0.06577953
2696,0.016112113
2697,0.057603087
2698,0.043706737
2699,0.019898195
2700,0.036663085
2701,0.043382064
2702,0.054039467
2703,0.044460997
2704,0.077803776
2705,0.050935145
2706,0.069987565
2707,0.040483266
2708,0.06428563
2709,0.10161853
2710,0.36625078
2711,0.01888511
2712,0.025324745
2713,0.044433095
2714,0.10850436
2715,0.108789675
2716,0.07392935
2717,0.09074704
2718,0.057311863
2719,0.028047483
2720,0.044575546
2721,0.01351814
2722,0.010657662
2723,0.22607338
2724,0.031130277
2725,0.63968647
2726,0.0795192
2727,0.044490486
2728,0.23005131
2729,0.056848377
2730,0.009157091
2731,0.029154254
2732,0.044091105
2733,0.03663428
2734,0.015713416
2735,0.012933164
2736,0.0862311
2737,0.087606125
2738,0.46014938
2739,0.5101749
2740,0.043910492
2741,0.06350678
2742,0.08920173
2743,0.093951024
2744,0.008337289
2745,0.052210268
2746,0.040535647
2747,0.057310596
2748,0.028707486
2749,0.26868993
2750,0.08598051
2751,0.41123348
2752,0.43680713
2753,0.08717107
2754,0.2644242
2755,0.008230551
2756,0.015534023
2757,0.054339763
2758,0.10355796
2759,0.050648853
2760,0.04764424
2761,0.035413057
2762,0.06156163
2763,0.0069062375
2764,0.07413341
2765,0.08777779
2766,0.07354167
2767,0.037853125
2768,0.06262187
2769,0.3844847
2770,0.043895494
2771,0.0308993
2772,0.054412857
2773,0.06383989
2774,0.039212044
2775,0.041799
2776,0.05289776
2777,0.099912286
2778,0.04897501
2779,0.26363826
2780,0.03736413
2781,0.01860344
2782,0.010385289
2783,0.49506822
2784,0.08477624
2785,0.06548033
2786,0.26528051
2787,0.26542982
2788,0.062568754
2789,0.050987713
2790,0.012876598
2791,0.02157232
2792,0.020775722
2793,0.014562982
2794,0.0069564665
2795,0.037696157
2796,0.008532928
2797,0.07005159
2798,0.06920374
2799,0.07418806
2800,0.2612377
2801,0.26357368
2802,0.019069683
2803,0.0437249
2804,0.025013294
2805,0.035114508
2806,0.10296038
2807,0.040631775
2808,0.05849328
2809,0.043006428
2810,0.080271155
2811,0.553854
2812,0.06627718
2813,0.017800493
2814,0.019630676
2815,0.040368475
2816,0.054632645
2817,0.028904194
2818,0.01158674
2819,0.08769281
2820,0.09726244
2821,0.073365405
2822,0.07661919
2823,0.054739226
2824,0.03131112
2825,0.0298637
2826,0.0355359
2827,0.06506639
2828,0.05071613
2829,0.06577437
2830,0.013424655
2831,0.036230423
2832,0.026524942
2833,0.015930193
2834,0.0145474
2835,0.023179688
2836,0.039506562
2837,0.017837144
2838,0.05505866
2839,0.25876617
2840,0.26014352
2841,0.041987892
2842,0.039324556
2843,0.037463006
2844,0.07317334
2845,0.057779472
2846,0.014772623
2847,0.053327378
2848,0.013850208
2849,0.03071515
2850,0.08300863
2851,0.025808929
2852,0.023106938
2853,0.031920146
2854,0.0065147756
2855,0.054366663
2856,0.05482138
2857,0.2221858
2858,0.07713275
2859,0.22832395
2860,0.051587265
2861,0.039668187
2862,0.01629174
2863,0.050962266
2864,0.04302755
2865,0.08583888
2866,0.043601226
2867,0.5334079
2868,0.077737555
2869,0.011241272
2870,0.077287234
2871,0.04822904
2872,0.04638815
2873,0.017455216
2874,0.054047607
2875,0.02720458
2876,0.010549307
2877,0.01608877
2878,0.016904209
2879,0.06276316
2880,0.042840447
2881,0.06113962
2882,0.054188613
2883,0.07484747
2884,0.23384783
2885,0.41623864
2886,0.05433382
2887,0.021102482
2888,0.06371239
2889,0.01429629
2890,0.039347384
2891,0.01063972
2892,0.024479225
2893,0.064745896
2894,0.05310746
2895,0.085259
2896,0.039079715
2897,0.077537656
2898,0.038865503
2899,0.052463654
2900,0.03380059
2901,0.01613057
2902,0.017295457
2903,0.086162895
2904,0.010052908
2905,0.03091527
2906,0.057563365
2907,0.03172219
2908,0.010817294
2909,0.021409107
2910,0.035492003
2911,0.05266603
2912,0.058248088
2913,0.08521632
2914,0.065947175
2915,0.24466814
2916,0.08944459
2917,0.08863987
2918,0.011238066
2919,0.06444548
2920,0.048023015
2921,0.039647695
2922,0.063364424
2923,0.03275139
2924,0.043923277
2925,0.039460983
2926,0.04818102
2927,0.062895276
2928,0.03235398
2929,0.053118642
2930,0.021863515
2931,0.031085445
2932,0.017699426
2933,0.056031324
2934,0.013015725
2935,0.03709049
2936,0.08006056
2937,0.053487178
2938,0.08690347
2939,0.58753943
2940,0.06570568
2941,0.221467
2942,0.053869803
2943,0.05925593
2944,0.059277352
2945,0.06509267
2946,0.04852246
2947,0.012977432
2948,0.015780367
2949,0.018008398
2950,0.2669426
2951,0.059557475
2952,0.061881095
2953,0.053297956
2954,0.061517302
2955,0.016146176
2956,0.026706291
2957,0.0084869005
2958,0.019243624
2959,0.037457887
2960,0.10755988
2961,0.054424543
2962,0.041553494
2963,0.075362474
2964,0.71846974
2965,0.063629895
2966,0.013207483
2967,0.07094935
2968,0.052382603
2969,0.25636345
2970,0.104391
2971,0.054374628
2972,0.024041679
2973,0.04321759
2974,0.07324304
2975,0.2359771
2976,0.039133508
2977,0.24244937
2978,0.06483926
2979,0.05804082
2980,0.014267248
2981,0.0138370525
2982,0.0140474625
2983,0.018172521
2984,0.04781489
2985,0.053947803
2986,0.013709961
2987,0.084434934
2988,0.23406664
2989,0.08539602
2990,0.062485088
2991,0.031078938
2992,0.07600939
2993,0.08110486
2994,0.2518193
2995,0.05047936
2996,0.009404293
2997,0.044201214
2998,0.01955043
2999,0.05529573
3000,0.68959093
3001,0.0378207
3002,0.07416072
3003,0.51673
3004,0.23220421
3005,0.012707364
3006,0.017395815
3007,0.009879139
3008,0.039149396
3009,0.04927024
3010,0.07369671
3011,0.2447602
3012,0.06050942
3013,0.062632844
3014,0.23733494
3015,0.23445731
3016,0.08642463
3017,0.101954564
3018,0.4187364
3019,0.06391726
3020,0.0056923446
3021,0.017501086
3022,0.043436002
3023,0.06604171
3024,0.04830236
3025,0.10470736
3026,0.706883
3027,0.0053721135
3028,0.04020166
3029,0.37381652
3030,0.014118345
3031,0.043832917
3032,0.25239503
3033,0.01251289
3034,0.044367027
3035,0.05742196
3036,0.015015155
3037,0.039691675
3038,0.104417555
3039,0.039421085
3040,0.059854385
3041,0.08640042
3042,0.08732348
3043,0.10527907
3044,0.4135263
3045,0.09922045
3046,0.02761463
3047,0.24763219
3048,0.22078551
3049,0.08893061
3050,0.6945465
3051,0.457392
3052,0.26284784
3053,0.0058241608
3054,0.02321496
3055,0.08677166
3056,0.015173616
3057,0.05439679
3058,0.01795503
3059,0.010167576
3060,0.050759636
3061,0.00802723
3062,0.009922393
3063,0.03155563
3064,0.05102883
3065,0.06554362
3066,0.06561337
3067,0.074931584
3068,0.06395772
3069,0.23716372
3070,0.07388617
3071,0.027356492
3072,0.07760439
3073,0.08747236
3074,0.016400952
3075,0.052437525
3076,0.78619516
3077,0.79705876
3078,0.6470056
3079,0.0063027414
3080,0.026601225
3081,0.06465719
3082,0.26468053
3083,0.06374594
3084,0.054251917
3085,0.009139668
3086,0.05060416
3087,0.054755043
3088,0.042992733
3089,0.01038561
3090,0.26048622
3091,0.015424902
3092,0.029443264
3093,0.07490992
3094,0.07728998
3095,0.044030923
3096,0.044438463
3097,0.089995205
3098,0.21619628
3099,0.02529145
3100,0.08559459
3101,0.07371823
3102,0.07473687
3103,0.6361873
3104,0.8637363
3105,0.70834196
3106,0.013417028
3107,0.18849121
3108,0.011156221
3109,0.10677292
3110,0.06462222
3111,0.25472012
3112,0.03972024
3113,0.06614375
3114,0.016888605
3115,0.06699324
3116,0.07367866
3117,0.23594919
3118,0.084768444
3119,0.46156755
3120,0.26280943
3121,0.08855438
3122,0.09196805
3123,0.062001485
3124,0.05288614
3125,0.07795649
3126,0.039438825
3127,0.032168902
3128,0.08637913
3129,0.08826834
3130,0.053357247
3131,0.07575609
3132,0.66640276
3133,0.70596886
3134,0.80561864
3135,0.08522346
3136,0.043339226
3137,0.08711865
3138,0.011877645
3139,0.10634636
3140,0.027085576
3141,0.016184425
3142,0.0154487835
3143,0.03363788
3144,0.06555372
3145,0.043353967
3146,0.42020187
3147,0.5157893
3148,0.05924109
3149,0.07044956
3150,0.0652328
3151,0.0876543
3152,0.05562844
3153,0.23441653
3154,0.07476061
3155,0.0355359
3156,0.06687018
3157,0.07359872
3158,0.07543936
3159,0.041974198
3160,0.25974086
3161,0.40633973
3162,0.23792374
3163,0.059143845
3164,0.026612163
3165,0.07916291
3166,0.0108277565
3167,0.057335332
3168,0.10030023
3169,0.030113542
3170,0.039528415
3171,0.039377708
3172,0.01521207
3173,0.016042162
3174,0.038237236
3175,0.039458267
3176,0.2422747
3177,0.7119679
3178,0.26563787
3179,0.25479072
3180,0.07886442
3181,0.09407727
3182,0.093654156
3183,0.5699647
3184,0.05320433
3185,0.028994583
3186,0.036168955
3187,0.031932138
3188,0.089849986
3189,0.0795192
3190,0.08052848
3191,0.12558143
3192,0.40879202
3193,0.23694378
3194,0.6760921
3195,0.23845641
3196,0.015384379
3197,0.08522346
3198,0.09673245
3199,0.01865094
3200,0.050583985
3201,0.2636505
3202,0.05422413
3203,0.033628322
3204,0.03478514
3205,0.040172834
3206,0.23133685
3207,0.42614838
3208,0.2652027
3209,0.5244781
3210,0.2615562
3211,0.092943996
3212,0.08546391
3213,0.26516873
3214,0.021385312
3215,0.026494024
3216,0.08917178
3217,0.05946853
3218,0.043923277
3219,0.106007874
3220,0.2676155
3221,0.049014367
3222,0.4787191
3223,0.26275694
3224,0.06424101
3225,0.07180549
3226,0.06410408
3227,0.043835495
3228,0.008672156
3229,0.027420698
3230,0.0505302
3231,0.062105436
3232,0.06409127
3233,0.08587299
3234,0.2661099
3235,0.60904676
3236,0.4092445
3237,0.39440197
3238,0.5068401
3239,0.066084005
3240,0.057309195
3241,0.06053939
3242,0.0861695
3243,0.2531085
3244,0.055073187
3245,0.027302917
3246,0.055540152
3247,0.09063786
3248,0.07503059
3249,0.026200557
3250,0.013831826
3251,0.037880626
3252,0.017528348
3253,0.018729014
3254,0.010897171
3255,0.031330388
3256,0.055003136
3257,0.050587006
3258,0.06067529
3259,0.08651807
3260,0.23675236
3261,0.3725225
3262,0.71289414
3263,0.6232626
3264,0.26016837
3265,0.0757292
3266,0.042224597
3267,0.018310431
3268,0.044726957
3269,0.07579955
3270,0.014663832
3271,0.011666682
3272,0.031559356
3273,0.67752045
3274,0.043309066
3275,0.01622203
3276,0.053791765
3277,0.04428679
3278,0.07524632
3279,0.03849512
3280,0.0431432
3281,0.015407787
3282,0.04245474
3283,0.012440491
3284,0.013883456
3285,0.026881343
3286,0.06396025
3287,0.07608468
3288,0.4766797
3289,0.42216742
3290,0.08899373
3291,0.6290034
3292,0.42895773
3293,0.4734109
3294,0.08010223
3295,0.038969345
3296,0.0347894
3297,0.04327779
3298,0.040611353
3299,0.034550305
3300,0.054152247
3301,0.45171806
3302,0.06543115
3303,0.26101613
3304,0.029922564
3305,0.074327335
3306,0.086917564
3307,0.08924236
3308,0.10264245
3309,0.041588645
3310,0.02981623
3311,0.008605517
3312,0.03976418
3313,0.08653616
3314,0.558032
3315,0.41909885
3316,0.56131935
3317,0.09726244
3318,0.39471343
3319,0.09173427
3320,0.063812874
3321,0.040689725
3322,0.014554918
3323,0.021720726
3324,0.01657391
3325,0.037831977
3326,0.085557036
3327,0.09124339
3328,0.06471097
3329,0.105995394
3330,0.02712916
3331,0.057192877
3332,0.25319362
3333,0.03974313
3334,0.013920443
3335,0.010227566
3336,0.07696396
3337,0.08558058
3338,0.029518202
3339,0.07798435
3340,0.23217602
3341,0.058235493
3342,0.07037017
3343,0.030015819
3344,0.06479422
3345,0.06124744
3346,0.03552306
3347,0.08784347
3348,0.07727966
3349,0.03840952
3350,0.025892287
3351,0.009214844
3352,0.07785047
3353,0.010789978
3354,0.06267304
3355,0.03885181
3356,0.032394063
3357,0.23048204
3358,0.033004258
3359,0.040106025
3360,0.03886662
3361,0.085905366
3362,0.38755006
3363,0.4256057
3364,0.076736964
3365,0.011099983
3366,0.01439496
3367,0.03088017
3368,0.04815379
3369,0.05428618
3370,0.08922202
3371,0.01298698
3372,0.030267216
3373,0.014359391
3374,0.030346604
3375,0.016770536
3376,0.025108263
3377,0.05743555
3378,0.0651787
3379,0.40765774
3380,0.012884019
3381,0.015258379
3382,0.031032182
3383,0.05750648
3384,0.065367915
3385,0.26792228
3386,0.07852039
3387,0.011477665
3388,0.0101655945
3389,0.085918926
3390,0.03527216
3391,0.013927453
3392,0.05743555
3393,0.090935946
3394,0.045159467
3395,0.016090065
3396,0.009731591
3397,0.26362827
3398,0.013514549
3399,0.024702558
3400,0.09144161
3401,0.054504596
3402,0.038773637
3403,0.015760643
3404,0.02671025
3405,0.053344123
3406,0.26237223
3407,0.030516723
3408,0.017178806
3409,0.02879406
3410,0.038898367
3411,0.05309597
3412,0.09315291
3413,0.054582316
3414,0.092736915
3415,0.06573473
3416,0.0301297
3417,0.020502903
3418,0.043560825
3419,0.043832507
3420,0.027547974
3421,0.102478154
3422,0.016077317
3423,0.07895277
3424,0.016077317
3425,0.06400673
3426,0.043493714
3427,0.014343138
3428,0.009965036
3429,0.2643092
3430,0.7483797
3431,0.21994455
3432,0.06683622
3433,0.0641222
3434,0.043175586
3435,0.040706187
3436,0.066181995
3437,0.062160686
3438,0.07485594
3439,0.8491374
3440,0.06076274
3441,0.062207
3442,0.061734986
3443,0.036004808
3444,0.092945345
3445,0.49338138
3446,0.058044463
3447,0.09098776
3448,0.024914041
3449,0.020141581
3450,0.061585765
3451,0.027454162
3452,0.022890124
3453,0.0053873905
3454,0.047088128
3455,0.050148275
3456,0.050620276
3457,0.021366414
3458,0.015311109
3459,0.08559118
3460,0.035711147
3461,0.03941787
3462,0.031752598
3463,0.064229
3464,0.0748882
3465,0.019525705
3466,0.050241347
3467,0.5643163
3468,0.05333913
3469,0.073590875
3470,0.04457034
3471,0.0359026
3472,0.04210459
3473,0.043606024
3474,0.012440534
3475,0.26735234
3476,0.025589023
3477,0.0070457323
3478,0.0071213585
3479,0.014122415
3480,0.04370794
3481,0.07612173
3482,0.017847154
3483,0.069610655
3484,0.039286446
3485,0.043825973
3486,0.26629528
3487,0.031163529
3488,0.018542605
3489,0.040794387
3490,0.00843938
3491,0.030355183
3492,0.09125109
3493,0.053305358
3494,0.005549262
3495,0.020602189
3496,0.014480255
3497,0.00700638
3498,0.05328215
3499,0.08952183
3500,0.06574843
3501,0.060315266
3502,0.05436878
3503,0.026645744
3504,0.047206096
3505,0.015358259
3506,0.054236062
3507,0.102011055
3508,0.08620397
3509,0.00950799
3510,0.030549672
3511,0.014054457
3512,0.014738967
3513,0.01066861
3514,0.01680419
3515,0.008553881
3516,0.010425189
3517,0.013719134
3518,0.013423236
3519,0.021863515
3520,0.051230557
3521,0.043530215
3522,0.07930918
3523,0.09237506
3524,0.10613657
3525,0.01336854
3526,0.024729759
3527,0.011811905
3528,0.014983826
3529,0.016570289
3530,0.0078096422
3531,0.013125572
3532,0.03350486
3533,0.013337656
3534,0.013901799
3535,0.053430263
3536,0.032061845
3537,0.04005095
3538,0.042175606
3539,0.0137220295
3540,0.01169858
3541,0.07532823
3542,0.025894023
3543,0.04325785
3544,0.009439284
3545,0.031759378
3546,0.010581561
3547,0.020592365
3548,0.06528491
3549,0.012377104
3550,0.0058978028
3551,0.010244132
3552,0.10663831
3553,0.053237803
3554,0.054149684
3555,0.054541957
3556,0.020330576
3557,0.06438333
3558,0.019431813
3559,0.010113932
3560,0.005624176
3561,0.06226808
3562,0.013639428
3563,0.07328026
3564,0.018680759
3565,0.08684864
3566,0.015279359
3567,0.032366175
3568,0.026587324
3569,0.026694039
3570,0.014752706
3571,0.011036879
3572,0.010316109
3573,0.010002297
3574,0.00947222
3575,0.030937187
3576,0.009483696
3577,0.062112387
3578,0.052125502
3579,0.0851801
3580,0.024812179
3581,0.023382178
3582,0.01603488
3583,0.014033123
3584,0.042575553
3585,0.01736648
3586,0.012753453
3587,0.02550977
3588,0.014675235
3589,0.032877944
3590,0.079054564
3591,0.086578816
3592,0.01633166
3593,0.06554096
3594,0.01057303
3595,0.0424107
3596,0.036212385
3597,0.04305662
3598,0.053107135
3599,0.03293984
3600,0.04474751
3601,0.041228823
3602,0.06479391
3603,0.04489111
3604,0.013198139
3605,0.038669858
3606,0.056562547
3607,0.03823184
3608,0.05905146
3609,0.38660836
3610,0.34091213
3611,0.019065898
3612,0.04512832
3613,0.4060809
3614,0.06041078
3615,0.23758447
3616,0.06214011
3617,0.2245508
3618,0.056968607
3619,0.027385987
3620,0.058456097
3621,0.014646759
3622,0.010748549
3623,0.21331312
3624,0.032236304
3625,0.5076171
3626,0.060160056
3627,0.06213258
3628,0.05526006
3629,0.029009527
3630,0.043241814
3631,0.03622166
3632,0.015758397
3633,0.013515187
3634,0.070201725
3635,0.07078852
3636,0.42846763
3637,0.5199025
3638,0.041359156
3639,0.061374936
3640,0.06966798
3641,0.22784723
3642,0.008162587
3643,0.053571645
3644,0.041500352
3645,0.055908617
3646,0.06259939
3647,0.4112125
3648,0.07046651
3649,0.3622258
3650,0.47997564
3651,0.07152227
3652,0.44968545
3653,0.012562901
3654,0.053317677
3655,0.23807734
3656,0.05032899
3657,0.04674022
3658,0.03490653
3659,0.057332017
3660,0.02699481
3661,0.06331108
3662,0.07294584
3663,0.06329506
3664,0.032718293
3665,0.059238136
3666,0.24108735
3667,0.04317824
3668,0.03238789
3669,0.053479355
3670,0.05288144
3671,0.061377123
3672,0.031290993
3673,0.03895199
3674,0.040377084
3675,0.06522228
3676,0.027005965
3677,0.053681597
3678,0.07884336
3679,0.05259506
3680,0.23820823
3681,0.039504204
3682,0.010413176
3683,0.014349892
3684,0.018369233
3685,0.46406728
3686,0.07261505
3687,0.060166053
3688,0.08138179
3689,0.4673877
3690,0.008350608
3691,0.05868042
3692,0.051654674
3693,0.01284528
3694,0.024378374
3695,0.020947387
3696,0.014974563
3697,0.007241874
3698,0.037549444
3699,0.005352591
3700,0.063517846
3701,0.057740305
3702,0.064655304
3703,0.2379718
3704,0.23943539
3705,0.019594252
3706,0.042880297
3707,0.032992188
3708,0.025350472
3709,0.03517849
3710,0.07388981
3711,0.017522566
3712,0.041978233
3713,0.05676895
3714,0.06491793
3715,0.47341785
3716,0.061049268
3717,0.019922312
3718,0.037920132
3719,0.052957077
3720,0.029266533
3721,0.06956681
3722,0.08063383
3723,0.062326383
3724,0.064043134
3725,0.053658817
3726,0.038245466
3727,0.031236617
3728,0.03001427
3729,0.03621423
3730,0.060443684
3731,0.051509555
3732,0.21025342
3733,0.013440913
3734,0.036332987
3735,0.027436376
3736,0.015964903
3737,0.0137058
3738,0.023583362
3739,0.04017254
3740,0.027382987
3741,0.053748507
3742,0.07746061
3743,0.24075417
3744,0.042455763
3745,0.038392074
3746,0.035592064
3747,0.064378366
3748,0.056720365
3749,0.014873536
3750,0.052579205
3751,0.014239152
3752,0.030098226
3753,0.0684318
3754,0.026676137
3755,0.022949219
3756,0.031410042
3757,0.054887425
3758,0.053334042
3759,0.07073719
3760,0.06534082
3761,0.07022184
3762,0.05505651
3763,0.03847853
3764,0.016596003
3765,0.05087166
3766,0.043201007
3767,0.072540015
3768,0.044558205
3769,0.5083296
3770,0.06552098
3771,0.019191341
3772,0.012150284
3773,0.06483407
3774,0.047807824
3775,0.04684812
3776,0.017991604
3777,0.015360615
3778,0.05345909
3779,0.01116044
3780,0.01673481
3781,0.01660539
3782,0.059332535
3783,0.04280703
3784,0.057584826
3785,0.054046456
3786,0.06522209
3787,0.22020994
3788,0.38971934
3789,0.053559445
3790,0.02167654
3791,0.060451735
3792,0.014464009
3793,0.04028251
3794,0.061801203
3795,0.051614866
3796,0.07395196
3797,0.03936637
3798,0.06378377
3799,0.038878143
3800,0.05236309
3801,0.016232336
3802,0.017093478
3803,0.072726645
3804,0.007941285
3805,0.03196941
3806,0.057215758
3807,0.010297659
3808,0.022019088
3809,0.034682073
3810,0.052184854
3811,0.05698438
3812,0.07132219
3813,0.060488317
3814,0.22759518
3815,0.07091053
3816,0.07344489
3817,0.012163684
3818,0.06040684
3819,0.047826204
3820,0.040215474
3821,0.06036346
3822,0.03237814
3823,0.019311171
3824,0.044231955
3825,0.039227717
3826,0.012059452
3827,0.047912754
3828,0.059169702
3829,0.031719822
3830,0.051953014
3831,0.021919597
3832,0.031382613
3833,0.05555
3834,0.013439247
3835,0.036248818
3836,0.06471914
3837,0.05336991
3838,0.07055095
3839,0.5826002
3840,0.060367014
3841,0.06381654
3842,0.05300481
3843,0.056870386
3844,0.05807379
3845,0.061314866
3846,0.04571963
3847,0.009536072
3848,0.009436159
3849,0.01768867
3850,0.23667903
3851,0.058138993
3852,0.061204843
3853,0.05316086
3854,0.058259115
3855,0.016299894
3856,0.026577389
3857,0.009122602
3858,0.018898107
3859,0.037580773
3860,0.08257083
3861,0.053664207
3862,0.042529315
3863,0.06381327
3864,0.582202
3865,0.06003194
3866,0.013754119
3867,0.21177872
3868,0.051569626
3869,0.08238291
3870,0.10217317
3871,0.05363424
3872,0.0178996
3873,0.043098457
3874,0.04433025
3875,0.06306715
3876,0.07761821
3877,0.039003856
3878,0.22787592
3879,0.060195692
3880,0.057070833
3881,0.014167367
3882,0.010451088
3883,0.018468374
3884,0.04668041
3885,0.05321418
3886,0.014040148
3887,0.07263959
3888,0.07379801
3889,0.07446018
3890,0.05888818
3891,0.03108961
3892,0.063654736
3893,0.061275925
3894,0.23302434
3895,0.0513488
3896,0.044434458
3897,0.053517945
3898,0.54663384
3899,0.03740626
3900,0.060839817
3901,0.24538109
3902,0.2158696
3903,0.020012315
3904,0.01652105
3905,0.01567496
3906,0.038516246
3907,0.048844043
3908,0.0608854
3909,0.23002315
3910,0.056884382
3911,0.058596414
3912,0.22596069
3913,0.07160189
3914,0.07524327
3915,0.075943075
3916,0.39017075
3917,0.061005242
3918,0.018408531
3919,0.043577902
3920,0.060139775
3921,0.048588138
3922,0.24608809
3923,0.52919596
3924,0.0060552643
3925,0.040201753
3926,0.3666091
3927,0.013694121
3928,0.042717457
3929,0.24415421
3930,0.012785531
3931,0.044267703
3932,0.05600808
3933,0.013679517
3934,0.038885098
3935,0.010359372
3936,0.23500364
3937,0.039419197
3938,0.056959324
3939,0.070023835
3940,0.06922125
3941,0.23447418
3942,0.4107336
3943,0.078725606
3944,0.026731845
3945,0.23029892
3946,0.065874815
3947,0.07055377
3948,0.6171809
3949,0.5008078
3950,0.24464968
3951,0.0060552643
3952,0.02281918
3953,0.07486139
3954,0.053031374
3955,0.026893886
3956,0.011585897
3957,0.016097603
3958,0.013770847
3959,0.05164292
3960,0.010425724
3961,0.032154508
3962,0.050906062
3963,0.06024134
3964,0.060185183
3965,0.065766126
3966,0.062105086
3967,0.22076575
3968,0.2110603
3969,0.027583811
3970,0.066351086
3971,0.22640851
3972,0.016584279
3973,0.051977877
3974,0.6286341
3975,0.51913434
3976,0.5978864
3977,0.027408041
3978,0.061565287
3979,0.24292187
3980,0.060641807
3981,0.05403026
3982,0.009139564
3983,0.051614
3984,0.0529062
3985,0.042529594
3986,0.010855732
3987,0.23949239
3988,0.015615915
3989,0.029546518
3990,0.06645967
3991,0.06400681
3992,0.043879062
3993,0.042811718
3994,0.07067728
3995,0.2127845
3996,0.025258886
3997,0.07320593
3998,0.06057721
3999,0.061368585
4000,0.5124694
4001,0.5366831
4002,0.53873175
4003,0.0134318
4004,0.18860203
4005,0.027206004
4006,0.08276312
4007,0.06032997
4008,0.23157328
4009,0.039239753
4010,0.05945954
4011,0.017645802
4012,0.061120108
4013,0.06409812
4014,0.22069302
4015,0.06512067
4016,0.43275037
4017,0.23920593
4018,0.07398469
4019,0.07111232
4020,0.059810445
4021,0.051893104
4022,0.06413142
4023,0.039642636
4024,0.031765103
4025,0.021960637
4026,0.06967205
4027,0.21847412
4028,0.053116154
4029,0.06432872
4030,0.023351088
4031,0.51793826
4032,0.6810911
4033,0.49292323
4034,0.070661694
4035,0.04305461
4036,0.06926944
4037,0.017492883
4038,0.083107546
4039,0.027364895
4040,0.016495405
4041,0.015456524
4042,0.033281725
4043,0.061040543
4044,0.04326687
4045,0.38342738
4046,0.4692125
4047,0.05761819
4048,0.063223444
4049,0.06040266
4050,0.22484088
4051,0.052859675
4052,0.22095293
4053,0.06481213
4054,0.0355582
4055,0.06026789
4056,0.06379169
4057,0.061481204
4058,0.04182686
4059,0.5242068
4060,0.3702353
4061,0.07423153
4062,0.05812532
4063,0.027362794
4064,0.06432566
4065,0.056158874
4066,0.07640022
4067,0.030715948
4068,0.03915523
4069,0.03967889
4070,0.016602356
4071,0.039102767
4072,0.039499797
4073,0.22725321
4074,0.5897192
4075,0.23795216
4076,0.23366578
4077,0.0682881
4078,0.07542001
4079,0.21976463
4080,0.49089953
4081,0.053250376
4082,0.028965104
4083,0.036286555
4084,0.031756457
4085,0.07248069
4086,0.06270346
4087,0.06726135
4088,0.25304607
4089,0.24136856
4090,0.078545175
4091,0.62700635
4092,0.07140244
4093,0.01674579
4094,0.07322644
4095,0.08400764
4096,0.019101465
4097,0.05033832
4098,0.07938785
4099,0.054332703
4100,0.035427738
4101,0.034908213
4102,0.04068139
4103,0.0724235
4104,0.37466085
4105,0.23737314
4106,0.45101765
4107,0.41252083
4108,0.07694626
4109,0.068883404
4110,0.38157913
4111,0.013317177
4112,0.027425863
4113,0.07569283
4114,0.05669446
4115,0.044058874
4116,0.24321152
4117,0.2338973
4118,0.050326567
4119,0.51926124
4120,0.24195945
4121,0.06010029
4122,0.0626257
4123,0.060911838
4124,0.04357034
4125,0.010767965
4126,0.009272276
4127,0.01350896
4128,0.030325225
4129,0.05083263
4130,0.06194833
4131,0.061305825
4132,0.070201725
4133,0.413622
4134,0.52551436
4135,0.3971995
4136,0.23197536
4137,0.58016545
4138,0.061104625
4139,0.056389213
4140,0.057140313
4141,0.07342806
4142,0.07424443
4143,0.053895272
4144,0.026910454
4145,0.05348607
4146,0.07046077
4147,0.016232336
4148,0.0400712
4149,0.0659434
4150,0.019701904
4151,0.037621986
4152,0.017540244
4153,0.010841774
4154,0.031394623
4155,0.05888006
4156,0.050571583
4157,0.05764031
4158,0.06391061
4159,0.06578389
4160,0.3475344
4161,0.5911115
4162,0.5891396
4163,0.3849556
4164,0.0643143
4165,0.009902589
4166,0.0419948
4167,0.018136665
4168,0.04472478
4169,0.06393615
4170,0.00905787
4171,0.03233456
4172,0.6111854
4173,0.043266833
4174,0.016372474
4175,0.053033847
4176,0.043627735
4177,0.06350635
4178,0.037580773
4179,0.044093054
4180,0.013302905
4181,0.027633347
4182,0.061997797
4183,0.06598246
4184,0.49386185
4185,0.4066556
4186,0.068308294
4187,0.5166604
4188,0.4034942
4189,0.4349858
4190,0.068228565
4191,0.039402436
4192,0.0333984
4193,0.035036903
4194,0.043170914
4195,0.041436277
4196,0.034812767
4197,0.052674882
4198,0.48298243
4199,0.060281593
4200,0.352743
4201,0.030735686
4202,0.065314785
4203,0.073695764
4204,0.07047087
4205,0.08041662
4206,0.041194335
4207,0.029712861
4208,0.009688496
4209,0.03896143
4210,0.07286253
4211,0.5902172
4212,0.37642685
4213,0.57204336
4214,0.080815695
4215,0.39120838
4216,0.07327034
4217,0.06092738
4218,0.04078307
4219,0.012001004
4220,0.020994635
4221,0.015473448
4222,0.038581025
4223,0.07277986
4224,0.0705474
4225,0.0605382
4226,0.07948594
4227,0.027282363
4228,0.05631465
4229,0.23206995
4230,0.038813274
4231,0.010287825
4232,0.010238514
4233,0.06455595
4234,0.07313318
4235,0.029910276
4236,0.06709823
4237,0.21792516
4238,0.05776712
4239,0.06306097
4240,0.029890556
4241,0.05886272
4242,0.058859065
4243,0.036427557
4244,0.07311002
4245,0.06596235
4246,0.03916513
4247,0.026177786
4248,0.009697475
4249,0.066738
4250,0.009809161
4251,0.060016874
4252,0.038290177
4253,0.031765103
4254,0.07022184
4255,0.03311852
4256,0.04021262
4257,0.014844829
4258,0.03892249
4259,0.065735616
4260,0.37634066
4261,0.4801573
4262,0.067445375
4263,0.014440379
4264,0.023772972
4265,0.016864438
4266,0.027363954
4267,0.04710786
4268,0.013315339
4269,0.0536107
4270,0.07534259
4271,0.013327358
4272,0.030435052
4273,0.013824825
4274,0.030379107
4275,0.017502932
4276,0.056722417
4277,0.061780628
4278,0.24112736
4279,0.013384562
4280,0.016184945
4281,0.031419434
4282,0.056233663
4283,0.06038255
4284,0.24218036
4285,0.06465737
4286,0.0118133705
4287,0.06983364
4288,0.0357916
4289,0.013918804
4290,0.057149
4291,0.0702681
4292,0.045683928
4293,0.010742899
4294,0.016066233
4295,0.009916052
4296,0.23771606
4297,0.0248618
4298,0.07589755
4299,0.054288626
4300,0.038077887
4301,0.01550341
4302,0.02708466
4303,0.054766927
4304,0.24108735
4305,0.030096889
4306,0.016640533
4307,0.029635329
4308,0.03945467
4309,0.052859176
4310,0.22814274
4311,0.053863406
4312,0.22986661
4313,0.06102358
4314,0.030033529
4315,0.043410193
4316,0.042955033
4317,0.028329082
4318,0.23487307
4319,0.016262645
4320,0.06469292
4321,0.015623727
4322,0.060816333
4323,0.043778125
4324,0.010470867
4325,0.2429879
4326,0.2848319
4327,0.06472438
4328,0.06071241
4329,0.060825445
4330,0.04278015
4331,0.040657364
4332,0.06104917
4333,0.05991561
4334,0.06282968
4335,0.5290235
4336,0.056393173
4337,0.058374748
4338,0.055873238
4339,0.036101907
4340,0.07438416
4341,0.44634992
4342,0.056678418
4343,0.072861806
4344,0.024844544
4345,0.057871602
4346,0.008546336
4347,0.020176578
4348,0.058259115
4349,0.02757593
4350,0.023046913
4351,0.046250775
4352,0.051792093
4353,0.023857633
4354,0.051142458
4355,0.015527292
4356,0.06624275
4357,0.034864448
4358,0.03190117
4359,0.060395274
4360,0.063336566
4361,0.019310717
4362,0.050447907
4363,0.5723492
4364,0.052608237
4365,0.062857784
4366,0.04364039
4367,0.036236156
4368,0.04264936
4369,0.04312024
4370,0.01538831
4371,0.5103091
4372,0.026432164
4373,0.0062695155
4374,0.014496352
4375,0.043198727
4376,0.06404226
4377,0.017441172
4378,0.06630471
4379,0.03900163
4380,0.025818437
4381,0.0063607376
4382,0.04305887
4383,0.41863477
4384,0.027277546
4385,0.018052325
4386,0.0150056565
4387,0.01820431
4388,0.04125724
4389,0.009507539
4390,0.030952184
4391,0.07896607
4392,0.05426628
4393,0.011995934
4394,0.013577393
4395,0.014129675
4396,0.05273795
4397,0.069704816
4398,0.06033086
4399,0.05706225
4400,0.05384005
4401,0.026750365
4402,0.04696629
4403,0.01598671
4404,0.05316723
4405,0.07511554
4406,0.07480518
4407,0.010080584
4408,0.0097940555
4409,0.031609796
4410,0.013357664
4411,0.014557267
4412,0.01754983
4413,0.008801369
4414,0.016149143
4415,0.014094531
4416,0.013674674
4417,0.021854648
4418,0.051517952
4419,0.04490152
4420,0.06762972
4421,0.07095073
4422,0.080190435
4423,0.0091167195
4424,0.025703005
4425,0.020513926
4426,0.015721904
4427,0.016674737
4428,0.013009252
4429,0.011692775
4430,0.013440015
4431,0.008184426
4432,0.05410422
4433,0.04059813
4434,0.042927038
4435,0.013365319
4436,0.0122322785
4437,0.008989253
4438,0.063423276
4439,0.025981372
4440,0.043664083
4441,0.008284067
4442,0.010462017
4443,0.031393565
4444,0.014754758
4445,0.061176084
4446,0.010106933
4447,0.010238514
4448,0.07892251
4449,0.052769937
4450,0.05395332
4451,0.053433355
4452,0.061015185
4453,0.020642174
4454,0.01045673
4455,0.006927831
4456,0.059344616
4457,0.013692055
4458,0.06404226
4459,0.00897571
4460,0.070273906
4461,0.015502389
4462,0.025814477
4463,0.026555885
4464,0.008845684
4465,0.010908031
4466,0.031850636
4467,0.00997791
4468,0.010488883
4469,0.058692068
4470,0.05153374
4471,0.03138329
4472,0.072157376
4473,0.016682064
4474,0.022816446
4475,0.008149319
4476,0.013899932
4477,0.043026127
4478,0.017090103
4479,0.013191202
4480,0.025934258
4481,0.032610465
4482,0.015997624
4483,0.010472316
4484,0.014439883
4485,0.029923238
4486,0.06265633
4487,0.07393012
4488,0.017076347
4489,0.061475176
4490,0.022915713
4491,0.017946137
4492,0.042665415
4493,0.020293858
4494,0.036074467
4495,0.042989247
4496,0.053834505
4497,0.01372569
4498,0.03305585
4499,0.04394496
4500,0.040623296
4501,0.067194566
4502,0.04442963
4503,0.038248572
4504,0.04288384
4505,0.06078072
4506,0.043386534
4507,0.2294337
4508,0.37541443
4509,0.026617886
4510,0.04405886
4511,0.23797467
4512,0.060922485
4513,0.08335673
4514,0.066646926
4515,0.09344329
4516,0.057239547
4517,0.06481239
4518,0.013777428
4519,0.039717562
4520,0.21778971
4521,0.030353788
4522,0.49195054
4523,0.06746633
4524,0.065605834
4525,0.056449454
4526,0.029124744
4527,0.042987075
4528,0.036406495
4529,0.016769696
4530,0.014032291
4531,0.2186973
4532,0.06989297
4533,0.4514033
4534,0.43650976
4535,0.044090245
4536,0.061538327
4537,0.0770195
4538,0.07719231
4539,0.05237691
4540,0.040557828
4541,0.05715837
4542,0.06542362
4543,0.49123174
4544,0.21454386
4545,0.07116089
4546,0.4832835
4547,0.22362714
4548,0.49409837
4549,0.05313596
4550,0.24339163
4551,0.049581505
4552,0.04677904
4553,0.035291497
4554,0.05835899
4555,0.026767757
4556,0.21193469
4557,0.07261594
4558,0.06444292
4559,0.038720477
4560,0.060109366
4561,0.08364869
4562,0.031209713
4563,0.052952066
4564,0.054197934
4565,0.060629588
4566,0.03207128
4567,0.040365998
4568,0.041980565
4569,0.068043746
4570,0.027109293
4571,0.05265501
4572,0.23041838
4573,0.05311679
4574,0.24412459
4575,0.0473323
4576,0.026346844
4577,0.010356039
4578,0.01301813
4579,0.4328125
4580,0.07304568
4581,0.01794308
4582,0.0605843
4583,0.07850904
4584,0.44269025
4585,0.0059917816
4586,0.060457442
4587,0.050041366
4588,0.013906784
4589,0.014980871
4590,0.03757244
4591,0.0059200516
4592,0.060993027
4593,0.058193784
4594,0.066632174
4595,0.24074316
4596,0.5017848
4597,0.016373077
4598,0.019712629
4599,0.043919705
4600,0.0110266395
4601,0.009650995
4602,0.025783943
4603,0.034949053
4604,0.07987321
4605,0.018196743
4606,0.042305425
4607,0.05748591
4608,0.026821729
4609,0.064937316
4610,0.43845984
4611,0.062413737
4612,0.017729478
4613,0.020162553
4614,0.041393545
4615,0.052527536
4616,0.02059238
4617,0.029698089
4618,0.018065587
4619,0.07268704
4620,0.23355533
4621,0.06541645
4622,0.06914038
4623,0.05390615
4624,0.03822292
4625,0.031440202
4626,0.030021796
4627,0.035300504
4628,0.062097628
4629,0.05184053
4630,0.21736813
4631,0.014282181
4632,0.03644182
4633,0.027074078
4634,0.016912391
4635,0.015397641
4636,0.023351567
4637,0.040274248
4638,0.023889432
4639,0.05824525
4640,0.076700844
4641,0.23844127
4642,0.042409576
4643,0.03843368
4644,0.039143153
4645,0.06549991
4646,0.057378232
4647,0.014456016
4648,0.052405026
4649,0.014820937
4650,0.030543081
4651,0.010254966
4652,0.06808299
4653,0.026591923
4654,0.023854775
4655,0.031211324
4656,0.05372156
4657,0.05374533
4658,0.22290209
4659,0.067286156
4660,0.21950981
4661,0.052912954
4662,0.03861031
4663,0.01659678
4664,0.049912013
4665,0.04224369
4666,0.073632576
4667,0.04286437
4668,0.56851816
4669,0.21415025
4670,0.020332947
4671,0.06597345
4672,0.048062693
4673,0.04657622
4674,0.018103242
4675,0.015759572
4676,0.010049555
4677,0.05396397
4678,0.011712374
4679,0.0168859
4680,0.017109925
4681,0.060784567
4682,0.04196847
4683,0.05807434
4684,0.052447334
4685,0.06680805
4686,0.2227045
4687,0.41674864
4688,0.05333624
4689,0.021533342
4690,0.061399672
4691,0.014376171
4692,0.039135426
4693,0.06149357
4694,0.05151967
4695,0.07609787
4696,0.039394792
4697,0.06700145
4698,0.038772568
4699,0.05209197
4700,0.0163692
4701,0.017551389
4702,0.07509289
4703,0.0111875115
4704,0.032345727
4705,0.056255486
4706,0.03238141
4707,0.01082262
4708,0.022430984
4709,0.035228327
4710,0.05179142
4711,0.057882633
4712,0.07259222
4713,0.058722563
4714,0.23086259
4715,0.07499729
4716,0.07192387
4717,0.011945572
4718,0.061180692
4719,0.011625676
4720,0.04757253
4721,0.039878137
4722,0.062103096
4723,0.032044567
4724,0.01970027
4725,0.043268364
4726,0.038363673
4727,0.01248592
4728,0.047747716
4729,0.061640177
4730,0.03236654
4731,0.05219452
4732,0.00836573
4733,0.022877904
4734,0.031405475
4735,0.056682497
4736,0.013941734
4737,0.036586672
4738,0.06999526
4739,0.052414715
4740,0.07260008
4741,0.58466905
4742,0.06287816
4743,0.06629631
4744,0.052442346
4745,0.0575002
4746,0.057612166
4747,0.061900012
4748,0.047248453
4749,0.0103055835
4750,0.018444596
4751,0.24039194
4752,0.058008075
4753,0.06200045
4754,0.052031253
4755,0.05946683
4756,0.016834784
4757,0.025343696
4758,0.010234595
4759,0.025345325
4760,0.019450545
4761,0.037800796
4762,0.07702399
4763,0.054427795
4764,0.04308458
4765,0.06486274
4766,0.64349097
4767,0.060713395
4768,0.21456005
4769,0.05049644
4770,0.23315659
4771,0.076071665
4772,0.0540319
4773,0.0447501
4774,0.043298498
4775,0.06564543
4776,0.22500658
4777,0.039323788
4778,0.07573373
4779,0.062241785
4780,0.056953333
4781,0.014774615
4782,0.018993577
4783,0.046146784
4784,0.054126393
4785,0.014094948
4786,0.0746232
4787,0.07536108
4788,0.073437326
4789,0.060358435
4790,0.031588744
4791,0.06624369
4792,0.06625821
4793,0.23126025
4794,0.051234525
4795,0.043926686
4796,0.020513618
4797,0.010131874
4798,0.054014735
4799,0.51878136
4800,0.037005555
4801,0.06363926
4802,0.4499239
4803,0.21946041
4804,0.012762928
4805,0.017037747
4806,0.0381399
4807,0.04797506
4808,0.06098941
4809,0.23181641
4810,0.05738212
4811,0.060629837
4812,0.22645292
4813,0.077229224
4814,0.07247645
4815,0.07663565
4816,0.24275261
4817,0.061325584
4818,0.04353189
4819,0.06253226
4820,0.047925234
4821,0.24273516
4822,0.5137466
4823,0.006443278
4824,0.040637232
4825,0.40979466
4826,0.014205738
4827,0.042910073
4828,0.2353386
4829,0.014813
4830,0.013110112
4831,0.04386308
4832,0.05765245
4833,0.01620171
4834,0.039285306
4835,0.23780107
4836,0.039112285
4837,0.057274904
4838,0.071953595
4839,0.07299655
4840,0.07396833
4841,0.38323578
4842,0.2337287
4843,0.08194673
4844,0.21514533
4845,0.07232318
4846,0.51569766
4847,0.43741715
4848,0.24199429
4849,0.0063755657
4850,0.024183065
4851,0.07620218
4852,0.05362306
4853,0.007871067
4854,0.011689136
4855,0.0111875115
4856,0.04966829
4857,0.010975712
4858,0.03193202
4859,0.050380617
4860,0.062206637
4861,0.061783586
4862,0.06766237
4863,0.060345482
4864,0.22403724
4865,0.064938605
4866,0.027331932
4867,0.066555806
4868,0.07584115
4869,0.01689772
4870,0.05083893
4871,0.6546293
4872,0.6403723
4873,0.59297395
4874,0.006417966
4875,0.027528942
4876,0.061110225
4877,0.24709909
4878,0.061372843
4879,0.053086266
4880,0.009577499
4881,0.050035488
4882,0.053394254
4883,0.042974856
4884,0.011285251
4885,0.2376167
4886,0.01633274
4887,0.029791478
4888,0.0682062
4889,0.06812341
4890,0.043762203
4891,0.043390505
4892,0.07571959
4893,0.21469605
4894,0.0254864
4895,0.075378105
4896,0.06645362
4897,0.0661857
4898,0.5607544
4899,0.5423082
4900,0.6322255
4901,0.014131339
4902,0.049457297
4903,0.026972491
4904,0.0090582585
4905,0.08124645
4906,0.06068577
4907,0.23289645
4908,0.03884831
4909,0.06150928
4910,0.017469162
4911,0.06316054
4912,0.06811049
4913,0.07808886
4914,0.07166632
4915,0.47640076
4916,0.24108848
4917,0.07328078
4918,0.07325651
4919,0.06084165
4920,0.052020412
4921,0.067938045
4922,0.039534856
4923,0.03249286
4924,0.07614436
4925,0.0750758
4926,0.0529057
4927,0.0658989
4928,0.02370601
4929,0.64965636
4930,0.5436662
4931,0.509029
4932,0.07492291
4933,0.042973224
4934,0.22214556
4935,0.08241617
4936,0.027170686
4937,0.016467506
4938,0.015990043
4939,0.03323953
4940,0.06221249
4941,0.042897366
4942,0.3857189
4943,0.5970425
4944,0.058098756
4945,0.06309252
4946,0.061193105
4947,0.07863699
4948,0.056580268
4949,0.22389601
4950,0.21485059
4951,0.03666386
4952,0.06261446
4953,0.066350654
4954,0.0674206
4955,0.042087547
4956,0.02166372
4957,0.503313
4958,0.3992158
4959,0.22708106
4960,0.05782664
4961,0.027456596
4962,0.067816205
4963,0.011414924
4964,0.058157016
4965,0.075011075
4966,0.030548293
4967,0.039205093
4968,0.04020051
4969,0.015367722
4970,0.017170953
4971,0.0394346
4972,0.04025522
4973,0.3670324
4974,0.6731454
4975,0.24225597
4976,0.2351718
4977,0.068144575
4978,0.07758019
4979,0.07595447
4980,0.44703954
4981,0.052412886
4982,0.028894693
4983,0.035970964
4984,0.030641248
4985,0.07573802
4986,0.21838035
4987,0.06915209
4988,0.091664046
4989,0.23897184
4990,0.07675303
4991,0.5696003
4992,0.072546326
4993,0.016749248
4994,0.07302447
4995,0.08136665
4996,0.019043
4997,0.049772363
4998,0.07319624
4999,0.05325644
5000,0.03476848
5001,0.035128925
5002,0.040595047
5003,0.076709
5004,0.3864137
5005,0.24299647
5006,0.42906797
5007,0.23874404
5008,0.07588906
5009,0.075277425
5010,0.23804884
5011,0.026591923
5012,0.078808695
5013,0.057233676
5014,0.043951727
5015,0.23989865
5016,0.24281068
5017,0.050411046
5018,0.46402073
5019,0.24436864
5020,0.060997564
5021,0.06677639
5022,0.061386704
5023,0.042853557
5024,0.009228491
5025,0.013937337
5026,0.028268866
5027,0.050052874
5028,0.060925845
5029,0.06156271
5030,0.07194683
5031,0.09486565
5032,0.525402
5033,0.41570997
5034,0.23528728
5035,0.5792896
5036,0.06251951
5037,0.017834054
5038,0.057525795
5039,0.057853688
5040,0.21802874
5041,0.07775557
5042,0.054585457
5043,0.02701434
5044,0.053608343
5045,0.07467182
5046,0.016762977
5047,0.040519923
5048,0.06870816
5049,0.020175904
5050,0.03788527
5051,0.01839835
5052,0.011689136
5053,0.031519514
5054,0.058193922
5055,0.0500095
5056,0.055125736
5057,0.22513069
5058,0.06610025
5059,0.3926779
5060,0.6604591
5061,0.5552931
5062,0.38215065
5063,0.06815648
5064,0.006759718
5065,0.041929673
5066,0.018795244
5067,0.043700427
5068,0.06665686
5069,0.009796398
5070,0.031144572
5071,0.4795689
5072,0.043070775
5073,0.016429046
5074,0.052610554
5075,0.04323308
5076,0.066207625
5077,0.037403226
5078,0.042885378
5079,0.015968617
5080,0.013969732
5081,0.014118314
5082,0.027276374
5083,0.0614953
5084,0.066088945
5085,0.5468387
5086,0.3687868
5087,0.07629217
5088,0.4918474
5089,0.39521107
5090,0.47728288
5091,0.07186367
5092,0.032086283
5093,0.035000265
5094,0.04302495
5095,0.040732186
5096,0.053531148
5097,0.50417584
5098,0.20983706
5099,0.24174285
5100,0.029441023
5101,0.06853032
5102,0.075025044
5103,0.07221244
5104,0.08207665
5105,0.041889105
5106,0.030014977
5107,0.009356657
5108,0.039484717
5109,0.07612033
5110,0.5840932
5111,0.37121266
5112,0.4774381
5113,0.2334321
5114,0.23797467
5115,0.07631281
5116,0.06048306
5117,0.040356122
5118,0.01233659
5119,0.021691188
5120,0.037511025
5121,0.030676577
5122,0.076143384
5123,0.07656391
5124,0.06241216
5125,0.079856195
5126,0.02704176
5127,0.056081645
5128,0.39673147
5129,0.03903899
5130,0.010715934
5131,0.010914393
5132,0.06728704
5133,0.07492432
5134,0.03059458
5135,0.21413717
5136,0.065664075
5137,0.058734067
5138,0.06569324
5139,0.030364644
5140,0.062425863
5141,0.059778657
5142,0.036147393
5143,0.07386438
5144,0.06814829
5145,0.038964655
5146,0.026465181
5147,0.01040727
5148,0.21110594
5149,0.011111188
5150,0.022446413
5151,0.06178145
5152,0.03885127
5153,0.031959906
5154,0.07251585
5155,0.03374618
5156,0.040493164
5157,0.009129692
5158,0.038639445
5159,0.07318079
5160,0.10598412
5161,0.4599307
5162,0.06615623
5163,0.027197033
5164,0.047237948
5165,0.050966877
5166,0.077259436
5167,0.013841372
5168,0.030856729
5169,0.014124516
5170,0.030859824
5171,0.017243978
5172,0.018502032
5173,0.056924153
5174,0.06104062
5175,0.38457292
5176,0.0127205895
5177,0.015928175
5178,0.031523146
5179,0.056812096
5180,0.06229199
5181,0.49743357
5182,0.06766418
5183,0.010453841
5184,0.07446202
5185,0.03587218
5186,0.015198725
5187,0.057516683
5188,0.07241744
5189,0.04624191
5190,0.016615996
5191,0.082009315
5192,0.03537401
5193,0.014088869
5194,0.025037477
5195,0.07612266
5196,0.05302344
5197,0.03643393
5198,0.016190685
5199,0.02696137
5200,0.052451376
5201,0.24019499
5202,0.030257346
5203,0.016847163
5204,0.029358994
5205,0.039197695
5206,0.05243896
5207,0.231044
5208,0.053224478
5209,0.072531685
5210,0.061624072
5211,0.029856632
5212,0.043054935
5213,0.043624483
5214,0.02752785
5215,0.08008585
5216,0.016055847
5217,0.016626231
5218,0.0679588
5219,0.01657814
5220,0.061393775
5221,0.04362244
5222,0.0097145345
5223,0.010890592
5224,0.23788676
5225,0.58698696
5226,0.06695134
5227,0.06210872
5228,0.016388763
5229,0.06095813
5230,0.042990252
5231,0.04032587
5232,0.062051952
5233,0.060483295
5234,0.065122075
5235,0.5423082
5236,0.016876968
5237,0.058135454
5238,0.015511205
5239,0.06009055
5240,0.05929405
5241,0.02398363
5242,0.036351595
5243,0.07628906
5244,0.4485707
5245,0.057130136
5246,0.078775704
5247,0.016602004
5248,0.057333656
5249,0.019993003
5250,0.059180517
5251,0.026058758
5252,0.02381483
5253,0.0469693
5254,0.052355107
5255,0.026752379
5256,0.016879452
5257,0.050509438
5258,0.016001
5259,0.06880295
5260,0.035409566
5261,0.014022794
5262,0.03189393
5263,0.061510395
5264,0.066168614
5265,0.019267302
5266,0.051196277
5267,0.5592542
5268,0.052984092
5269,0.06571613
5270,0.04185612
5271,0.042989247
5272,0.01592935
5273,0.48942
5274,0.025678204
5275,0.015294503
5276,0.042832352
5277,0.06590387
5278,0.018494923
5279,0.06586816
5280,0.039389864
5281,0.025698807
5282,0.043537837
5283,0.39276144
5284,0.018118255
5285,0.0069338977
5286,0.01868174
5287,0.012633422
5288,0.04042068
5289,0.014175465
5290,0.031044379
5291,0.08008432
5292,0.053021453
5293,0.0144304745
5294,0.014730494
5295,0.053615425
5296,0.07303173
5297,0.061451852
5298,0.057803728
5299,0.053451303
5300,0.026610188
5301,0.046687055
5302,0.01572329
5303,0.054211732
5304,0.23139526
5305,0.07257802
5306,0.00809385
5307,0.031487286
5308,0.013518205
5309,0.012029452
5310,0.014759589
5311,0.011500202
5312,0.01741667
5313,0.009229749
5314,0.009302239
5315,0.014698016
5316,0.014165847
5317,0.022188015
5318,0.050206568
5319,0.043353196
5320,0.06816558
5321,0.006544815
5322,0.015024967
5323,0.01023199
5324,0.0762353
5325,0.009351229
5326,0.07957969
5327,0.011800737
5328,0.024997242
5329,0.025350396
5330,0.011470335
5331,0.014036667
5332,0.016206225
5333,0.017379679
5334,0.030626033
5335,0.012552181
5336,0.014396102
5337,0.052830983
5338,0.02695576
5339,0.040356122
5340,0.042099275
5341,0.013840798
5342,0.009247852
5343,0.066296495
5344,0.026316317
5345,0.043135807
5346,0.032148644
5347,0.014685902
5348,0.0614733
5349,0.010885388
5350,0.010926255
5351,0.07350912
5352,0.052886385
5353,0.05322844
5354,0.053044908
5355,0.013981088
5356,0.061565593
5357,0.02086337
5358,0.010629123
5359,0.060783178
5360,0.014533852
5361,0.06752982
5362,0.075394526
5363,0.01617158
5364,0.025909526
5365,0.03207457
5366,0.026879484
5367,0.026686879
5368,0.011278356
5369,0.011262273
5370,0.009960865
5371,0.03185271
5372,0.010274928
5373,0.011493828
5374,0.059615683
5375,0.05179452
5376,0.03140965
5377,0.0077590263
5378,0.007328983
5379,0.069068044
5380,0.016665457
5381,0.013754308
5382,0.0144076105
5383,0.043389156
5384,0.017882442
5385,0.013723023
5386,0.02570196
5387,0.01526971
5388,0.032877944
5389,0.010903791
5390,0.014831597
5391,0.030335091
5392,0.06393385
5393,0.074660495
5394,0.017142927
5395,0.062010136
5396,0.013618701
5397,0.018689256
5398,0.011114227
5399,0.020084968
5400,0.050623763
5401,0.027031777
5402,0.04316719
5403,0.051728327
5404,0.014174646
5405,0.030776825
5406,0.044347074
5407,0.040421497
5408,0.06707988
5409,0.044298
5410,0.060871862
5411,0.042852536
5412,0.062028747
5413,0.3878891
5414,0.36598104
5415,0.02684504
5416,0.043904662
5417,0.24244288
5418,0.054977614
5419,0.23656276
5420,0.066666
5421,0.07956406
5422,0.056570202
5423,0.06633284
5424,0.01377478
5425,0.039169963
5426,0.024223275
5427,0.011790645
5428,0.21718623
5429,0.032426775
5430,0.5081572
5431,0.06838551
5432,0.04377923
5433,0.22236083
5434,0.054243226
5435,0.029222094
5436,0.022348348
5437,0.043080553
5438,0.03654458
5439,0.014021431
5440,0.2191081
5441,0.07213955
5442,0.47229528
5443,0.4567783
5444,0.06147126
5445,0.07220649
5446,0.07582825
5447,0.009842462
5448,0.009031848
5449,0.05323055
5450,0.04127729
5451,0.056025457
5452,0.063462965
5453,0.41233617
5454,0.071541294
5455,0.22594525
5456,0.523703
5457,0.22278567
5458,0.028741488
5459,0.45776823
5460,0.053221665
5461,0.24529071
5462,0.04983091
5463,0.0462909
5464,0.03482882
5465,0.05677067
5466,0.067656524
5467,0.0709612
5468,0.03862444
5469,0.060370177
5470,0.34948134
5471,0.042754654
5472,0.031393897
5473,0.052237067
5474,0.053606115
5475,0.060842372
5476,0.03152221
5477,0.03919297
5478,0.042031724
5479,0.0686436
5480,0.027233355
5481,0.053308688
5482,0.2300957
5483,0.052866478
5484,0.23886928
5485,0.05245016
5486,0.039325397
5487,0.023907086
5488,0.014991798
5489,0.02415209
5490,0.44008884
5491,0.060358632
5492,0.08536004
5493,0.24301852
5494,0.006464888
5495,0.059510324
5496,0.049969353
5497,0.021695063
5498,0.014789324
5499,0.008450877
5500,0.03756916
5501,0.0059695276
5502,0.060607664
5503,0.05791773
5504,0.0670808
5505,0.23738681
5506,0.24419391
5507,0.016359154
5508,0.01966178
5509,0.04419677
5510,0.00955728
5511,0.03145947
5512,0.025635999
5513,0.035142943
5514,0.23381762
5515,0.017862897
5516,0.041926432
5517,0.010843752
5518,0.057133887
5519,0.04332757
5520,0.22121255
5521,0.4374251
5522,0.061916806
5523,0.01886232
5524,0.02074396
5525,0.03989798
5526,0.053166583
5527,0.024031533
5528,0.029558113
5529,0.012181751
5530,0.073676355
5531,0.23522046
5532,0.06494167
5533,0.06625018
5534,0.053192027
5535,0.038053673
5536,0.03154475
5537,0.030084703
5538,0.035628658
5539,0.06303813
5540,0.051678568
5541,0.21254286
5542,0.014754164
5543,0.036171786
5544,0.027289776
5545,0.01652289
5546,0.014591867
5547,0.028357841
5548,0.03980961
5549,0.020448832
5550,0.021719968
5551,0.058259528
5552,0.082178384
5553,0.08142356
5554,0.042409714
5555,0.03859148
5556,0.038770486
5557,0.06573516
5558,0.05727071
5559,0.014410763
5560,0.052483894
5561,0.030423945
5562,0.009599195
5563,0.06722017
5564,0.027039455
5565,0.023783408
5566,0.032053266
5567,0.053421475
5568,0.053330917
5569,0.07419652
5570,0.06897764
5571,0.22283354
5572,0.05298142
5573,0.038549397
5574,0.01709984
5575,0.05025913
5576,0.04312457
5577,0.07387967
5578,0.042760286
5579,0.578084
5580,0.067769155
5581,0.06580185
5582,0.048507206
5583,0.046144288
5584,0.018339776
5585,0.015957167
5586,0.010223117
5587,0.012938134
5588,0.05311146
5589,0.018079765
5590,0.011632864
5591,0.016685711
5592,0.017039515
5593,0.060508758
5594,0.04226175
5595,0.057792537
5596,0.052346207
5597,0.06624076
5598,0.22365163
5599,0.387972
5600,0.05314264
5601,0.021340992
5602,0.061761018
5603,0.014858919
5604,0.03916306
5605,0.061461143
5606,0.051390186
5607,0.074208006
5608,0.039776146
5609,0.06561102
5610,0.038838573
5611,0.051803906
5612,0.03492441
5613,0.016576441
5614,0.07184543
5615,0.010404991
5616,0.03159403
5617,0.056615725
5618,0.03144389
5619,0.010438374
5620,0.02311507
5621,0.035149045
5622,0.051717266
5623,0.057278678
5624,0.07462856
5625,0.06249932
5626,0.231265
5627,0.07205302
5628,0.07411338
5629,0.012140197
5630,0.060887292
5631,0.011315577
5632,0.048071705
5633,0.040077116
5634,0.06271085
5635,0.03250802
5636,0.01963787
5637,0.0433009
5638,0.038353402
5639,0.047599908
5640,0.061784837
5641,0.05137109
5642,0.01278033
5643,0.022438033
5644,0.03164313
5645,0.05673298
5646,0.036554612
5647,0.068606436
5648,0.052550122
5649,0.07335269
5650,0.5351995
5651,0.06207217
5652,0.06869573
5653,0.05271252
5654,0.20093569
5655,0.058202606
5656,0.061917398
5657,0.04816667
5658,0.010218896
5659,0.018310811
5660,0.24210896
5661,0.058628347
5662,0.06116812
5663,0.05183348
5664,0.059149113
5665,0.016990839
5666,0.02734234
5667,0.009242895
5668,0.018048735
5669,0.019307064
5670,0.03755418
5671,0.07682142
5672,0.05427272
5673,0.041847993
5674,0.06529023
5675,0.503755
5676,0.056972884
5677,0.014293648
5678,0.2154089
5679,0.051535733
5680,0.23117892
5681,0.08195541
5682,0.05396397
5683,0.01926894
5684,0.043961503
5685,0.06658461
5686,0.079218775
5687,0.039415076
5688,0.07610517
5689,0.06118652
5690,0.05727598
5691,0.0149543
5692,0.018832685
5693,0.046484597
5694,0.053901352
5695,0.015292797
5696,0.07230195
5697,0.07483078
5698,0.072744556
5699,0.05964089
5700,0.03144825
5701,0.06658151
5702,0.06333239
5703,0.23070526
5704,0.050116718
5705,0.044385824
5706,0.020224182
5707,0.053739518
5708,0.62931764
5709,0.0381392
5710,0.061488595
5711,0.45899984
5712,0.21939245
5713,0.012726772
5714,0.009721567
5715,0.03877472
5716,0.048209723
5717,0.061526965
5718,0.23385054
5719,0.057358645
5720,0.060828835
5721,0.22878073
5722,0.07481258
5723,0.07314791
5724,0.08015331
5725,0.23864147
5726,0.061291806
5727,0.043945625
5728,0.06305535
5729,0.04747558
5730,0.24044284
5731,0.48173952
5732,0.006520707
5733,0.04031886
5734,0.4133009
5735,0.014276196
5736,0.042880308
5737,0.23789553
5738,0.015089888
5739,0.0433009
5740,0.05720277
5741,0.01583916
5742,0.0403328
5743,0.006788584
5744,0.2378791
5745,0.04019764
5746,0.057689544
5747,0.0688647
5748,0.075163126
5749,0.07395682
5750,0.4069756
5751,0.2362178
5752,0.027164394
5753,0.23411009
5754,0.39831328
5755,0.21843404
5756,0.62255174
5757,0.44573864
5758,0.4501895
5759,0.023668967
5760,0.07344981
5761,0.05409578
5762,0.018876702
5763,0.011700895
5764,0.0114159705
5765,0.016873028
5766,0.010996575
5767,0.050844338
5768,0.009062909
5769,0.010964502
5770,0.03209977
5771,0.05022206
5772,0.061184093
5773,0.058894306
5774,0.068469964
5775,0.06191142
5776,0.22346789
5777,0.066925295
5778,0.027327348
5779,0.06869573
5780,0.22880688
5781,0.18899442
5782,0.616062
5783,0.52518666
5784,0.6308297
5785,0.006294656
5786,0.02711868
5787,0.016115358
5788,0.060977094
5789,0.23834227
5790,0.06108844
5791,0.053366397
5792,0.009573846
5793,0.050348807
5794,0.0536884
5795,0.042900283
5796,0.011405258
5797,0.23816682
5798,0.016751079
5799,0.029954055
5800,0.065979086
5801,0.066149786
5802,0.042361733
5803,0.043269143
5804,0.07207984
5805,0.05621748
5806,0.025550205
5807,0.07443603
5808,0.06639894
5809,0.06772013
5810,0.5505041
5811,0.67183685
5812,0.66197073
5813,0.014114252
5814,0.18927872
5815,0.027508928
5816,0.0773809
5817,0.061201412
5818,0.23458926
5819,0.06275184
5820,0.018024849
5821,0.061622642
5822,0.064970694
5823,0.22464578
5824,0.06706922
5825,0.4242016
5826,0.23736204
5827,0.074132174
5828,0.072824396
5829,0.060281936
5830,0.05285854
5831,0.06670653
5832,0.04049172
5833,0.03185866
5834,0.07268524
5835,0.072387666
5836,0.053151414
5837,0.06763738
5838,0.023735372
5839,0.5651239
5840,0.69915104
5841,0.48120463
5842,0.0732474
5843,0.04305886
5844,0.37689692
5845,0.076490015
5846,0.02683405
5847,0.016269414
5848,0.016311826
5849,0.03370653
5850,0.062240373
5851,0.043372862
5852,0.36874086
5853,0.56956434
5854,0.05832339
5855,0.0642017
5856,0.060921416
5857,0.07787369
5858,0.057075594
5859,0.22370331
5860,0.0657116
5861,0.035097472
5862,0.061659493
5863,0.06626695
5864,0.065993
5865,0.041443955
5866,0.4470672
5867,0.38419437
5868,0.22857215
5869,0.05802208
5870,0.025642836
5871,0.06635573
5872,0.05696175
5873,0.07350111
5874,0.030933496
5875,0.039012175
5876,0.04002466
5877,0.01545478
5878,0.017171215
5879,0.039645877
5880,0.03971788
5881,0.23292948
5882,0.58979607
5883,0.41857758
5884,0.23257394
5885,0.06771851
5886,0.075165376
5887,0.22343895
5888,0.42515996
5889,0.19010743
5890,0.029403439
5891,0.03610243
5892,0.032053657
5893,0.07484659
5894,0.21841912
5895,0.068292476
5896,0.08944897
5897,0.2418445
5898,0.075686745
5899,0.5540469
5900,0.07339598
5901,0.016599521
5902,0.07314272
5903,0.08616192
5904,0.01912345
5905,0.050228376
5906,0.076452225
5907,0.05379509
5908,0.03473108
5909,0.035048895
5910,0.041762557
5911,0.07522822
5912,0.3806973
5913,0.24174057
5914,0.48125887
5915,0.37366548
5916,0.07688197
5917,0.07205612
5918,0.23810402
5919,0.077076904
5920,0.057377864
5921,0.04348955
5922,0.48077905
5923,0.37389913
5924,0.050619178
5925,0.4558318
5926,0.43709996
5927,0.06057968
5928,0.06636335
5929,0.06163871
5930,0.043370668
5931,0.009545888
5932,0.013848321
5933,0.027589051
5934,0.04798363
5935,0.06053126
5936,0.061231147
5937,0.07177446
5938,0.23932283
5939,0.62280655
5940,0.37182373
5941,0.39506555
5942,0.49137896
5943,0.062126134
5944,0.057286162
5945,0.057886384
5946,0.07591888
5947,0.23094034
5948,0.053123925
5949,0.027935088
5950,0.00834818
5951,0.053077523
5952,0.07244358
5953,0.017104207
5954,0.04118712
5955,0.06632982
5956,0.01959677
5957,0.037774876
5958,0.018207636
5959,0.0117591685
5960,0.031774122
5961,0.05853452
5962,0.0505097
5963,0.05867774
5964,0.22341047
5965,0.2202481
5966,0.4024604
5967,0.5886909
5968,0.6256242
5969,0.23639295
5970,0.06651889
5971,0.0062729237
5972,0.04239496
5973,0.019144652
5974,0.044348754
5975,0.06702945
5976,0.009914649
5977,0.031749774
5978,0.6135878
5979,0.18174689
5980,0.01636881
5981,0.05259948
5982,0.043317094
5983,0.06649579
5984,0.03746874
5985,0.043369457
5986,0.016021295
5987,0.042093575
5988,0.013685098
5989,0.014001134
5990,0.027013453
5991,0.060693283
5992,0.06571168
5993,0.51100045
5994,0.38370636
5995,0.07209871
5996,0.6295186
5997,0.40431073
5998,0.4643925
5999,0.21865356
6000,0.038862366
6001,0.032544315
6002,0.034742013
6003,0.042879354
6004,0.040334098
6005,0.03483015
6006,0.05269038
6007,0.4943867
6008,0.21173213
6009,0.24112722
6010,0.030511519
6011,0.06659885
6012,0.07499721
6013,0.07260126
6014,0.08175534
6015,0.04164483
6016,0.029661492
6017,0.038987547
6018,0.07458959
6019,0.5926472
6020,0.38938913
6021,0.5833677
6022,0.082838625
6023,0.23922025
6024,0.07763649
6025,0.06053578
6026,0.037602767
6027,0.03042331
6028,0.07364882
6029,0.07267861
6030,0.06104635
6031,0.23552229
6032,0.025501171
6033,0.053363513
6034,0.2339109
6035,0.038921595
6036,0.01094713
6037,0.068458654
6038,0.07409215
6039,0.030768173
6040,0.005335813
6041,0.21324404
6042,0.0652836
6043,0.057000704
6044,0.06488088
6045,0.030510744
6046,0.06038484
6047,0.060015712
6048,0.036134675
6049,0.07248461
6050,0.06617974
6051,0.039027195
6052,0.026292609
6053,0.010347078
6054,0.37565243
6055,0.01163405
6056,0.01401593
6057,0.06227299
6058,0.03974167
6059,0.032178584
6060,0.07209898
6061,0.03373292
6062,0.04098451
6063,0.014795477
6064,0.039070167
6065,0.06909663
6066,0.3867074
6067,0.44092464
6068,0.06739321
6069,0.017105628
6070,0.027732436
6071,0.046672117
6072,0.014368698
6073,0.05379979
6074,0.07790849
6075,0.013251351
6076,0.030709736
6077,0.0144380415
6078,0.030721178
6079,0.017270336
6080,0.057115056
6081,0.062005226
6082,0.40088186
6083,0.013993527
6084,0.015733931
6085,0.03154068
6086,0.056507114
6087,0.06240566
6088,0.42488915
6089,0.06592935
6090,0.072632656
6091,0.03567097
6092,0.01463682
6093,0.057194877
6094,0.07577919
6095,0.046383947
6096,0.016536582
6097,0.010176821
6098,0.24069887
6099,0.03143849
6100,0.014319489
6101,0.025363464
6102,0.0724447
6103,0.052841265
6104,0.03895213
6105,0.01669626
6106,0.026955416
6107,0.05246922
6108,0.36929268
6109,0.030183267
6110,0.005246242
6111,0.017706772
6112,0.029313339
6113,0.03962215
6114,0.053050376
6115,0.22614662
6116,0.05289798
6117,0.22885457
6118,0.062014777
6119,0.029956052
6120,0.04389396
6121,0.043578904
6122,0.027480463
6123,0.23248498
6124,0.0632253
6125,0.016646905
6126,0.061154887
6127,0.04356289
6128,0.009614943
6129,0.011549751
6130,0.24322967
6131,0.67403376
6132,0.06831834
6133,0.06185321
6134,0.062425174
6135,0.042723816
6136,0.040958516
6137,0.06159852
6138,0.06068443
6139,0.06732882
6140,0.6893401
6141,0.058253214
6142,0.01500362
6143,0.05848467
6144,0.058460083
6145,0.016346265
6146,0.036558274
6147,0.077924795
6148,0.44372818
6149,0.057027828
6150,0.07884147
6151,0.057709936
6152,0.014333009
6153,0.020289497
6154,0.058466125
6155,0.0253099
6156,0.024122821
6157,0.04665302
6158,0.05145213
6159,0.0258788
6160,0.017144645
6161,0.049752
6162,0.01622635
6163,0.07086074
6164,0.035635334
6165,0.04053918
6166,0.014475046
6167,0.032173447
6168,0.061127264
6169,0.0661679
6170,0.01973878
6171,0.050367508
6172,0.4256179
6173,0.053553063
6174,0.06529968
6175,0.04314331
6176,0.043484677
6177,0.015990194
6178,0.48967066
6179,0.026746627
6180,0.010598208
6181,0.00877312
6182,0.011286046
6183,0.043018688
6184,0.065671
6185,0.018118132
6186,0.01090247
6187,0.06550932
6188,0.03957116
6189,0.043727305
6190,0.39559838
6191,0.026971297
6192,0.018675191
6193,0.01866637
6194,0.011789878
6195,0.041567236
6196,0.009508701
6197,0.031408343
6198,0.07964398
6199,0.053221866
6200,0.014456321
6201,0.014404151
6202,0.054308
6203,0.072719246
6204,0.062413663
6205,0.056821145
6206,0.05417283
6207,0.026281355
6208,0.047540203
6209,0.016526403
6210,0.053400215
6211,0.23546374
6212,0.07286195
6213,0.031596255
6214,0.013890149
6215,0.011647746
6216,0.015039059
6217,0.010990797
6218,0.01781258
6219,0.009134407
6220,0.02072245
6221,0.010238885
6222,0.014310328
6223,0.022831107
6224,0.050391417
6225,0.043421086
6226,0.06832371
6227,0.006031429
6228,0.009567675
6229,0.07276095
6230,0.009203324
6231,0.07530506
6232,0.017074797
6233,0.025265984
6234,0.011745962
6235,0.010438643
6236,0.016680686
6237,0.017973125
6238,0.013939085
6239,0.03060651
6240,0.013982488
6241,0.05055214
6242,0.02690417
6243,0.040503163
6244,0.013274642
6245,0.042223684
6246,0.014001134
6247,0.014701159
6248,0.012516576
6249,0.06670911
6250,0.02601334
6251,0.043253597
6252,0.00882711
6253,0.006278696
6254,0.010985862
6255,0.03145852
6256,0.010772925
6257,0.011355726
6258,0.014786598
6259,0.061430182
6260,0.012310426
6261,0.010788517
6262,0.07393512
6263,0.05231385
6264,0.053096294
6265,0.05326926
6266,0.01444919
6267,0.061423223
6268,0.020445997
6269,0.011335196
6270,0.060267027
6271,0.01451562
6272,0.06507667
6273,0.07475807
6274,0.01616361
6275,0.012070907
6276,0.025660502
6277,0.0312115
6278,0.026706627
6279,0.026848514
6280,0.012452751
6281,0.0076642595
6282,0.012166459
6283,0.011340844
6284,0.008193894
6285,0.010667609
6286,0.031320274
6287,0.0105900625
6288,0.05974308
6289,0.051632285
6290,0.06884506
6291,0.0237971
6292,0.03205229
6293,0.014797265
6294,0.04357339
6295,0.017402275
6296,0.013307758
6297,0.026491268
6298,0.01584082
6299,0.03180487
6300,0.010098203
6301,0.010924491
6302,0.03029246
6303,0.063685246
6304,0.073312625
6305,0.017528778
6306,0.06178871
6307,0.018825566
6308,0.037570037
6309,0.05471762
6310,0.04464196
6311,0.056702122
6312,0.014252852
6313,0.034359176
6314,0.04671494
6315,0.039781753
6316,0.04034024
6317,0.08208965
6318,0.04617128
6319,0.010382467
6320,0.08082077
6321,0.044307005
6322,0.06886014
6323,0.04477633
6324,0.4125857
6325,0.37832955
6326,0.04594612
6327,0.38658327
6328,0.06741892
6329,0.2624262
6330,0.22118482
6331,0.09701347
6332,0.059726328
6333,0.075775966
6334,0.01429944
6335,0.040311847
6336,0.014398935
6337,0.23147374
6338,0.03271397
6339,0.6842271
6340,0.08380465
6341,0.08398667
6342,0.059635967
6343,0.030272976
6344,0.023106826
6345,0.044916514
6346,0.014245151
6347,0.041150916
6348,0.092917345
6349,0.09003168
6350,0.5007743
6351,0.5513804
6352,0.04526692
6353,0.06699193
6354,0.09562947
6355,0.09273532
6356,0.010208634
6357,0.009293777
6358,0.019709544
6359,0.0546008
6360,0.04251585
6361,0.058949687
6362,0.075400874
6363,0.040853348
6364,0.5055203
6365,0.09346179
6366,0.23997779
6367,0.45248502
6368,0.09495818
6369,0.021970663
6370,0.45904186
6371,0.016570969
6372,0.056497637
6373,0.26355737
6374,0.052189924
6375,0.0491146
6376,0.03605039
6377,0.062725276
6378,0.028524723
6379,0.2232557
6380,0.08700008
6381,0.037651394
6382,0.06571116
6383,0.42854226
6384,0.04483446
6385,0.03269891
6386,0.054609198
6387,0.056199536
6388,0.0689245
6389,0.032868728
6390,0.04388343
6391,0.07705647
6392,0.027521294
6393,0.05561644
6394,0.103354126
6395,0.4216651
6396,0.055133063
6397,0.040147476
6398,0.012398541
6399,0.014972604
6400,0.0065428712
6401,0.022404002
6402,0.43956545
6403,0.09169076
6404,0.064130165
6405,0.27120858
6406,0.44976154
6407,0.06417765
6408,0.051954713
6409,0.022141295
6410,0.015237975
6411,0.007911222
6412,0.038755465
6413,0.014602681
6414,0.06654961
6415,0.06288153
6416,0.07825512
6417,0.41104192
6418,0.45058182
6419,0.016809914
6420,0.3854081
6421,0.04467387
6422,0.009376718
6423,0.02618782
6424,0.036844697
6425,0.2577745
6426,0.018355502
6427,0.042918645
6428,0.01185934
6429,0.044764742
6430,0.028012428
6431,0.08171693
6432,0.46745437
6433,0.011715948
6434,0.040253937
6435,0.0685777
6436,0.04157559
6437,0.056450844
6438,0.030220784
6439,0.011792774
6440,0.088545516
6441,0.094669305
6442,0.07607835
6443,0.07805639
6444,0.056352243
6445,0.03781671
6446,0.03239978
6447,0.031131553
6448,0.036542308
6449,0.06839281
6450,0.051472247
6451,0.2186986
6452,0.014659052
6453,0.037912913
6454,0.028439509
6455,0.017118977
6456,0.015054102
6457,0.023963174
6458,0.04160796
6459,0.009736639
6460,0.052937187
6461,0.020790407
6462,0.024200046
6463,0.060280353
6464,0.11356811
6465,0.10846779
6466,0.04315333
6467,0.03959293
6468,0.038947333
6469,0.076526605
6470,0.06135521
6471,0.015161108
6472,0.05448795
6473,0.014950943
6474,0.023052882
6475,0.032101642
6476,0.08495666
6477,0.027682284
6478,0.0236799
6479,0.03266503
6480,0.05551845
6481,0.0550563
6482,0.2374194
6483,0.21565953
6484,0.090724565
6485,0.055530697
6486,0.039643805
6487,0.017604044
6488,0.052302103
6489,0.04483377
6490,0.009165789
6491,0.012918916
6492,0.0898533
6493,0.04525443
6494,0.619618
6495,0.0826663
6496,0.019937517
6497,0.012567475
6498,0.084037215
6499,0.050717037
6500,0.04799379
6501,0.018306963
6502,0.016441325
6503,0.010284402
6504,0.055693682
6505,0.011844382
6506,0.017126435
6507,0.017440796
6508,0.06511566
6509,0.043001786
6510,0.06270837
6511,0.05458869
6512,0.0803862
6513,0.2369293
6514,0.40139368
6515,0.056496076
6516,0.022013104
6517,0.06438242
6518,0.01615819
6519,0.040376794
6520,0.06761254
6521,0.054390952
6522,0.08889015
6523,0.04063872
6524,0.07885881
6525,0.03967137
6526,0.053574
6527,0.036726575
6528,0.0170653
6529,0.017732646
6530,0.08978932
6531,0.011248782
6532,0.033020575
6533,0.059364494
6534,0.032595187
6535,0.009603304
6536,0.022800447
6537,0.036075987
6538,0.05378345
6539,0.06079605
6540,0.09253133
6541,0.068828255
6542,0.37660286
6543,0.08871263
6544,0.08882779
6545,0.012358633
6546,0.06756491
6547,0.011619441
6548,0.049608644
6549,0.040114794
6550,0.06606784
6551,0.03300346
6552,0.020651653
6553,0.044293165
6554,0.03944389
6555,0.04986527
6556,0.06726932
6557,0.034015425
6558,0.05308009
6559,0.009022723
6560,0.032464545
6561,0.059113886
6562,0.014101483
6563,0.037658315
6564,0.080590114
6565,0.054546602
6566,0.092078745
6567,0.54222333
6568,0.068741195
6569,0.07817574
6570,0.0550911
6571,0.058974426
6572,0.06038379
6573,0.066349916
6574,0.050151616
6575,0.011321751
6576,0.018598825
6577,0.26642278
6578,0.060686942
6579,0.06309958
6580,0.05589689
6581,0.063994154
6582,0.01723684
6583,0.019810423
6584,0.038792502
6585,0.11290314
6586,0.056177717
6587,0.043074157
6588,0.07719371
6589,0.5778867
6590,0.06507236
6591,0.01441493
6592,0.39483577
6593,0.0535367
6594,0.2586445
6595,0.26856205
6596,0.056745816
6597,0.045236465
6598,0.07849905
6599,0.09844921
6600,0.039532892
6601,0.09397607
6602,0.06763043
6603,0.008303066
6604,0.05979579
6605,0.0152225075
6606,0.019983416
6607,0.04812255
6608,0.056330975
6609,0.014972604
6610,0.09005884
6611,0.096473016
6612,0.094995625
6613,0.06481206
6614,0.03239978
6615,0.079933204
6616,0.08385558
6617,0.25452638
6618,0.05240536
6619,0.010530929
6620,0.045411818
6621,0.020451857
6622,0.010063935
6623,0.05635007
6624,0.50339365
6625,0.038664386
6626,0.080828406
6627,0.44995162
6628,0.2360174
6629,0.01528108
6630,0.012758097
6631,0.010500331
6632,0.04054988
6633,0.049963884
6634,0.23067155
6635,0.24769966
6636,0.062149834
6637,0.065135665
6638,0.24287233
6639,0.09410704
6640,0.09003074
6641,0.10645862
6642,0.39030316
6643,0.06597559
6644,0.018678108
6645,0.0456537
6646,0.06909201
6647,0.04914044
6648,0.41430408
6649,0.71023375
6650,0.0066992897
6651,0.042039085
6652,0.38904718
6653,0.014337742
6654,0.045003403
6655,0.25191936
6656,0.012849868
6657,0.04509239
6658,0.05976625
6659,0.016006442
6660,0.04111245
6661,0.38321257
6662,0.040172074
6663,0.062664345
6664,0.2446838
6665,0.09196883
6666,0.26131356
6667,0.41319427
6668,0.26597828
6669,0.10307842
6670,0.3771747
6671,0.23119032
6672,0.6379307
6673,0.43183133
6674,0.42812568
6675,0.006877907
6676,0.023848383
6677,0.09014712
6678,0.05625609
6679,0.027747562
6680,0.020493172
6681,0.011784252
6682,0.05214538
6683,0.009105557
6684,0.0111275595
6685,0.033021405
6686,0.051964477
6687,0.06803239
6688,0.06864973
6689,0.07780694
6690,0.066581115
6691,0.23899685
6692,0.07634094
6693,0.028334228
6694,0.08009387
6695,0.096706174
6696,0.017551221
6697,0.18612786
6698,0.62189704
6699,0.6448425
6700,0.6064256
6701,0.0071393205
6702,0.027691418
6703,0.016746523
6704,0.068729036
6705,0.27328148
6706,0.066506244
6707,0.016811287
6708,0.0547702
6709,0.009656224
6710,0.05174475
6711,0.056150403
6712,0.044591147
6713,0.011666929
6714,0.26201737
6715,0.0165997
6716,0.031551443
6717,0.07824962
6718,0.077820644
6719,0.04519863
6720,0.044473156
6721,0.08985582
6722,0.21855035
6723,0.007354574
6724,0.025724497
6725,0.088987924
6726,0.07623837
6727,0.22497122
6728,0.7709082
6729,0.8358498
6730,0.69173276
6731,0.014998645
6732,0.1931841
6733,0.028293682
6734,0.2629528
6735,0.06895551
6736,0.2598417
6737,0.040360227
6738,0.06824015
6739,0.018029999
6740,0.06883533
6741,0.07673026
6742,0.23720396
6743,0.08671031
6744,0.525834
6745,0.26802456
6746,0.094655894
6747,0.09436884
6748,0.06496233
6749,0.05334774
6750,0.08009387
6751,0.040389515
6752,0.033063088
6753,0.09529428
6754,0.089701325
6755,0.055684417
6756,0.079875566
6757,0.024794567
6758,0.7858625
6759,0.6631447
6760,0.8404067
6761,0.089697644
6762,0.044816054
6763,0.23712079
6764,0.011296896
6765,0.10618568
6766,0.027876949
6767,0.010186059
6768,0.017259138
6769,0.016373536
6770,0.034644764
6771,0.068961985
6772,0.043848097
6773,0.42300662
6774,0.66193837
6775,0.06210624
6776,0.07511409
6777,0.06780302
6778,0.094660185
6779,0.058901872
6780,0.40141785
6781,0.07758267
6782,0.03652254
6783,0.06904364
6784,0.07652777
6785,0.07674222
6786,0.043417703
6787,0.02210621
6788,0.4693854
6789,0.4073882
6790,0.2437769
6791,0.06250685
6792,0.027762916
6793,0.08051891
6794,0.059573617
6795,0.2572987
6796,0.030494982
6797,0.0406175
6798,0.041067243
6799,0.017471183
6800,0.040315807
6801,0.041106697
6802,0.2494053
6803,0.6702219
6804,0.38336274
6805,0.26115218
6806,0.0809876
6807,0.098323025
6808,0.23837225
6809,0.47165462
6810,0.19025931
6811,0.029768147
6812,0.03712631
6813,0.033712823
6814,0.09542347
6815,0.081618905
6816,0.08720225
6817,0.27776375
6818,0.27193072
6819,0.09766941
6820,0.7302277
6821,0.23787174
6822,0.017253429
6823,0.23042977
6824,0.099496804
6825,0.019735167
6826,0.053089134
6827,0.10989003
6828,0.05645857
6829,0.035582185
6830,0.03645628
6831,0.04263215
6832,0.09355015
6833,0.3788129
6834,0.2660115
6835,0.42528054
6836,0.42125544
6837,0.09866436
6838,0.09403304
6839,0.25014552
6840,0.09746617
6841,0.061417203
6842,0.04521373
6843,0.46716145
6844,0.26173493
6845,0.052576385
6846,0.4864754
6847,0.4262955
6848,0.008169677
6849,0.06646548
6850,0.07815883
6851,0.06660241
6852,0.04473217
6853,0.009466986
6854,0.014324513
6855,0.028463982
6856,0.05251893
6857,0.067120776
6858,0.066010416
6859,0.089584954
6860,0.4373671
6861,0.6241303
6862,0.38313934
6863,0.3619922
6864,0.62079513
6865,0.06913204
6866,0.061139017
6867,0.061072282
6868,0.09076793
6869,0.11016926
6870,0.055663653
6871,0.027749225
6872,0.05636303
6873,0.09136149
6874,0.017051024
6875,0.04187036
6876,0.07779212
6877,0.015338415
6878,0.039187633
6879,0.018626338
6880,0.011655622
6881,0.032148283
6882,0.06038379
6883,0.051952913
6884,0.06274581
6885,0.23784934
6886,0.23452003
6887,0.3766162
6888,0.6718421
6889,0.717032
6890,0.40821952
6891,0.081244506
6892,0.0065946686
6893,0.04302629
6894,0.01929637
6895,0.045565702
6896,0.07989598
6897,0.015284954
6898,0.57754517
6899,0.18661483
6900,0.016729578
6901,0.05514259
6902,0.045235228
6903,0.077346876
6904,0.03906962
6905,0.044931546
6906,0.043325424
6907,0.013861925
6908,0.014221532
6909,0.028012428
6910,0.06778182
6911,0.07757091
6912,0.5091742
6913,0.42429388
6914,0.08873631
6915,0.6154754
6916,0.4278506
6917,0.44208756
6918,0.091277406
6919,0.03959929
6920,0.033860557
6921,0.03527359
6922,0.04470021
6923,0.041475393
6924,0.036507316
6925,0.053487647
6926,0.49603862
6927,0.21674259
6928,0.38996026
6929,0.031105932
6930,0.078310356
6931,0.08867662
6932,0.09328238
6933,0.098864555
6934,0.043294314
6935,0.028912224
6936,0.040353227
6937,0.22648785
6938,0.58064723
6939,0.40744504
6940,0.59909135
6941,0.24805482
6942,0.39634386
6943,0.0934014
6944,0.0671378
6945,0.04208868
6946,0.022641376
6947,0.039326638
6948,0.030923435
6949,0.09225622
6950,0.0920677
6951,0.06947917
6952,0.4185073
6953,0.02758117
6954,0.058842
6955,0.39378706
6956,0.040459044
6957,0.005696691
6958,0.011044536
6959,0.080840304
6960,0.23313326
6961,0.030513534
6962,0.22333795
6963,0.23745814
6964,0.06041748
6965,0.073160306
6966,0.032202326
6967,0.06934752
6968,0.06394263
6969,0.037064314
6970,0.08834207
6971,0.08164265
6972,0.04019488
6973,0.026976464
6974,0.01047527
6975,0.22432995
6976,0.012552535
6977,0.06934187
6978,0.039720174
6979,0.032755315
6980,0.09035312
6981,0.033862006
6982,0.041519806
6983,0.01029119
6984,0.040542964
6985,0.09318433
6986,0.4087725
6987,0.48091185
6988,0.07995093
6989,0.012103982
6990,0.028502608
6991,0.04843844
6992,0.014066695
6993,0.05695913
6994,0.09132475
6995,0.014619613
6996,0.031500317
6997,0.014325833
6998,0.018446395
6999,0.011364258
7000,0.060078416
7001,0.06612349
7002,0.3943486
7003,0.014550092
7004,0.03245759
7005,0.05986012
7006,0.06861218
7007,0.44981995
7008,0.08002373
7009,0.012384845
7010,0.010716607
7011,0.09364714
7012,0.036594868
7013,0.015086457
7014,0.059829388
7015,0.23583604
7016,0.047801774
7017,0.017505653
7018,0.01044952
7019,0.26919645
7020,0.014436955
7021,0.026333062
7022,0.09495904
7023,0.05539629
7024,0.039354004
7025,0.016474191
7026,0.028237047
7027,0.05457915
7028,0.26487243
7029,0.031159543
7030,0.008978675
7031,0.01735768
7032,0.03095072
7033,0.040491343
7034,0.054193623
7035,0.24806672
7036,0.055524305
7037,0.2461963
7038,0.06948244
7039,0.031126892
7040,0.045517735
7041,0.04512689
7042,0.028590368
7043,0.26428106
7044,0.016650924
7045,0.08203324
7046,0.017737696
7047,0.06708763
7048,0.045532882
7049,0.010613469
7050,0.011142183
7051,0.26451796
7052,0.67398804
7053,0.22204499
7054,0.06979338
7055,0.014300864
7056,0.06614286
7057,0.044916637
7058,0.041710414
7059,0.068207115
7060,0.06549574
7061,0.07639748
7062,0.71714735
7063,0.062693276
7064,0.014918473
7065,0.064567864
7066,0.06318349
7067,0.016787942
7068,0.037565332
7069,0.09649909
7070,0.43628865
7071,0.060112532
7072,0.09639578
7073,0.06152154
7074,0.0105726505
7075,0.021008886
7076,0.06403199
7077,0.028675376
7078,0.024159776
7079,0.048538458
7080,0.052653085
7081,0.02750413
7082,0.017599443
7083,0.05164565
7084,0.016194105
7085,0.0879832
7086,0.03592356
7087,0.040438503
7088,0.0148758
7089,0.03336606
7090,0.066053405
7091,0.0779436
7092,0.020170623
7093,0.05156358
7094,0.65057975
7095,0.05345066
7096,0.07608662
7097,0.03711775
7098,0.042954005
7099,0.044761956
7100,0.012388
7101,0.26600078
7102,0.027104724
7103,0.008634506
7104,0.015361413
7105,0.04489984
7106,0.07848331
7107,0.018504014
7108,0.08218441
7109,0.040779606
7110,0.026749512
7111,0.044639297
7112,0.40652537
7113,0.027903194
7114,0.018413551
7115,0.019502968
7116,0.01258286
7117,0.041625634
7118,0.03137912
7119,0.008236733
7120,0.096796475
7121,0.055099744
7122,0.015079349
7123,0.05616437
7124,0.090107605
7125,0.06913204
7126,0.061085943
7127,0.055771146
7128,0.027669061
7129,0.048998248
7130,0.016342992
7131,0.19114903
7132,0.25669423
7133,0.09199469
7134,0.012524189
7135,0.01044761
7136,0.03243082
7137,0.014041898
7138,0.012343985
7139,0.0161397
7140,0.017913975
7141,0.009813362
7142,0.015095533
7143,0.009995289
7144,0.014986365
7145,0.014440965
7146,0.022653444
7147,0.052399185
7148,0.04555418
7149,0.082097225
7150,0.009778566
7151,0.09384012
7152,0.108747214
7153,0.011047217
7154,0.025944244
7155,0.011903094
7156,0.011431543
7157,0.016638871
7158,0.017744675
7159,0.014353762
7160,0.031602893
7161,0.012760352
7162,0.014946868
7163,0.009804168
7164,0.009136525
7165,0.054186553
7166,0.02737001
7167,0.04197359
7168,0.012919638
7169,0.012447184
7170,0.043157615
7171,0.01504521
7172,0.009886234
7173,0.07546741
7174,0.027290627
7175,0.04515484
7176,0.009587398
7177,0.009677291
7178,0.012282779
7179,0.033453614
7180,0.010830162
7181,0.015192203
7182,0.06658272
7183,0.021168578
7184,0.0058277175
7185,0.011147044
7186,0.10695367
7187,0.054906618
7188,0.057552654
7189,0.05363697
7190,0.066400036
7191,0.02059641
7192,0.010970119
7193,0.0063818865
7194,0.0657992
7195,0.014573253
7196,0.07686602
7197,0.014333074
7198,0.088752635
7199,0.016315449
7200,0.012167791
7201,0.026184348
7202,0.03224649
7203,0.032502804
7204,0.027301298
7205,0.027655369
7206,0.01155207
7207,0.011325829
7208,0.008138061
7209,0.010179441
7210,0.03297032
7211,0.01060428
7212,0.0110158445
7213,0.008638217
7214,0.064895846
7215,0.05354956
7216,0.032267757
7217,0.007952751
7218,0.093846254
7219,0.023973221
7220,0.030803215
7221,0.0064326734
7222,0.01124479
7223,0.015012065
7224,0.046058152
7225,0.018419031
7226,0.025971638
7227,0.033996787
7228,0.011151175
7229,0.011794855
7230,0.015372819
7231,0.031150816
7232,0.08531454
7233,0.0906377
7234,0.06929569
7235,0.01964841
7236,0.02010172
7237,0.037013777
7238,0.054094132
7239,0.027760722
7240,0.045074232
7241,0.055562686
7242,0.014591008
7243,0.03490484
7244,0.045160692
7245,0.039728753
7246,0.04125199
7247,0.07418527
7248,0.04589679
7249,0.009816232
7250,0.039521813
7251,0.037120484
7252,0.06597384
7253,0.06612038
7254,0.0442025
7255,0.23249952
7256,0.38343903
7257,0.020314008
7258,0.045437433
7259,0.24822678
7260,0.064390995
7261,0.37006304
7262,0.07129391
7263,0.084790446
7264,0.05879891
7265,0.028133731
7266,0.07050945
7267,0.0403401
7268,0.014523713
7269,0.0116209
7270,0.06921981
7271,0.032600336
7272,0.61273474
7273,0.0688498
7274,0.04493337
7275,0.044965714
7276,0.071120314
7277,0.057528414
7278,0.030538877
7279,0.022744698
7280,0.04360657
7281,0.036870044
7282,0.017042097
7283,0.014728425
7284,0.0408225
7285,0.07646146
7286,0.07924594
7287,0.43636575
7288,0.49319384
7289,0.04434275
7290,0.064462446
7291,0.22453204
7292,0.078986205
7293,0.019858371
7294,0.053987216
7295,0.041599132
7296,0.05879058
7297,0.06864862
7298,0.4262455
7299,0.07941614
7300,0.36282
7301,0.5242118
7302,0.07773103
7303,0.02249562
7304,0.45859197
7305,0.055758595
7306,0.24587427
7307,0.051227916
7308,0.048497632
7309,0.035573326
7310,0.060270928
7311,0.2163769
7312,0.077772915
7313,0.06880202
7314,0.038995642
7315,0.063564725
7316,0.43618453
7317,0.044599533
7318,0.031939987
7319,0.053760957
7320,0.055600815
7321,0.064781606
7322,0.03993052
7323,0.0425297
7324,0.06980414
7325,0.028183747
7326,0.05504313
7327,0.23379555
7328,0.090636946
7329,0.05398936
7330,0.03992108
7331,0.0059046578
7332,0.014981919
7333,0.4111245
7334,0.07953085
7335,0.064552635
7336,0.4563023
7337,0.4590432
7338,0.06273237
7339,0.051478248
7340,0.017145837
7341,0.014785964
7342,0.038383793
7343,0.015766028
7344,0.06385168
7345,0.059945147
7346,0.015007176
7347,0.069944814
7348,0.24655133
7349,0.51370263
7350,0.01310384
7351,0.016549429
7352,0.0194849
7353,0.043350827
7354,0.009542713
7355,0.032218423
7356,0.025893478
7357,0.035491686
7358,0.23609295
7359,0.018902041
7360,0.043331333
7361,0.011816338
7362,0.059313886
7363,0.04409336
7364,0.027473161
7365,0.07118754
7366,0.44191426
7367,0.04832046
7368,0.066269815
7369,0.018164681
7370,0.020523028
7371,0.041747857
7372,0.055915814
7373,0.010511559
7374,0.030367805
7375,0.011889092
7376,0.07811636
7377,0.086387046
7378,0.06880012
7379,0.0703364
7380,0.05527059
7381,0.039433353
7382,0.032211497
7383,0.03125012
7384,0.036150564
7385,0.065957345
7386,0.052377667
7387,0.21279094
7388,0.014303427
7389,0.037353914
7390,0.028262006
7391,0.01661884
7392,0.015389753
7393,0.023992578
7394,0.040979125
7395,0.020674327
7396,0.023846265
7397,0.05971572
7398,0.08925445
7399,0.24267685
7400,0.042961966
7401,0.039044097
7402,0.03848676
7403,0.071748525
7404,0.059615377
7405,0.01490728
7406,0.053801212
7407,0.014892508
7408,0.013076979
7409,0.031397976
7410,0.07295827
7411,0.027165143
7412,0.023848036
7413,0.03252758
7414,0.054892324
7415,0.05557663
7416,0.07779164
7417,0.071561284
7418,0.22035629
7419,0.05532935
7420,0.039817225
7421,0.01693627
7422,0.051312517
7423,0.0423401
7424,0.01838283
7425,0.07863755
7426,0.044064634
7427,0.50943846
7428,0.071678415
7429,0.0201781
7430,0.071979806
7431,0.04907901
7432,0.04837504
7433,0.018435434
7434,0.016662203
7435,0.010560919
7436,0.055121418
7437,0.01886629
7438,0.011340133
7439,0.016963055
7440,0.01758258
7441,0.06284255
7442,0.042774677
7443,0.20325235
7444,0.054244705
7445,0.07033201
7446,0.39172086
7447,0.41582868
7448,0.05526342
7449,0.022275744
7450,0.064400725
7451,0.0148024615
7452,0.039867215
7453,0.008455084
7454,0.06494448
7455,0.05247462
7456,0.078311376
7457,0.040162623
7458,0.07023633
7459,0.039486736
7460,0.05296403
7461,0.03608688
7462,0.017445708
7463,0.01756414
7464,0.07739084
7465,0.00888396
7466,0.032172892
7467,0.058428302
7468,0.03231671
7469,0.01182062
7470,0.023680158
7471,0.035506457
7472,0.0528821
7473,0.059182797
7474,0.078442365
7475,0.065871924
7476,0.23389593
7477,0.07764182
7478,0.07734064
7479,0.012267845
7480,0.06562349
7481,0.049387302
7482,0.04057269
7483,0.061925944
7484,0.032979447
7485,0.04459399
7486,0.03923944
7487,0.04856454
7488,0.06492647
7489,0.03312143
7490,0.052845065
7491,0.009276241
7492,0.022333356
7493,0.03205808
7494,0.02510208
7495,0.05798801
7496,0.014210687
7497,0.03691996
7498,0.0713815
7499,0.054733448
7500,0.07771857
7501,0.5834033
7502,0.06577722
7503,0.07186943
7504,0.055253427
7505,0.05911035
7506,0.0594562
7507,0.06516075
7508,0.0489754
7509,0.018364664
7510,0.24822801
7511,0.059675597
7512,0.063691124
7513,0.05430172
7514,0.061763775
7515,0.017164202
7516,0.018289385
7517,0.01993609
7518,0.03887358
7519,0.08869867
7520,0.056137454
7521,0.043217573
7522,0.068757035
7523,0.6442219
7524,0.06397279
7525,0.014157126
7526,0.38419098
7527,0.051963482
7528,0.23601516
7529,0.2483041
7530,0.056670126
7531,0.04435213
7532,0.04471594
7533,0.0694003
7534,0.08070588
7535,0.040025413
7536,0.08175259
7537,0.06485314
7538,0.058796246
7539,0.0154183395
7540,0.015065878
7541,0.047963828
7542,0.055953577
7543,0.015181287
7544,0.0756994
7545,0.08009719
7546,0.07882892
7547,0.061470654
7548,0.032118883
7549,0.07077323
7550,0.071433894
7551,0.23449045
7552,0.051175695
7553,0.010461068
7554,0.045437433
7555,0.020302612
7556,0.056118164
7557,0.58756787
7558,0.038318608
7559,0.065556414
7560,0.4671559
7561,0.22215673
7562,0.013026319
7563,0.017133284
7564,0.010721985
7565,0.0133666415
7566,0.039914574
7567,0.049617585
7568,0.065556414
7569,0.090290986
7570,0.2024105
7571,0.058961462
7572,0.22720835
7573,0.2261043
7574,0.07938995
7575,0.23817767
7576,0.3937952
7577,0.06426335
7578,0.045361333
7579,0.064844534
7580,0.04886883
7581,0.24309996
7582,0.5163477
7583,0.006683544
7584,0.04101553
7585,0.39299554
7586,0.015053284
7587,0.044308756
7588,0.24877512
7589,0.015012105
7590,0.013132675
7591,0.044812743
7592,0.059249405
7593,0.016550217
7594,0.041137088
7595,0.24377614
7596,0.041145716
7597,0.058770586
7598,0.22960152
7599,0.07985958
7600,0.08157166
7601,0.36924848
7602,0.08829461
7603,0.028820248
7604,0.22633292
7605,0.35578525
7606,0.22198795
7607,0.532824
7608,0.4319876
7609,0.24678078
7610,0.0068355724
7611,0.02719104
7612,0.08025259
7613,0.05477927
7614,0.019386608
7615,0.011006192
7616,0.007005309
7617,0.050603654
7618,0.011060397
7619,0.03293354
7620,0.050907973
7621,0.06667096
7622,0.064232714
7623,0.07028107
7624,0.064232714
7625,0.22500862
7626,0.06868059
7627,0.027812755
7628,0.07225032
7629,0.23364313
7630,0.017769342
7631,0.18759875
7632,0.52169216
7633,0.65970004
7634,0.6710866
7635,0.007266221
7636,0.027482407
7637,0.064514115
7638,0.2413433
7639,0.06454269
7640,0.055072997
7641,0.05167805
7642,0.053667355
7643,0.044004384
7644,0.011940173
7645,0.39497325
7646,0.01604071
7647,0.03050431
7648,0.07292293
7649,0.07085646
7650,0.045696724
7651,0.045095306
7652,0.2237304
7653,0.21518666
7654,0.012771912
7655,0.026099695
7656,0.22084287
7657,0.0690628
7658,0.07082912
7659,0.6210459
7660,0.55959135
7661,0.6515456
7662,0.010198007
7663,0.0151364235
7664,0.1875646
7665,0.028126251
7666,0.08981085
7667,0.06490367
7668,0.23721889
7669,0.03962741
7670,0.065782435
7671,0.017807545
7672,0.06570645
7673,0.06985561
7674,0.083612114
7675,0.078370646
7676,0.4538465
7677,0.24314067
7678,0.22078387
7679,0.077310845
7680,0.063057184
7681,0.053519595
7682,0.07165302
7683,0.040527362
7684,0.03323243
7685,0.022364983
7686,0.078481406
7687,0.07843032
7688,0.05508676
7689,0.069789805
7690,0.021944875
7691,0.5179348
7692,0.6020246
7693,0.52850497
7694,0.07651845
7695,0.04462828
7696,0.35384902
7697,0.011926616
7698,0.08434055
7699,0.02799066
7700,0.01648305
7701,0.016316805
7702,0.033798248
7703,0.0660826
7704,0.043832313
7705,0.39118785
7706,0.47487232
7707,0.059906986
7708,0.07032746
7709,0.064613424
7710,0.2297527
7711,0.058283135
7712,0.37414634
7713,0.073047996
7714,0.03667419
7715,0.0661149
7716,0.06845586
7717,0.06875587
7718,0.042834897
7719,0.021932563
7720,0.42265627
7721,0.3676594
7722,0.22750667
7723,0.060637087
7724,0.02724523
7725,0.0712407
7726,0.058741298
7727,0.23992518
7728,0.030897893
7729,0.039940175
7730,0.04015227
7731,0.01591034
7732,0.01741776
7733,0.039303046
7734,0.04044118
7735,0.23434064
7736,0.58987004
7737,0.41374886
7738,0.23711579
7739,0.0721983
7740,0.08923544
7741,0.22674504
7742,0.41711777
7743,0.053828623
7744,0.030338487
7745,0.037003394
7746,0.03249904
7747,0.0790739
7748,0.07031879
7749,0.07726145
7750,0.5446621
7751,0.24223356
7752,0.08052998
7753,0.6268853
7754,0.078830354
7755,0.017033685
7756,0.07884007
7757,0.09003068
7758,0.020206295
7759,0.05177921
7760,0.24955918
7761,0.054914292
7762,0.035589892
7763,0.035648335
7764,0.041755628
7765,0.22049466
7766,0.40738097
7767,0.24722104
7768,0.47766504
7769,0.390357
7770,0.08178512
7771,0.0774936
7772,0.39963934
7773,0.027343629
7774,0.08216035
7775,0.058498595
7776,0.045011748
7777,0.4977688
7778,0.36743033
7779,0.052695222
7780,0.45828834
7781,0.43681744
7782,0.0636223
7783,0.071381636
7784,0.06396611
7785,0.04327908
7786,0.00916788
7787,0.014208603
7788,0.028004164
7789,0.051722154
7790,0.06577231
7791,0.06472501
7792,0.080423325
7793,0.4032752
7794,0.56057256
7795,0.42275953
7796,0.3836632
7797,0.49673143
7798,0.065103695
7799,0.017532011
7800,0.05871957
7801,0.059012394
7802,0.078025326
7803,0.22628875
7804,0.054873593
7805,0.026214547
7806,0.055374596
7807,0.07826319
7808,0.01757102
7809,0.041788064
7810,0.07072858
7811,0.015268265
7812,0.038590625
7813,0.018773025
7814,0.012115295
7815,0.03216355
7816,0.05967165
7817,0.052052487
7818,0.060396805
7819,0.22519821
7820,0.22102664
7821,0.37735006
7822,0.58046657
7823,0.55022526
7824,0.24780037
7825,0.073232695
7826,0.006912051
7827,0.042669713
7828,0.019072069
7829,0.04522036
7830,0.07049846
7831,0.014895275
7832,0.010307604
7833,0.031888578
7834,0.51656836
7835,0.18119107
7836,0.017297575
7837,0.053960945
7838,0.044764496
7839,0.06936951
7840,0.038648203
7841,0.044095762
7842,0.01634255
7843,0.042660918
7844,0.014721563
7845,0.026911935
7846,0.064781606
7847,0.07080871
7848,0.4577651
7849,0.39250696
7850,0.2205399
7851,0.5084705
7852,0.3761236
7853,0.5121148
7854,0.07410275
7855,0.03917474
7856,0.03275683
7857,0.036430623
7858,0.044013884
7859,0.041411616
7860,0.035213247
7861,0.054798663
7862,0.43452492
7863,0.21471454
7864,0.39397025
7865,0.030933324
7866,0.071489066
7867,0.07611863
7868,0.078725256
7869,0.094220765
7870,0.042710178
7871,0.029944062
7872,0.041061718
7873,0.22304024
7874,0.5444718
7875,0.38495803
7876,0.5336038
7877,0.08745859
7878,0.38425204
7879,0.083897494
7880,0.06398775
7881,0.039487552
7882,0.012665591
7883,0.011947291
7884,0.021316683
7885,0.03825044
7886,0.031184725
7887,0.07893899
7888,0.07935915
7889,0.064062536
7890,0.08554149
7891,0.028026411
7892,0.05767657
7893,0.38213554
7894,0.04112047
7895,0.008018502
7896,0.010942172
7897,0.011262848
7898,0.069992766
7899,0.22353676
7900,0.03111322
7901,0.39265305
7902,0.22707346
7903,0.059869315
7904,0.0685853
7905,0.030959018
7906,0.066005796
7907,0.061339535
7908,0.03709386
7909,0.076343626
7910,0.07245362
7911,0.039788336
7912,0.010608823
7913,0.37510043
7914,0.011712514
7915,0.06568504
7916,0.009318948
7917,0.03937978
7918,0.032691415
7919,0.0762926
7920,0.03373668
7921,0.041064106
7922,0.009690174
7923,0.03943317
7924,0.07751254
7925,0.42340875
7926,0.4444256
7927,0.07089077
7928,0.011487297
7929,0.01731227
7930,0.027978813
7931,0.047893215
7932,0.056078404
7933,0.08313012
7934,0.014198803
7935,0.03121519
7936,0.0143954
7937,0.03092842
7938,0.017726975
7939,0.011599671
7940,0.025886493
7941,0.059182797
7942,0.0643514
7943,0.39098287
7944,0.014058697
7945,0.01627699
7946,0.03200841
7947,0.05816886
7948,0.06492804
7949,0.46179157
7950,0.07104435
7951,0.012252471
7952,0.07632196
7953,0.034964345
7954,0.06020578
7955,0.22146468
7956,0.047468778
7957,0.017559413
7958,0.010751884
7959,0.090521656
7960,0.014577686
7961,0.025732284
7962,0.080036566
7963,0.05540917
7964,0.03960621
7965,0.016603783
7966,0.027720327
7967,0.054309126
7968,0.24553668
7969,0.030741256
7970,0.017735386
7971,0.029492086
7972,0.03949948
7973,0.053845257
7974,0.23635085
7975,0.055378295
7976,0.077326395
7977,0.06687451
7978,0.030650344
7979,0.04452651
7980,0.044420548
7981,0.028164405
7982,0.08451188
7983,0.017042097
7984,0.07021274
7985,0.017373327
7986,0.063575
7987,0.04487078
7988,0.010372101
7989,0.011658676
7990,0.24697804
7991,0.6843605
7992,0.21361637
7993,0.06580944
7994,0.013884945
7995,0.06495557
7996,0.044252202
7997,0.041754965
7998,0.06160214
7999,0.061354656
8000,0.07014761
8001,0.49968186
8002,0.021239014
8003,0.06050157
8004,0.014914122
8005,0.062553294
8006,0.060951997
8007,0.016543267
8008,0.037465487
8009,0.08216256
8010,0.47892895
8011,0.05849938
8012,0.07978962
8013,0.025694596
8014,0.058563825
8015,0.010201133
8016,0.02018607
8017,0.062200148
8018,0.028283393
8019,0.023962423
8020,0.048150383
8021,0.053351134
8022,0.026833914
8023,0.052368224
8024,0.016414776
8025,0.07154035
8026,0.0361165
8027,0.040828485
8028,0.014223916
8029,0.0325169
8030,0.06393611
8031,0.07073768
8032,0.020041797
8033,0.019503618
8034,0.05140131
8035,0.5889419
8036,0.054956816
8037,0.06820374
8038,0.044473946
8039,0.037631083
8040,0.044107266
8041,0.044298917
8042,0.4204335
8043,0.027083617
8044,0.014630036
8045,0.044804484
8046,0.06894893
8047,0.01837345
8048,0.07067752
8049,0.04046719
8050,0.025985176
8051,0.04471457
8052,0.3752233
8053,0.027583119
8054,0.018169913
8055,0.0070013576
8056,0.01934235
8057,0.042521562
8058,0.009598237
8059,0.031154172
8060,0.23026025
8061,0.054840825
8062,0.05425379
8063,0.08037801
8064,0.06653605
8065,0.058849227
8066,0.054952186
8067,0.049140792
8068,0.19324264
8069,0.2377286
8070,0.0772338
8071,0.008103884
8072,0.005523357
8073,0.031771284
8074,0.014044274
8075,0.011968674
8076,0.015187707
8077,0.009452332
8078,0.017715301
8079,0.009613394
8080,0.014843359
8081,0.010043635
8082,0.015129204
8083,0.009354953
8084,0.02328089
8085,0.051372517
8086,0.044722836
8087,0.06941957
8088,0.077017285
8089,0.08416092
8090,0.01094488
8091,0.010718385
8092,0.025708757
8093,0.011749053
8094,0.010738481
8095,0.017677618
8096,0.014232837
8097,0.031075398
8098,0.012564296
8099,0.009751961
8100,0.009762535
8101,0.055162344
8102,0.04232484
8103,0.013554898
8104,0.04305194
8105,0.014343432
8106,0.012522896
8107,0.00994385
8108,0.068015404
8109,0.026733799
8110,0.044340815
8111,0.009122792
8112,0.0062512443
8113,0.011269185
8114,0.032218423
8115,0.010420478
8116,0.062273946
8117,0.007515584
8118,0.08012357
8119,0.054162957
8120,0.05510616
8121,0.05549331
8122,0.009851985
8123,0.06398978
8124,0.020544237
8125,0.00888396
8126,0.062604174
8127,0.018248979
8128,0.068065904
8129,0.009508387
8130,0.07921568
8131,0.016187143
8132,0.032048836
8133,0.03235662
8134,0.02731257
8135,0.012012354
8136,0.011596642
8137,0.010527904
8138,0.032441128
8139,0.01059073
8140,0.010896899
8141,0.06242145
8142,0.052720435
8143,0.032185633
8144,0.07662403
8145,0.02384316
8146,0.0061967275
8147,0.011216885
8148,0.014884916
8149,0.044523835
8150,0.01787761
8151,0.0139194485
8152,0.025791684
8153,0.032776907
8154,0.010594039
8155,0.07191281
8156,0.07998764
8157,0.009692291
8158,0.017128263
8159,0.06556329
8160,0.014330114
8161,0.019549856
8162,0.04302711
8163,0.05464709
8164,0.033318575
8165,0.038779486
8166,0.068944514
8167,0.043832805
8168,0.038813572
8169,0.06395037
8170,0.04262459
8171,0.06383245
8172,0.043967675
8173,0.23157695
8174,0.35460088
8175,0.24472462
8176,0.061963834
8177,0.24392185
8178,0.21460532
8179,0.22863062
8180,0.057677627
8181,0.027521914
8182,0.02513291
8183,0.06876591
8184,0.01379589
8185,0.039264016
8186,0.014582822
8187,0.21857983
8188,0.03192113
8189,0.53279525
8190,0.22354451
8191,0.042705297
8192,0.045120116
8193,0.22038388
8194,0.056463007
8195,0.029892681
8196,0.043220386
8197,0.03836495
8198,0.016237864
8199,0.0142354425
8200,0.039790634
8201,0.07372709
8202,0.072242804
8203,0.45564362
8204,0.4533869
8205,0.043188147
8206,0.06258828
8207,0.21605037
8208,0.23125318
8209,0.009925478
8210,0.05271203
8211,0.040735327
8212,0.056958377
8213,0.06705764
8214,0.035885528
8215,0.50487554
8216,0.0750519
8217,0.071681775
8218,0.4585742
8219,0.07500193
8220,0.021589266
8221,0.43924135
8222,0.053696092
8223,0.4382618
8224,0.04943594
8225,0.046859767
8226,0.034957018
8227,0.05871716
8228,0.027220584
8229,0.070057556
8230,0.07352284
8231,0.068946786
8232,0.033450965
8233,0.03885356
8234,0.061138436
8235,0.38872942
8236,0.043070845
8237,0.052392986
8238,0.054518923
8239,0.061994635
8240,0.03171864
8241,0.039138675
8242,0.04162891
8243,0.06850977
8244,0.027055271
8245,0.053923257
8246,0.077671364
8247,0.41483763
8248,0.052770995
8249,0.039826296
8250,0.005830088
8251,0.013802981
8252,0.52397245
8253,0.07610533
8254,0.061981007
8255,0.44561338
8256,0.10796255
8257,0.010402717
8258,0.0063725994
8259,0.061119046
8260,0.05102975
8261,0.017032735
8262,0.020647628
8263,0.014928084
8264,0.03741129
8265,0.062378243
8266,0.058722362
8267,0.06848058
8268,0.0779066
8269,0.4386452
8270,0.016365524
8271,0.01971466
8272,0.00995368
8273,0.032736856
8274,0.025729802
8275,0.034824055
8276,0.23657553
8277,0.018169178
8278,0.042420287
8279,0.010869597
8280,0.057767462
8281,0.042928595
8282,0.026760414
8283,0.07145962
8284,0.47363892
8285,0.052272342
8286,0.064714916
8287,0.018157173
8288,0.020694543
8289,0.040846895
8290,0.053588334
8291,0.010006035
8292,0.028964015
8293,0.011909221
8294,0.076101065
8295,0.08664917
8296,0.06783599
8297,0.06915561
8298,0.053511314
8299,0.038020372
8300,0.03159863
8301,0.029975664
8302,0.03572281
8303,0.06436276
8304,0.051619835
8305,0.21269731
8306,0.014012767
8307,0.036939904
8308,0.02747069
8309,0.016384887
8310,0.014425691
8311,0.023297265
8312,0.040303428
8313,0.023793366
8314,0.05810328
8315,0.08546635
8316,0.07897929
8317,0.041634306
8318,0.039052665
8319,0.037893236
8320,0.06938759
8321,0.05828577
8322,0.014634457
8323,0.05211303
8324,0.014460054
8325,0.012542322
8326,0.030617977
8327,0.071122654
8328,0.026426021
8329,0.02365577
8330,0.031530026
8331,0.052899126
8332,0.05375246
8333,0.22381406
8334,0.21432085
8335,0.22038345
8336,0.053427476
8337,0.03886404
8338,0.016945902
8339,0.050395604
8340,0.04395343
8341,0.011867048
8342,0.0762119
8343,0.04291395
8344,0.51924145
8345,0.070314914
8346,0.019543516
8347,0.06989892
8348,0.048031792
8349,0.046635184
8350,0.01920225
8351,0.010075779
8352,0.011751024
8353,0.05345957
8354,0.009706304
8355,0.015711421
8356,0.01714683
8357,0.061202746
8358,0.04219085
8359,0.05843235
8360,0.052490517
8361,0.06795299
8362,0.33607414
8363,0.41663507
8364,0.05351858
8365,0.021631615
8366,0.061413925
8367,0.0153050935
8368,0.039240412
8369,0.02620392
8370,0.013219372
8371,0.06309582
8372,0.051545374
8373,0.07470103
8374,0.039479587
8375,0.070187435
8376,0.039596178
8377,0.051658712
8378,0.016474571
8379,0.017346738
8380,0.07652538
8381,0.010824951
8382,0.031383935
8383,0.05674497
8384,0.010579835
8385,0.026610538
8386,0.03541036
8387,0.05160438
8388,0.05727398
8389,0.22006407
8390,0.064232886
8391,0.2345194
8392,0.07491146
8393,0.07709512
8394,0.012146431
8395,0.062309053
8396,0.012405864
8397,0.048062243
8398,0.01069562
8399,0.03968578
8400,0.06449219
8401,0.03194326
8402,0.019639377
8403,0.044642217
8404,0.03865613
8405,0.047489166
8406,0.063026294
8407,0.03408984
8408,0.052297276
8409,0.008544083
8410,0.031685557
8411,0.056531366
8412,0.0359889
8413,0.0686425
8414,0.052420605
8415,0.07624876
8416,0.56326056
8417,0.062114045
8418,0.06778433
8419,0.05251392
8420,0.20356435
8421,0.057780657
8422,0.06304005
8423,0.047716297
8424,0.018026393
8425,0.23864116
8426,0.058230583
8427,0.062296163
8428,0.051886532
8429,0.0603802
8430,0.017533263
8431,0.027379656
8432,0.018079493
8433,0.019453827
8434,0.03759567
8435,0.0800674
8436,0.054369576
8437,0.042308986
8438,0.06783599
8439,0.54519695
8440,0.06250646
8441,0.014204376
8442,0.21588784
8443,0.05140808
8444,0.23392844
8445,0.24061306
8446,0.05426187
8447,0.018947696
8448,0.043385126
8449,0.04270176
8450,0.06886057
8451,0.081121184
8452,0.039459657
8453,0.0770932
8454,0.062110268
8455,0.05722573
8456,0.015165448
8457,0.01919463
8458,0.046164025
8459,0.054570664
8460,0.014426377
8461,0.07342433
8462,0.08094883
8463,0.07489516
8464,0.060668107
8465,0.031529427
8466,0.06927961
8467,0.07002884
8468,0.23568541
8469,0.050211966
8470,0.009824452
8471,0.044367332
8472,0.05390807
8473,0.50603944
8474,0.037612125
8475,0.06595769
8476,0.47000635
8477,0.22170858
8478,0.012641199
8479,0.017063044
8480,0.012514406
8481,0.038614538
8482,0.048172724
8483,0.06350665
8484,0.23410612
8485,0.010120665
8486,0.058727905
8487,0.06100546
8488,0.23090357
8489,0.07580722
8490,0.07656684
8491,0.23327906
8492,0.39111993
8493,0.062142763
8494,0.0436002
8495,0.063860044
8496,0.048057426
8497,0.22767673
8498,0.52272934
8499,0.0065454557
8500,0.040645257
8501,0.39955184
8502,0.0141798705
8503,0.04303226
8504,0.4052208
8505,0.012739183
8506,0.04390371
8507,0.05759405
8508,0.015794955
8509,0.040016655
8510,0.41000518
8511,0.039598156
8512,0.0584635
8513,0.22820833
8514,0.079890564
8515,0.23165697
8516,0.39946434
8517,0.2369193
8518,0.028187716
8519,0.23560458
8520,0.21707135
8521,0.07671433
8522,0.5345487
8523,0.4336919
8524,0.39444265
8525,0.00641755
8526,0.023823118
8527,0.075658396
8528,0.016437344
8529,0.054358087
8530,0.027063414
8531,0.01960588
8532,0.01139054
8533,0.011182806
8534,0.008437272
8535,0.050219182
8536,0.011843055
8537,0.031942826
8538,0.04983201
8539,0.06352398
8540,0.062365662
8541,0.0680752
8542,0.06251123
8543,0.22450447
8544,0.21678711
8545,0.02740622
8546,0.0687656
8547,0.076621234
8548,0.016725292
8549,0.19130293
8550,0.6367413
8551,0.6393075
8552,0.5933292
8553,0.006801988
8554,0.026653446
8555,0.0143303275
8556,0.06213926
8557,0.43775547
8558,0.06256674
8559,0.016595695
8560,0.053366795
8561,0.009676107
8562,0.050547287
8563,0.053707547
8564,0.043407787
8565,0.011246572
8566,0.36778235
8567,0.015817024
8568,0.030067192
8569,0.06779947
8570,0.0694986
8571,0.04349505
8572,0.042948376
8573,0.22442071
8574,0.21296151
8575,0.02489499
8576,0.2194347
8577,0.06803085
8578,0.21952055
8579,0.56943965
8580,0.53176063
8581,0.55588096
8582,0.013993103
8583,0.18796001
8584,0.026867082
8585,0.08040436
8586,0.064248614
8587,0.23390119
8588,0.039459568
8589,0.06315048
8590,0.017438704
8591,0.063847795
8592,0.06898569
8593,0.07975319
8594,0.07309341
8595,0.45334345
8596,0.41318157
8597,0.22159913
8598,0.077818796
8599,0.060869448
8600,0.04939391
8601,0.0690124
8602,0.0395273
8603,0.03197316
8604,0.0776519
8605,0.077573076
8606,0.053670276
8607,0.070423886
8608,0.024285765
8609,0.6126447
8610,0.6514469
8611,0.633768
8612,0.07520654
8613,0.04309308
8614,0.36303315
8615,0.24137673
8616,0.016350117
8617,0.015794955
8618,0.03328119
8619,0.06412993
8620,0.042911906
8621,0.40921354
8622,0.4663634
8623,0.058699295
8624,0.06624983
8625,0.062546805
8626,0.07937306
8627,0.05647533
8628,0.38589978
8629,0.21648106
8630,0.035740968
8631,0.063840955
8632,0.06826783
8633,0.068035536
8634,0.04259518
8635,0.02133532
8636,0.5169084
8637,0.24801247
8638,0.22845349
8639,0.05895241
8640,0.026920209
8641,0.0699275
8642,0.057068344
8643,0.09117791
8644,0.030400962
8645,0.03950284
8646,0.03978827
8647,0.016380558
8648,0.017581271
8649,0.039233327
8650,0.03926272
8651,0.23218267
8652,0.64389235
8653,0.369359
8654,0.23936374
8655,0.07129158
8656,0.07838243
8657,0.0806527
8658,0.5191658
8659,0.051965784
8660,0.028956959
8661,0.032112323
8662,0.07895694
8663,0.06737061
8664,0.0738403
8665,0.25144958
8666,0.24348025
8667,0.22664681
8668,0.72865623
8669,0.07692722
8670,0.016497651
8671,0.07347162
8672,0.23395808
8673,0.019999411
8674,0.050687328
8675,0.2457697
8676,0.053290077
8677,0.034913734
8678,0.034579672
8679,0.04076855
8680,0.22119875
8681,0.39301005
8682,0.3835543
8683,0.5090818
8684,0.39291483
8685,0.07988536
8686,0.07708495
8687,0.2399759
8688,0.014726562
8689,0.02670849
8690,0.07678008
8691,0.057744477
8692,0.043364223
8693,0.24254796
8694,0.3714285
8695,0.050219763
8696,0.5337836
8697,0.38807544
8698,0.009664761
8699,0.0616367
8700,0.069259256
8701,0.06202368
8702,0.043268792
8703,0.014119379
8704,0.028524712
8705,0.05018987
8706,0.06324866
8707,0.063454375
8708,0.073325835
8709,0.3932449
8710,0.60034984
8711,0.4426469
8712,0.37546748
8713,0.50333357
8714,0.064271115
8715,0.017279893
8716,0.057278816
8717,0.05808345
8718,0.07440819
8719,0.23480685
8720,0.053733654
8721,0.026997397
8722,0.053030822
8723,0.22391482
8724,0.016757114
8725,0.008528854
8726,0.040131204
8727,0.067697436
8728,0.014625037
8729,0.038126875
8730,0.018953206
8731,0.011247276
8732,0.030900942
8733,0.057927094
8734,0.050127413
8735,0.059328604
8736,0.22466539
8737,0.22079162
8738,0.36924562
8739,0.681281
8740,0.55043745
8741,0.37282595
8742,0.068835
8743,0.0069554565
8744,0.042032592
8745,0.019091254
8746,0.04400223
8747,0.07090503
8748,0.01459252
8749,0.010179326
8750,0.031750083
8751,0.5759519
8752,0.18389204
8753,0.016370995
8754,0.052363615
8755,0.0436185
8756,0.21640976
8757,0.03809232
8758,0.043187864
8759,0.015829189
8760,0.04220811
8761,0.013816677
8762,0.014127265
8763,0.027024508
8764,0.062098056
8765,0.06768562
8766,0.5121163
8767,0.4117608
8768,0.21971197
8769,0.61820245
8770,0.4426469
8771,0.43737492
8772,0.078251734
8773,0.03840807
8774,0.03253568
8775,0.034958843
8776,0.04266725
8777,0.04090778
8778,0.022968406
8779,0.03532068
8780,0.05237507
8781,0.46672118
8782,0.21497172
8783,0.39420527
8784,0.030433508
8785,0.07021064
8786,0.075331934
8787,0.0725841
8788,0.0838069
8789,0.041852366
8790,0.02980909
8791,0.039459657
8792,0.078292705
8793,0.5952531
8794,0.3955109
8795,0.5381013
8796,0.2346633
8797,0.24194594
8798,0.0781639
8799,0.062078364
8800,0.040334217
8801,0.021803426
8802,0.011546395
8803,0.037597734
8804,0.030492267
8805,0.07564522
8806,0.0767956
8807,0.06404466
8808,0.24150334
8809,0.026864925
8810,0.056470245
8811,0.37715667
8812,0.039163053
8813,0.00585446
8814,0.01078938
8815,0.010836291
8816,0.069389865
8817,0.22317617
8818,0.030055672
8819,0.21454841
8820,0.22493087
8821,0.05854895
8822,0.065501526
8823,0.0307557
8824,0.06430251
8825,0.059814602
8826,0.0363694
8827,0.07653231
8828,0.06903149
8829,0.039787542
8830,0.010148359
8831,0.39128563
8832,0.011347084
8833,0.014230872
8834,0.063556805
8835,0.008122202
8836,0.0374054
8837,0.03333671
8838,0.07383177
8839,0.033544414
8840,0.039901353
8841,0.009583139
8842,0.039596178
8843,0.07395429
8844,0.38392156
8845,0.48285952
8846,0.06816723
8847,0.010967066
8848,0.016437856
8849,0.017393947
8850,0.027819244
8851,0.046844184
8852,0.013909572
8853,0.054817915
8854,0.07957964
8855,0.013708603
8856,0.03075187
8857,0.014246725
8858,0.03119273
8859,0.017657608
8860,0.011242228
8861,0.025487386
8862,0.05716009
8863,0.06323556
8864,0.35739055
8865,0.01378713
8866,0.015952721
8867,0.031261865
8868,0.056723185
8869,0.06449115
8870,0.44924894
8871,0.0655537
8872,0.012146431
8873,0.22506028
8874,0.035457358
8875,0.014588091
8876,0.057971682
8877,0.074912935
8878,0.046025887
8879,0.011843047
8880,0.016729435
8881,0.010305946
8882,0.077239476
8883,0.014187348
8884,0.025373856
8885,0.078623034
8886,0.053110085
8887,0.038266808
8888,0.016311692
8889,0.027010445
8890,0.052588385
8891,0.3616152
8892,0.030702751
8893,0.0061134957
8894,0.017386992
8895,0.029259367
8896,0.039606214
8897,0.051980972
8898,0.23182265
8899,0.05369669
8900,0.23072894
8901,0.06020053
8902,0.029915076
8903,0.04293926
8904,0.043982103
8905,0.028399875
8906,0.079027064
8907,0.016895121
8908,0.06451882
8909,0.017745916
8910,0.062906906
8911,0.04314389
8912,0.009588131
8913,0.01095196
8914,0.24578603
8915,0.6381141
8916,0.21246865
8917,0.064137585
8918,0.061844345
8919,0.043200918
8920,0.040685866
8921,0.06251448
8922,0.061709307
8923,0.06851837
8924,0.71331054
8925,0.017355131
8926,0.057518516
8927,0.015241488
8928,0.06064178
8929,0.058761064
8930,0.016409902
8931,0.036706503
8932,0.08111792
8933,0.47629917
8934,0.056697953
8935,0.22523136
8936,0.02541451
8937,0.016725717
8938,0.05791213
8939,0.009827531
8940,0.020830419
8941,0.059819154
8942,0.027378595
8943,0.023531623
8944,0.0066162967
8945,0.04683558
8946,0.051054023
8947,0.026173722
8948,0.017108815
8949,0.050387274
8950,0.016111204
8951,0.072901346
8952,0.03551192
8953,0.03939473
8954,0.014222143
8955,0.03259777
8956,0.06193994
8957,0.06966402
8958,0.019755248
8959,0.028903933
8960,0.050402068
8961,0.4683752
8962,0.054383747
8963,0.06686275
8964,0.04359808
8965,0.036113888
8966,0.042799503
8967,0.042950913
8968,0.016484292
8969,0.40651512
8970,0.026041
8971,0.005707083
8972,0.008797704
8973,0.014649977
8974,0.044435624
8975,0.06901033
8976,0.018102543
8977,0.06795448
8978,0.0393753
8979,0.02562339
8980,0.0065729725
8981,0.042933576
8982,0.362461
8983,0.026922923
8984,0.01848783
8985,0.006548796
8986,0.019165145
8987,0.011970642
8988,0.040592566
8989,0.009089546
8990,0.030632313
8991,0.008932552
8992,0.22522369
8993,0.053598966
8994,0.018058622
8995,0.014800035
8996,0.014572625
8997,0.009959348
8998,0.052938096
8999,0.07804725
9000,0.0637937
9001,0.057367362
9002,0.053105287
9003,0.02653288
9004,0.047207016
9005,0.015560111
9006,0.053413413
9007,0.24068597
9008,0.074586
9009,0.0076636258
9010,0.0063325614
9011,0.032068864
9012,0.013398927
9013,0.011507926
9014,0.015462373
9015,0.011853352
9016,0.017240748
9017,0.009232992
9018,0.015680952
9019,0.009902107
9020,0.014630437
9021,0.023288123
9022,0.049393922
9023,0.043295793
9024,0.07006446
9025,0.00671145
9026,0.07505192
9027,0.23652369
9028,0.018323552
9029,0.010058563
9030,0.016133865
9031,0.010700119
9032,0.016003862
9033,0.017122481
9034,0.014011289
9035,0.030653099
9036,0.009668658
9037,0.008821579
9038,0.05241753
9039,0.0404189
9040,0.012801754
9041,0.042181097
9042,0.013946006
9043,0.012452358
9044,0.009588664
9045,0.06892304
9046,0.02612054
9047,0.042985514
9048,0.0066116224
9049,0.010618334
9050,0.030900942
9051,0.010379208
9052,0.06279117
9053,0.0063889
9054,0.012156537
9055,0.07643723
9056,0.052394535
9057,0.05338644
9058,0.053205233
9059,0.06200544
9060,0.020396046
9061,0.010792409
9062,0.060859874
9063,0.014026422
9064,0.06920663
9065,0.008586251
9066,0.07589351
9067,0.016063191
9068,0.025495032
9069,0.031504977
9070,0.02730783
9071,0.026788767
9072,0.012935298
9073,0.011230006
9074,0.010351696
9075,0.006790429
9076,0.010120665
9077,0.031565007
9078,0.010440657
9079,0.010544261
9080,0.060823474
9081,0.0518893
9082,0.03221384
9083,0.0059865667
9084,0.07555858
9085,0.01677632
9086,0.02408029
9087,0.030359104
9088,0.0061142687
9089,0.010740797
9090,0.014347681
9091,0.043437324
9092,0.017340766
9093,0.026042294
9094,0.031983025
9095,0.015022785
9096,0.030650865
9097,0.069969036
9098,0.07741635
9099,0.009424393
9100,0.06386762
9101,0.036727928
9102,0.04258077
9103,0.054382253
9104,0.03380174
9105,0.039054424
9106,0.04513976
9107,0.008955897
9108,0.07155235
9109,0.04506635
9110,0.0056317565
9111,0.06262268
9112,0.044391055
9113,0.06385694
9114,0.04325604
9115,0.23129244
9116,0.36069745
9117,0.014446026
9118,0.2463968
9119,0.06322886
9120,0.07984171
9121,0.06902037
9122,0.08116286
9123,0.05775139
9124,0.018583158
9125,0.0699795
9126,0.014584396
9127,0.03966601
9128,0.0143021485
9129,0.0113684395
9130,0.06430866
9131,0.032126974
9132,0.5300808
9133,0.06866107
9134,0.04506635
9135,0.04321039
9136,0.06718497
9137,0.05658485
9138,0.02971143
9139,0.043585066
9140,0.016895382
9141,0.014248244
9142,0.04015556
9143,0.07382286
9144,0.07301894
9145,0.49300298
9146,0.4984249
9147,0.0441524
9148,0.0630086
9149,0.40111956
9150,0.08023271
9151,0.052875336
9152,0.041451935
9153,0.056426153
9154,0.066453554
9155,0.036438502
9156,0.49018627
9157,0.07540057
9158,0.22820243
9159,0.15287763
9160,0.07739313
9161,0.02172687
9162,0.49802363
9163,0.009228938
9164,0.053899292
9165,0.24260329
9166,0.050587967
9167,0.04723639
9168,0.03612048
9169,0.059398644
9170,0.009485593
9171,0.027248243
9172,0.06927335
9173,0.076128945
9174,0.033746846
9175,0.038936894
9176,0.42668623
9177,0.4189142
9178,0.04333696
9179,0.031497534
9180,0.05292369
9181,0.055058017
9182,0.062613755
9183,0.031893212
9184,0.03928551
9185,0.04227238
9186,0.072129905
9187,0.053793058
9188,0.081082344
9189,0.05248682
9190,0.39631614
9191,0.052992143
9192,0.039503947
9193,0.02388319
9194,0.015021896
9195,0.012463052
9196,0.014566488
9197,0.014083939
9198,0.015880913
9199,0.43266746
9200,0.07401387
9201,0.06292888
9202,0.43267792
9203,0.24901764
9204,0.061137512
9205,0.050496377
9206,0.013929302
9207,0.021886205
9208,0.015699167
9209,0.038064245
9210,0.006257079
9211,0.06293693
9212,0.05888361
9213,0.069413945
9214,0.4228158
9215,0.41797215
9216,0.016622199
9217,0.01983971
9218,0.04389363
9219,0.009855268
9220,0.008191239
9221,0.03153378
9222,0.02545625
9223,0.03574485
9224,0.08257647
9225,0.018327909
9226,0.042229086
9227,0.011246125
9228,0.058243115
9229,0.06873787
9230,0.435404
9231,0.053528953
9232,0.06426829
9233,0.018207172
9234,0.021038512
9235,0.04083373
9236,0.053513993
9237,0.017258547
9238,0.029580334
9239,0.076089695
9240,0.086750366
9241,0.068875164
9242,0.21486771
9243,0.054394383
9244,0.037981704
9245,0.032247856
9246,0.030835291
9247,0.035918497
9248,0.06453875
9249,0.052149877
9250,0.21604237
9251,0.014102592
9252,0.03756811
9253,0.027828766
9254,0.016831582
9255,0.015162226
9256,0.024676124
9257,0.04017143
9258,0.051725134
9259,0.021296568
9260,0.024082746
9261,0.059413508
9262,0.08148873
9263,0.080606736
9264,0.04286656
9265,0.03991618
9266,0.03777742
9267,0.06782564
9268,0.057729457
9269,0.014761369
9270,0.01303765
9271,0.031000167
9272,0.07161336
9273,0.027082266
9274,0.023453379
9275,0.031751916
9276,0.05364972
9277,0.05422878
9278,0.2247459
9279,0.06774544
9280,0.22032055
9281,0.053386122
9282,0.039783627
9283,0.016971903
9284,0.051492836
9285,0.043960683
9286,0.07596328
9287,0.04381112
9288,0.1840406
9289,0.07053231
9290,0.01970031
9291,0.012626652
9292,0.07057778
9293,0.048253726
9294,0.046945546
9295,0.018034693
9296,0.010625106
9297,0.053726565
9298,0.011827623
9299,0.017148077
9300,0.017337685
9301,0.061065014
9302,0.042954404
9303,0.05854405
9304,0.053900845
9305,0.06950411
9306,0.2242854
9307,0.4067425
9308,0.0538419
9309,0.02222795
9310,0.062182546
9311,0.015282146
9312,0.03987025
9313,0.026439417
9314,0.06282287
9315,0.05182166
9316,0.073860414
9317,0.040388018
9318,0.06865659
9319,0.039109148
9320,0.052219458
9321,0.035348937
9322,0.016603637
9323,0.017544832
9324,0.07446226
9325,0.03180571
9326,0.057477612
9327,0.01114486
9328,0.022567071
9329,0.035032254
9330,0.052563746
9331,0.05757718
9332,0.21980192
9333,0.06448037
9334,0.077763095
9335,0.0751629
9336,0.077732995
9337,0.0119334115
9338,0.06515172
9339,0.011601381
9340,0.048555255
9341,0.040224012
9342,0.0628063
9343,0.032464825
9344,0.019662848
9345,0.04389033
9346,0.039171424
9347,0.048243202
9348,0.06283606
9349,0.032488663
9350,0.05295537
9351,0.023057627
9352,0.03223844
9353,0.0142454
9354,0.056854032
9355,0.014188476
9356,0.036806475
9357,0.072235264
9358,0.053369004
9359,0.07667984
9360,0.6169253
9361,0.065148495
9362,0.068856515
9363,0.053071067
9364,0.05714416
9365,0.05809854
9366,0.06265649
9367,0.04842471
9368,0.011321533
9369,0.018446391
9370,0.244273
9371,0.059021138
9372,0.06210939
9373,0.052318264
9374,0.060084976
9375,0.017141879
9376,0.027079169
9377,0.019428248
9378,0.038059436
9379,0.079733364
9380,0.055323675
9381,0.042323183
9382,0.0672868
9383,0.61000824
9384,0.063378185
9385,0.014156149
9386,0.21935089
9387,0.051453125
9388,0.22861496
9389,0.24109173
9390,0.055519328
9391,0.019462526
9392,0.043454025
9393,0.068751715
9394,0.07996921
9395,0.039655548
9396,0.23594242
9397,0.06334232
9398,0.05741301
9399,0.014935318
9400,0.019429255
9401,0.046521813
9402,0.054321505
9403,0.014821714
9404,0.07436091
9405,0.07844638
9406,0.075301915
9407,0.0614295
9408,0.0316283
9409,0.0699693
9410,0.22199714
9411,0.2339319
9412,0.05066666
9413,0.011283771
9414,0.04555661
9415,0.019882806
9416,0.009062332
9417,0.05155475
9418,0.52658236
9419,0.038110483
9420,0.06440493
9421,0.47888148
9422,0.07042809
9423,0.013922129
9424,0.017149968
9425,0.010237046
9426,0.012886913
9427,0.039073776
9428,0.04846659
9429,0.063477345
9430,0.233829
9431,0.059125725
9432,0.061297625
9433,0.2304296
9434,0.22628075
9435,0.07515288
9436,0.23574962
9437,0.41696483
9438,0.06206424
9439,0.018514266
9440,0.043712713
9441,0.06517607
9442,0.04794306
9443,0.24586658
9444,0.66478735
9445,0.006857829
9446,0.04134969
9447,0.4064374
9448,0.014609254
9449,0.044474624
9450,0.23167382
9451,0.013239329
9452,0.04390176
9453,0.057323992
9454,0.016257593
9455,0.039882123
9456,0.0067387144
9457,0.24253123
9458,0.039740182
9459,0.05820082
9460,0.22771548
9461,0.07594552
9462,0.24321002
9463,0.36198243
9464,0.24127515
9465,0.028103061
9466,0.08418972
9467,0.21563
9468,0.21704397
9469,0.6094841
9470,0.42995209
9471,0.23820125
9472,0.024205659
9473,0.07543623
9474,0.016231755
9475,0.053637117
9476,0.027962325
9477,0.018843096
9478,0.011584842
9479,0.010753539
9480,0.050504245
9481,0.009431467
9482,0.01077248
9483,0.032552533
9484,0.05152927
9485,0.064419456
9486,0.06274294
9487,0.07022021
9488,0.06392798
9489,0.076054595
9490,0.21543519
9491,0.027454646
9492,0.07022466
9493,0.23128581
9494,0.017245255
9495,0.052019436
9496,0.5143985
9497,0.55733913
9498,0.5455819
9499,0.006637003
9500,0.027222965
9501,0.01662573
9502,0.06291911
9503,0.50387454
9504,0.06212073
9505,0.01710896
9506,0.054496456
9507,0.010462759
9508,0.051855784
9509,0.053765453
9510,0.04330832
9511,0.012226544
9512,0.40829992
9513,0.01708615
9514,0.030515132
9515,0.06813269
9516,0.07026818
9517,0.04382586
9518,0.043459143
9519,0.22482185
9520,0.21127465
9521,0.38706473
9522,0.0676469
9523,0.07037668
9524,0.6321356
9525,0.623688
9526,0.55343926
9527,0.013416947
9528,0.053467676
9529,0.027009534
9530,0.009562633
9531,0.24115464
9532,0.064310364
9533,0.23501314
9534,0.039660078
9535,0.06386864
9536,0.016575664
9537,0.06449732
9538,0.06813314
9539,0.08048485
9540,0.07268141
9541,0.48301938
9542,0.24274684
9543,0.074968874
9544,0.07785572
9545,0.06156103
9546,0.051288623
9547,0.071196906
9548,0.03986843
9549,0.032790363
9550,0.022875097
9551,0.07641718
9552,0.2233782
9553,0.053781237
9554,0.06908377
9555,0.02359877
9556,0.55562717
9557,0.5427696
9558,0.5914636
9559,0.07750198
9560,0.04322216
9561,0.2242854
9562,0.011928327
9563,0.24212146
9564,0.027245743
9565,0.010290879
9566,0.016503898
9567,0.016499363
9568,0.03371177
9569,0.06416917
9570,0.042661175
9571,0.38811925
9572,0.583011
9573,0.05541467
9574,0.06616871
9575,0.062727965
9576,0.080568984
9577,0.057477612
9578,0.3754891
9579,0.068336025
9580,0.035708163
9581,0.06449549
9582,0.06827997
9583,0.067299396
9584,0.04244292
9585,0.021926427
9586,0.44918624
9587,0.38979882
9588,0.23200266
9589,0.059768576
9590,0.027364952
9591,0.07053922
9592,0.057104286
9593,0.23741516
9594,0.031146822
9595,0.039515726
9596,0.040073242
9597,0.016174968
9598,0.017056243
9599,0.039296366
9600,0.0396556
9601,0.37644735
9602,0.6823362
9603,0.40339968
9604,0.23796155
9605,0.07064784
9606,0.07894437
9607,0.22548392
9608,0.4782002
9609,0.052479796
9610,0.029571664
9611,0.03675186
9612,0.033148672
9613,0.2255268
9614,0.070048556
9615,0.07190035
9616,0.25267303
9617,0.085181914
9618,0.2277871
9619,0.69457704
9620,0.07436901
9621,0.22083163
9622,0.23618494
9623,0.019224908
9624,0.050456304
9625,0.4560636
9626,0.054106403
9627,0.0359214
9628,0.03527375
9629,0.040967952
9630,0.22042647
9631,0.403838
9632,0.23981702
9633,0.5200426
9634,0.38392627
9635,0.08007409
9636,0.2232057
9637,0.35734534
9638,0.013748446
9639,0.027102951
9640,0.22649793
9641,0.05742493
9642,0.044791453
9643,0.4329487
9644,0.24353363
9645,0.050544385
9646,0.5065037
9647,0.42272455
9648,0.0066012726
9649,0.062917426
9650,0.071272485
9651,0.06257723
9652,0.043713927
9653,0.011185454
9654,0.015028881
9655,0.02860286
9656,0.050441768
9657,0.06292077
9658,0.06259315
9659,0.073831975
9660,0.39785138
9661,0.53569967
9662,0.42904285
9663,0.37234443
9664,0.4942959
9665,0.06466241
9666,0.017587498
9667,0.057725053
9668,0.058444384
9669,0.22382247
9670,0.23844169
9671,0.05309757
9672,0.027171977
9673,0.05385115
9674,0.22400555
9675,0.02198041
9676,0.0064947386
9677,0.041106675
9678,0.070836276
9679,0.019959616
9680,0.015496462
9681,0.037956864
9682,0.018766414
9683,0.012254464
9684,0.031835776
9685,0.05844216
9686,0.050688628
9687,0.05868351
9688,0.22648486
9689,0.21820132
9690,0.3985284
9691,0.6740368
9692,0.5905955
9693,0.3944126
9694,0.07024848
9695,0.042738646
9696,0.019045036
9697,0.04513976
9698,0.06882069
9699,0.015438185
9700,0.0316867
9701,0.49038646
9702,0.043376464
9703,0.01656185
9704,0.18781568
9705,0.043762676
9706,0.22054702
9707,0.04347096
9708,0.015888754
9709,0.041691754
9710,0.013808556
9711,0.014693357
9712,0.027924217
9713,0.06222103
9714,0.06929822
9715,0.50161237
9716,0.4032116
9717,0.22033693
9718,0.54596585
9719,0.39905807
9720,0.45285252
9721,0.07159749
9722,0.038930755
9723,0.035572097
9724,0.044277128
9725,0.04106081
9726,0.015254245
9727,0.035306167
9728,0.053996358
9729,0.5209613
9730,0.21240237
9731,0.39853615
9732,0.030423773
9733,0.071216464
9734,0.0742903
9735,0.0772291
9736,0.08474288
9737,0.041860167
9738,0.030123433
9739,0.03988744
9740,0.07773434
9741,0.6467111
9742,0.36919603
9743,0.5146842
9744,0.23651762
9745,0.42004377
9746,0.07976191
9747,0.06333332
9748,0.040821876
9749,0.022235489
9750,0.0120099
9751,0.013094886
9752,0.03774579
9753,0.03083783
9754,0.07630453
9755,0.0766737
9756,0.06330725
9757,0.23655525
9758,0.027153803
9759,0.053337835
9760,0.01196616
9761,0.24104275
9762,0.039740182
9763,0.011342395
9764,0.010769172
9765,0.06889946
9766,0.07505516
9767,0.031231651
9768,0.0072522843
9769,0.21364944
9770,0.22400114
9771,0.05852484
9772,0.06605128
9773,0.06457361
9774,0.060059674
9775,0.036579978
9776,0.07758407
9777,0.06994031
9778,0.039446834
9779,0.010309976
9780,0.21338321
9781,0.011432452
9782,0.011320992
9783,0.014678143
9784,0.06482016
9785,0.038323104
9786,0.032334
9787,0.07601839
9788,0.034103267
9789,0.040880114
9790,0.009831718
9791,0.038963255
9792,0.2296744
9793,0.42640772
9794,0.4669186
9795,0.06949859
9796,0.011092566
9797,0.0179286
9798,0.01766439
9799,0.027858429
9800,0.047471695
9801,0.014079509
9802,0.054872125
9803,0.07743342
9804,0.019646203
9805,0.030875353
9806,0.014541539
9807,0.031651586
9808,0.01754968
9809,0.012095866
9810,0.026113681
9811,0.0573555
9812,0.06248487
9813,0.39158082
9814,0.013785473
9815,0.016398331
9816,0.032571796
9817,0.056801107
9818,0.06455991
9819,0.24057804
9820,0.06880587
9821,0.013188379
9822,0.22386143
9823,0.03593516
9824,0.058001716
9825,0.07449785
9826,0.046672024
9827,0.011652709
9828,0.016631909
9829,0.011298542
9830,0.08267862
9831,0.014631221
9832,0.026476137
9833,0.07913876
9834,0.054218516
9835,0.038656488
9836,0.017202046
9837,0.027329616
9838,0.052590437
9839,0.39058647
9840,0.031250123
9841,0.006301358
9842,0.029308954
9843,0.039557606
9844,0.053032745
9845,0.234486
9846,0.053506326
9847,0.22999308
9848,0.06471898
9849,0.030225063
9850,0.043354377
9851,0.044436082
9852,0.02778628
9853,0.24132764
9854,0.016302712
9855,0.06938232
9856,0.017569905
9857,0.06221343
9858,0.043403573
9859,0.01026006
9860,0.011256289
9861,0.42834997
9862,0.7439461
9863,0.21406749
9864,0.06504937
9865,0.013958031
9866,0.06455966
9867,0.04439239
9868,0.040490367
9869,0.06331233
9870,0.061897013
9871,0.06790341
9872,0.71548694
9873,0.017515402
9874,0.058753345
9875,0.061428607
9876,0.05893282
9877,0.01699185
9878,0.03719831
9879,0.07980644
9880,0.25919017
9881,0.05767611
9882,0.22590905
9883,0.02554612
9884,0.05728373
9885,0.01019274
9886,0.021078872
9887,0.05990765
9888,0.02816318
9889,0.023878928
9890,0.047162678
9891,0.05212356
9892,0.0175348
9893,0.05088429
9894,0.016940601
9895,0.06935484
9896,0.03636345
9897,0.040622097
9898,0.014051479
9899,0.032515157
9900,0.06049615
9901,0.069262184
9902,0.05105914
9903,0.62760216
9904,0.05362245
9905,0.07007362
9906,0.043622065
9907,0.042418566
9908,0.0432122
9909,0.01660274
9910,0.49042952
9911,0.027110184
9912,0.007424624
9913,0.00634895
9914,0.043599986
9915,0.06861566
9916,0.018446553
9917,0.010091473
9918,0.06827617
9919,0.039347284
9920,0.025958672
9921,0.043373648
9922,0.39154124
9923,0.027091574
9924,0.018254513
9925,0.019023828
9926,0.011928308
9927,0.040672783
9928,0.031564064
9929,0.006019945
9930,0.2310712
9931,0.053559788
9932,0.013040921
9933,0.018752854
9934,0.014184602
9935,0.053303935
9936,0.07887642
9937,0.06457361
9938,0.057429485
9939,0.05360125
9940,0.026914056
9941,0.047052156
9942,0.05384137
9943,0.23676707
9944,0.07764632
9945,0.011898407
9946,0.03197842
9947,0.013893552
9948,0.01577423
9949,0.011373372
9950,0.018107094
9951,0.009588047
9952,0.009755804
9953,0.014215711
9954,0.01306058
9955,0.023269122
9956,0.050641213
9957,0.04450749
9958,0.070668116
9959,0.013134552
9960,0.010362477
9961,0.22730343
9962,0.08273519
9963,0.011526779
9964,0.0137988655
9965,0.019098183
9966,0.025528576
9967,0.011913221
9968,0.010841214
9969,0.016294101
9970,0.017754534
9971,0.01436548
9972,0.030908288
9973,0.012181488
9974,0.009983558
9975,0.008921806
9976,0.027212143
9977,0.040899344
9978,0.04248418
9979,0.013736527
9980,0.00944686
9981,0.067544386
9982,0.02641305
9983,0.043843433
9984,0.031205732
9985,0.010630507
9986,0.06349718
9987,0.012284866
9988,0.01096721
9989,0.078569084
9990,0.053110324
9991,0.054437812
9992,0.054478142
9993,0.014391833
9994,0.06184536
9995,0.020196531
9996,0.011152378
9997,0.005676925
9998,0.061242536
9999,0.06781643
10000,0.009630586
10001,0.075497106
10002,0.01642859
10003,0.031859472
10004,0.032280628
10005,0.027793715
10006,0.027590955
10007,0.011603169
10008,0.009364141
10009,0.010500514
10010,0.031948455
10011,0.01100669
10012,0.011020336
10013,0.06099299
10014,0.05312492
10015,0.03193561
10016,0.07282214
10017,0.0174565
10018,0.024041507
10019,0.0058995187
10020,0.011143899
10021,0.015048161
10022,0.044898786
10023,0.017948968
10024,0.01409275
10025,0.026199007
10026,0.01535526
10027,0.010212571
10028,0.02995071
10029,0.06684227
10030,0.0772614
10031,0.065485194
10032,0.018774934
10033,0.045111872
10034,0.037786357
10035,0.18173045
10036,0.054841995
10037,0.034707297
10038,0.039860584
10039,0.046368696
10040,0.04219533
10041,0.081726305
10042,0.046018098
10043,0.03974083
10044,0.032610867
10045,0.07790362
10046,0.06949425
10047,0.04472172
10048,0.3810428
10049,0.37571004
10050,0.01952731
10051,0.027645912
10052,0.045895558
10053,0.01383043
10054,0.26644602
10055,0.06728502
10056,0.26549855
10057,0.07732862
10058,0.24594888
10059,0.060419943
10060,0.018612182
10061,0.08068637
10062,0.042185057
10063,0.014564757
10064,0.07603662
10065,0.03389953
10066,0.6813003
10067,0.23444712
10068,0.046307717
10069,0.044736203
10070,0.23291844
10071,0.059932414
10072,0.011410136
10073,0.04598572
10074,0.038225364
10075,0.014492235
10076,0.04143951
10077,0.09273883
10078,0.24550034
10079,0.49938944
10080,0.4857999
10081,0.06788596
10082,0.094169855
10083,0.25057414
10084,0.010122172
10085,0.019774219
10086,0.055373292
10087,0.059906732
10088,0.014397521
10089,0.07420721
10090,0.4471279
10091,0.09247796
10092,0.24304342
10093,0.5179191
10094,0.094109096
10095,0.021712605
10096,0.4915013
10097,0.05669373
10098,0.26386687
10099,0.051938586
10100,0.049345594
10101,0.035774283
10102,0.063542485
10103,0.028115582
10104,0.22434
10105,0.08804824
10106,0.077248216
10107,0.0350398
10108,0.218518
10109,0.2663725
10110,0.04509589
10111,0.033359263
10112,0.05545115
10113,0.056955468
10114,0.06896615
10115,0.032965582
10116,0.040690348
10117,0.043262914
10118,0.079383865
10119,0.028238598
10120,0.05609038
10121,0.11030317
10122,0.0561033
10123,0.2652179
10124,0.024344267
10125,0.055358678
10126,0.040811688
10127,0.02414931
10128,0.01506
10129,0.015329827
10130,0.015487239
10131,0.5217554
10132,0.09316656
10133,0.06789356
10134,0.4486064
10135,0.26631987
10136,0.065673314
10137,0.05226096
10138,0.01387316
10139,0.017383283
10140,0.022816686
10141,0.009105014
10142,0.038700603
10143,0.0064442423
10144,0.020394327
10145,0.06746786
10146,0.06490189
10147,0.07720166
10148,0.2651774
10149,0.4820247
10150,0.016713893
10151,0.02033464
10152,0.04532955
10153,0.011129945
10154,0.009939182
10155,0.033492748
10156,0.026974266
10157,0.03675377
10158,0.26098487
10159,0.019312901
10160,0.043477185
10161,0.060263444
10162,0.028254187
10163,0.08720034
10164,0.46986508
10165,0.055868316
10166,0.069801554
10167,0.018184103
10168,0.020794416
10169,0.04256228
10170,0.056283023
10171,0.010909715
10172,0.03048327
10173,0.012020898
10174,0.09030479
10175,0.102354035
10176,0.07930336
10177,0.08166422
10178,0.056089286
10179,0.038856704
10180,0.033339247
10181,0.031530075
10182,0.036939718
10183,0.069436
10184,0.054335315
10185,0.2165117
10186,0.015219747
10187,0.038251337
10188,0.0291374
10189,0.017247876
10190,0.014956692
10191,0.031730935
10192,0.041301135
10193,0.008305186
10194,0.053490832
10195,0.024052555
10196,0.06117462
10197,0.26478127
10198,0.26688123
10199,0.043442458
10200,0.040625002
10201,0.039800927
10202,0.077875465
10203,0.061088003
10204,0.015200358
10205,0.03154495
10206,0.09116237
10207,0.027942209
10208,0.024424324
10209,0.03298958
10210,0.056121204
10211,0.055872273
10212,0.23697327
10213,0.22416295
10214,0.232453
10215,0.05579119
10216,0.039909262
10217,0.017705606
10218,0.05259571
10219,0.04497858
10220,0.09259388
10221,0.045722462
10222,0.52975
10223,0.0839809
10224,0.019658467
10225,0.08280139
10226,0.049972724
10227,0.0476455
10228,0.011181075
10229,0.05641854
10230,0.018656243
10231,0.012400355
10232,0.0170398
10233,0.018250853
10234,0.065604046
10235,0.044189658
10236,0.062623434
10237,0.05592649
10238,0.08014141
10239,0.3682752
10240,0.42553642
10241,0.057531573
10242,0.02195906
10243,0.067071386
10244,0.01544335
10245,0.04091073
10246,0.007984776
10247,0.009590275
10248,0.06833423
10249,0.05269958
10250,0.090989016
10251,0.04152078
10252,0.08000132
10253,0.040480245
10254,0.054295804
10255,0.036378257
10256,0.01784609
10257,0.017792625
10258,0.08908546
10259,0.011358357
10260,0.033037122
10261,0.059219517
10262,0.0105390195
10263,0.011231757
10264,0.03656141
10265,0.054333102
10266,0.06069429
10267,0.092224725
10268,0.06964405
10269,0.09381469
10270,0.09226447
10271,0.09308278
10272,0.012445699
10273,0.066768296
10274,0.011673719
10275,0.049894676
10276,0.010540841
10277,0.042551666
10278,0.06772134
10279,0.03351193
10280,0.020455984
10281,0.04634996
10282,0.040854678
10283,0.013225584
10284,0.049826067
10285,0.06809712
10286,0.033139978
10287,0.054074127
10288,0.0089100255
10289,0.023099106
10290,0.033393987
10291,0.059090696
10292,0.014205532
10293,0.03745974
10294,0.082210846
10295,0.055512857
10296,0.093274325
10297,0.6654162
10298,0.0696761
10299,0.08236496
10300,0.05537961
10301,0.062088005
10302,0.060704485
10303,0.06753294
10304,0.050537486
10305,0.018483195
10306,0.441151
10307,0.061796755
10308,0.06715797
10309,0.05421848
10310,0.063412935
10311,0.017189069
10312,0.027772171
10313,0.009932226
10314,0.01974227
10315,0.039183322
10316,0.26724648
10317,0.057313576
10318,0.04394
10319,0.07673795
10320,0.2864641
10321,0.06757156
10322,0.015248106
10323,0.08104733
10324,0.05398754
10325,0.26245233
10326,0.27112806
10327,0.05754263
10328,0.019194325
10329,0.04466924
10330,0.077007584
10331,0.23837373
10332,0.04022681
10333,0.097892664
10334,0.06788713
10335,0.059834983
10336,0.011880329
10337,0.015185381
10338,0.019074285
10339,0.04744141
10340,0.05668761
10341,0.01577633
10342,0.08846114
10343,0.09287163
10344,0.09394601
10345,0.0652097
10346,0.03276518
10347,0.080234446
10348,0.2359902
10349,0.25516033
10350,0.053215906
10351,0.011233502
10352,0.04609886
10353,0.021013552
10354,0.0104367295
10355,0.056858547
10356,0.5474691
10357,0.03974367
10358,0.07764339
10359,0.4868822
10360,0.23716295
10361,0.01757151
10362,0.0109630525
10363,0.040476937
10364,0.050100505
10365,0.082124
10366,0.24684939
10367,0.0629194
10368,0.06541541
10369,0.24106002
10370,0.095957935
10371,0.09276635
10372,0.25668347
10373,0.40274596
10374,0.06670783
10375,0.009939726
10376,0.017939582
10377,0.04516249
10378,0.069649436
10379,0.050807297
10380,0.11062131
10381,0.71443695
10382,0.0068811704
10383,0.04216171
10384,0.3876376
10385,0.014930698
10386,0.046104267
10387,0.27174324
10388,0.015668828
10389,0.013227832
10390,0.046252575
10391,0.060639653
10392,0.01625541
10393,0.041900586
10394,0.39841294
10395,0.040502854
10396,0.063501544
10397,0.24214068
10398,0.09502152
10399,0.266873
10400,0.4240503
10401,0.2681842
10402,0.029535025
10403,0.41388068
10404,0.22540201
10405,0.23237705
10406,0.7854517
10407,0.2672323
10408,0.44973648
10409,0.02408625
10410,0.09350385
10411,0.016075004
10412,0.05616311
10413,0.019784737
10414,0.016938305
10415,0.011311029
10416,0.05264328
10417,0.008955582
10418,0.011065804
10419,0.033571854
10420,0.05249005
10421,0.06978797
10422,0.06771419
10423,0.07961074
10424,0.067836955
10425,0.23666595
10426,0.07691251
10427,0.028577127
10428,0.08253718
10429,0.24459524
10430,0.017691914
10431,0.053679377
10432,0.63056666
10433,0.7881349
10434,0.72060823
10435,0.006900715
10436,0.027589584
10437,0.016685633
10438,0.06833241
10439,0.500594
10440,0.06618757
10441,0.056891683
10442,0.0100958375
10443,0.052987743
10444,0.056438725
10445,0.045164984
10446,0.011689285
10447,0.42559934
10448,0.016820202
10449,0.032211807
10450,0.078243785
10451,0.07972339
10452,0.04567629
10453,0.04556025
10454,0.23539647
10455,0.21542996
10456,0.0076637133
10457,0.026670882
10458,0.40230817
10459,0.07867829
10460,0.07796554
10461,0.67507434
10462,0.70673317
10463,0.69452536
10464,0.015275825
10465,0.056237414
10466,0.028393691
10467,0.10904074
10468,0.06830091
10469,0.25829542
10470,0.040605087
10471,0.07041522
10472,0.01782791
10473,0.06992654
10474,0.07705541
10475,0.09413086
10476,0.091217875
10477,0.5075505
10478,0.5519612
10479,0.23588605
10480,0.09512354
10481,0.0657136
10482,0.054295804
10483,0.08260219
10484,0.041127145
10485,0.034284934
10486,0.08846856
10487,0.23522821
10488,0.05619985
10489,0.08121022
10490,0.024429139
10491,0.75457525
10492,0.9082016
10493,0.67253375
10494,0.08877725
10495,0.045831375
10496,0.23777673
10497,0.2683844
10498,0.027524494
10499,0.016442796
10500,0.016681187
10501,0.034610193
10502,0.06938649
10503,0.0450202
10504,0.38610846
10505,0.58330774
10506,0.06113678
10507,0.07598228
10508,0.065946035
10509,0.09575648
10510,0.06010475
10511,0.40144077
10512,0.07935969
10513,0.037445758
10514,0.07043586
10515,0.07746077
10516,0.07781467
10517,0.043610815
10518,0.021789715
10519,0.4590728
10520,0.432094
10521,0.24087977
10522,0.063829586
10523,0.027868915
10524,0.08374314
10525,0.060253102
10526,0.37548706
10527,0.031800583
10528,0.04091403
10529,0.041714374
10530,0.017647574
10531,0.0404944
10532,0.040745217
10533,0.3858227
10534,0.76927596
10535,0.39782608
10536,0.25602648
10537,0.082601614
10538,0.24815297
10539,0.09648257
10540,0.5074024
10541,0.055497136
10542,0.02983826
10543,0.037200417
10544,0.033460684
10545,0.09559192
10546,0.08475418
10547,0.08945779
10548,0.27448636
10549,0.39327848
10550,0.23958728
10551,0.72344005
10552,0.23596768
10553,0.23139596
10554,0.24852437
10555,0.051892787
10556,0.26345843
10557,0.056172512
10558,0.03611373
10559,0.03673636
10560,0.042813852
10561,0.23712087
10562,0.43334928
10563,0.40979818
10564,0.47023854
10565,0.4111633
10566,0.095049754
10567,0.23643006
10568,0.27110654
10569,0.014649327
10570,0.09363182
10571,0.061450582
10572,0.046232447
10573,0.50043243
10574,0.1076339
10575,0.053109817
10576,0.5222876
10577,0.3716964
10578,0.011826584
10579,0.06654137
10580,0.07970691
10581,0.06658811
10582,0.014197092
10583,0.029119229
10584,0.052831367
10585,0.06908914
10586,0.06814992
10587,0.23176003
10588,0.43039465
10589,0.7345642
10590,0.4384613
10591,0.41803026
10592,0.6017467
10593,0.06908166
10594,0.01835821
10595,0.06034789
10596,0.06284415
10597,0.09466423
10598,0.25841323
10599,0.057784483
10600,0.027868915
10601,0.056251366
10602,0.08919071
10603,0.017405316
10604,0.041942414
10605,0.07844463
10606,0.020022405
10607,0.0149806775
10608,0.039855972
10609,0.018519636
10610,0.011413771
10611,0.03293066
10612,0.06096122
10613,0.052707203
10614,0.06372669
10615,0.39437234
10616,0.2359861
10617,0.36400288
10618,0.6712438
10619,0.6395479
10620,0.37623137
10621,0.08047137
10622,0.0067902217
10623,0.0196508
10624,0.046433542
10625,0.08030984
10626,0.014629635
10627,0.011020816
10628,0.03331213
10629,0.7052533
10630,0.044963457
10631,0.016559236
10632,0.19132829
10633,0.04568322
10634,0.07731492
10635,0.03951992
10636,0.045408268
10637,0.016004037
10638,0.043363426
10639,0.013914667
10640,0.014300299
10641,0.027769886
10642,0.068495594
10643,0.07850202
10644,0.4780973
10645,0.3871282
10646,0.09265176
10647,0.77458894
10648,0.406339
10649,0.48185235
10650,0.23483025
10651,0.04021869
10652,0.033207815
10653,0.036200445
10654,0.04328052
10655,0.042459443
10656,0.036208965
10657,0.05550604
10658,0.5394296
10659,0.06943947
10660,0.42546374
10661,0.1742724
10662,0.07861902
10663,0.091837436
10664,0.08998347
10665,0.10266293
10666,0.043354973
10667,0.030683346
10668,0.040638674
10669,0.09000964
10670,0.7168156
10671,0.4119109
10672,0.6070673
10673,0.41327527
10674,0.2618608
10675,0.0932357
10676,0.067745194
10677,0.041727524
10678,0.021932993
10679,0.03895983
10680,0.031085754
10681,0.0899192
10682,0.09044312
10683,0.06841769
10684,0.40113744
10685,0.02770394
10686,0.05889759
10687,0.016629009
10688,0.25918204
10689,0.04086648
10690,0.07927038
10691,0.09390419
10692,0.030859394
10693,0.22968301
10694,0.23906597
10695,0.060958054
10696,0.074901715
10697,0.032256596
10698,0.06919882
10699,0.06409485
10700,0.038203895
10701,0.0899756
10702,0.08104733
10703,0.04024532
10704,0.009714886
10705,0.22828181
10706,0.011857759
10707,0.015680049
10708,0.014476529
10709,0.0697129
10710,0.008545066
10711,0.04005342
10712,0.033973984
10713,0.09262006
10714,0.03448208
10715,0.041521724
10716,0.009266757
10717,0.039833907
10718,0.09302494
10719,0.41938865
10720,0.48746988
10721,0.08082513
10722,0.011099598
10723,0.01818162
10724,0.018154265
10725,0.028357066
10726,0.049242344
10727,0.014401778
10728,0.056780912
10729,0.092288084
10730,0.015123783
10731,0.03190821
10732,0.014451502
10733,0.03166629
10734,0.0176802
10735,0.02614403
10736,0.06081662
10737,0.06843476
10738,0.41184127
10739,0.013999254
10740,0.016660746
10741,0.17832506
10742,0.06015105
10743,0.07064045
10744,0.4534584
10745,0.08141586
10746,0.012383306
10747,0.09414727
10748,0.03663011
10749,0.015107723
10750,0.059991132
10751,0.09162946
10752,0.048699602
10753,0.011814079
10754,0.011414455
10755,0.017879562
10756,0.010964708
10757,0.1106187
10758,0.015052944
10759,0.025708424
10760,0.09472906
10761,0.056128096
10762,0.03955261
10763,0.017219227
10764,0.027551142
10765,0.05645213
10766,0.27002376
10767,0.032292373
10768,0.0061572543
10769,0.017914556
10770,0.030068189
10771,0.040482044
10772,0.0551592
10773,0.24815297
10774,0.05605349
10775,0.24585806
10776,0.0696711
10777,0.031025985
10778,0.04456399
10779,0.04572618
10780,0.0288433
10781,0.37519422
10782,0.08423996
10783,0.016973086
10784,0.06708133
10785,0.045896426
10786,0.009909935
10787,0.011358942
10788,0.46603483
10789,0.7774714
10790,0.2194065
10791,0.06879643
10792,0.06737446
10793,0.045500915
10794,0.04158203
10795,0.06847589
10796,0.06567056
10797,0.0770631
10798,0.83312947
10799,0.018055458
10800,0.06330539
10801,0.06516523
10802,0.06349596
10803,0.016332554
10804,0.037528437
10805,0.09468056
10806,0.49522695
10807,0.0599771
10808,0.096450865
10809,0.025961356
10810,0.06139643
10811,0.021095293
10812,0.06460983
10813,0.028656723
10814,0.024584737
10815,0.04917262
10816,0.05335846
10817,0.0523146
10818,0.016214347
10819,0.087041974
10820,0.037712313
10821,0.040482044
10822,0.01435089
10823,0.033632647
10824,0.06712917
10825,0.0791135
10826,0.020022405
10827,0.02495241
10828,0.05216337
10829,0.7276982
10830,0.056514475
10831,0.07913456
10832,0.045564473
10833,0.038296815
10834,0.043284122
10835,0.045216136
10836,0.01779815
10837,0.015729956
10838,0.46854588
10839,0.027097905
10840,0.0061670425
10841,0.0460492
10842,0.077098094
10843,0.0816872
10844,0.040887944
10845,0.026344249
10846,0.04498842
10847,0.40968794
10848,0.02772161
10849,0.019667417
10850,0.01283868
10851,0.0419411
10852,0.031555515
10853,0.0063111424
10854,0.09446125
10855,0.056237414
10856,0.0073114256
10857,0.01435089
10858,0.05647101
10859,0.09465175
10860,0.069853716
10861,0.06253665
10862,0.05593155
10863,0.027657459
10864,0.050175533
10865,0.056581303
10866,0.10691836
10867,0.09389248
10868,0.008679472
10869,0.0114856865
10870,0.014097491
10871,0.012231186
10872,0.015358797
10873,0.011560133
10874,0.01777609
10875,0.010107818
10876,0.010787917
10877,0.015779732
10878,0.0145126
10879,0.00996069
10880,0.02295102
10881,0.052470654
10882,0.04676233
10883,0.08379747
10884,0.00687939
10885,0.018374586
10886,0.094522126
10887,0.26028693
10888,0.018903611
10889,0.01029322
10890,0.025855798
10891,0.01257881
10892,0.011009803
10893,0.01673658
10894,0.017805682
10895,0.009861595
10896,0.014413998
10897,0.03151162
10898,0.019803742
10899,0.010410829
10900,0.008834432
10901,0.055736646
10902,0.027967727
10903,0.039659113
10904,0.04315015
10905,0.009782402
10906,0.07708312
10907,0.02647421
10908,0.045065824
10909,0.008918771
10910,0.0062529063
10911,0.03286824
10912,0.011593595
10913,0.068343185
10914,0.013965702
10915,0.008253523
10916,0.011806653
10917,0.011879378
10918,0.011329623
10919,0.26602238
10920,0.055659465
10921,0.05626127
10922,0.056133542
10923,0.014599103
10924,0.010018087
10925,0.0069010756
10926,0.06726941
10927,0.021611027
10928,0.0099076545
10929,0.06539788
10930,0.014950715
10931,0.078063734
10932,0.010255875
10933,0.23615327
10934,0.016217412
10935,0.033298437
10936,0.02809612
10937,0.027263207
10938,0.008679472
10939,0.011662205
10940,0.011629952
10941,0.008276335
10942,0.010772143
10943,0.032497067
10944,0.010989712
10945,0.065893054
10946,0.053572316
10947,0.032552786
10948,0.23227085
10949,0.016534194
10950,0.02425185
10951,0.0068687415
10952,0.0111998785
10953,0.014907221
10954,0.045549892
10955,0.017585315
10956,0.026181001
10957,0.01499716
10958,0.0106668435
10959,0.0114856865
10960,0.015404357
10961,0.03182596
10962,0.08625369
10963,0.09059645
10964,0.06823074
10965,0.025084196
10966,0.054712944
10967,0.044291817
10968,0.055837072
10969,0.03404947
10970,0.038804
10971,0.045470115
10972,0.052546307
10973,0.041723974
10974,0.07209322
10975,0.045474097
10976,0.039723285
10977,0.032966804
10978,0.06753677
10979,0.06648135
10980,0.044362873
10981,0.23388779
10982,0.3537402
10983,0.019851746
10984,0.04576213
10985,0.013930653
10986,0.25237685
10987,0.06470146
10988,0.09080532
10989,0.06950577
10990,0.08331029
10991,0.058792792
10992,0.028329698
10993,0.01859299
10994,0.04007013
10995,0.066436045
10996,0.032757904
10997,0.60922253
10998,0.22493239
10999,0.04443938
11000,0.22399974
11001,0.057717066
11002,0.029091608
11003,0.022407517
11004,0.04428498
11005,0.0373813
11006,0.016399028
11007,0.01441345
11008,0.0410363
11009,0.07641759
11010,0.08038642
11011,0.5202472
11012,0.50224215
11013,0.044430718
11014,0.064357415
11015,0.02844576
11016,0.2265475
11017,0.08147065
11018,0.010710195
11019,0.054557655
11020,0.041604936
11021,0.057964202
11022,0.06846337
11023,0.44521004
11024,0.08023547
11025,0.23003598
11026,0.49392903
11027,0.081353195
11028,0.44544128
11029,0.055573232
11030,0.47156858
11031,0.05140608
11032,0.04836212
11033,0.03561857
11034,0.060640033
11035,0.028269885
11036,0.07020481
11037,0.076234624
11038,0.06920942
11039,0.06296096
11040,0.2513782
11041,0.044077057
11042,0.031847663
11043,0.05438532
11044,0.06542792
11045,0.03232559
11046,0.040413592
11047,0.007765569
11048,0.043198984
11049,0.07192504
11050,0.027295062
11051,0.055277195
11052,0.24226668
11053,0.09251777
11054,0.0241989
11055,0.054523945
11056,0.052643076
11057,0.040369596
11058,0.0251468
11059,0.014898404
11060,0.48114273
11061,0.07938537
11062,0.064757034
11063,0.24687888
11064,0.47200924
11065,0.0635917
11066,0.051650513
11067,0.0172734
11068,0.02161503
11069,0.0078780465
11070,0.039124537
11071,0.011618803
11072,0.059990164
11073,0.060918007
11074,0.06992153
11075,0.09126763
11076,0.42883372
11077,0.0072891214
11078,0.16506496
11079,0.043452036
11080,0.011812426
11081,0.0106156645
11082,0.031962994
11083,0.026381899
11084,0.035738945
11085,0.2397491
11086,0.018726345
11087,0.042936187
11088,0.010691607
11089,0.011407798
11090,0.044491917
11091,0.028266484
11092,0.07480409
11093,0.45029852
11094,0.052451033
11095,0.067536734
11096,0.01912292
11097,0.0203688
11098,0.041543067
11099,0.054722525
11100,0.010335366
11101,0.015293923
11102,0.029607723
11103,0.012462414
11104,0.07738055
11105,0.086985044
11106,0.070237465
11107,0.070831075
11108,0.054627914
11109,0.039314017
11110,0.032134395
11111,0.03157368
11112,0.036518488
11113,0.06606082
11114,0.053507444
11115,0.06481254
11116,0.014634813
11117,0.037223525
11118,0.028042154
11119,0.01708229
11120,0.02413594
11121,0.040928002
11122,0.024300644
11123,0.060002614
11124,0.08710112
11125,0.24855652
11126,0.043087367
11127,0.03948229
11128,0.039131165
11129,0.069236256
11130,0.059944533
11131,0.01473413
11132,0.05446958
11133,0.031392504
11134,0.22859314
11135,0.027605493
11136,0.023748927
11137,0.0325402
11138,0.055179633
11139,0.055236325
11140,0.22893631
11141,0.2177203
11142,0.21987759
11143,0.05483249
11144,0.04008486
11145,0.016962508
11146,0.05153879
11147,0.04450996
11148,0.011099018
11149,0.079909556
11150,0.04413943
11151,0.5295193
11152,0.07406699
11153,0.020235594
11154,0.012370856
11155,0.07415714
11156,0.049399212
11157,0.047681544
11158,0.018366346
11159,0.011107097
11160,0.05564413
11161,0.011731329
11162,0.016352246
11163,0.017891565
11164,0.0632969
11165,0.043136906
11166,0.061031524
11167,0.05401179
11168,0.071009405
11169,0.22636463
11170,0.36464107
11171,0.05533824
11172,0.022695152
11173,0.063279994
11174,0.015478497
11175,0.040392224
11176,0.008092529
11177,0.009808594
11178,0.06556214
11179,0.05217595
11180,0.076839626
11181,0.041225817
11182,0.07107335
11183,0.04085457
11184,0.053295348
11185,0.035847362
11186,0.017385231
11187,0.07834089
11188,0.011227234
11189,0.03198403
11190,0.05841133
11191,0.011116527
11192,0.02289505
11193,0.036630224
11194,0.053259686
11195,0.058980305
11196,0.0770697
11197,0.06809098
11198,0.23503907
11199,0.07920337
11200,0.08067234
11201,0.012779136
11202,0.06344782
11203,0.012219837
11204,0.04878093
11205,0.010440711
11206,0.040870346
11207,0.06497825
11208,0.034654945
11209,0.019891836
11210,0.04504304
11211,0.0391366
11212,0.04920737
11213,0.065114036
11214,0.03352382
11215,0.05316771
11216,0.022741707
11217,0.03296395
11218,0.058943387
11219,0.0139946295
11220,0.0368106
11221,0.07215557
11222,0.054588363
11223,0.079526186
11224,0.2883081
11225,0.06673396
11226,0.07145147
11227,0.056035038
11228,0.05942468
11229,0.059861645
11230,0.06551005
11231,0.04856133
11232,0.010923887
11233,0.009888374
11234,0.019005213
11235,0.39365155
11236,0.06017927
11237,0.06466259
11238,0.055695258
11239,0.061456684
11240,0.016709257
11241,0.027443163
11242,0.01982339
11243,0.03863591
11244,0.24827226
11245,0.056202125
11246,0.043254685
11247,0.07053373
11248,0.61583716
11249,0.065196455
11250,0.014218155
11251,0.213599
11252,0.05387082
11253,0.2405151
11254,0.24554928
11255,0.05611358
11256,0.01962649
11257,0.04386134
11258,0.045556232
11259,0.06987137
11260,0.083957575
11261,0.04016702
11262,0.0837776
11263,0.065644674
11264,0.059190396
11265,0.015031008
11266,0.011387174
11267,0.015180088
11268,0.019032268
11269,0.04871358
11270,0.055818383
11271,0.014805862
11272,0.078302294
11273,0.08292652
11274,0.082173765
11275,0.06222099
11276,0.03289639
11277,0.06990615
11278,0.22293599
11279,0.23796469
11280,0.05143394
11281,0.011107097
11282,0.045799047
11283,0.021152057
11284,0.05601243
11285,0.57111055
11286,0.038922496
11287,0.068504095
11288,0.49291262
11289,0.22357331
11290,0.013241026
11291,0.039655723
11292,0.04907693
11293,0.063753866
11294,0.23520494
11295,0.011110497
11296,0.06009308
11297,0.063272275
11298,0.08194545
11299,0.081972264
11300,0.0813904
11301,0.085422575
11302,0.38279164
11303,0.06404888
11304,0.045668352
11305,0.0658097
11306,0.05036661
11307,0.24494477
11308,0.5322761
11309,0.0073702205
11310,0.041486852
11311,0.3987182
11312,0.0145264175
11313,0.044380866
11314,0.2512361
11315,0.012951311
11316,0.044845745
11317,0.05973673
11318,0.016296094
11319,0.040265873
11320,0.0067578554
11321,0.3981491
11322,0.040153407
11323,0.06017216
11324,0.22385205
11325,0.079377435
11326,0.24390784
11327,0.39999157
11328,0.2414925
11329,0.028489113
11330,0.08809179
11331,0.21915445
11332,0.22269365
11333,0.49024376
11334,0.2528803
11335,0.5025855
11336,0.02427637
11337,0.07818061
11338,0.056204516
11339,0.027823636
11340,0.019024752
11341,0.011210598
11342,0.010996712
11343,0.04935795
11344,0.0093405405
11345,0.011251582
11346,0.033085886
11347,0.0520599
11348,0.06500471
11349,0.065931536
11350,0.071693815
11351,0.065480255
11352,0.08496176
11353,0.21817172
11354,0.027741244
11355,0.070464075
11356,0.23467767
11357,0.017220566
11358,0.052324116
11359,0.6522587
11360,0.57943696
11361,0.6340197
11362,0.007027422
11363,0.02758541
11364,0.065209545
11365,0.40692654
11366,0.06354949
11367,0.05532268
11368,0.05142449
11369,0.055642646
11370,0.044356287
11371,0.012019531
11372,0.37873033
11373,0.016678289
11374,0.030351382
11375,0.0728731
11376,0.07103419
11377,0.04496808
11378,0.044863705
11379,0.22663355
11380,0.2181142
11381,0.02567647
11382,0.07719874
11383,0.069890335
11384,0.070807636
11385,0.50479764
11386,0.5258975
11387,0.5643764
11388,0.014478448
11389,0.055046603
11390,0.027710749
11391,0.24752134
11392,0.06672633
11393,0.23859692
11394,0.040879916
11395,0.065365955
11396,0.017400606
11397,0.06659488
11398,0.069661036
11399,0.081391096
11400,0.07786133
11401,0.44262794
11402,0.44332045
11403,0.22238785
11404,0.08060822
11405,0.06292902
11406,0.053388394
11407,0.07219124
11408,0.040593892
11409,0.033969153
11410,0.023322113
11411,0.0784304
11412,0.07990583
11413,0.055832993
11414,0.070389785
11415,0.024753576
11416,0.5419445
11417,0.56892
11418,0.6459706
11419,0.07692814
11420,0.044677902
11421,0.22590896
11422,0.24664573
11423,0.027271371
11424,0.017335014
11425,0.016163357
11426,0.034870263
11427,0.06663424
11428,0.045298394
11429,0.39904025
11430,0.54228204
11431,0.06011615
11432,0.06875404
11433,0.06414694
11434,0.08108028
11435,0.05824787
11436,0.35720482
11437,0.07347071
11438,0.036226597
11439,0.06631667
11440,0.07110534
11441,0.06890509
11442,0.04211874
11443,0.022173513
11444,0.25703457
11445,0.3805121
11446,0.08278427
11447,0.061416205
11448,0.02772139
11449,0.07215953
11450,0.060002495
11451,0.24737382
11452,0.031124983
11453,0.037590306
11454,0.041174162
11455,0.01683322
11456,0.017046848
11457,0.040152207
11458,0.04026591
11459,0.4151497
11460,0.59255475
11461,0.3684907
11462,0.08271117
11463,0.07354827
11464,0.08369607
11465,0.082889676
11466,0.5174566
11467,0.054276165
11468,0.030400159
11469,0.03788189
11470,0.03274939
11471,0.08039713
11472,0.071761884
11473,0.07417594
11474,0.47097966
11475,0.37508518
11476,0.23007394
11477,0.523563
11478,0.22706288
11479,0.017509233
11480,0.076948255
11481,0.0937177
11482,0.019231748
11483,0.05176213
11484,0.08840831
11485,0.055906985
11486,0.03640573
11487,0.03598678
11488,0.04237158
11489,0.081478745
11490,0.39903736
11491,0.3960539
11492,0.5303443
11493,0.40579614
11494,0.08182185
11495,0.22451444
11496,0.25093523
11497,0.013965995
11498,0.026761245
11499,0.08492105
11500,0.059378147
11501,0.46467417
11502,0.09171544
11503,0.05248868
11504,0.5142369
11505,0.36253724
11506,0.006419647
11507,0.06366199
11508,0.07093713
11509,0.06524198
11510,0.044645276
11511,0.014396163
11512,0.028059945
11513,0.051714715
11514,0.06344782
11515,0.064688556
11516,0.22864123
11517,0.4252623
11518,0.544633
11519,0.4282674
11520,0.3898151
11521,0.5166906
11522,0.066215135
11523,0.059200976
11524,0.060389522
11525,0.0800499
11526,0.0880219
11527,0.055383887
11528,0.027904442
11529,0.055009864
11530,0.07842888
11531,0.017150348
11532,0.006230386
11533,0.0403129
11534,0.070804425
11535,0.020018928
11536,0.038660906
11537,0.01184764
11538,0.0319493
11539,0.05637559
11540,0.05188536
11541,0.06061859
11542,0.2297095
11543,0.23025972
11544,0.3882181
11545,0.69271094
11546,0.57373023
11547,0.42322356
11548,0.068090886
11549,0.019014144
11550,0.04600071
11551,0.07210998
11552,0.014614319
11553,0.010849628
11554,0.032266278
11555,0.5897373
11556,0.04522523
11557,0.016544111
11558,0.054066975
11559,0.045019664
11560,0.07080724
11561,0.038208626
11562,0.04447488
11563,0.013905068
11564,0.014814643
11565,0.027837642
11566,0.06505613
11567,0.07104182
11568,0.53106254
11569,0.4057481
11570,0.076842844
11571,0.49974415
11572,0.39780116
11573,0.4691048
11574,0.076457925
11575,0.03929235
11576,0.033078607
11577,0.03673787
11578,0.044807162
11579,0.042490415
11580,0.035960652
11581,0.05550041
11582,0.5132842
11583,0.21760842
11584,0.40226272
11585,0.031232627
11586,0.07140291
11587,0.07576476
11588,0.079038255
11589,0.2370906
11590,0.043011095
11591,0.030272935
11592,0.0090035265
11593,0.03998546
11594,0.07867904
11595,0.54486436
11596,0.4105087
11597,0.5681503
11598,0.23674828
11599,0.40778413
11600,0.08020879
11601,0.065034
11602,0.04143196
11603,0.02166176
11604,0.012573516
11605,0.03839698
11606,0.031583827
11607,0.077864565
11608,0.0795685
11609,0.06552026
11610,0.09887374
11611,0.028113674
11612,0.058499735
11613,0.24582818
11614,0.040103912
11615,0.011822723
11616,0.07169567
11617,0.22511528
11618,0.031031422
11619,0.21722049
11620,0.06931701
11621,0.059978694
11622,0.06873414
11623,0.0664753
11624,0.06241724
11625,0.03725996
11626,0.07828952
11627,0.07170072
11628,0.040104583
11629,0.009533818
11630,0.21502967
11631,0.011330877
11632,0.014758208
11633,0.06694565
11634,0.033185154
11635,0.076354355
11636,0.034756508
11637,0.041118212
11638,0.03916789
11639,0.07612672
11640,0.39740562
11641,0.44938788
11642,0.07181434
11643,0.011133941
11644,0.017341351
11645,0.028098414
11646,0.048906613
11647,0.014707755
11648,0.05625503
11649,0.08290606
11650,0.03141645
11651,0.014679189
11652,0.031482704
11653,0.017877325
11654,0.0117074875
11655,0.026393142
11656,0.05912891
11657,0.06531634
11658,0.38671
11659,0.013780043
11660,0.01650789
11661,0.032923914
11662,0.058811583
11663,0.06628493
11664,0.43968326
11665,0.06825089
11666,0.01318824
11667,0.0814922
11668,0.012837335
11669,0.03636167
11670,0.060159437
11671,0.0790424
11672,0.04807295
11673,0.010897713
11674,0.011869842
11675,0.016846897
11676,0.010776782
11677,0.09092009
11678,0.014698286
11679,0.02593436
11680,0.07940478
11681,0.055604495
11682,0.039626937
11683,0.016676204
11684,0.027453903
11685,0.054691266
11686,0.38028264
11687,0.031156199
11688,0.006163862
11689,0.01248521
11690,0.017073574
11691,0.029674735
11692,0.04126035
11693,0.054006964
11694,0.23673971
11695,0.055485044
11696,0.23455937
11697,0.06607932
11698,0.031121708
11699,0.015156068
11700,0.044485476
11701,0.04550874
11702,0.027993461
11703,0.39346737
11704,0.06828674
11705,0.016870834
11706,0.063607946
11707,0.04468043
11708,0.009257459
11709,0.011438619
11710,0.426904
11711,0.68856335
11712,0.071756236
11713,0.06628493
11714,0.0645365
11715,0.044827234
11716,0.04169773
11717,0.065222815
11718,0.06309288
11719,0.06888089
11720,0.51098347
11721,0.060544275
11722,0.062602445
11723,0.060793247
11724,0.01650668
11725,0.037352167
11726,0.08428795
11727,0.47761357
11728,0.05872751
11729,0.08315647
11730,0.025868943
11731,0.059389018
11732,0.021350736
11733,0.06166647
11734,0.028603116
11735,0.023574328
11736,0.006318508
11737,0.04940605
11738,0.05297987
11739,0.02963149
11740,0.017720943
11741,0.05203117
11742,0.07555814
11743,0.040001098
11744,0.014713874
11745,0.032821137
11746,0.06386736
11747,0.07096753
11748,0.019477798
11749,0.051546358
11750,0.51902294
11751,0.055827238
11752,0.069912605
11753,0.0071124546
11754,0.044779334
11755,0.038207028
11756,0.04421108
11757,0.043958467
11758,0.013596101
11759,0.015617731
11760,0.24840611
11761,0.02691538
11762,0.04474061
11763,0.06973784
11764,0.018381996
11765,0.21724172
11766,0.040112957
11767,0.026498724
11768,0.044817198
11769,0.396675
11770,0.0276246
11771,0.018453969
11772,0.00680664
11773,0.01973742
11774,0.012846275
11775,0.041793317
11776,0.009350349
11777,0.031265464
11778,0.08427507
11779,0.0548465
11780,0.013021164
11781,0.01468155
11782,0.05573198
11783,0.080170415
11784,0.066025764
11785,0.059156395
11786,0.054769345
11787,0.027666388
11788,0.04842446
11789,0.19807845
11790,0.08229869
11791,0.0796453
11792,0.008380191
11793,0.010625342
11794,0.032521103
11795,0.013510862
11796,0.012173541
11797,0.015164495
11798,0.01174159
11799,0.009742252
11800,0.009944774
11801,0.014979091
11802,0.014964348
11803,0.009969769
11804,0.021985367
11805,0.051422857
11806,0.045359608
11807,0.07315923
11808,0.012674451
11809,0.07946247
11810,0.009812726
11811,0.084744334
11812,0.011063228
11813,0.019316355
11814,0.025827264
11815,0.011335575
11816,0.010624269
11817,0.016829386
11818,0.017584112
11819,0.009708033
11820,0.015077929
11821,0.031846922
11822,0.014782205
11823,0.009136145
11824,0.055021238
11825,0.027684832
11826,0.041999456
11827,0.012983735
11828,0.043652367
11829,0.015027033
11830,0.012651352
11831,0.010536147
11832,0.07030474
11833,0.027041158
11834,0.045452736
11835,0.00875202
11836,0.006612055
11837,0.011400236
11838,0.032569952
11839,0.011204676
11840,0.015004777
11841,0.062762156
11842,0.014164628
11843,0.24978207
11844,0.053877596
11845,0.055147454
11846,0.056093667
11847,0.006821442
11848,0.059891973
11849,0.02094874
11850,0.011130894
11851,0.005775377
11852,0.06374305
11853,0.014814506
11854,0.06958597
11855,0.07901686
11856,0.016551336
11857,0.032526504
11858,0.02706618
11859,0.027060684
11860,0.01280141
11861,0.012375273
11862,0.011801513
11863,0.008121584
11864,0.032335207
11865,0.01054132
11866,0.062405933
11867,0.052968573
11868,0.03497293
11869,0.0063690934
11870,0.23035997
11871,0.023989102
11872,0.014555516
11873,0.031048547
11874,0.005847641
11875,0.014846994
11876,0.045341082
11877,0.01728776
11878,0.014595845
11879,0.02561918
11880,0.011048038
11881,0.01048842
11882,0.03148803
11883,0.06856357
11884,0.22489715
11885,0.01718587
11886,0.06616606
11887,0.018875722
11888,0.036500547
11889,0.05222864
11890,0.043321483
11891,0.053632163
11892,0.038669195
11893,0.045446362
11894,0.038613882
11895,0.040784247
11896,0.06987558
11897,0.043935098
11898,0.038596977
11899,0.02716391
11900,0.031482644
11901,0.06575917
11902,0.040507693
11903,0.064170174
11904,0.07770344
11905,0.380061
11906,0.050927058
11907,0.044025734
11908,0.40677023
11909,0.062492605
11910,0.25023147
11911,0.06802245
11912,0.22880177
11913,0.05682778
11914,0.017455399
11915,0.038963526
11916,0.062953584
11917,0.03199166
11918,0.62423056
11919,0.22122613
11920,0.043616887
11921,0.22401701
11922,0.056762595
11923,0.022311883
11924,0.042954475
11925,0.036051452
11926,0.016643168
11927,0.013845509
11928,0.039962225
11929,0.07664996
11930,0.075763255
11931,0.4454149
11932,0.5333338
11933,0.043749437
11934,0.06255209
11935,0.02728923
11936,0.2248694
11937,0.23660283
11938,0.009724297
11939,0.019234149
11940,0.052207466
11941,0.04048465
11942,0.056706592
11943,0.066138946
11944,0.43215448
11945,0.0786836
11946,0.23056196
11947,0.48910758
11948,0.075616434
11949,0.021260718
11950,0.4322085
11951,0.053346712
11952,0.44677642
11953,0.050148383
11954,0.046635296
11955,0.035429295
11956,0.059789326
11957,0.026595214
11958,0.06945412
11959,0.07661461
11960,0.038250018
11961,0.061686844
11962,0.3943643
11963,0.042928375
11964,0.031240499
11965,0.05243045
11966,0.06288962
11967,0.031459443
11968,0.039216623
11969,0.0077511845
11970,0.041597567
11971,0.068848506
11972,0.053823516
11973,0.084106274
11974,0.053652517
11975,0.24743661
11976,0.023596061
11977,0.052495755
11978,0.038932335
11979,0.02364189
11980,0.0149084525
11981,0.48414654
11982,0.07695798
11983,0.06255373
11984,0.25763863
11985,0.4895894
11986,0.006517895
11987,0.061452106
11988,0.05017426
11989,0.013265611
11990,0.016785296
11991,0.021261685
11992,0.014337486
11993,0.007182774
11994,0.03888454
11995,0.01083913
11996,0.011306694
11997,0.057853334
11998,0.05861818
11999,0.0694527
12000,0.08154151
12001,0.42419037
12002,0.015562647
12003,0.019106003
12004,0.043284103
12005,0.010570832
12006,0.009914031
12007,0.032046862
12008,0.025450205
12009,0.035693824
12010,0.23939905
12011,0.017876005
12012,0.04204398
12013,0.010747962
12014,0.058226682
12015,0.042909727
12016,0.06799784
12017,0.49139056
12018,0.00797614
12019,0.053529624
12020,0.064220235
12021,0.017879535
12022,0.020748649
12023,0.040422384
12024,0.053179655
12025,0.009886244
12026,0.028700683
12027,0.011334313
12028,0.07555343
12029,0.088245824
12030,0.069909036
12031,0.07024337
12032,0.05441721
12033,0.03760195
12034,0.031947922
12035,0.030111808
12036,0.0350888
12037,0.064118154
12038,0.0514839
12039,0.21716163
12040,0.013770353
12041,0.036062967
12042,0.02787286
12043,0.016801622
12044,0.023466693
12045,0.03984817
12046,0.020015454
12047,0.023497177
12048,0.05821823
12049,0.08696436
12050,0.2432537
12051,0.041930564
12052,0.038486436
12053,0.038320817
12054,0.06799438
12055,0.057589516
12056,0.014396264
12057,0.05193132
12058,0.014088034
12059,0.03036003
12060,0.07531424
12061,0.026636126
12062,0.023376476
12063,0.031845693
12064,0.053488277
12065,0.05394113
12066,0.225102
12067,0.21622111
12068,0.22636235
12069,0.053539753
12070,0.038856626
12071,0.0163616
12072,0.050759774
12073,0.04272955
12074,0.074332975
12075,0.042795427
12076,0.57049555
12077,0.072985195
12078,0.019435951
12079,0.07030484
12080,0.047691055
12081,0.046554945
12082,0.017776111
12083,0.016106984
12084,0.05327315
12085,0.011007351
12086,0.016954565
12087,0.016921625
12088,0.0604044
12089,0.041894685
12090,0.058547623
12091,0.053221792
12092,0.069614865
12093,0.22723433
12094,0.37109745
12095,0.053091872
12096,0.021831632
12097,0.062800944
12098,0.014687471
12099,0.039042395
12100,0.0258068
12101,0.009755841
12102,0.06278046
12103,0.051365778
12104,0.07672681
12105,0.039864913
12106,0.06971302
12107,0.0380933
12108,0.051847473
12109,0.035208207
12110,0.07779355
12111,0.010764695
12112,0.031896226
12113,0.056209825
12114,0.031428803
12115,0.010980747
12116,0.009877765
12117,0.022262476
12118,0.034804195
12119,0.051818725
12120,0.058038443
12121,0.07451679
12122,0.065668926
12123,0.23410676
12124,0.22140238
12125,0.07711649
12126,0.017087087
12127,0.06275798
12128,0.01129562
12129,0.04845679
12130,0.039741196
12131,0.062699065
12132,0.03237755
12133,0.019413797
12134,0.04442167
12135,0.03791248
12136,0.011764197
12137,0.047430005
12138,0.062680066
12139,0.03176682
12140,0.0518873
12141,0.056722388
12142,0.013440208
12143,0.036063824
12144,0.069973886
12145,0.05317057
12146,0.07800349
12147,0.27156866
12148,0.06444804
12149,0.07075484
12150,0.051772002
12151,0.057619467
12152,0.05763213
12153,0.06251664
12154,0.04775633
12155,0.01793932
12156,0.35138163
12157,0.05777785
12158,0.061995182
12159,0.051920768
12160,0.059829377
12161,0.016934482
12162,0.027100867
12163,0.018984135
12164,0.037348855
12165,0.24601471
12166,0.054749876
12167,0.041425675
12168,0.06829978
12169,0.55740327
12170,0.06308233
12171,0.013719469
12172,0.21641412
12173,0.050927058
12174,0.08570893
12175,0.2468256
12176,0.054474104
12177,0.018971812
12178,0.043194484
12179,0.06873853
12180,0.08135655
12181,0.03837804
12182,0.07926167
12183,0.062478226
12184,0.05691344
12185,0.014006564
12186,0.014519764
12187,0.018962383
12188,0.04624459
12189,0.053762637
12190,0.014830445
12191,0.07452691
12192,0.079438046
12193,0.07601709
12194,0.06151267
12195,0.0314471
12196,0.06978067
12197,0.072586566
12198,0.23608525
12199,0.049830686
12200,0.043845937
12201,0.020171111
12202,0.054014023
12203,0.57419175
12204,0.037370477
12205,0.062266484
12206,0.49945965
12207,0.22481447
12208,0.012387295
12209,0.039618336
12210,0.04786344
12211,0.2189534
12212,0.23762147
12213,0.058357485
12214,0.061160598
12215,0.23225696
12216,0.22826585
12217,0.07554567
12218,0.080700494
12219,0.3893412
12220,0.0620031
12221,0.04331395
12222,0.06502453
12223,0.04717121
12224,0.24719603
12225,0.4814049
12226,0.006201388
12227,0.040226724
12228,0.39468864
12229,0.014177395
12230,0.042672608
12231,0.24634512
12232,0.013199515
12233,0.043470245
12234,0.058128655
12235,0.015721362
12236,0.03936709
12237,0.006660291
12238,0.35481343
12239,0.039489817
12240,0.058025
12241,0.23125726
12242,0.075741254
12243,0.23858225
12244,0.36479414
12245,0.24113922
12246,0.027149776
12247,0.23481715
12248,0.0688383
12249,0.22302966
12250,0.67201567
12251,0.49997762
12252,0.24497052
12253,0.023655582
12254,0.22569515
12255,0.029089851
12256,0.018702459
12257,0.010966513
12258,0.049984194
12259,0.007950985
12260,0.010757254
12261,0.03172647
12262,0.050275493
12263,0.06528491
12264,0.062518805
12265,0.069162354
12266,0.06330807
12267,0.22715564
12268,0.21697643
12269,0.027283886
12270,0.07024792
12271,0.081083424
12272,0.052351043
12273,0.61017066
12274,0.64452606
12275,0.59425586
12276,0.026536098
12277,0.015782984
12278,0.06343649
12279,0.41362438
12280,0.06186266
12281,0.053593837
12282,0.009794613
12283,0.05077691
12284,0.053378873
12285,0.04290016
12286,0.011333067
12287,0.37339327
12288,0.01628873
12289,0.029862635
12290,0.068601355
12291,0.069587864
12292,0.043467484
12293,0.042979956
12294,0.2262421
12295,0.21606192
12296,0.0248791
12297,0.22328281
12298,0.06759286
12299,0.06856325
12300,0.52415085
12301,0.5479326
12302,0.62324506
12303,0.0530992
12304,0.026665842
12305,0.009044222
12306,0.38308284
12307,0.06289843
12308,0.35089722
12309,0.03919302
12310,0.063924275
12311,0.01691747
12312,0.06439535
12313,0.068346426
12314,0.076220006
12315,0.073531866
12316,0.5197762
12317,0.42060018
12318,0.22317286
12319,0.23084982
12320,0.060304057
12321,0.0521971
12322,0.071056984
12323,0.039379526
12324,0.033029567
12325,0.022629946
12326,0.074841544
12327,0.07890977
12328,0.05383996
12329,0.06988886
12330,0.023782445
12331,0.5830477
12332,0.6596701
12333,0.64117306
12334,0.07373634
12335,0.044398252
12336,0.3699903
12337,0.011726536
12338,0.24729824
12339,0.026483243
12340,0.009080854
12341,0.01536225
12342,0.033254575
12343,0.06445861
12344,0.04300995
12345,0.3660737
12346,0.5061081
12347,0.05854039
12348,0.06765378
12349,0.06275913
12350,0.08017907
12351,0.057337835
12352,0.38325107
12353,0.07086841
12354,0.03574827
12355,0.063773565
12356,0.06762043
12357,0.069189556
12358,0.042899165
12359,0.021419598
12360,0.4514178
12361,0.25160936
12362,0.231442
12363,0.059174992
12364,0.0703545
12365,0.057265874
12366,0.24062084
12367,0.030754685
12368,0.039403103
12369,0.03968314
12370,0.017341318
12371,0.039718945
12372,0.039425995
12373,0.39284882
12374,0.73918796
12375,0.41148776
12376,0.23971403
12377,0.07153764
12378,0.2347683
12379,0.22729735
12380,0.5245477
12381,0.053236667
12382,0.029414078
12383,0.03601542
12384,0.03411375
12385,0.077677056
12386,0.07136095
12387,0.22428484
12388,0.26132637
12389,0.25052372
12390,0.2285492
12391,0.55480283
12392,0.22666265
12393,0.016539104
12394,0.2215931
12395,0.23762147
12396,0.04979376
12397,0.08343522
12398,0.053120524
12399,0.03539766
12400,0.03460115
12401,0.040801957
12402,0.22419366
12403,0.3727407
12404,0.24273315
12405,0.45804644
12406,0.24645583
12407,0.0780732
12408,0.07814827
12409,0.36427766
12410,0.013396031
12411,0.08188921
12412,0.057663627
12413,0.04333199
12414,0.4802958
12415,0.24236299
12416,0.051656865
12417,0.47945994
12418,0.39226398
12419,0.062085655
12420,0.066820286
12421,0.06215785
12422,0.043455075
12423,0.010572799
12424,0.013571181
12425,0.02810872
12426,0.0510659
12427,0.06363229
12428,0.063026346
12429,0.0751004
12430,0.4035997
12431,0.5461275
12432,0.42150632
12433,0.40454063
12434,0.5273781
12435,0.06511454
12436,0.057053152
12437,0.05915219
12438,0.07949585
12439,0.08341485
12440,0.05208185
12441,0.027089197
12442,0.05326881
12443,0.07764475
12444,0.006283952
12445,0.0408333
12446,0.0701767
12447,0.019544506
12448,0.038492706
12449,0.018053489
12450,0.01918216
12451,0.009998021
12452,0.011785396
12453,0.03139785
12454,0.057738174
12455,0.050230723
12456,0.059885375
12457,0.22861254
12458,0.22650343
12459,0.41477486
12460,0.6609757
12461,0.63724846
12462,0.43062216
12463,0.07123426
12464,0.042022105
12465,0.01930553
12466,0.043819074
12467,0.0700025
12468,0.014281035
12469,0.03182565
12470,0.59668183
12471,0.043117065
12472,0.05213081
12473,0.04327204
12474,0.0687457
12475,0.03787426
12476,0.042974096
12477,0.015873145
12478,0.04147545
12479,0.013665148
12480,0.01398972
12481,0.026808042
12482,0.06404681
12483,0.06887842
12484,0.4524462
12485,0.40789244
12486,0.07586262
12487,0.63298887
12488,0.42150632
12489,0.49290758
12490,0.071592614
12491,0.007504714
12492,0.038348667
12493,0.03190245
12494,0.035693835
12495,0.04439767
12496,0.04020463
12497,0.034354314
12498,0.05316801
12499,0.44514087
12500,0.21631025
12501,0.40910286
12502,0.03076838
12503,0.07027704
12504,0.07447056
12505,0.07473595
12506,0.084705964
12507,0.042156972
12508,0.02804046
12509,0.0091544865
12510,0.038998842
12511,0.07898461
12512,0.67155564
12513,0.08456465
12514,0.5624755
12515,0.3848046
12516,0.389155
12517,0.23171775
12518,0.06267076
12519,0.040168244
12520,0.021155374
12521,0.01149823
12522,0.037632253
12523,0.030184072
12524,0.07509314
12525,0.07485121
12526,0.062518805
12527,0.39602125
12528,0.026698897
12529,0.056699935
12530,0.38213652
12531,0.03772063
12532,0.01064715
12533,0.010648014
12534,0.010510221
12535,0.07108215
12536,0.07550901
12537,0.029670529
12538,0.22062168
12539,0.22652876
12540,0.058281273
12541,0.06856889
12542,0.029721182
12543,0.0653531
12544,0.059479203
12545,0.03651012
12546,0.07468598
12547,0.06866403
12548,0.039024778
12549,0.026163584
12550,0.009868374
12551,0.2173027
12552,0.013980198
12553,0.06478608
12554,0.038270447
12555,0.03197195
12556,0.074573204
12557,0.0327856
12558,0.040117424
12559,0.009384108
12560,0.038562275
12561,0.23143095
12562,0.40094492
12563,0.44993877
12564,0.06928082
12565,0.0174581
12566,0.026175411
12567,0.046562042
12568,0.054772675
12569,0.078786835
12570,0.030544953
12571,0.014059128
12572,0.030220572
12573,0.018171733
12574,0.01109083
12575,0.05780356
12576,0.06408645
12577,0.373585
12578,0.013590323
12579,0.015722433
12580,0.031115487
12581,0.056609455
12582,0.06427523
12583,0.4281533
12584,0.07130956
12585,0.012353791
12586,0.07545035
12587,0.035807688
12588,0.013871947
12589,0.057340268
12590,0.07491017
12591,0.045990027
12592,0.011503743
12593,0.010395195
12594,0.015654258
12595,0.010188527
12596,0.086008064
12597,0.014311022
12598,0.024982732
12599,0.07694834
12600,0.053513363
12601,0.038845237
12602,0.015810857
12603,0.026815087
12604,0.05222808
12605,0.3461299
12606,0.030563174
12607,0.0056230947
12608,0.016438538
12609,0.028296439
12610,0.03905849
12611,0.052345913
12612,0.08040639
12613,0.053856887
12614,0.23645699
12615,0.06621807
12616,0.029648978
12617,0.013915688
12618,0.04289601
12619,0.04395211
12620,0.0274576
12621,0.24241288
12622,0.01664396
12623,0.07121903
12624,0.016500391
12625,0.061817057
12626,0.043282207
12627,0.009313327
12628,0.010510221
12629,0.41921166
12630,0.6406803
12631,0.06963341
12632,0.06503337
12633,0.063130684
12634,0.04354335
12635,0.04059723
12636,0.22383995
12637,0.061371885
12638,0.06930716
12639,0.6989291
12640,0.016791057
12641,0.059745915
12642,0.019266566
12643,0.060699746
12644,0.059949618
12645,0.016053991
12646,0.07900645
12647,0.5129177
12648,0.057244316
12649,0.0793761
12650,0.024889462
12651,0.057184175
12652,0.009511056
12653,0.020097123
12654,0.05988801
12655,0.027476694
12656,0.007307102
12657,0.023072258
12658,0.00602605
12659,0.04708285
12660,0.05163341
12661,0.017166557
12662,0.05024586
12663,0.015787454
12664,0.07386998
12665,0.039555073
12666,0.014058989
12667,0.03260556
12668,0.06143651
12669,0.06988856
12670,0.019051127
12671,0.050773468
12672,0.58149034
12673,0.053566165
12674,0.067664035
12675,0.04367578
12676,0.035982843
12677,0.042561725
12678,0.04327453
12679,0.012621076
12680,0.015690478
12681,0.24857667
12682,0.025974587
12683,0.0061319475
12684,0.0077528358
12685,0.014487185
12686,0.043652408
12687,0.06793826
12688,0.009822193
12689,0.071798645
12690,0.0394171
12691,0.025234437
12692,0.042893324
12693,0.38597548
12694,0.027194532
12695,0.017842155
12696,0.018339567
12697,0.04011993
12698,0.030921066
12699,0.079021044
12700,0.053201474
12701,0.013092694
12702,0.014634809
12703,0.0141958045
12704,0.05315291
12705,0.22682264
12706,0.06428607
12707,0.056994908
12708,0.05347041
12709,0.026557386
12710,0.046554364
12711,0.015665654
12712,0.195268
12713,0.2360357
12714,0.07478385
12715,0.0071036518
12716,0.00988402
12717,0.011147028
12718,0.031496003
12719,0.014018063
12720,0.010199162
12721,0.01536968
12722,0.011149318
12723,0.017777195
12724,0.009085742
12725,0.014594064
12726,0.01446322
12727,0.009338564
12728,0.022153478
12729,0.050296962
12730,0.043832786
12731,0.073247835
12732,0.0059723663
12733,0.012401627
12734,0.009605991
12735,0.07863143
12736,0.07526475
12737,0.009961568
12738,0.017768119
12739,0.010101831
12740,0.023003189
12741,0.011229662
12742,0.009924709
12743,0.015851308
12744,0.017585924
12745,0.008151394
12746,0.013869937
12747,0.030765882
12748,0.0063907458
12749,0.00903423
12750,0.008697924
12751,0.052825265
12752,0.026540456
12753,0.040191237
12754,0.04194732
12755,0.013998881
12756,0.01223442
12757,0.009408713
12758,0.06974657
12759,0.025833802
12760,0.04250605
12761,0.009853631
12762,0.0048810258
12763,0.010728865
12764,0.030287284
12765,0.011123373
12766,0.015019611
12767,0.0626327
12768,0.013343675
12769,0.011703721
12770,0.07809581
12771,0.051387098
12772,0.053216957
12773,0.05413911
12774,0.062579885
12775,0.020209031
12776,0.010465131
12777,0.006437364
12778,0.061659575
12779,0.013865107
12780,0.068406925
12781,0.008530613
12782,0.07500154
12783,0.016248902
12784,0.025769258
12785,0.031257115
12786,0.031199614
12787,0.027200708
12788,0.026687378
12789,0.010791171
12790,0.01114643
12791,0.031354923
12792,0.010189537
12793,0.06064997
12794,0.051451385
12795,0.031096399
12796,0.07184721
12797,0.016672427
12798,0.023539778
12799,0.0058043026
12800,0.010441896
12801,0.0148947565
12802,0.04388205
12803,0.017197095
12804,0.014157676
12805,0.025418852
12806,0.014230431
12807,0.03238237
12808,0.010812495
12809,0.029977335
12810,0.0667562
12811,0.075283274
12812,0.016656647
12813,0.06509699
12814,0.03625118
12815,0.052574415
12816,0.042825982
12817,0.053966396
12818,0.033560324
12819,0.038945623
12820,0.04422653
12821,0.03912679
12822,0.04100853
12823,0.0713066
12824,0.043080542
12825,0.03837098
12826,0.06411096
12827,0.042976346
12828,0.063870355
12829,0.044352446
12830,0.3914435
12831,0.40250477
12832,0.045478065
12833,0.014279522
12834,0.24368238
12835,0.06423634
12836,0.42378074
12837,0.06922896
12838,0.07912901
12839,0.06935652
12840,0.039136793
12841,0.06415708
12842,0.03244848
12843,0.51363784
12844,0.07191813
12845,0.044020068
12846,0.22455177
12847,0.056473553
12848,0.029559458
12849,0.0429407
12850,0.035836305
12851,0.015957043
12852,0.013633078
12853,0.039861117
12854,0.0775162
12855,0.07236601
12856,0.43669197
12857,0.4546963
12858,0.04442958
12859,0.02768652
12860,0.22820555
12861,0.07668862
12862,0.019254975
12863,0.05255231
12864,0.04097262
12865,0.05600624
12866,0.066872865
12867,0.44171038
12868,0.07573871
12869,0.23004642
12870,0.44893152
12871,0.07897187
12872,0.5113729
12873,0.016088553
12874,0.054291695
12875,0.25008047
12876,0.05069711
12877,0.04697007
12878,0.035555355
12879,0.058968477
12880,0.0274407
12881,0.07005609
12882,0.07440619
12883,0.068206795
12884,0.033422064
12885,0.038626637
12886,0.061914098
12887,0.24716708
12888,0.043566734
12889,0.0314823
12890,0.05241291
12891,0.0544252
12892,0.061972074
12893,0.040652595
12894,0.04142462
12895,0.069665425
12896,0.026758341
12897,0.053653404
12898,0.078352936
12899,0.05384716
12900,0.10051558
12901,0.052834235
12902,0.038974382
12903,0.023795813
12904,0.014088373
12905,0.014527279
12906,0.46848613
12907,0.0757682
12908,0.06413953
12909,0.45458946
12910,0.4969091
12911,0.06275762
12912,0.05018691
12913,0.01774668
12914,0.021163763
12915,0.01429521
12916,0.00789023
12917,0.03729668
12918,0.052552752
12919,0.011632271
12920,0.06071714
12921,0.05904344
12922,0.0696623
12923,0.24840425
12924,0.4427352
12925,0.019966964
12926,0.0431937
12927,0.010747545
12928,0.009530789
12929,0.025684446
12930,0.03674705
12931,0.23910324
12932,0.01791283
12933,0.042450424
12934,0.010667787
12935,0.010955973
12936,0.058142025
12937,0.07319358
12938,0.4371972
12939,0.053430773
12940,0.064553626
12941,0.01861079
12942,0.020267822
12943,0.04095201
12944,0.052526817
12945,0.01072514
12946,0.029261395
12947,0.011623223
12948,0.0762515
12949,0.08538651
12950,0.06765391
12951,0.06968284
12952,0.05350615
12953,0.03693307
12954,0.032154694
12955,0.030955896
12956,0.036464065
12957,0.06454948
12958,0.05153216
12959,0.21915804
12960,0.013541548
12961,0.036616538
12962,0.027183387
12963,0.016851652
12964,0.014810385
12965,0.023937814
12966,0.039947562
12967,0.023498386
12968,0.05823246
12969,0.08179348
12970,0.24876204
12971,0.041987088
12972,0.038726717
12973,0.037715636
12974,0.06808092
12975,0.05849122
12976,0.0142273735
12977,0.05219426
12978,0.03118574
12979,0.07059723
12980,0.026976323
12981,0.024073806
12982,0.031959854
12983,0.006831211
12984,0.05305238
12985,0.053421438
12986,0.22652996
12987,0.21696624
12988,0.22179139
12989,0.052896585
12990,0.038955342
12991,0.016593743
12992,0.05080845
12993,0.043077044
12994,0.01163671
12995,0.078102425
12996,0.044224784
12997,0.5177527
12998,0.071109176
12999,0.071966134
13000,0.048726585
13001,0.04661104
13002,0.018408274
13003,0.0163095
13004,0.053431366
13005,0.027306704
13006,0.017002339
13007,0.016795348
13008,0.06252511
13009,0.042086292
13010,0.058893558
13011,0.052799206
13012,0.071122184
13013,0.22728018
13014,0.38634643
13015,0.054069463
13016,0.02225426
13017,0.06332885
13018,0.014921783
13019,0.039319173
13020,0.026006123
13021,0.009601786
13022,0.06396286
13023,0.05155635
13024,0.07621775
13025,0.039329067
13026,0.06844003
13027,0.038313873
13028,0.051732965
13029,0.03623633
13030,0.0164995
13031,0.017356811
13032,0.07788435
13033,0.01007965
13034,0.03157306
13035,0.0568174
13036,0.032473832
13037,0.01164035
13038,0.010106881
13039,0.022520604
13040,0.03484173
13041,0.052039687
13042,0.057806388
13043,0.07574319
13044,0.064812854
13045,0.23351307
13046,0.22245507
13047,0.07422496
13048,0.011598664
13049,0.0634543
13050,0.04848506
13051,0.010137484
13052,0.040462747
13053,0.06348684
13054,0.03264294
13055,0.019684173
13056,0.04310121
13057,0.036788203
13058,0.012370169
13059,0.04776686
13060,0.063941754
13061,0.0323302
13062,0.02219828
13063,0.032011136
13064,0.05702906
13065,0.013279635
13066,0.036137503
13067,0.07168054
13068,0.0523619
13069,0.225417
13070,0.27285242
13071,0.06525392
13072,0.06914926
13073,0.053360853
13074,0.059907924
13075,0.057681415
13076,0.06419162
13077,0.04776204
13078,0.010563361
13079,0.01861079
13080,0.41042843
13081,0.058135133
13082,0.06339058
13083,0.052069705
13084,0.06039521
13085,0.016823135
13086,0.02682884
13087,0.017632164
13088,0.019292401
13089,0.037715025
13090,0.07994025
13091,0.05445926
13092,0.042215418
13093,0.06906299
13094,0.5449297
13095,0.064838625
13096,0.01448858
13097,0.21685971
13098,0.051105577
13099,0.24063668
13100,0.08635892
13101,0.054387562
13102,0.019053297
13103,0.04305289
13104,0.069338046
13105,0.0788097
13106,0.03921851
13107,0.07831828
13108,0.063543916
13109,0.057351243
13110,0.014761281
13111,0.019335045
13112,0.04664807
13113,0.05400428
13114,0.015036904
13115,0.07492006
13116,0.0796171
13117,0.074332535
13118,0.0609626
13119,0.03123415
13120,0.06942146
13121,0.06996394
13122,0.2387868
13123,0.050011504
13124,0.010167683
13125,0.04516874
13126,0.020196594
13127,0.05478295
13128,0.5279766
13129,0.038933143
13130,0.06424205
13131,0.43551743
13132,0.07217756
13133,0.012716286
13134,0.038640924
13135,0.0485739
13136,0.21816592
13137,0.23501538
13138,0.059956007
13139,0.06253102
13140,0.08093006
13141,0.07811257
13142,0.078740865
13143,0.0844603
13144,0.43105006
13145,0.06294062
13146,0.018408274
13147,0.043347847
13148,0.06469834
13149,0.048893306
13150,0.24249205
13151,0.6318804
13152,0.0068832017
13153,0.04048243
13154,0.37564108
13155,0.014221964
13156,0.0428127
13157,0.24275771
13158,0.019089328
13159,0.044283677
13160,0.058158934
13161,0.016191471
13162,0.039552335
13163,0.006235605
13164,0.41051552
13165,0.039242238
13166,0.059912007
13167,0.23208407
13168,0.0775472
13169,0.23821537
13170,0.405286
13171,0.38865805
13172,0.2368498
13173,0.069205135
13174,0.07557752
13175,0.6762185
13176,0.5037419
13177,0.50542116
13178,0.023441464
13179,0.22547697
13180,0.053511422
13181,0.019319553
13182,0.050161
13183,0.00874804
13184,0.010967751
13185,0.03196705
13186,0.050340295
13187,0.06421031
13188,0.06385695
13189,0.06921493
13190,0.063344456
13191,0.23054554
13192,0.06886486
13193,0.027614983
13194,0.07013606
13195,0.23449084
13196,0.05204201
13197,0.49446833
13198,0.5236682
13199,0.65430135
13200,0.0066159773
13201,0.027318805
13202,0.016335428
13203,0.063099384
13204,0.51408076
13205,0.060655322
13206,0.053374566
13207,0.009732578
13208,0.050526787
13209,0.053944133
13210,0.043927014
13211,0.011380563
13212,0.37309596
13213,0.016452273
13214,0.029377786
13215,0.06944378
13216,0.069003575
13217,0.043353144
13218,0.04316262
13219,0.22605377
13220,0.40470117
13221,0.025830239
13222,0.2236414
13223,0.0694695
13224,0.06939332
13225,0.6143146
13226,0.5941941
13227,0.5443826
13228,0.01402294
13229,0.053335026
13230,0.026054552
13231,0.009589227
13232,0.38017264
13233,0.06452584
13234,0.23546256
13235,0.039268974
13236,0.06353263
13237,0.01729724
13238,0.06484229
13239,0.068640284
13240,0.07760463
13241,0.071453184
13242,0.4488832
13243,0.24597658
13244,0.2240137
13245,0.07822908
13246,0.062188853
13247,0.052025992
13248,0.0685759
13249,0.03966441
13250,0.030708069
13251,0.02237344
13252,0.07515529
13253,0.07875401
13254,0.053822074
13255,0.07161947
13256,0.024246983
13257,0.52918714
13258,0.6495194
13259,0.52344537
13260,0.076519065
13261,0.042973284
13262,0.22723936
13263,0.24841008
13264,0.026866427
13265,0.017218329
13266,0.015736457
13267,0.03368662
13268,0.06442604
13269,0.043233175
13270,0.4104642
13271,0.5782325
13272,0.05821623
13273,0.06770245
13274,0.06388303
13275,0.080346234
13276,0.057402886
13277,0.39853004
13278,0.069321856
13279,0.03470598
13280,0.06482307
13281,0.06833059
13282,0.07027957
13283,0.042248346
13284,0.021632
13285,0.520891
13286,0.38603365
13287,0.084967315
13288,0.05908942
13289,0.07102886
13290,0.0574114
13291,0.23861651
13292,0.030404363
13293,0.039738424
13294,0.039820414
13295,0.015816135
13296,0.016755868
13297,0.039026916
13298,0.03928028
13299,0.23525645
13300,0.67729855
13301,0.24279352
13302,0.23771136
13303,0.07101202
13304,0.07618361
13305,0.07731427
13306,0.47038946
13307,0.05220235
13308,0.029616784
13309,0.036348682
13310,0.031907704
13311,0.078896396
13312,0.07058931
13313,0.2235444
13314,0.26018655
13315,0.24076462
13316,0.23134652
13317,0.5312616
13318,0.22627616
13319,0.016606126
13320,0.2221899
13321,0.23697281
13322,0.019003041
13323,0.05012583
13324,0.08803219
13325,0.054288674
13326,0.034650728
13327,0.03470422
13328,0.041227996
13329,0.22269757
13330,0.43339145
13331,0.24371858
13332,0.5229445
13333,0.24603273
13334,0.079311766
13335,0.22592866
13336,0.24279866
13337,0.014210488
13338,0.026695631
13339,0.082297646
13340,0.20768917
13341,0.04375004
13342,0.47687134
13343,0.24453264
13344,0.050848532
13345,0.50068825
13346,0.3763994
13347,0.06402985
13348,0.06839559
13349,0.06324133
13350,0.043446023
13351,0.010926242
13352,0.009438663
13353,0.013931894
13354,0.027978018
13355,0.05047011
13356,0.0653164
13357,0.06427074
13358,0.07730137
13359,0.38174456
13360,0.6795947
13361,0.43538058
13362,0.40079924
13363,0.5113651
13364,0.063902386
13365,0.05746254
13366,0.06037145
13367,0.078815795
13368,0.07848554
13369,0.053707253
13370,0.026252959
13371,0.053372342
13372,0.07488264
13373,0.0054934747
13374,0.040642638
13375,0.06869403
13376,0.019616194
13377,0.038047854
13378,0.01799923
13379,0.019451823
13380,0.005958793
13381,0.011364584
13382,0.03159896
13383,0.05776664
13384,0.050196942
13385,0.05923024
13386,0.22931099
13387,0.22607026
13388,0.37607673
13389,0.7047922
13390,0.57222694
13391,0.39929387
13392,0.0695809
13393,0.042017095
13394,0.018510789
13395,0.044150993
13396,0.06920395
13397,0.014447984
13398,0.03202719
13399,0.5555758
13400,0.04326466
13401,0.015974844
13402,0.053061783
13403,0.043075074
13404,0.2188115
13405,0.03855268
13406,0.043432012
13407,0.04167899
13408,0.013104401
13409,0.013922593
13410,0.02685456
13411,0.063872956
13412,0.06939332
13413,0.4690263
13414,0.39675984
13415,0.07857843
13416,0.19082014
13417,0.37459308
13418,0.5081915
13419,0.22311738
13420,0.03893605
13421,0.032006167
13422,0.035214737
13423,0.042924844
13424,0.04014449
13425,0.03506698
13426,0.05303003
13427,0.42678788
13428,0.21792749
13429,0.40126193
13430,0.030129803
13431,0.069660075
13432,0.07709011
13433,0.073463775
13434,0.08775015
13435,0.041869633
13436,0.029850757
13437,0.009429256
13438,0.039282978
13439,0.07522101
13440,0.5371466
13441,0.4035388
13442,0.5052396
13443,0.360338
13444,0.2492324
13445,0.23447499
13446,0.063962124
13447,0.04030909
13448,0.011272896
13449,0.0379077
13450,0.030750014
13451,0.07518308
13452,0.075203545
13453,0.06323845
13454,0.2388974
13455,0.027570292
13456,0.05686528
13457,0.0107112825
13458,0.23942435
13459,0.039319173
13460,0.011198079
13461,0.06926669
13462,0.22624856
13463,0.029953264
13464,0.0058790217
13465,0.071172744
13466,0.067994066
13467,0.058198284
13468,0.06653697
13469,0.030377218
13470,0.064883485
13471,0.058460858
13472,0.034430426
13473,0.074343115
13474,0.07137895
13475,0.03969616
13476,0.009822312
13477,0.40655088
13478,0.010973361
13479,0.013544114
13480,0.06568911
13481,0.039121687
13482,0.032000605
13483,0.07691464
13484,0.03336826
13485,0.040308494
13486,0.009262567
13487,0.038740844
13488,0.072975546
13489,0.43017408
13490,0.44830486
13491,0.06950724
13492,0.01143841
13493,0.017209334
13494,0.02744693
13495,0.046768427
13496,0.054199956
13497,0.0801165
13498,0.013289744
13499,0.030630901
13500,0.013864735
13501,0.03068994
13502,0.016873581
13503,0.011349687
13504,0.057741005
13505,0.06422752
13506,0.41132507
13507,0.013339103
13508,0.015989274
13509,0.03179846
13510,0.05673445
13511,0.06432485
13512,0.49414667
13513,0.06948923
13514,0.011655161
13515,0.0796604
13516,0.03543399
13517,0.057279106
13518,0.07688038
13519,0.047583193
13520,0.010594719
13521,0.016528828
13522,0.010441513
13523,0.08374283
13524,0.030904213
13525,0.014168397
13526,0.025158077
13527,0.07916704
13528,0.05332356
13529,0.037402995
13530,0.016189467
13531,0.02749267
13532,0.0529003
13533,0.3855769
13534,0.030853504
13535,0.017084671
13536,0.029498987
13537,0.039287787
13538,0.052483726
13539,0.076106995
13540,0.052421354
13541,0.07906487
13542,0.065235384
13543,0.029840672
13544,0.013983197
13545,0.04514913
13546,0.04421369
13547,0.027579924
13548,0.23983613
13549,0.07025522
13550,0.017017461
13551,0.063152194
13552,0.043379202
13553,0.009473099
13554,0.010698108
13555,0.42056212
13556,0.6786283
13557,0.07177817
13558,0.06410522
13559,0.013688098
13560,0.06463165
13561,0.043458756
13562,0.041062552
13563,0.21839428
13564,0.06326551
13565,0.06905102
13566,0.6694408
13567,0.016928406
13568,0.059361756
13569,0.015040304
13570,0.061725102
13571,0.059431914
13572,0.01626261
13573,0.035907228
13574,0.077955574
13575,0.49792665
13576,0.05810603
13577,0.227493
13578,0.025105694
13579,0.016647438
13580,0.05910992
13581,0.020016959
13582,0.060384247
13583,0.028178323
13584,0.023474963
13585,0.04770544
13586,0.050917134
13587,0.025889864
13588,0.017072897
13589,0.050936807
13590,0.015915474
13591,0.07387905
13592,0.039506517
13593,0.014271936
13594,0.031737663
13595,0.06319533
13596,0.068788186
13597,0.020389754
13598,0.05008651
13599,0.5690206
13600,0.053869724
13601,0.22218238
13602,0.035795692
13603,0.04219351
13604,0.04295984
13605,0.41280872
13606,0.025957197
13607,0.014643145
13608,0.008493902
13609,0.014556456
13610,0.04329198
13611,0.06853592
13612,0.01799923
13613,0.06928061
13614,0.040351357
13615,0.025320029
13616,0.043551542
13617,0.3766108
13618,0.027287891
13619,0.018663792
13620,0.008929646
13621,0.018588267
13622,0.04088414
13623,0.030708
13624,0.0797523
13625,0.053919468
13626,0.014090175
13627,0.01413347
13628,0.014779703
13629,0.05422273
13630,0.07705101
13631,0.064491
13632,0.05983466
13633,0.05221334
13634,0.026557196
13635,0.0464754
13636,0.015703028
13637,0.19250444
13638,0.23772751
13639,0.075266615
13640,0.031432915
13641,0.014286853
13642,0.011300502
13643,0.015009866
13644,0.011462176
13645,0.017454624
13646,0.008902518
13647,0.014395977
13648,0.014814471
13649,0.022018936
13650,0.05099558
13651,0.044191618
13652,0.073367715
13653,0.012599485
13654,0.22957909
13655,0.009596998
13656,0.24535467
13657,0.011151586
13658,0.017535158
13659,0.02485901
13660,0.011648864
13661,0.010447305
13662,0.01585199
13663,0.017369963
13664,0.013830157
13665,0.030876592
13666,0.01394314
13667,0.010023824
13668,0.05251976
13669,0.027660418
13670,0.040693592
13671,0.04185086
13672,0.014617761
13673,0.01217777
13674,0.013674482
13675,0.06949051
13676,0.026217658
13677,0.04361409
13678,0.009231429
13679,0.0061578634
13680,0.010837481
13681,0.005706122
13682,0.03166488
13683,0.014680371
13684,0.06297018
13685,0.013947784
13686,0.08371553
13687,0.053052895
13688,0.054276586
13689,0.05346988
13690,0.013561612
13691,0.063541435
13692,0.020093525
13693,0.01092007
13694,0.062346444
13695,0.014765112
13696,0.069600835
13697,0.07619405
13698,0.01635177
13699,0.03202719
13700,0.03207457
13701,0.027211055
13702,0.011088798
13703,0.011319507
13704,0.007777466
13705,0.010118323
13706,0.031903766
13707,0.010436865
13708,0.06095256
13709,0.049483597
13710,0.031585258
13711,0.078054905
13712,0.018903464
13713,0.016596332
13714,0.023490313
13715,0.030261815
13716,0.0065317918
13717,0.014590507
13718,0.04339535
13719,0.01747119
13720,0.013684082
13721,0.025348429
13722,0.014278985
13723,0.03210454
13724,0.010907394
13725,0.014844464
13726,0.030007927
13727,0.068259574
13728,0.07595414
13729,0.016969359
13730,0.06444629
13731,0.018583661
13732,0.03707466
13733,0.054074887
13734,0.04388831
13735,0.056020167
13736,0.037719794
13737,0.04533532
13738,0.052091297
13739,0.0388987
13740,0.04113472
13741,0.079319455
13742,0.044121858
13743,0.037829284
13744,0.027334237
13745,0.038520385
13746,0.07199734
13747,0.044143975
13748,0.06740546
13749,0.044232436
13750,0.09289951
13751,0.39355272
13752,0.018702295
13753,0.0133527005
13754,0.2619835
13755,0.06707069
13756,0.10641665
13757,0.075959
13758,0.09359345
13759,0.016580436
13760,0.013680705
13761,0.07709106
13762,0.03310556
13763,0.6126049
13764,0.077899046
13765,0.043774683
13766,0.23920907
13767,0.058539297
13768,0.029507425
13769,0.021116093
13770,0.04521437
13771,0.036805276
13772,0.014864846
13773,0.013717582
13774,0.0419199
13775,0.08660535
13776,0.08953029
13777,0.5111477
13778,0.55859345
13779,0.04407718
13780,0.090700336
13781,0.24590473
13782,0.019372756
13783,0.054802272
13784,0.04143123
13785,0.059087295
13786,0.071337685
13787,0.43423185
13788,0.08866391
13789,0.4109913
13790,0.5088832
13791,0.021582482
13792,0.44677782
13793,0.05332219
13794,0.26459742
13795,0.05065524
13796,0.047747027
13797,0.03589899
13798,0.06213267
13799,0.027171168
13800,0.07412349
13801,0.086410224
13802,0.07373464
13803,0.03951144
13804,0.06414799
13805,0.27327883
13806,0.04464524
13807,0.031708915
13808,0.053311408
13809,0.05654117
13810,0.06762489
13811,0.032347716
13812,0.040193442
13813,0.04305762
13814,0.07549507
13815,0.027129428
13816,0.055537257
13817,0.110365026
13818,0.26408836
13819,0.022231886
13820,0.03866878
13821,0.022960098
13822,0.5065642
13823,0.08857338
13824,0.066830814
13825,0.27027428
13826,0.26646775
13827,0.063937135
13828,0.050295837
13829,0.016815683
13830,0.020980569
13831,0.0074074813
13832,0.038050078
13833,0.009321188
13834,0.05332684
13835,0.06602518
13836,0.06088034
13837,0.075932406
13838,0.10345205
13839,0.5226843
13840,0.016368873
13841,0.019272532
13842,0.044143975
13843,0.010784255
13844,0.008587775
13845,0.03174824
13846,0.02591219
13847,0.036829744
13848,0.36311665
13849,0.017770205
13850,0.042967517
13851,0.058528066
13852,0.086559124
13853,0.48170933
13854,0.007602109
13855,0.05435688
13856,0.06785135
13857,0.019837167
13858,0.04082964
13859,0.054852925
13860,0.010197692
13861,0.016246816
13862,0.028353939
13863,0.0845593
13864,0.10222096
13865,0.0754221
13866,0.07585286
13867,0.055511065
13868,0.011221027
13869,0.03693112
13870,0.030815218
13871,0.031037882
13872,0.03591803
13873,0.067643374
13874,0.052676484
13875,0.2169369
13876,0.012532701
13877,0.037784487
13878,0.028039305
13879,0.016727889
13880,0.013989125
13881,0.023048311
13882,0.040213946
13883,0.052824024
13884,0.02259445
13885,0.059488907
13886,0.2740841
13887,0.27430075
13888,0.04242788
13889,0.03916382
13890,0.03697275
13891,0.07597975
13892,0.06003789
13893,0.014237035
13894,0.05398459
13895,0.032009516
13896,0.09411337
13897,0.026882015
13898,0.022653986
13899,0.030910434
13900,0.0060846326
13901,0.055194728
13902,0.055049896
13903,0.23453799
13904,0.22311233
13905,0.2302773
13906,0.055257484
13907,0.038989663
13908,0.01653535
13909,0.051874667
13910,0.043180805
13911,0.010273905
13912,0.09078999
13913,0.044147406
13914,0.6088732
13915,0.079987764
13916,0.07948115
13917,0.049003124
13918,0.047473177
13919,0.017603524
13920,0.015671654
13921,0.011582821
13922,0.055778284
13923,0.027872713
13924,0.01679308
13925,0.016710453
13926,0.06490685
13927,0.04295158
13928,0.060872026
13929,0.054961618
13930,0.07859941
13931,0.23580489
13932,0.14742668
13933,0.05686692
13934,0.021042585
13935,0.066070646
13936,0.015092228
13937,0.040269718
13938,0.006812203
13939,0.026124973
13940,0.065792605
13941,0.053291142
13942,0.088897735
13943,0.03866079
13944,0.07742703
13945,0.038178097
13946,0.05384555
13947,0.035886828
13948,0.016234184
13949,0.016226865
13950,0.089348584
13951,0.03187405
13952,0.057760537
13953,0.032299094
13954,0.009068914
13955,0.021881731
13956,0.03582248
13957,0.053046383
13958,0.05845837
13959,0.089908436
13960,0.06614526
13961,0.24630114
13962,0.231326
13963,0.088425174
13964,0.01110984
13965,0.065976664
13966,0.049493257
13967,0.009218821
13968,0.042225406
13969,0.06459298
13970,0.032185867
13971,0.018205194
13972,0.045079187
13973,0.03884676
13974,0.04926867
13975,0.06312579
13976,0.032835368
13977,0.053658407
13978,0.022592675
13979,0.031802274
13980,0.014179227
13981,0.05802544
13982,0.013359354
13983,0.036907446
13984,0.07981137
13985,0.05322937
13986,0.08779749
13987,0.30118015
13988,0.06744225
13989,0.07933527
13990,0.054147292
13991,0.061365716
13992,0.0592343
13993,0.06585837
13994,0.049567174
13995,0.009493365
13996,0.017906507
13997,0.26299158
13998,0.058915302
13999,0.06604427
14000,0.054701064
14001,0.061500553
14002,0.017863724
14003,0.018902238
14004,0.03871635
14005,0.10540893
14006,0.056091294
14007,0.042445116
14008,0.07499956
14009,0.62630516
14010,0.06692232
14011,0.012533677
14012,0.222763
14013,0.05458151
14014,0.2595346
14015,0.10581451
14016,0.057091363
14017,0.044211764
14018,0.07634381
14019,0.09008422
14020,0.039651558
14021,0.10206763
14022,0.06614425
14023,0.056077387
14024,0.014634339
14025,0.017595615
14026,0.046504874
14027,0.055168834
14028,0.013078658
14029,0.0893679
14030,0.091994084
14031,0.09157356
14032,0.06286408
14033,0.032174602
14034,0.07819429
14035,0.23181656
14036,0.2617928
14037,0.05064138
14038,0.010020434
14039,0.045803722
14040,0.020505713
14041,0.009140783
14042,0.056466024
14043,0.6177828
14044,0.03697275
14045,0.07669485
14046,0.4998933
14047,0.23309706
14048,0.012426684
14049,0.016557818
14050,0.03952205
14051,0.048597112
14052,0.22677328
14053,0.25062314
14054,0.060790744
14055,0.06523648
14056,0.089742504
14057,0.09303551
14058,0.09039953
14059,0.11665491
14060,0.3860436
14061,0.056514155
14062,0.044675883
14063,0.06734914
14064,0.04817016
14065,0.26871958
14066,0.68500733
14067,0.0062863994
14068,0.0412165
14069,0.37958947
14070,0.012561486
14071,0.04389097
14072,0.27170914
14073,0.043562178
14074,0.05967717
14075,0.015442581
14076,0.038651425
14077,0.40337622
14078,0.03963889
14079,0.06270983
14080,0.24147859
14081,0.23580489
14082,0.271294
14083,0.41720352
14084,0.41287354
14085,0.027763516
14086,0.404388
14087,0.225141
14088,0.23247924
14089,0.645702
14090,0.42428866
14091,0.42248553
14092,0.02396162
14093,0.23535626
14094,0.05415138
14095,0.026654879
14096,0.010425216
14097,0.04990186
14098,0.008462035
14099,0.009362194
14100,0.032233093
14101,0.05117445
14102,0.06680135
14103,0.06714279
14104,0.0774038
14105,0.06617111
14106,0.23837315
14107,0.07486201
14108,0.026464233
14109,0.08170852
14110,0.2452238
14111,0.015509117
14112,0.052888192
14113,0.77464896
14114,0.6842456
14115,0.6764645
14116,0.0062938337
14117,0.027178885
14118,0.016356632
14119,0.06700957
14120,0.5103571
14121,0.0652869
14122,0.054251146
14123,0.009352723
14124,0.05228544
14125,0.055870626
14126,0.044403512
14127,0.011143989
14128,0.42313978
14129,0.015517681
14130,0.029773535
14131,0.07671148
14132,0.07891298
14133,0.04416255
14134,0.04465374
14135,0.2336244
14136,0.21821292
14137,0.025295354
14138,0.087508164
14139,0.07600349
14140,0.07787952
14141,0.7940708
14142,0.77479464
14143,0.69665295
14144,0.012647565
14145,0.055127144
14146,0.027235262
14147,0.008443679
14148,0.412824
14149,0.06732176
14150,0.25552556
14151,0.038754854
14152,0.065942906
14153,0.017096523
14154,0.067870736
14155,0.07565874
14156,0.09277619
14157,0.08357039
14158,0.5164411
14159,0.5170719
14160,0.23597932
14161,0.088910155
14162,0.065511994
14163,0.05338595
14164,0.077906616
14165,0.0406654
14166,0.03293894
14167,0.021495376
14168,0.08704505
14169,0.09098613
14170,0.05517177
14171,0.076494485
14172,0.023628265
14173,0.6702289
14174,0.86373216
14175,0.739943
14176,0.087034844
14177,0.04463624
14178,0.088500105
14179,0.3890253
14180,0.025863344
14181,0.015920788
14182,0.0134698395
14183,0.034129776
14184,0.06723122
14185,0.04485351
14186,0.39864093
14187,0.75408584
14188,0.059806883
14189,0.07122447
14190,0.06241534
14191,0.097195715
14192,0.058418654
14193,0.39792538
14194,0.075528376
14195,0.035997126
14196,0.06472809
14197,0.07746583
14198,0.07383553
14199,0.041449085
14200,0.021417651
14201,0.48467967
14202,0.26515204
14203,0.092438
14204,0.061685234
14205,0.07798656
14206,0.06017155
14207,0.27359065
14208,0.030481374
14209,0.040307015
14210,0.040632173
14211,0.015479989
14212,0.016099567
14213,0.040466025
14214,0.0389849
14215,0.37631157
14216,0.6832273
14217,0.26360977
14218,0.26169327
14219,0.07918107
14220,0.089667104
14221,0.23598544
14222,0.51408887
14223,0.05453949
14224,0.028539365
14225,0.037092138
14226,0.033460777
14227,0.23048568
14228,0.23008083
14229,0.08544744
14230,0.50185734
14231,0.263195
14232,0.23356849
14233,0.9309412
14234,0.23688695
14235,0.016806023
14236,0.2324064
14237,0.24277125
14238,0.01823449
14239,0.050456204
14240,0.26783875
14241,0.010005566
14242,0.055056605
14243,0.03575032
14244,0.03528534
14245,0.04009033
14246,0.09155945
14247,0.4168266
14248,0.26189312
14249,0.50396353
14250,0.4347012
14251,0.09018078
14252,0.23587905
14253,0.26097992
14254,0.026502352
14255,0.09508001
14256,0.06058972
14257,0.04476985
14258,0.41851637
14259,0.26694533
14260,0.050840635
14261,0.47447744
14262,0.38555056
14263,0.005920482
14264,0.06478773
14265,0.07598605
14266,0.06598245
14267,0.04501781
14268,0.008446505
14269,0.01308234
14270,0.027782004
14271,0.051656846
14272,0.066815734
14273,0.066823676
14274,0.086377665
14275,0.41882515
14276,0.7386105
14277,0.40674332
14278,0.27038372
14279,0.5261513
14280,0.06818004
14281,0.017484907
14282,0.05933076
14283,0.062360566
14284,0.08733398
14285,0.10347093
14286,0.055851478
14287,0.028183602
14288,0.055405166
14289,0.08656618
14290,0.038759783
14291,0.07656412
14292,0.018255228
14293,0.037298188
14294,0.006206405
14295,0.00974185
14296,0.03138253
14297,0.05863474
14298,0.052180648
14299,0.06183362
14300,0.24155958
14301,0.082985915
14302,0.37031955
14303,0.7464501
14304,0.7008138
14305,0.3816557
14306,0.07637201
14307,0.017173378
14308,0.044121858
14309,0.07795208
14310,0.014742089
14311,0.031449948
14312,0.595741
14313,0.04437305
14314,0.016224993
14315,0.05303941
14316,0.04298205
14317,0.07450542
14318,0.038407817
14319,0.046186
14320,0.014536919
14321,0.041976325
14322,0.0121373115
14323,0.013480512
14324,0.027271925
14325,0.06751745
14326,0.07727623
14327,0.51148957
14328,0.40320057
14329,0.086365834
14330,0.6740695
14331,0.37744555
14332,0.51264256
14333,0.23001172
14334,0.03919446
14335,0.032886885
14336,0.035116788
14337,0.044004872
14338,0.041175965
14339,0.055875517
14340,0.49760994
14341,0.066303745
14342,0.42319342
14343,0.029632268
14344,0.07526207
14345,0.08568178
14346,0.088241816
14347,0.24309577
14348,0.04201523
14349,0.029075893
14350,0.008308356
14351,0.039647914
14352,0.086844705
14353,0.66416013
14354,0.41357303
14355,0.53261024
14356,0.40731898
14357,0.38179445
14358,0.09006687
14359,0.06722582
14360,0.04086054
14361,0.021769622
14362,0.03830441
14363,0.030454384
14364,0.090487406
14365,0.08867939
14366,0.065537155
14367,0.2687404
14368,0.025822043
14369,0.059242427
14370,0.011272378
14371,0.25791964
14372,0.039616216
14373,0.009073499
14374,0.01034124
14375,0.07929859
14376,0.23317339
14377,0.029944882
14378,0.37940672
14379,0.23641102
14380,0.059839603
14381,0.072621085
14382,0.02947131
14383,0.06795947
14384,0.0621435
14385,0.035627194
14386,0.08801698
14387,0.0812693
14388,0.039676808
14389,0.009464651
14390,0.22010934
14391,0.011074344
14392,0.06789547
14393,0.0328183
14394,0.0887227
14395,0.0336948
14396,0.04112621
14397,0.0066992906
14398,0.03994232
14399,0.08711783
14400,0.41761923
14401,0.48874286
14402,0.079775944
14403,0.01677268
14404,0.02751084
14405,0.04800599
14406,0.055596408
14407,0.08838798
14408,0.01372911
14409,0.030899609
14410,0.013655625
14411,0.0312419
14412,0.0107245
14413,0.025713896
14414,0.05975278
14415,0.06604833
14416,0.38052934
14417,0.013700046
14418,0.015542736
14419,0.030762702
14420,0.059049807
14421,0.06811035
14422,0.440752
14423,0.07932061
14424,0.011538161
14425,0.2352364
14426,0.034591593
14427,0.05831287
14428,0.089500666
14429,0.047926232
14430,0.015449543
14431,0.26684058
14432,0.013623928
14433,0.026627569
14434,0.09511323
14435,0.055622306
14436,0.038399696
14437,0.01615292
14438,0.027406259
14439,0.05503677
14440,0.3915544
14441,0.029288603
14442,0.015791163
14443,0.038709532
14444,0.054701064
14445,0.24513619
14446,0.054466702
14447,0.091393076
14448,0.06513686
14449,0.02969447
14450,0.012680109
14451,0.044216152
14452,0.044327307
14453,0.029122354
14454,0.25621304
14455,0.01717961
14456,0.08422025
14457,0.06499655
14458,0.044932038
14459,0.008995695
14460,0.010794837
14461,0.48222256
14462,0.7549052
14463,0.22321123
14464,0.06753425
14465,0.013639802
14466,0.06626106
14467,0.044600807
14468,0.0398825
14469,0.06718605
14470,0.064419925
14471,0.07233734
14472,0.88835585
14473,0.061273582
14474,0.06393645
14475,0.061359514
14476,0.035368513
14477,0.09033309
14478,0.28714177
14479,0.059600677
14480,0.08911626
14481,0.024995603
14482,0.01674439
14483,0.060835343
14484,0.01999284
14485,0.062267657
14486,0.028219579
14487,0.022467215
14488,0.0059070624
14489,0.04825889
14490,0.05298649
14491,0.026743207
14492,0.050175298
14493,0.015206088
14494,0.08818863
14495,0.03956218
14496,0.01378378
14497,0.03304873
14498,0.064915724
14499,0.075537495
14500,0.019846143
14501,0.02346784
14502,0.05141012
14503,0.71033436
14504,0.05414335
14505,0.07385044
14506,0.04437305
14507,0.036688775
14508,0.04145574
14509,0.043575853
14510,0.012176101
14511,0.01602367
14512,0.2748437
14513,0.026236387
14514,0.014227978
14515,0.044233125
14516,0.22197168
14517,0.017668048
14518,0.010148602
14519,0.07921155
14520,0.03981305
14521,0.025003234
14522,0.042993955
14523,0.39884305
14524,0.02746668
14525,0.016870737
14526,0.008716236
14527,0.04109292
14528,0.030814894
14529,0.0906685
14530,0.05370634
14531,0.013844846
14532,0.012957968
14533,0.055315584
14534,0.08760083
14535,0.067248665
14536,0.059729632
14537,0.054746673
14538,0.0264117
14539,0.04788002
14540,0.056578223
14541,0.2555804
14542,0.09293628
14543,0.03141853
14544,0.014417609
14545,0.010998036
14546,0.01510517
14547,0.010341071
14548,0.017173123
14549,0.008891361
14550,0.009917287
14551,0.014861347
14552,0.02299449
14553,0.05265838
14554,0.045212243
14555,0.08037177
14556,0.012724615
14557,0.09048022
14558,0.008070086
14559,0.09993564
14560,0.0092182215
14561,0.017931342
14562,0.024696358
14563,0.011167782
14564,0.00943229
14565,0.016164182
14566,0.017434327
14567,0.007030681
14568,0.014373543
14569,0.011701053
14570,0.012707346
14571,0.014036588
14572,0.05435918
14573,0.004338245
14574,0.027359648
14575,0.041380614
14576,0.04163744
14577,0.019640366
14578,0.008726681
14579,0.07580481
14580,0.026195738
14581,0.04433927
14582,0.010351488
14583,0.03183535
14584,0.010756506
14585,0.01478916
14586,0.06741224
14587,0.010295734
14588,0.10461487
14589,0.054783024
14590,0.055605624
14591,0.055393808
14592,0.06527064
14593,0.019468812
14594,0.009275756
14595,0.06398675
14596,0.013252361
14597,0.075704165
14598,0.008077746
14599,0.08696044
14600,0.025557226
14601,0.03059315
14602,0.03333744
14603,0.027109213
14604,0.026139867
14605,0.012209845
14606,0.010840548
14607,0.010827808
14608,0.031625185
14609,0.009802629
14610,0.010277465
14611,0.06262566
14612,0.053521004
14613,0.030802313
14614,0.09613767
14615,0.013597389
14616,0.01632927
14617,0.021479687
14618,0.029471185
14619,0.005455894
14620,0.014391695
14621,0.04463381
14622,0.017315997
14623,0.013208319
14624,0.025909001
14625,0.014782751
14626,0.032232545
14627,0.009611502
14628,0.030213457
14629,0.0818087
14630,0.0897269
14631,0.06819835
14632,0.017912822
14633,0.020554427
14634,0.055054955
14635,0.032845214
14636,0.04436534
14637,0.055756047
14638,0.039348196
14639,0.045514427
14640,0.04310068
14641,0.21718383
14642,0.046112157
14643,0.039799612
14644,0.032931916
14645,0.06821456
14646,0.04508722
14647,0.068903275
14648,0.044198416
14649,0.23951428
14650,0.38098902
14651,0.01984738
14652,0.045506086
14653,0.24779427
14654,0.06643555
14655,0.0893057
14656,0.21725246
14657,0.08645597
14658,0.059388455
14659,0.018069206
14660,0.008007914
14661,0.041408356
14662,0.065361485
14663,0.5627765
14664,0.22343601
14665,0.04541873
14666,0.37832955
14667,0.059052378
14668,0.013373137
14669,0.030429471
14670,0.022837022
14671,0.045564182
14672,0.037140336
14673,0.014338842
14674,0.041468468
14675,0.08151589
14676,0.082210355
14677,0.459623
14678,0.53333163
14679,0.06631186
14680,0.22808208
14681,0.08276522
14682,0.018995283
14683,0.05479975
14684,0.04179621
14685,0.0598641
14686,0.07109753
14687,0.49498358
14688,0.08073884
14689,0.08323224
14690,0.44456387
14691,0.079852685
14692,0.021785675
14693,0.47688735
14694,0.055579904
14695,0.25088754
14696,0.051391933
14697,0.036119107
14698,0.061258283
14699,0.027339604
14700,0.071648866
14701,0.07958561
14702,0.06973883
14703,0.06488281
14704,0.25032786
14705,0.044967826
14706,0.018953323
14707,0.032578338
14708,0.055604495
14709,0.056399394
14710,0.06748419
14711,0.03240215
14712,0.040431198
14713,0.043179832
14714,0.07117488
14715,0.027358701
14716,0.085244566
14717,0.24753527
14718,0.023950731
14719,0.039260715
14720,0.024031455
14721,0.010760526
14722,0.4250759
14723,0.07996679
14724,0.068240575
14725,0.5157378
14726,0.25328532
14727,0.06482351
14728,0.05307239
14729,0.021666719
14730,0.008122949
14731,0.03919948
14732,0.011338122
14733,0.05420422
14734,0.0653019
14735,0.06209872
14736,0.0721361
14737,0.086529344
14738,0.4434768
14739,0.3715381
14740,0.044637486
14741,0.010120524
14742,0.032090742
14743,0.02595171
14744,0.036946356
14745,0.3695533
14746,0.018220877
14747,0.04343926
14748,0.059132107
14749,0.046034444
14750,0.0752958
14751,0.489907
14752,0.055218253
14753,0.06703151
14754,0.018413426
14755,0.020776682
14756,0.041891832
14757,0.055594698
14758,0.010660936
14759,0.01683098
14760,0.030438438
14761,0.07788073
14762,0.08998185
14763,0.07034353
14764,0.071771935
14765,0.05520893
14766,0.010803542
14767,0.038321856
14768,0.032829434
14769,0.031061474
14770,0.037008386
14771,0.06674149
14772,0.053043455
14773,0.22024655
14774,0.014323102
14775,0.037520133
14776,0.027819384
14777,0.01675164
14778,0.015540193
14779,0.024544762
14780,0.041507013
14781,0.021333642
14782,0.02473343
14783,0.059625424
14784,0.2547172
14785,0.25577116
14786,0.04357848
14787,0.039611556
14788,0.038290467
14789,0.06911567
14790,0.059967276
14791,0.01517123
14792,0.05505759
14793,0.014893787
14794,0.0313046
14795,0.08210423
14796,0.02743465
14797,0.024232352
14798,0.03218645
14799,0.0067797443
14800,0.055349823
14801,0.056165516
14802,0.22786568
14803,0.073713824
14804,0.22330357
14805,0.055750318
14806,0.039970856
14807,0.017323157
14808,0.051988307
14809,0.04503491
14810,0.013281344
14811,0.011592996
14812,0.0781586
14813,0.044526573
14814,0.5147388
14815,0.07270908
14816,0.02135843
14817,0.07316271
14818,0.049268182
14819,0.04769264
14820,0.018857762
14821,0.056321077
14822,0.009596623
14823,0.017360909
14824,0.017558204
14825,0.0653846
14826,0.043121185
14827,0.06129791
14828,0.054401048
14829,0.072974846
14830,0.22854519
14831,0.40757823
14832,0.05698899
14833,0.021922825
14834,0.06533487
14835,0.021827687
14836,0.04025811
14837,0.008452496
14838,0.026999403
14839,0.06651241
14840,0.05357834
14841,0.07995429
14842,0.04152571
14843,0.07189527
14844,0.03928218
14845,0.05448207
14846,0.036408804
14847,0.07885825
14848,0.032395504
14849,0.058761198
14850,0.03247855
14851,0.018390382
14852,0.01144526
14853,0.022699473
14854,0.036569756
14855,0.053724132
14856,0.059440896
14857,0.2233935
14858,0.0668325
14859,0.23755641
14860,0.081005864
14861,0.07790054
14862,0.012802718
14863,0.06659201
14864,0.011929986
14865,0.048526723
14866,0.04231722
14867,0.06635544
14868,0.03361455
14869,0.019956114
14870,0.045116108
14871,0.03899959
14872,0.049787145
14873,0.06706612
14874,0.033023648
14875,0.053755507
14876,0.022407485
14877,0.018120844
14878,0.059306722
14879,0.014164832
14880,0.03751561
14881,0.072373174
14882,0.05405663
14883,0.22992282
14884,0.28060687
14885,0.06704347
14886,0.071640074
14887,0.05516737
14888,0.061487645
14889,0.06006677
14890,0.06663373
14891,0.04969773
14892,0.01866931
14893,0.37805977
14894,0.06035516
14895,0.0663566
14896,0.060391717
14897,0.027078899
14898,0.018817242
14899,0.020019054
14900,0.038865004
14901,0.09184213
14902,0.054673966
14903,0.044104192
14904,0.06986441
14905,0.5331346
14906,0.06620215
14907,0.014078442
14908,0.22336726
14909,0.05278805
14910,0.24007228
14911,0.08978443
14912,0.05757454
14913,0.04457678
14914,0.070158176
14915,0.23053351
14916,0.040691797
14917,0.083511055
14918,0.065466926
14919,0.05936196
14920,0.015667243
14921,0.015189243
14922,0.04832569
14923,0.05625456
14924,0.015021721
14925,0.07849037
14926,0.08153136
14927,0.08020768
14928,0.06332484
14929,0.032915384
14930,0.072705545
14931,0.07095183
14932,0.23813206
14933,0.052413363
14934,0.045585625
14935,0.02074529
14936,0.010250508
14937,0.055924434
14938,0.5145458
14939,0.03860381
14940,0.06802692
14941,0.5177506
14942,0.22753386
14943,0.013211101
14944,0.01726224
14945,0.010630984
14946,0.040763766
14947,0.049425974
14948,0.21968246
14949,0.23771842
14950,0.06206096
14951,0.06508608
14952,0.23164435
14953,0.08290754
14954,0.082790695
14955,0.09313524
14956,0.37616518
14957,0.066298395
14958,0.044618562
14959,0.066706344
14960,0.04965554
14961,0.25313103
14962,0.5566923
14963,0.0068868236
14964,0.042371195
14965,0.36832276
14966,0.014879309
14967,0.0446804
14968,0.24935511
14969,0.015714675
14970,0.012787238
14971,0.044822074
14972,0.060242314
14973,0.01635356
14974,0.041962765
14975,0.38632888
14976,0.040310837
14977,0.061534908
14978,0.2328199
14979,0.08231936
14980,0.25123274
14981,0.41160777
14982,0.40342695
14983,0.027945142
14984,0.24047554
14985,0.073280774
14986,0.07793769
14987,0.5422499
14988,0.25209567
14989,0.25665492
14990,0.024126217
14991,0.22932795
14992,0.05500411
14993,0.018902794
14994,0.009978142
14995,0.05196758
14996,0.009116545
14997,0.010991109
14998,0.034390956
14999,0.052560978
15000,0.06566513
15001,0.06606553
15002,0.07345165
15003,0.06773512
15004,0.22936265
15005,0.071480654
15006,0.027817788
15007,0.07337324
15008,0.23600751
15009,0.017717175
15010,0.054592866
15011,0.5397734
15012,0.6447598
15013,0.54996
15014,0.027318638
15015,0.017027028
15016,0.06591347
15017,0.49181682
15018,0.06551215
15019,0.056343753
15020,0.0099925455
15021,0.00974033
15022,0.05240242
15023,0.055038463
15024,0.04515993
15025,0.011647947
15026,0.41252595
15027,0.016589759
15028,0.030741332
15029,0.07316921
15030,0.071990006
15031,0.044941068
15032,0.044612028
15033,0.2279043
15034,0.22133495
15035,0.027212858
15036,0.2244995
15037,0.07094345
15038,0.071761765
15039,0.57809
15040,0.57085943
15041,0.63738084
15042,0.014767363
15043,0.19769002
15044,0.02711551
15045,0.009306467
15046,0.25069004
15047,0.0681922
15048,0.3891775
15049,0.04020491
15050,0.06578478
15051,0.017863503
15052,0.06705591
15053,0.0713844
15054,0.08209897
15055,0.07824435
15056,0.45402166
15057,0.4172841
15058,0.22505352
15059,0.08158791
15060,0.06529916
15061,0.053451937
15062,0.071640074
15063,0.039957087
15064,0.033284217
15065,0.022374656
15066,0.08052595
15067,0.07943918
15068,0.055238184
15069,0.07055544
15070,0.024031771
15071,0.6364702
15072,0.5377295
15073,0.6425324
15074,0.078888014
15075,0.04513828
15076,0.22761005
15077,0.4149732
15078,0.026833566
15079,0.016603366
15080,0.016156776
15081,0.034636926
15082,0.066496454
15083,0.044884197
15084,0.3749473
15085,0.61507106
15086,0.06134051
15087,0.07107738
15088,0.06635322
15089,0.23149951
15090,0.058680624
15091,0.38371518
15092,0.21909621
15093,0.03837267
15094,0.06638489
15095,0.07062169
15096,0.069956124
15097,0.043121185
15098,0.0223474
15099,0.25916713
15100,0.25477162
15101,0.082766496
15102,0.061669182
15103,0.027213477
15104,0.07330763
15105,0.05965371
15106,0.25365004
15107,0.031988945
15108,0.039396074
15109,0.04147804
15110,0.015512027
15111,0.017885907
15112,0.039611187
15113,0.04052466
15114,0.40305698
15115,0.68812424
15116,0.4113067
15117,0.08354518
15118,0.07382178
15119,0.0880569
15120,0.22876328
15121,0.43706077
15122,0.054421533
15123,0.037809793
15124,0.033444278
15125,0.08254409
15126,0.22895637
15127,0.078574605
15128,0.26332167
15129,0.25007048
15130,0.2310915
15131,0.5516948
15132,0.08196325
15133,0.017416488
15134,0.22446556
15135,0.24120736
15136,0.051462084
15137,0.4637299
15138,0.05529711
15139,0.03583241
15140,0.03591102
15141,0.04225535
15142,0.07945928
15143,0.42791644
15144,0.24618262
15145,0.5213409
15146,0.24874851
15147,0.0844475
15148,0.22776651
15149,0.25419846
15150,0.01368239
15151,0.08377317
15152,0.062846884
15153,0.045130447
15154,0.43012422
15155,0.2456406
15156,0.05240242
15157,0.48417848
15158,0.37370607
15159,0.0073058032
15160,0.065732695
15161,0.07140195
15162,0.06602
15163,0.044628274
15164,0.010983594
15165,0.009453043
15166,0.02803736
15167,0.051963307
15168,0.06594275
15169,0.06593141
15170,0.08163895
15171,0.3989278
15172,0.5997826
15173,0.40547922
15174,0.35775197
15175,0.5368241
15176,0.066001676
15177,0.017654547
15178,0.05996801
15179,0.061760247
15180,0.07960983
15181,0.08544175
15182,0.056387246
15183,0.027348934
15184,0.05501223
15185,0.23152457
15186,0.04304584
15187,0.07184053
15188,0.020059196
15189,0.015002624
15190,0.038555786
15191,0.018200457
15192,0.019753957
15193,0.011700784
15194,0.03391521
15195,0.060967613
15196,0.052322555
15197,0.06164874
15198,0.23250635
15199,0.078065634
15200,0.3811307
15201,0.6206571
15202,0.62642264
15203,0.25688162
15204,0.07390359
15205,0.043355938
15206,0.017456964
15207,0.04590094
15208,0.07291302
15209,0.015055413
15210,0.03220918
15211,0.57109755
15212,0.04559559
15213,0.016600272
15214,0.19696833
15215,0.045560326
15216,0.070758216
15217,0.03956182
15218,0.043830644
15219,0.016554814
15220,0.044067223
15221,0.013978934
15222,0.020485021
15223,0.027086986
15224,0.06652646
15225,0.07245329
15226,0.4905524
15227,0.3740646
15228,0.22415386
15229,0.4904682
15230,0.4112674
15231,0.46085456
15232,0.2278953
15233,0.039414704
15234,0.03368031
15235,0.036052056
15236,0.04444684
15237,0.04165332
15238,0.035755716
15239,0.055353317
15240,0.4592063
15241,0.066429496
15242,0.41629523
15243,0.030941749
15244,0.071193784
15245,0.07756102
15246,0.08261904
15247,0.087252036
15248,0.043167666
15249,0.031247208
15250,0.04079887
15251,0.07810483
15252,0.5813655
15253,0.39259338
15254,0.57237023
15255,0.40174088
15256,0.2526084
15257,0.23512425
15258,0.06790388
15259,0.041614454
15260,0.021950535
15261,0.037749223
15262,0.07837199
15263,0.0813309
15264,0.065960124
15265,0.08384703
15266,0.059388246
15267,0.01159274
15268,0.24283187
15269,0.04075696
15270,0.0110133225
15271,0.011321031
15272,0.074494064
15273,0.22776909
15274,0.031571917
15275,0.0070786215
15276,0.22306885
15277,0.23007269
15278,0.06057978
15279,0.07184694
15280,0.030941045
15281,0.06693183
15282,0.06260357
15283,0.03715882
15284,0.07802183
15285,0.07279033
15286,0.040690247
15287,0.010192303
15288,0.21687114
15289,0.01174328
15290,0.06681983
15291,0.033354323
15292,0.081255615
15293,0.034359675
15294,0.04162736
15295,0.040057324
15296,0.077371694
15297,0.3770503
15298,0.5236581
15299,0.073588945
15300,0.017268348
15301,0.01743547
15302,0.028074916
15303,0.048634246
15304,0.014986535
15305,0.056630455
15306,0.085067764
15307,0.01461682
15308,0.032042723
15309,0.014792591
15310,0.031193478
15311,0.017649667
15312,0.0115314005
15313,0.060284764
15314,0.06606066
15315,0.3995468
15316,0.013732095
15317,0.01610296
15318,0.033248294
15319,0.058262102
15320,0.06773082
15321,0.48583674
15322,0.07498128
15323,0.012647655
15324,0.011073558
15325,0.0827266
15326,0.03772347
15327,0.06072844
15328,0.07790833
15329,0.048989955
15330,0.011589737
15331,0.011606894
15332,0.016757028
15333,0.010763876
15334,0.24861954
15335,0.014792591
15336,0.025396682
15337,0.07874351
15338,0.055198234
15339,0.03961087
15340,0.017027028
15341,0.027197227
15342,0.054546494
15343,0.3957115
15344,0.030943917
15345,0.017553916
15346,0.03043702
15347,0.041298218
15348,0.054673593
15349,0.23810397
15350,0.055495437
15351,0.09729472
15352,0.06726389
15353,0.030828694
15354,0.045704853
15355,0.04566066
15356,0.027835418
15357,0.091560625
15358,0.01741101
15359,0.01677112
15360,0.07551263
15361,0.01702548
15362,0.066131175
15363,0.04460329
15364,0.010921451
15365,0.4308245
15366,0.63888454
15367,0.22031845
15368,0.06367803
15369,0.014007152
15370,0.066191785
15371,0.044808824
15372,0.042210124
15373,0.22159356
15374,0.06415023
15375,0.07086196
15376,0.7375354
15377,0.0168576
15378,0.06168506
15379,0.014899884
15380,0.06372688
15381,0.06113347
15382,0.016276404
15383,0.03804964
15384,0.08273398
15385,0.26982638
15386,0.060251754
15387,0.084797844
15388,0.025952227
15389,0.021106465
15390,0.06190063
15391,0.028215062
15392,0.023639532
15393,0.0065570236
15394,0.048300244
15395,0.05361215
15396,0.026451455
15397,0.052473705
15398,0.013311694
15399,0.08035402
15400,0.040717058
15401,0.01475343
15402,0.03340375
15403,0.065895684
15404,0.07157831
15405,0.01996667
15406,0.02437296
15407,0.051809788
15408,0.6120542
15409,0.05661401
15410,0.071448535
15411,0.04395897
15412,0.038251814
15413,0.043182824
15414,0.04404137
15415,0.012987382
15416,0.016167331
15417,0.43729633
15418,0.026374428
15419,0.0070974254
15420,0.011106607
15421,0.044526573
15422,0.07254409
15423,0.01944108
15424,0.072811775
15425,0.040914726
15426,0.025743077
15427,0.044978704
15428,0.39290512
15429,0.02717023
15430,0.018505119
15431,0.0075965775
15432,0.018966317
15433,0.041547947
15434,0.031866495
15435,0.08491826
15436,0.05552857
15437,0.014618277
15438,0.014945934
15439,0.05531351
15440,0.08388335
15441,0.06658316
15442,0.061045058
15443,0.055994105
15444,0.027099263
15445,0.048775584
15446,0.19616672
15447,0.24351679
15448,0.08256067
15449,0.008020328
15450,0.011169078
15451,0.03234563
15452,0.014508507
15453,0.011869919
15454,0.015178767
15455,0.011639067
15456,0.017997025
15457,0.009911314
15458,0.014561348
15459,0.013713524
15460,0.010199126
15461,0.022507345
15462,0.05163558
15463,0.04559363
15464,0.073021844
15465,0.009605529
15466,0.08297228
15467,0.009952881
15468,0.4133014
15469,0.018372327
15470,0.026047045
15471,0.011017692
15472,0.017012777
15473,0.017758496
15474,0.014418216
15475,0.031211935
15476,0.012583035
15477,0.01425166
15478,0.054988462
15479,0.027130118
15480,0.043349646
15481,0.043250058
15482,0.014687027
15483,0.010075092
15484,0.00992769
15485,0.06971508
15486,0.026775572
15487,0.044864554
15488,0.0067991507
15489,0.010948249
15490,0.03391521
15491,0.011233152
15492,0.06714083
15493,0.013690704
15494,0.011052105
15495,0.24591276
15496,0.055209342
15497,0.056113955
15498,0.055201493
15499,0.06592848
15500,0.020618875
15501,0.0111355465
15502,0.06442493
15503,0.014425783
15504,0.07268963
15505,0.009349737
15506,0.08137432
15507,0.016427891
15508,0.032689713
15509,0.03235606
15510,0.02760595
15511,0.00801296
15512,0.01153051
15513,0.012136361
15514,0.010373313
15515,0.032593876
15516,0.010605329
15517,0.010870829
15518,0.06400416
15519,0.05329676
15520,0.033704232
15521,0.07696604
15522,0.017484687
15523,0.023935165
15524,0.014863337
15525,0.045441523
15526,0.018347027
15527,0.014230805
15528,0.025900738
15529,0.015044151
15530,0.03329712
15531,0.011372506
15532,0.030973464
15533,0.07301467
15534,0.22780475
15535,0.066919684
15536,0.019965377
15537,0.03648039
15538,0.044097017
15539,0.055035666
15540,0.03885227
15541,0.04418681
15542,0.041786622
15543,0.07167067
15544,0.043202836
15545,0.02689282
15546,0.062523976
15547,0.042877667
15548,0.21933477
15549,0.0432746
15550,0.39996698
15551,0.3809778
15552,0.04511854
15553,0.24700007
15554,0.064669035
15555,0.38174865
15556,0.07020388
15557,0.082490474
15558,0.05644805
15559,0.017819276
15560,0.07056178
15561,0.013551989
15562,0.03946393
15563,0.2212636
15564,0.03242853
15565,0.6760186
15566,0.06890046
15567,0.0440982
15568,0.2221003
15569,0.055396296
15570,0.0294867
15571,0.022394482
15572,0.043518405
15573,0.03652236
15574,0.015894646
15575,0.013613287
15576,0.07353712
15577,0.41939124
15578,0.50236034
15579,0.043395143
15580,0.080300264
15581,0.08227596
15582,0.01991484
15583,0.0529118
15584,0.040966097
15585,0.056904197
15586,0.06669317
15587,0.4906454
15588,0.07840617
15589,0.07672299
15590,0.535426
15591,0.07619643
15592,0.021700533
15593,0.53556305
15594,0.015875373
15595,0.0533567
15596,0.25252998
15597,0.050110992
15598,0.047358163
15599,0.035065413
15600,0.059342407
15601,0.0688541
15602,0.077450186
15603,0.06883554
15604,0.033693463
15605,0.06309383
15606,0.39941904
15607,0.0432071
15608,0.03184287
15609,0.050783962
15610,0.0543428
15611,0.06396668
15612,0.031680483
15613,0.039012678
15614,0.0077428888
15615,0.042151023
15616,0.06915558
15617,0.027108826
15618,0.053813618
15619,0.079637125
15620,0.05358004
15621,0.24427654
15622,0.023333935
15623,0.052970722
15624,0.039273206
15625,0.02365524
15626,0.01373643
15627,0.50669074
15628,0.07470376
15629,0.06290322
15630,0.2504098
15631,0.440937
15632,0.06179883
15633,0.05046785
15634,0.01715042
15635,0.021269398
15636,0.015028401
15637,0.007765777
15638,0.037728056
15639,0.014444697
15640,0.062468525
15641,0.05962361
15642,0.069534734
15643,0.25371224
15644,0.43974313
15645,0.007720166
15646,0.016345989
15647,0.16827591
15648,0.04319664
15649,0.009399467
15650,0.024332596
15651,0.0348917
15652,0.2411263
15653,0.017610952
15654,0.042097572
15655,0.010523542
15656,0.0577774
15657,0.22479936
15658,0.47743782
15659,0.052987132
15660,0.06496232
15661,0.017962622
15662,0.019462902
15663,0.04013609
15664,0.05320908
15665,0.009961104
15666,0.029202145
15667,0.011336251
15668,0.078054346
15669,0.084374174
15670,0.06941728
15671,0.070339024
15672,0.054635555
15673,0.037729945
15674,0.031703785
15675,0.03034034
15676,0.035529055
15677,0.064910695
15678,0.05170153
15679,0.06539576
15680,0.014301568
15681,0.03621323
15682,0.026682995
15683,0.01650835
15684,0.014275867
15685,0.024194857
15686,0.03993448
15687,0.023249127
15688,0.057786994
15689,0.2490825
15690,0.2464308
15691,0.04280675
15692,0.03867268
15693,0.037680794
15694,0.06924927
15695,0.05755022
15696,0.014826504
15697,0.052203584
15698,0.012416417
15699,0.03070946
15700,0.07322397
15701,0.026260437
15702,0.023374936
15703,0.03143597
15704,0.192593
15705,0.053987503
15706,0.22744194
15707,0.21604182
15708,0.075081505
15709,0.054303117
15710,0.03909698
15711,0.017227123
15712,0.050434127
15713,0.043258302
15714,0.01008522
15715,0.22679771
15716,0.042990502
15717,0.6552173
15718,0.071519256
15719,0.06958229
15720,0.047837265
15721,0.046368614
15722,0.017866286
15723,0.05358894
15724,0.017853089
15725,0.01617885
15726,0.016290456
15727,0.06151907
15728,0.04218104
15729,0.058754034
15730,0.052613784
15731,0.069311626
15732,0.22818422
15733,0.40257815
15734,0.052810304
15735,0.021839695
15736,0.06046856
15737,0.014752591
15738,0.04014616
15739,0.025692752
15740,0.06309839
15741,0.051456284
15742,0.07509705
15743,0.039257042
15744,0.0703687
15745,0.03862088
15746,0.052002907
15747,0.03494946
15748,0.016364235
15749,0.07534217
15750,0.011107951
15751,0.031636108
15752,0.055068187
15753,0.031459782
15754,0.010557671
15755,0.022520578
15756,0.035028044
15757,0.052144106
15758,0.058609065
15759,0.07484838
15760,0.06477237
15761,0.4001673
15762,0.076090984
15763,0.07544244
15764,0.012245834
15765,0.063789114
15766,0.01107389
15767,0.048014626
15768,0.03934767
15769,0.06410382
15770,0.032383565
15771,0.020158889
15772,0.044046517
15773,0.03912302
15774,0.048012972
15775,0.06292482
15776,0.032820366
15777,0.052231416
15778,0.031459194
15779,0.057182897
15780,0.014248119
15781,0.036807526
15782,0.07270613
15783,0.053436324
15784,0.07616976
15785,0.51913714
15786,0.06648648
15787,0.06910123
15788,0.052720547
15789,0.057895735
15790,0.056503236
15791,0.063169986
15792,0.04804664
15793,0.01017229
15794,0.017959313
15795,0.39594588
15796,0.058309656
15797,0.06306901
15798,0.05219027
15799,0.060571358
15800,0.026297007
15801,0.018116783
15802,0.019253114
15803,0.036756583
15804,0.08395858
15805,0.054964326
15806,0.04221916
15807,0.06770683
15808,0.53107464
15809,0.064228475
15810,0.013964902
15811,0.35908088
15812,0.05148381
15813,0.23853458
15814,0.079617664
15815,0.05458593
15816,0.04303888
15817,0.043642413
15818,0.06850351
15819,0.08299396
15820,0.041284874
15821,0.082779035
15822,0.0643262
15823,0.058067318
15824,0.014121385
15825,0.010022742
15826,0.014850654
15827,0.018660305
15828,0.046622243
15829,0.054269157
15830,0.014687777
15831,0.07771093
15832,0.078906454
15833,0.07856074
15834,0.060707986
15835,0.03152363
15836,0.06942859
15837,0.0690335
15838,0.23729895
15839,0.049529333
15840,0.044609804
15841,0.020139141
15842,0.19435981
15843,0.60004425
15844,0.037803896
15845,0.06559005
15846,0.43152693
15847,0.07359946
15848,0.012430692
15849,0.048312027
15850,0.21842445
15851,0.23831603
15852,0.00999995
15853,0.05868214
15854,0.061341267
15855,0.2313958
15856,0.0783251
15857,0.07819325
15858,0.08910447
15859,0.36143646
15860,0.062464107
15861,0.043829568
15862,0.0652405
15863,0.048473626
15864,0.2458394
15865,0.607699
15866,0.006639016
15867,0.042260565
15868,0.37276843
15869,0.044161733
15870,0.24406327
15871,0.014580544
15872,0.0125065325
15873,0.04325113
15874,0.058517464
15875,0.0156629
15876,0.0404535
15877,0.006907495
15878,0.40611947
15879,0.03944574
15880,0.05895725
15881,0.07454787
15882,0.076727554
15883,0.08671793
15884,0.3957754
15885,0.3755953
15886,0.02713182
15887,0.24288806
15888,0.21948348
15889,0.0746591
15890,0.52490443
15891,0.4863056
15892,0.2511951
15893,0.02306874
15894,0.22687532
15895,0.053335637
15896,0.0164481
15897,0.010582531
15898,0.05043612
15899,0.011039357
15900,0.03267943
15901,0.05040285
15902,0.065493114
15903,0.06302358
15904,0.07060495
15905,0.06368166
15906,0.22863136
15907,0.0686058
15908,0.027703356
15909,0.07134792
15910,0.36890152
15911,0.015735295
15912,0.0521216
15913,0.5835229
15914,0.4820835
15915,0.63616925
15916,0.026999133
15917,0.01636322
15918,0.06380713
15919,0.4514191
15920,0.061695267
15921,0.054059234
15922,0.050345283
15923,0.054090805
15924,0.04285185
15925,0.010794402
15926,0.39780208
15927,0.016059246
15928,0.029819885
15929,0.07180695
15930,0.070749246
15931,0.04346701
15932,0.043764785
15933,0.35172033
15934,0.4159051
15935,0.024648301
15936,0.07747175
15937,0.07060075
15938,0.06966103
15939,0.6226008
15940,0.5289972
15941,0.62274283
15942,0.014031418
15943,0.053466734
15944,0.026473716
15945,0.38923034
15946,0.06512495
15947,0.37876675
15948,0.03914321
15949,0.06377004
15950,0.016998472
15951,0.064574145
15952,0.0695716
15953,0.07866128
15954,0.07745148
15955,0.4707937
15956,0.49956155
15957,0.2233779
15958,0.08051972
15959,0.061471444
15960,0.051769387
15961,0.07005315
15962,0.040020823
15963,0.031871058
15964,0.019989545
15965,0.07710142
15966,0.07659903
15967,0.05356144
15968,0.06938985
15969,0.023319563
15970,0.62861073
15971,0.70728225
15972,0.50301296
15973,0.076968886
15974,0.044024996
15975,0.22806452
15976,0.39762467
15977,0.025988035
15978,0.015973749
15979,0.015517628
15980,0.03338575
15981,0.06495542
15982,0.043106575
15983,0.39675882
15984,0.52561796
15985,0.05868903
15986,0.066678435
15987,0.06316703
15988,0.08154406
15989,0.05749222
15990,0.39393187
15991,0.22479917
15992,0.035532136
15993,0.0646896
15994,0.06985072
15995,0.0678911
15996,0.043185387
15997,0.48314533
15998,0.08345673
15999,0.08191557
16000,0.059955515
16001,0.02641518
16002,0.06954417
16003,0.20414399
16004,0.2407783
16005,0.031010462
16006,0.039411206
16007,0.039233733
16008,0.015799232
16009,0.017309297
16010,0.039422095
16011,0.03984539
16012,0.23770367
16013,0.5989106
16014,0.25060827
16015,0.24075803
16016,0.070634365
16017,0.080733776
16018,0.22863136
16019,0.49087647
16020,0.053154856
16021,0.029358696
16022,0.03669588
16023,0.032044597
16024,0.07866927
16025,0.2276898
16026,0.07878035
16027,0.26048177
16028,0.2490301
16029,0.08256784
16030,0.5591429
16031,0.079131566
16032,0.016504817
16033,0.22697511
16034,0.2369249
16035,0.05017131
16036,0.08791025
16037,0.053245522
16038,0.035193294
16039,0.03508738
16040,0.041566722
16041,0.07561192
16042,0.4193344
16043,0.2500198
16044,0.45252404
16045,0.2532244
16046,0.07847859
16047,0.07948614
16048,0.25232655
16049,0.08047538
16050,0.057526324
16051,0.04371693
16052,0.4987892
16053,0.24795598
16054,0.050419223
16055,0.012679533
16056,0.44516268
16057,0.39792085
16058,0.0622724
16059,0.07004617
16060,0.061971255
16061,0.043626618
16062,0.010631112
16063,0.0090690125
16064,0.013602078
16065,0.02700407
16066,0.05077203
16067,0.06345427
16068,0.063085295
16069,0.078597374
16070,0.39475578
16071,0.55076295
16072,0.37985697
16073,0.3898397
16074,0.5531853
16075,0.06458785
16076,0.017101873
16077,0.057503488
16078,0.058431856
16079,0.07928542
16080,0.23748791
16081,0.05411288
16082,0.026774043
16083,0.0537433
16084,0.0757137
16085,0.016558623
16086,0.040687535
16087,0.06916356
16088,0.014968789
16089,0.037646104
16090,0.017981285
16091,0.010869855
16092,0.032175917
16093,0.058061603
16094,0.050621223
16095,0.05960904
16096,0.22432448
16097,0.073718116
16098,0.38876626
16099,0.60133415
16100,0.64811295
16101,0.41096085
16102,0.07143527
16103,0.04268159
16104,0.018436132
16105,0.046198294
16106,0.070208505
16107,0.62752146
16108,0.044238362
16109,0.016007213
16110,0.052973665
16111,0.043477554
16112,0.0705596
16113,0.038397867
16114,0.043608997
16115,0.0158726
16116,0.042392537
16117,0.013614133
16118,0.013869099
16119,0.026526686
16120,0.06294785
16121,0.06915416
16122,0.5378013
16123,0.36482424
16124,0.22252353
16125,0.22481747
16126,0.38687953
16127,0.48323056
16128,0.22650872
16129,0.038488466
16130,0.03301326
16131,0.03537169
16132,0.04311264
16133,0.040796794
16134,0.054410037
16135,0.44200903
16136,0.21925685
16137,0.42100286
16138,0.03021667
16139,0.068937756
16140,0.077275105
16141,0.077508874
16142,0.084593266
16143,0.041816916
16144,0.029963907
16145,0.039118603
16146,0.079390965
16147,0.4988742
16148,0.35984698
16149,0.5414497
16150,0.23873062
16151,0.41115576
16152,0.23323454
16153,0.0627961
16154,0.040545657
16155,0.012251012
16156,0.021100288
16157,0.011190546
16158,0.037660558
16159,0.031008068
16160,0.078742675
16161,0.07605678
16162,0.0639297
16163,0.085170925
16164,0.05724854
16165,0.010363375
16166,0.39838496
16167,0.039362174
16168,0.010404486
16169,0.010753654
16170,0.072988205
16171,0.22641765
16172,0.030072236
16173,0.00628522
16174,0.352712
16175,0.072457775
16176,0.05810805
16177,0.067324445
16178,0.030422114
16179,0.06518124
16180,0.060574077
16181,0.035283778
16182,0.07530965
16183,0.0688197
16184,0.039601687
16185,0.025446298
16186,0.009948287
16187,0.21786593
16188,0.011589746
16189,0.01114723
16190,0.06554232
16191,0.03901135
16192,0.03218022
16193,0.07491935
16194,0.031996995
16195,0.040653978
16196,0.009058852
16197,0.03906482
16198,0.07323709
16199,0.3993651
16200,0.52274954
16201,0.07115044
16202,0.027206464
16203,0.04710631
16204,0.013667425
16205,0.054518756
16206,0.079786815
16207,0.013667946
16208,0.031023638
16209,0.014502174
16210,0.031232381
16211,0.017136974
16212,0.010898589
16213,0.024967687
16214,0.058076955
16215,0.063472584
16216,0.3771883
16217,0.013984458
16218,0.016101815
16219,0.031673525
16220,0.056961097
16221,0.06473477
16222,0.43737146
16223,0.07034327
16224,0.011816977
16225,0.07876642
16226,0.035780314
16227,0.014438056
16228,0.057303388
16229,0.07725743
16230,0.046646494
16231,0.011038524
16232,0.01704746
16233,0.0829148
16234,0.013905636
16235,0.025023542
16236,0.078668065
16237,0.053434093
16238,0.038523532
16239,0.016737534
16240,0.02597511
16241,0.052610334
16242,0.37970775
16243,0.030051546
16244,0.01677512
16245,0.029283026
16246,0.040080797
16247,0.052233662
16248,0.08072352
16249,0.05363628
16250,0.23557886
16251,0.0653056
16252,0.030275235
16253,0.0143137
16254,0.044437565
16255,0.043650802
16256,0.027099315
16257,0.24001518
16258,0.07093107
16259,0.016433125
16260,0.062012434
16261,0.04373594
16262,0.010483654
16263,0.42694676
16264,0.6865976
16265,0.07139
16266,0.064535245
16267,0.013124313
16268,0.06266081
16269,0.043478224
16270,0.061401345
16271,0.06188641
16272,0.06898668
16273,0.5275211
16274,0.016729001
16275,0.05883621
16276,0.014405451
16277,0.061178677
16278,0.059213884
16279,0.036489177
16280,0.08193798
16281,0.27057993
16282,0.056399092
16283,0.081892245
16284,0.024530845
16285,0.057543445
16286,0.06008669
16287,0.027572816
16288,0.02334058
16289,0.005460224
16290,0.04698553
16291,0.05164596
16292,0.02546527
16293,0.016862161
16294,0.04946204
16295,0.012679154
16296,0.01601876
16297,0.07158172
16298,0.0358075
16299,0.03936793
16300,0.013628839
16301,0.032318614
16302,0.061695267
16303,0.06962875
16304,0.050463136
16305,0.5683258
16306,0.053404886
16307,0.067946866
16308,0.036555294
16309,0.042692263
16310,0.042417414
16311,0.012620804
16312,0.4439095
16313,0.024907315
16314,0.014805494
16315,0.010893833
16316,0.043161064
16317,0.06833299
16318,0.017988326
16319,0.069349274
16320,0.040181138
16321,0.04320648
16322,0.3831389
16323,0.02626237
16324,0.01780243
16325,0.008812709
16326,0.019136652
16327,0.012099085
16328,0.040967174
16329,0.008695329
16330,0.03121168
16331,0.08341543
16332,0.05358108
16333,0.013642223
16334,0.014537975
16335,0.05350166
16336,0.22810765
16337,0.06462752
16338,0.058349837
16339,0.05343011
16340,0.026287662
16341,0.046877112
16342,0.19023387
16343,0.2408126
16344,0.2261117
16345,0.008507038
16346,0.010704033
16347,0.013984899
16348,0.011510392
16349,0.014917649
16350,0.010891066
16351,0.01732934
16352,0.008977611
16353,0.0143621275
16354,0.014100074
16355,0.009239677
16356,0.021971669
16357,0.05036038
16358,0.04399115
16359,0.06936653
16360,0.006396892
16361,0.080299385
16362,0.009205611
16363,0.24680416
16364,0.01047015
16365,0.010420522
16366,0.0099748
16367,0.024870504
16368,0.011519857
16369,0.010214724
16370,0.015698226
16371,0.016996104
16372,0.014227544
16373,0.009352014
16374,0.05261542
16375,0.026624182
16376,0.040969912
16377,0.04274312
16378,0.014492033
16379,0.009461231
16380,0.012455851
16381,0.009209808
16382,0.06791019
16383,0.028490543
16384,0.042984456
16385,0.010568968
16386,0.03136366
16387,0.06355452
16388,0.010724396
16389,0.08079335
16390,0.053130545
16391,0.05353729
16392,0.05372097
16393,0.014549737
16394,0.060359314
16395,0.017931975
16396,0.008266211
16397,0.061543122
16398,0.013859499
16399,0.067901134
16400,0.008061273
16401,0.077231005
16402,0.015720645
16403,0.030877993
16404,0.03159978
16405,0.02698544
16406,0.008373899
16407,0.011075065
16408,0.01074539
16409,0.010094349
16410,0.031306874
16411,0.009791558
16412,0.06114615
16413,0.052269857
16414,0.007976338
16415,0.07314031
16416,0.016138017
16417,0.023295956
16418,0.010640212
16419,0.014821904
16420,0.043901604
16421,0.016697897
16422,0.013483907
16423,0.025176475
16424,0.014797388
16425,0.032626286
16426,0.010034657
16427,0.069909506
16428,0.077127196
16429,0.065167375
16430,0.018614002
16431,0.037363626
16432,0.053401697
16433,0.04337015
16434,0.0541761
16435,0.038642798
16436,0.038152374
16437,0.04116227
16438,0.07308562
16439,0.044405516
16440,0.03865946
16441,0.06185003
16442,0.041796282
16443,0.06417445
16444,0.04343133
16445,0.07657698
16446,0.226539
16447,0.01957183
16448,0.04392002
16449,0.24935158
16450,0.06333871
16451,0.24693097
16452,0.071312554
16453,0.23395976
16454,0.056610473
16455,0.017561225
16456,0.07064069
16457,0.014283761
16458,0.04030312
16459,0.014271022
16460,0.063047186
16461,0.032196265
16462,0.6624817
16463,0.22472213
16464,0.071604654
16465,0.043220934
16466,0.036444813
16467,0.013948496
16468,0.040066354
16469,0.07537808
16470,0.07524817
16471,0.26024687
16472,0.49244538
16473,0.027086519
16474,0.07780055
16475,0.07987876
16476,0.019579068
16477,0.052398086
16478,0.040721215
16479,0.058142204
16480,0.013654266
16481,0.066963
16482,0.4248551
16483,0.080097556
16484,0.07643911
16485,0.4373852
16486,0.07884044
16487,0.0214247
16488,0.47126386
16489,0.05376174
16490,0.24981147
16491,0.049942028
16492,0.047019858
16493,0.035315957
16494,0.059226803
16495,0.07177148
16496,0.077524155
16497,0.068967916
16498,0.033707064
16499,0.03950634
16500,0.06256721
16501,0.4197257
16502,0.043296978
16503,0.03152007
16504,0.052787162
16505,0.05415123
16506,0.06309303
16507,0.031917825
16508,0.07164063
16509,0.0524063
16510,0.23817179
16511,0.24896938
16512,0.050904103
16513,0.039359562
16514,0.023805171
16515,0.01416454
16516,0.4722921
16517,0.07715792
16518,0.06333663
16519,0.2460934
16520,0.44980952
16521,0.060991816
16522,0.050514888
16523,0.016916638
16524,0.0219463
16525,0.015212804
16526,0.03831912
16527,0.011395993
16528,0.0054890756
16529,0.011627713
16530,0.06195115
16531,0.05951514
16532,0.24561663
16533,0.42736652
16534,0.016006298
16535,0.16819891
16536,0.04381278
16537,0.009615625
16538,0.035491835
16539,0.24104801
16540,0.017750934
16541,0.043263365
16542,0.010570421
16543,0.058314625
16544,0.025994463
16545,0.39557886
16546,0.44577748
16547,0.065589584
16548,0.02007322
16549,0.04007721
16550,0.054498266
16551,0.016608134
16552,0.030236676
16553,0.07515664
16554,0.08643655
16555,0.068537794
16556,0.071531065
16557,0.053620394
16558,0.037771367
16559,0.030857872
16560,0.031104855
16561,0.03579134
16562,0.06506961
16563,0.05279541
16564,0.22040941
16565,0.014191235
16566,0.03664378
16567,0.02748808
16568,0.01711013
16569,0.014836601
16570,0.023870114
16571,0.040359076
16572,0.018643772
16573,0.023725793
16574,0.058219146
16575,0.084906936
16576,0.247413
16577,0.04256238
16578,0.039217602
16579,0.037223514
16580,0.06703326
16581,0.05835254
16582,0.015084916
16583,0.052027475
16584,0.030956695
16585,0.072127186
16586,0.026505344
16587,0.024404442
16588,0.03205726
16589,0.19264959
16590,0.05387548
16591,0.22744116
16592,0.2160062
16593,0.22265229
16594,0.053736195
16595,0.038938925
16596,0.017420594
16597,0.05054148
16598,0.043672144
16599,0.07694629
16600,0.044101562
16601,0.55908185
16602,0.07148714
16603,0.020204846
16604,0.07279727
16605,0.04789327
16606,0.047083925
16607,0.017368343
16608,0.009960373
16609,0.011870698
16610,0.053712353
16611,0.027744979
16612,0.016677644
16613,0.016928164
16614,0.061857957
16615,0.042448316
16616,0.059159998
16617,0.053154472
16618,0.07055964
16619,0.22851054
16620,0.41021746
16621,0.054060467
16622,0.022165023
16623,0.06339906
16624,0.014988654
16625,0.038579028
16626,0.025569707
16627,0.009800766
16628,0.062431514
16629,0.05272712
16630,0.075606674
16631,0.040066577
16632,0.070179656
16633,0.03897804
16634,0.052192584
16635,0.03573354
16636,0.07858497
16637,0.0112406695
16638,0.032307044
16639,0.0566528
16640,0.03191335
16641,0.018326499
16642,0.022705823
16643,0.035794362
16644,0.05145732
16645,0.057670627
16646,0.07560073
16647,0.06493639
16648,0.2358882
16649,0.07512877
16650,0.07790038
16651,0.012612512
16652,0.06392447
16653,0.04814749
16654,0.009709586
16655,0.040705282
16656,0.063965954
16657,0.033005785
16658,0.019123465
16659,0.04399621
16660,0.037767466
16661,0.048615
16662,0.0634033
16663,0.032341164
16664,0.05219251
16665,0.02239265
16666,0.031823505
16667,0.05802462
16668,0.01449916
16669,0.03611174
16670,0.07046096
16671,0.052796472
16672,0.07725035
16673,0.5837212
16674,0.065457195
16675,0.06831231
16676,0.052879598
16677,0.05810703
16678,0.058139414
16679,0.06345045
16680,0.048355278
16681,0.018200565
16682,0.24433142
16683,0.05828134
16684,0.063152246
16685,0.052520525
16686,0.060304586
16687,0.01763625
16688,0.026000634
16689,0.018076086
16690,0.019585522
16691,0.03798659
16692,0.08541765
16693,0.05475347
16694,0.042702712
16695,0.06830759
16696,0.61068803
16697,0.063686475
16698,0.013662367
16699,0.21901332
16700,0.0516911
16701,0.24178977
16702,0.0806012
16703,0.05485092
16704,0.01856579
16705,0.043167256
16706,0.04359635
16707,0.06980885
16708,0.22600079
16709,0.039428785
16710,0.23737375
16711,0.06371079
16712,0.057629287
16713,0.011201513
16714,0.014539609
16715,0.018952426
16716,0.046634145
16717,0.054216396
16718,0.014972282
16719,0.07719503
16720,0.08036832
16721,0.22611426
16722,0.061490715
16723,0.031613845
16724,0.07046831
16725,0.07235629
16726,0.41879475
16727,0.050172735
16728,0.04509489
16729,0.020288229
16730,0.054303177
16731,0.5872589
16732,0.037918665
16733,0.06304628
16734,0.40757003
16735,0.071931124
16736,0.0127396
16737,0.017280964
16738,0.010465462
16739,0.03864516
16740,0.048027165
16741,0.22062436
16742,0.23737256
16743,0.010510868
16744,0.05878031
16745,0.06287715
16746,0.23165616
16747,0.07846902
16748,0.07627408
16749,0.24282013
16750,0.40823314
16751,0.06254366
16752,0.04380407
16753,0.0654297
16754,0.047926035
16755,0.08284421
16756,0.55517435
16757,0.007543956
16758,0.040538523
16759,0.40086734
16760,0.043450117
16761,0.24544178
16762,0.044469777
16763,0.058545418
16764,0.015711209
16765,0.03971819
16766,0.0069124177
16767,0.41177407
16768,0.03934872
16769,0.05837299
16770,0.08721466
16771,0.07696845
16772,0.08495468
16773,0.3950745
16774,0.39251974
16775,0.027556796
16776,0.23940526
16777,0.0718851
16778,0.22750488
16779,0.4752625
16780,0.25223863
16781,0.24698135
16782,0.023799846
16783,0.22674064
16784,0.053608418
16785,0.026726801
16786,0.011099515
16787,0.0505107
16788,0.0090218065
16789,0.011415868
16790,0.032921396
16791,0.050521247
16792,0.06425953
16793,0.06503789
16794,0.0694787
16795,0.065686814
16796,0.2295775
16797,0.07032185
16798,0.069821954
16799,0.23729126
16800,0.017041793
16801,0.052732754
16802,0.5732926
16803,0.62282693
16804,0.67459434
16805,0.02670683
16806,0.016873743
16807,0.06336388
16808,0.44521803
16809,0.06321538
16810,0.015619843
16811,0.054211233
16812,0.009653543
16813,0.051175322
16814,0.053525407
16815,0.043902133
16816,0.011407361
16817,0.41180763
16818,0.016290322
16819,0.030750468
16820,0.0694787
16821,0.06989395
16822,0.042859927
16823,0.043364163
16824,0.22700171
16825,0.3926176
16826,0.024646865
16827,0.07585526
16828,0.069664076
16829,0.21946876
16830,0.64506865
16831,0.57355356
16832,0.5708597
16833,0.014152544
16834,0.05380363
16835,0.027200403
16836,0.40222207
16837,0.06349309
16838,0.23996162
16839,0.039526813
16840,0.06582302
16841,0.01784376
16842,0.064909376
16843,0.068222925
16844,0.08106214
16845,0.07024049
16846,0.49038473
16847,0.4615057
16848,0.22429712
16849,0.078199364
16850,0.062459797
16851,0.052514467
16852,0.22374293
16853,0.041481774
16854,0.03236973
16855,0.022310944
16856,0.07689792
16857,0.07595101
16858,0.054190524
16859,0.06999598
16860,0.023449222
16861,0.6262323
16862,0.5569108
16863,0.5434359
16864,0.07533845
16865,0.04335242
16866,0.22843546
16867,0.24739805
16868,0.026548576
16869,0.016502714
16870,0.01519533
16871,0.03388085
16872,0.06597023
16873,0.043314
16874,0.38008496
16875,0.6360149
16876,0.058260217
16877,0.069085926
16878,0.06562548
16879,0.08436817
16880,0.056654893
16881,0.36146
16882,0.21654846
16883,0.036395255
16884,0.065273225
16885,0.069628336
16886,0.0699868
16887,0.043432593
16888,0.021261372
16889,0.25338808
16890,0.25409612
16891,0.07954561
16892,0.05969819
16893,0.026566496
16894,0.069771014
16895,0.05759139
16896,0.24154897
16897,0.030396318
16898,0.040076654
16899,0.04163932
16900,0.015921568
16901,0.016488113
16902,0.039272882
16903,0.039584965
16904,0.38958985
16905,0.60714674
16906,0.24912624
16907,0.2419241
16908,0.07173476
16909,0.07964479
16910,0.22936854
16911,0.5568682
16912,0.05243877
16913,0.036731135
16914,0.032347936
16915,0.0781685
16916,0.22539006
16917,0.07451051
16918,0.25621736
16919,0.24493665
16920,0.2288206
16921,0.6553041
16922,0.22851054
16923,0.01670122
16924,0.07569546
16925,0.23733722
16926,0.019423323
16927,0.05056181
16928,0.08494115
16929,0.054159626
16930,0.03552189
16931,0.035967503
16932,0.040964022
16933,0.078883015
16934,0.39992023
16935,0.24892838
16936,0.47366482
16937,0.24663103
16938,0.078942314
16939,0.076959096
16940,0.4182538
16941,0.026834365
16942,0.0802657
16943,0.05861733
16944,0.04454229
16945,0.46285656
16946,0.24406521
16947,0.05081675
16948,0.018734148
16949,0.45561346
16950,0.35908008
16951,0.0607924
16952,0.06850024
16953,0.06311665
16954,0.044267926
16955,0.010568844
16956,0.027911704
16957,0.05061094
16958,0.06376101
16959,0.062847584
16960,0.07525432
16961,0.41931415
16962,0.6269732
16963,0.44235617
16964,0.38530228
16965,0.61474013
16966,0.06393979
16967,0.058251712
16968,0.059255686
16969,0.22890642
16970,0.085441925
16971,0.054207128
16972,0.026601424
16973,0.05401515
16974,0.07672003
16975,0.017254913
16976,0.04112948
16977,0.07115394
16978,0.019759685
16979,0.03765081
16980,0.018343508
16981,0.01063925
16982,0.03133485
16983,0.059505012
16984,0.0504397
16985,0.059706163
16986,0.23087345
16987,0.2267453
16988,0.41549027
16989,0.6152224
16990,0.6454982
16991,0.24594387
16992,0.07037272
16993,0.042116296
16994,0.018989557
16995,0.0449575
16996,0.07194493
16997,0.01413719
16998,0.010397405
16999,0.03156061
17000,0.4681661
17001,0.043265406
17002,0.016903346
17003,0.052189697
17004,0.0438012
17005,0.07181193
17006,0.037757147
17007,0.044096254
17008,0.016120218
17009,0.04239033
17010,0.014132885
17011,0.014191235
17012,0.025688931
17013,0.06335233
17014,0.070889845
17015,0.5006965
17016,0.40684545
17017,0.22131796
17018,0.66787934
17019,0.44235617
17020,0.5072759
17021,0.22712967
17022,0.038758107
17023,0.03247694
17024,0.03539485
17025,0.04344028
17026,0.041473076
17027,0.035889313
17028,0.051440198
17029,0.46848726
17030,0.2204929
17031,0.42858914
17032,0.030718975
17033,0.07146591
17034,0.0799045
17035,0.07856982
17036,0.08951204
17037,0.042993132
17038,0.029932173
17039,0.009582175
17040,0.03950964
17041,0.0777211
17042,0.6567635
17043,0.4001238
17044,0.5870549
17045,0.23876053
17046,0.40597537
17047,0.08089783
17048,0.06323961
17049,0.040663805
17050,0.012338739
17051,0.021711698
17052,0.030047067
17053,0.07638027
17054,0.078303054
17055,0.06486465
17056,0.24072474
17057,0.05776615
17058,0.01099995
17059,0.38173565
17060,0.040135346
17061,0.010827873
17062,0.07154146
17063,0.22693019
17064,0.030299736
17065,0.0060568308
17066,0.38530645
17067,0.071967244
17068,0.0586752
17069,0.06693986
17070,0.03023346
17071,0.064738445
17072,0.061657142
17073,0.036786698
17074,0.07595491
17075,0.07004821
17076,0.038722094
17077,0.009389055
17078,0.21684954
17079,0.011366492
17080,0.06499565
17081,0.032280777
17082,0.075357966
17083,0.03367918
17084,0.040358003
17085,0.008800612
17086,0.039057996
17087,0.07883042
17088,0.37461358
17089,0.4455574
17090,0.071369305
17091,0.027482126
17092,0.04711715
17093,0.013756152
17094,0.055236973
17095,0.080420434
17096,0.013878171
17097,0.030732285
17098,0.0148019465
17099,0.03202935
17100,0.011352086
17101,0.02455347
17102,0.05788509
17103,0.06435711
17104,0.3953487
17105,0.013786968
17106,0.015442383
17107,0.032515965
17108,0.057380587
17109,0.06570346
17110,0.48584482
17111,0.069991685
17112,0.011942474
17113,0.076542795
17114,0.03595694
17115,0.057839707
17116,0.07830076
17117,0.046726733
17118,0.016086223
17119,0.08057592
17120,0.013748515
17121,0.014100051
17122,0.025222106
17123,0.07765524
17124,0.053850356
17125,0.038838755
17126,0.016460443
17127,0.026691465
17128,0.052369386
17129,0.24504833
17130,0.0309656
17131,0.01731048
17132,0.029510217
17133,0.040471576
17134,0.05316809
17135,0.08146067
17136,0.053928345
17137,0.2370948
17138,0.06477568
17139,0.03043441
17140,0.013551513
17141,0.04336966
17142,0.043632027
17143,0.02734787
17144,0.24168463
17145,0.06788915
17146,0.016661078
17147,0.062768884
17148,0.04360663
17149,0.01070704
17150,0.4381316
17151,0.6043469
17152,0.2154057
17153,0.0646752
17154,0.013762249
17155,0.06387197
17156,0.04311825
17157,0.058481496
17158,0.06102762
17159,0.06826694
17160,0.5759477
17161,0.016675508
17162,0.05933374
17163,0.061875187
17164,0.060039405
17165,0.016328882
17166,0.036589626
17167,0.08212268
17168,0.4787432
17169,0.058742143
17170,0.08106831
17171,0.024896998
17172,0.057518374
17173,0.020116322
17174,0.060417175
17175,0.027422536
17176,0.023419598
17177,0.00600972
17178,0.04714437
17179,0.05211738
17180,0.025857808
17181,0.050180268
17182,0.012646199
17183,0.016058825
17184,0.074641004
17185,0.036401886
17186,0.039462846
17187,0.014234319
17188,0.032533865
17189,0.062989816
17190,0.07006726
17191,0.019716028
17192,0.05102039
17193,0.57208955
17194,0.05407041
17195,0.06931902
17196,0.04357526
17197,0.03660812
17198,0.042142693
17199,0.043350562
17200,0.010316386
17201,0.016288249
17202,0.25089368
17203,0.02524625
17204,0.006864178
17205,0.0059757405
17206,0.008834826
17207,0.01486806
17208,0.010765595
17209,0.04293259
17210,0.06857951
17211,0.018069625
17212,0.010681303
17213,0.07136927
17214,0.039754756
17215,0.024722476
17216,0.043379497
17217,0.42823336
17218,0.026721945
17219,0.0071405694
17220,0.018384214
17221,0.041252807
17222,0.009253164
17223,0.031024009
17224,0.08385323
17225,0.053380832
17226,0.013905859
17227,0.015157357
17228,0.05329881
17229,0.07732004
17230,0.065785475
17231,0.057816513
17232,0.053662222
17233,0.026518334
17234,0.0472476
17235,0.016556552
17236,0.19542927
17237,0.24125175
17238,0.079533346
17239,0.007425033
17240,0.010898269
17241,0.031474236
17242,0.013878171
17243,0.011660672
17244,0.015069896
17245,0.010631423
17246,0.017138453
17247,0.01468128
17248,0.014092831
17249,0.010066178
17250,0.022382094
17251,0.050640024
17252,0.04436442
17253,0.07148714
17254,0.0059895944
17255,0.078048214
17256,0.010056385
17257,0.08058392
17258,0.010820442
17259,0.024857806
17260,0.011124643
17261,0.010059171
17262,0.016256465
17263,0.018010616
17264,0.013451607
17265,0.030992357
17266,0.012067799
17267,0.009477647
17268,0.05281617
17269,0.026795376
17270,0.041548915
17271,0.042260196
17272,0.013659161
17273,0.012414579
17274,0.009216234
17275,0.06727196
17276,0.02525452
17277,0.04313954
17278,0.006497528
17279,0.01141691
17280,0.033454675
17281,0.06343136
17282,0.006337601
17283,0.0108035635
17284,0.079268746
17285,0.05287163
17286,0.050467398
17287,0.054266345
17288,0.014409742
17289,0.06276855
17290,0.02042538
17291,0.010386435
17292,0.0061146063
17293,0.06186181
17294,0.068097375
17295,0.00881957
17296,0.07571186
17297,0.016012272
17298,0.025179854
17299,0.031664025
17300,0.026710562
17301,0.025814526
17302,0.011380666
17303,0.011407361
17304,0.010575443
17305,0.031708542
17306,0.009877236
17307,0.061069816
17308,0.0524993
17309,0.0056820097
17310,0.23223309
17311,0.016534543
17312,0.02418645
17313,0.014329625
17314,0.005720446
17315,0.015147238
17316,0.04396881
17317,0.017600246
17318,0.013918582
17319,0.025672818
17320,0.015534391
17321,0.031991445
17322,0.015472095
17323,0.029516272
17324,0.07112269
17325,0.078415856
17326,0.06554155
17327,0.018809106
17328,0.04539812
17329,0.019743009
17330,0.055573165
17331,0.18430412
17332,0.034254026
17333,0.04230897
17334,0.08350607
17335,0.046513323
17336,0.027498411
17337,0.08175058
17338,0.06918271
17339,0.043349992
17340,0.09974359
17341,0.40068915
17342,0.020139268
17343,0.046079446
17344,0.030680947
17345,0.27080888
17346,0.06766959
17347,0.26954138
17348,0.079683475
17349,0.09599281
17350,0.05993078
17351,0.018627878
17352,0.013563857
17353,0.014799515
17354,0.011764336
17355,0.38582176
17356,0.03310475
17357,0.5786179
17358,0.23593976
17359,0.045966282
17360,0.23571569
17361,0.029795023
17362,0.0449077
17363,0.038230054
17364,0.016294843
17365,0.014028724
17366,0.0900664
17367,0.24473518
17368,0.4948347
17369,0.45278013
17370,0.09412194
17371,0.24788184
17372,0.055342633
17373,0.042705156
17374,0.0604189
17375,0.013461134
17376,0.076600134
17377,0.037340373
17378,0.5092568
17379,0.0931074
17380,0.24103788
17381,0.5561206
17382,0.096146405
17383,0.02213041
17384,0.44463527
17385,0.056599814
17386,0.2645991
17387,0.049164634
17388,0.048904765
17389,0.035820395
17390,0.06467493
17391,0.027106326
17392,0.07961708
17393,0.08865495
17394,0.07777348
17395,0.035003487
17396,0.040341895
17397,0.06574226
17398,0.3780228
17399,0.043849844
17400,0.03233933
17401,0.05521882
17402,0.057016768
17403,0.06794416
17404,0.032900337
17405,0.040160928
17406,0.04303308
17407,0.07807484
17408,0.027841024
17409,0.05681356
17410,0.11261203
17411,0.2678632
17412,0.05574122
17413,0.040327433
17414,0.02394219
17415,0.019237522
17416,0.014108304
17417,0.48477146
17418,0.08916578
17419,0.067984365
17420,0.45519578
17421,0.27092934
17422,0.0118424
17423,0.06603744
17424,0.05271425
17425,0.016549358
17426,0.021514306
17427,0.015100064
17428,0.0076258243
17429,0.039789192
17430,0.006322076
17431,0.05461174
17432,0.06780081
17433,0.063749574
17434,0.07856224
17435,0.26693544
17436,0.5225181
17437,0.016615972
17438,0.1639492
17439,0.04487535
17440,0.0095160715
17441,0.032344237
17442,0.02533821
17443,0.035047367
17444,0.25789824
17445,0.042138744
17446,0.011093126
17447,0.06082525
17448,0.045050103
17449,0.23587409
17450,0.50262433
17451,0.0560496
17452,0.06994032
17453,0.020394636
17454,0.04165952
17455,0.05607145
17456,0.017437099
17457,0.030273153
17458,0.011523435
17459,0.0901035
17460,0.10068191
17461,0.07780888
17462,0.079905845
17463,0.05656449
17464,0.010773115
17465,0.039066557
17466,0.033119272
17467,0.031271074
17468,0.06965729
17469,0.053678382
17470,0.2175337
17471,0.013981432
17472,0.037135664
17473,0.028228607
17474,0.01666472
17475,0.015217204
17476,0.024293
17477,0.041160125
17478,0.020916589
17479,0.024175445
17480,0.060820054
17481,0.11637011
17482,0.27155772
17483,0.043558035
17484,0.0395964
17485,0.038779512
17486,0.07822701
17487,0.060414877
17488,0.014641292
17489,0.055789102
17490,0.0125541175
17491,0.03200752
17492,0.08833231
17493,0.02661648
17494,0.023695035
17495,0.032302283
17496,0.056438837
17497,0.055690102
17498,0.2390351
17499,0.2246004
17500,0.2340374
17501,0.055471625
17502,0.04045082
17503,0.017081117
17504,0.05291554
17505,0.044781093
17506,0.011223656
17507,0.08995725
17508,0.045783274
17509,0.5988533
17510,0.08274869
17511,0.019718781
17512,0.0823237
17513,0.049729034
17514,0.048214823
17515,0.016133917
17516,0.057539318
17517,0.01706123
17518,0.016971951
17519,0.06605316
17520,0.043444943
17521,0.06426335
17522,0.05528505
17523,0.07928671
17524,0.2380124
17525,0.26477617
17526,0.05472689
17527,0.021705648
17528,0.06802196
17529,0.015051991
17530,0.039966535
17531,0.068766855
17532,0.053931676
17533,0.0931415
17534,0.04031084
17535,0.079418026
17536,0.040047567
17537,0.053954843
17538,0.0364563
17539,0.01710366
17540,0.090384096
17541,0.010504783
17542,0.033156496
17543,0.059197895
17544,0.034495845
17545,0.011162146
17546,0.022851378
17547,0.03644471
17548,0.054056913
17549,0.06049308
17550,0.089566156
17551,0.070682116
17552,0.24943125
17553,0.23438197
17554,0.0932603
17555,0.011922443
17556,0.06952551
17557,0.0509249
17558,0.04156533
17559,0.06832866
17560,0.032830887
17561,0.040305883
17562,0.012349371
17563,0.049620185
17564,0.06741154
17565,0.03306581
17566,0.053657364
17567,0.0085490355
17568,0.022390328
17569,0.032426722
17570,0.060626905
17571,0.013954243
17572,0.03722761
17573,0.08409594
17574,0.056762796
17575,0.09506856
17576,0.293346
17577,0.06975845
17578,0.08329154
17579,0.05541552
17580,0.06145989
17581,0.061317474
17582,0.06833557
17583,0.05038448
17584,0.0101618245
17585,0.017995548
17586,0.2676683
17587,0.06094629
17588,0.06690014
17589,0.055775117
17590,0.0652726
17591,0.027437903
17592,0.01810251
17593,0.019348709
17594,0.03881766
17595,0.11710701
17596,0.05751665
17597,0.043267414
17598,0.07934048
17599,0.6865502
17600,0.068499304
17601,0.014178688
17602,0.36563396
17603,0.054102443
17604,0.26145685
17605,0.114639655
17606,0.057281613
17607,0.019310055
17608,0.044782273
17609,0.08008893
17610,0.09555647
17611,0.0405543
17612,0.25126478
17613,0.06936073
17614,0.060658734
17615,0.0151007725
17616,0.014963101
17617,0.018885028
17618,0.04815326
17619,0.056973267
17620,0.014239137
17621,0.08918364
17622,0.093608364
17623,0.09225522
17624,0.06521153
17625,0.032578554
17626,0.080738485
17627,0.23863153
17628,0.3780838
17629,0.052307352
17630,0.046052005
17631,0.020977484
17632,0.010146102
17633,0.056762636
17634,0.6178297
17635,0.077195056
17636,0.428731
17637,0.23861551
17638,0.012634228
17639,0.01057723
17640,0.009561369
17641,0.0410822
17642,0.049964298
17643,0.231556
17644,0.24881567
17645,0.062863596
17646,0.06550057
17647,0.0950756
17648,0.093418255
17649,0.091149546
17650,0.10916435
17651,0.40574878
17652,0.067527466
17653,0.045523457
17654,0.072099835
17655,0.04936553
17656,0.26675278
17657,0.65734774
17658,0.041981924
17659,0.40934172
17660,0.04605847
17661,0.26640213
17662,0.015502185
17663,0.04574406
17664,0.061374914
17665,0.015718374
17666,0.040913038
17667,0.0072018886
17668,0.40068823
17669,0.040278554
17670,0.06317673
17671,0.24533449
17672,0.09527166
17673,0.12741725
17674,0.4089333
17675,0.3948358
17676,0.10120081
17677,0.224521
17678,0.2341878
17679,0.7448577
17680,0.27713
17681,0.45520785
17682,0.02382744
17683,0.236362
17684,0.055375274
17685,0.026885958
17686,0.01892414
17687,0.010575173
17688,0.05247677
17689,0.011093126
17690,0.03327579
17691,0.05206176
17692,0.06966948
17693,0.06827824
17694,0.07945597
17695,0.069292605
17696,0.2412517
17697,0.22483827
17698,0.082164265
17699,0.38134614
17700,0.016754018
17701,0.053919777
17702,0.72549653
17703,0.66532826
17704,0.719122
17705,0.0075244694
17706,0.027215771
17707,0.016405566
17708,0.067995206
17709,0.43418732
17710,0.06743581
17711,0.01644699
17712,0.057554755
17713,0.009645133
17714,0.052317835
17715,0.056692913
17716,0.045608163
17717,0.011013801
17718,0.39388233
17719,0.016953655
17720,0.031341642
17721,0.22536738
17722,0.0795782
17723,0.045413204
17724,0.045568496
17725,0.2383101
17726,0.37523207
17727,0.02530864
17728,0.08975992
17729,0.078743435
17730,0.08032161
17731,0.8091739
17732,0.7811023
17733,0.6775648
17734,0.014952526
17735,0.056297176
17736,0.026793286
17737,0.27308244
17738,0.068859786
17739,0.2524619
17740,0.06859465
17741,0.017707983
17742,0.06986029
17743,0.078931205
17744,0.09621829
17745,0.08743661
17746,0.4700726
17747,0.51806885
17748,0.23460722
17749,0.09475654
17750,0.065967485
17751,0.055049974
17752,0.082876295
17753,0.04088811
17754,0.033708334
17755,0.09659366
17756,0.09253103
17757,0.056260116
17758,0.08053528
17759,0.024577972
17760,0.63078344
17761,0.7260145
17762,0.66312605
17763,0.08992489
17764,0.04476858
17765,0.238824
17766,0.26540315
17767,0.016627599
17768,0.015837163
17769,0.034666
17770,0.07000041
17771,0.045571692
17772,0.4251732
17773,0.637696
17774,0.06072509
17775,0.075416625
17776,0.06771594
17777,0.09612737
17778,0.060002282
17779,0.37668633
17780,0.08215585
17781,0.036545508
17782,0.07001321
17783,0.077440254
17784,0.07836221
17785,0.04395777
17786,0.02150679
17787,0.27987218
17788,0.4250493
17789,0.09461012
17790,0.063665934
17791,0.08245792
17792,0.060433175
17793,0.2626667
17794,0.030972896
17795,0.040586814
17796,0.040951576
17797,0.016337013
17798,0.017012246
17799,0.040950436
17800,0.04053434
17801,0.39749497
17802,0.29509676
17803,0.26847586
17804,0.2586461
17805,0.08345581
17806,0.09640372
17807,0.09809369
17808,0.51526016
17809,0.054602206
17810,0.030077439
17811,0.036377713
17812,0.033409454
17813,0.09292407
17814,0.08641719
17815,0.09406149
17816,0.46187785
17817,0.25619313
17818,0.24112609
17819,0.88540924
17820,0.09477562
17821,0.017550873
17822,0.09401625
17823,0.24793774
17824,0.01970492
17825,0.052592766
17826,0.110332124
17827,0.056260448
17828,0.03601556
17829,0.036168296
17830,0.04230897
17831,0.23426007
17832,0.4087732
17833,0.27334526
17834,0.54606766
17835,0.38199976
17836,0.09422067
17837,0.09604923
17838,0.2731036
17839,0.027704084
17840,0.09386627
17841,0.06270953
17842,0.045570243
17843,0.528782
17844,0.2650388
17845,0.05334626
17846,0.0134327095
17847,0.5150509
17848,0.39472422
17849,0.06770895
17850,0.07893337
17851,0.06709389
17852,0.045500834
17853,0.010794016
17854,0.02531828
17855,0.052373745
17856,0.06813953
17857,0.06814181
17858,0.09401625
17859,0.3847274
17860,0.60513055
17861,0.41044804
17862,0.41609025
17863,0.53258705
17864,0.06940523
17865,0.0613684
17866,0.063300736
17867,0.09309734
17868,0.10709987
17869,0.056885965
17870,0.027790643
17871,0.057044588
17872,0.09498064
17873,0.016553983
17874,0.042289875
17875,0.0791814
17876,0.019801062
17877,0.014597519
17878,0.0190375
17879,0.011106547
17880,0.03269433
17881,0.06060657
17882,0.052375622
17883,0.063481204
17884,0.24210165
17885,0.08765521
17886,0.3752666
17887,0.7374656
17888,0.7235191
17889,0.2664428
17890,0.08236046
17891,0.043210227
17892,0.019158311
17893,0.045719273
17894,0.080991924
17895,0.014953429
17896,0.00971686
17897,0.032359615
17898,0.60471606
17899,0.04513998
17900,0.016998556
17901,0.05454691
17902,0.045431342
17903,0.07828521
17904,0.03850952
17905,0.044839952
17906,0.01608252
17907,0.044029064
17908,0.013447814
17909,0.014711021
17910,0.027168002
17911,0.06852077
17912,0.08013768
17913,0.47543794
17914,0.41191733
17915,0.23256984
17916,0.6407116
17917,0.42899874
17918,0.5572625
17919,0.2354834
17920,0.039846063
17921,0.03492921
17922,0.03588322
17923,0.045631494
17924,0.04216814
17925,0.035984073
17926,0.0559945
17927,0.4739265
17928,0.22098495
17929,0.4102139
17930,0.03103797
17931,0.07577541
17932,0.08942706
17933,0.09298743
17934,0.099827185
17935,0.043781944
17936,0.03140151
17937,0.039326098
17938,0.09559959
17939,0.6053133
17940,0.36838698
17941,0.5316271
17942,0.38443032
17943,0.26891723
17944,0.24168736
17945,0.06958593
17946,0.042023685
17947,0.021693688
17948,0.011341147
17949,0.038957525
17950,0.030918704
17951,0.09299419
17952,0.09079593
17953,0.06839058
17954,0.11550626
17955,0.026820013
17956,0.060107972
17957,0.010790147
17958,0.41663128
17959,0.040656384
17960,0.010278701
17961,0.010685069
17962,0.08163271
17963,0.23953202
17964,0.030495945
17965,0.0065302695
17966,0.22379515
17967,0.24266315
17968,0.0613737
17969,0.07596503
17970,0.0313298
17971,0.07006589
17972,0.0646184
17973,0.037550025
17974,0.08922901
17975,0.08430111
17976,0.04037058
17977,0.026227577
17978,0.08380696
17979,0.07029103
17980,0.033358954
17981,0.090084866
17982,0.033887245
17983,0.042655155
17984,0.008596433
17985,0.040339176
17986,0.09212055
17987,0.42572
17988,0.48397043
17989,0.08119019
17990,0.017232215
17991,0.028373627
17992,0.048739705
17993,0.013846696
17994,0.0573582
17995,0.09809913
17996,0.013711876
17997,0.031066336
17998,0.014214351
17999,0.018291002
18000,0.010894486
18001,0.025215812
18002,0.060139187
18003,0.06846617
18004,0.38705412
18005,0.01364756
18006,0.016711107
18007,0.18082029
18008,0.05919322
18009,0.07092649
18010,0.443103
18011,0.08266845
18012,0.012080126
18013,0.0919744
18014,0.036471043
18015,0.061387397
18016,0.09352494
18017,0.01674088
18018,0.11041082
18019,0.025162773
18020,0.09672048
18021,0.055308357
18022,0.04003679
18023,0.016713584
18024,0.026905585
18025,0.055098113
18026,0.26973855
18027,0.03138034
18028,0.016931975
18029,0.029819664
18030,0.040790655
18031,0.056311924
18032,0.0967216
18033,0.055955965
18034,0.25112745
18035,0.06982463
18036,0.031338893
18037,0.014308157
18038,0.045076717
18039,0.044891212
18040,0.028226841
18041,0.2655219
18042,0.087200336
18043,0.01734342
18044,0.066959575
18045,0.04505292
18046,0.009435961
18047,0.011436852
18048,0.5091362
18049,0.81405187
18050,0.22469003
18051,0.06971738
18052,0.06883586
18053,0.04390718
18054,0.04168703
18055,0.06895805
18056,0.06691163
18057,0.08003458
18058,0.73796546
18059,0.06410513
18060,0.020129217
18061,0.065638065
18062,0.063805476
18063,0.016287737
18064,0.03722408
18065,0.09423771
18066,0.4549145
18067,0.059953418
18068,0.24043143
18069,0.025138177
18070,0.06278696
18071,0.020267366
18072,0.06430146
18073,0.028174922
18074,0.023942813
18075,0.005934729
18076,0.048778236
18077,0.054054607
18078,0.025921134
18079,0.01716546
18080,0.05292232
18081,0.016620504
18082,0.088031635
18083,0.03669482
18084,0.040886562
18085,0.014214351
18086,0.032750927
18087,0.067174695
18088,0.079285525
18089,0.01961645
18090,0.05202561
18091,0.6936836
18092,0.056193694
18093,0.22370137
18094,0.044728115
18095,0.037492663
18096,0.04339596
18097,0.045152556
18098,0.012473978
18099,0.27035424
18100,0.026584912
18101,0.0066618896
18102,0.0143311955
18103,0.045596447
18104,0.07812988
18105,0.018554378
18106,0.08346953
18107,0.041108854
18108,0.025671601
18109,0.045162395
18110,0.40026116
18111,0.027228864
18112,0.01824636
18113,0.009679451
18114,0.01880375
18115,0.011803513
18116,0.04196823
18117,0.031368356
18118,0.0965645
18119,0.055825226
18120,0.014852685
18121,0.055931266
18122,0.0959692
18123,0.069558166
18124,0.061765175
18125,0.05569326
18126,0.027180094
18127,0.049379196
18128,0.19316514
18129,0.25888348
18130,0.09119568
18131,0.0071692183
18132,0.03216265
18133,0.014243429
18134,0.011893569
18135,0.015317412
18136,0.012056536
18137,0.018203875
18138,0.014462031
18139,0.02360827
18140,0.052799407
18141,0.046056293
18142,0.08534627
18143,0.006665335
18144,0.09103746
18145,0.008376206
18146,0.10770291
18147,0.025157543
18148,0.011152789
18149,0.010457498
18150,0.01607336
18151,0.017680377
18152,0.013606378
18153,0.032381043
18154,0.0075247707
18155,0.055366248
18156,0.02698105
18157,0.041597217
18158,0.013274864
18159,0.043409653
18160,0.014125661
18161,0.009973452
18162,0.007482669
18163,0.009266242
18164,0.08041091
18165,0.026634736
18166,0.045121823
18167,0.0060962117
18168,0.032516554
18169,0.015359211
18170,0.06931303
18171,0.26782572
18172,0.055191185
18173,0.056206867
18174,0.056279194
18175,0.06777511
18176,0.020785416
18177,0.010891
18178,0.065253496
18179,0.0789387
18180,0.008189842
18181,0.094222076
18182,0.015808072
18183,0.025697432
18184,0.032337494
18185,0.032266393
18186,0.026524017
18187,0.027203465
18188,0.008616407
18189,0.015440843
18190,0.01167053
18191,0.0075839856
18192,0.032634687
18193,0.010077662
18194,0.00844
18195,0.06628795
18196,0.05352561
18197,0.007832126
18198,0.005962773
18199,0.24499214
18200,0.016574465
18201,0.024272704
18202,0.014706841
18203,0.030584756
18204,0.0060824086
18205,0.010768806
18206,0.014735021
18207,0.045592695
18208,0.01736459
18209,0.013565277
18210,0.025286613
18211,0.03310373
18212,0.00965332
18213,0.011657998
18214,0.031635128
18215,0.08580748
18216,0.094777055
18217,0.0166337
18218,0.07042802
18219,0.019172003
18220,0.010854788
18221,0.044068
18222,0.05475048
18223,0.18352263
18224,0.033532172
18225,0.042193756
18226,0.07437303
18227,0.045383777
18228,0.02698256
18229,0.07006616
18230,0.044028707
18231,0.06533944
18232,0.044580907
18233,0.369484
18234,0.37243906
18235,0.045078136
18236,0.09191992
18237,0.0654108
18238,0.246425
18239,0.07165639
18240,0.08310864
18241,0.0175894
18242,0.072246365
18243,0.040523663
18244,0.014301104
18245,0.21773726
18246,0.032517802
18247,0.63520545
18248,0.22316277
18249,0.04553519
18250,0.07104162
18251,0.05923224
18252,0.012327021
18253,0.030064534
18254,0.022916416
18255,0.044169232
18256,0.03670092
18257,0.01607139
18258,0.014008675
18259,0.07814388
18260,0.2321906
18261,0.5232492
18262,0.46889734
18263,0.06512698
18264,0.23764843
18265,0.018984022
18266,0.054824438
18267,0.041292027
18268,0.058369614
18269,0.07152684
18270,0.45662326
18271,0.08188129
18272,0.07624315
18273,0.5256104
18274,0.07951324
18275,0.020905463
18276,0.42760777
18277,0.05554744
18278,0.4750842
18279,0.05125281
18280,0.047934532
18281,0.03653431
18282,0.060914386
18283,0.0722787
18284,0.22253186
18285,0.07120567
18286,0.03372239
18287,0.039484974
18288,0.06284677
18289,0.24899916
18290,0.04398527
18291,0.032323103
18292,0.054209806
18293,0.056405686
18294,0.06534625
18295,0.040275995
18296,0.04244725
18297,0.0708074
18298,0.054980602
18299,0.08208308
18300,0.25223154
18301,0.053377017
18302,0.03984132
18303,0.023400838
18304,0.0145073095
18305,0.5081224
18306,0.08026233
18307,0.06513252
18308,0.25426623
18309,0.25613773
18310,0.06085762
18311,0.051660497
18312,0.016443934
18313,0.021275954
18314,0.014307195
18315,0.007855194
18316,0.0061305934
18317,0.05314991
18318,0.016476251
18319,0.06410346
18320,0.06045028
18321,0.07068337
18322,0.08615714
18323,0.42080826
18324,0.016034957
18325,0.17026211
18326,0.044067316
18327,0.008870637
18328,0.031616047
18329,0.024960218
18330,0.08947615
18331,0.04280522
18332,0.0102541875
18333,0.060855865
18334,0.04360342
18335,0.026650451
18336,0.07446348
18337,0.5124584
18338,0.05488541
18339,0.06647434
18340,0.018073017
18341,0.01970254
18342,0.041645445
18343,0.05632322
18344,0.009786534
18345,0.02957679
18346,0.011062213
18347,0.08055796
18348,0.0878096
18349,0.07172535
18350,0.071508616
18351,0.05568559
18352,0.038056895
18353,0.032410186
18354,0.03019769
18355,0.035614394
18356,0.06757885
18357,0.052998178
18358,0.21460325
18359,0.013247589
18360,0.03659746
18361,0.025964003
18362,0.0162006
18363,0.014250405
18364,0.023707334
18365,0.0405718
18366,0.023402024
18367,0.059520554
18368,0.093887396
18369,0.37829632
18370,0.042552944
18371,0.03910109
18372,0.038119595
18373,0.06982137
18374,0.059545062
18375,0.015047553
18376,0.05347136
18377,0.073954314
18378,0.026710384
18379,0.022494445
18380,0.03197357
18381,0.006023359
18382,0.19015476
18383,0.05538208
18384,0.22632585
18385,0.2172217
18386,0.22222872
18387,0.054745607
18388,0.03923136
18389,0.017111702
18390,0.0511806
18391,0.04429058
18392,0.010706161
18393,0.08088769
18394,0.044149995
18395,0.5276806
18396,0.07297983
18397,0.019250276
18398,0.072483614
18399,0.04892351
18400,0.047419686
18401,0.017568192
18402,0.054941595
18403,0.026643675
18404,0.016793365
18405,0.015850754
18406,0.061721515
18407,0.04280522
18408,0.20929533
18409,0.05349554
18410,0.0730717
18411,0.22601163
18412,0.39435214
18413,0.05585173
18414,0.021493666
18415,0.06428899
18416,0.015300002
18417,0.03969311
18418,0.0081589725
18419,0.026331998
18420,0.009692489
18421,0.06506766
18422,0.052982707
18423,0.07758722
18424,0.04006988
18425,0.07214118
18426,0.03909173
18427,0.05331293
18428,0.03604053
18429,0.078396544
18430,0.03270601
18431,0.058852114
18432,0.030424504
18433,0.022350438
18434,0.034387387
18435,0.05419661
18436,0.059162237
18437,0.080995515
18438,0.06641955
18439,0.23699322
18440,0.07748206
18441,0.08021306
18442,0.0115055125
18443,0.06540353
18444,0.010604692
18445,0.04916357
18446,0.009509471
18447,0.04294383
18448,0.066294365
18449,0.019045284
18450,0.04533687
18451,0.038516752
18452,0.012132323
18453,0.0492119
18454,0.06493475
18455,0.03156623
18456,0.051713716
18457,0.021768173
18458,0.05875176
18459,0.012772847
18460,0.03675028
18461,0.07025575
18462,0.05499045
18463,0.07863439
18464,0.27343565
18465,0.06631689
18466,0.070816375
18467,0.054652285
18468,0.059990596
18469,0.05920975
18470,0.064868435
18471,0.049389638
18472,0.009758211
18473,0.0175894
18474,0.0931171
18475,0.060086135
18476,0.06459195
18477,0.05339634
18478,0.06202232
18479,0.025146784
18480,0.017889444
18481,0.018876826
18482,0.038024645
18483,0.08844438
18484,0.055984948
18485,0.042462643
18486,0.06941484
18487,0.56078005
18488,0.06687706
18489,0.01389962
18490,0.39659026
18491,0.05299031
18492,0.23857602
18493,0.09316105
18494,0.056535218
18495,0.018345023
18496,0.04412281
18497,0.053211283
18498,0.04532807
18499,0.07234723
18500,0.08245811
18501,0.041370194
18502,0.23577958
18503,0.06465952
18504,0.05869034
18505,0.014794673
18506,0.015074745
18507,0.018460574
18508,0.04837405
18509,0.05564489
18510,0.014199103
18511,0.07970316
18512,0.08165446
18513,0.22582257
18514,0.06261528
18515,0.031705175
18516,0.07078874
18517,0.07291737
18518,0.36008328
18519,0.051543754
18520,0.04542669
18521,0.019259265
18522,0.009595294
18523,0.055733312
18524,0.54404575
18525,0.038262583
18526,0.06790145
18527,0.4852887
18528,0.07744264
18529,0.016897356
18530,0.010121778
18531,0.009131406
18532,0.039639547
18533,0.049248904
18534,0.2187024
18535,0.23605
18536,0.060487464
18537,0.06320903
18538,0.08181028
18539,0.08017828
18540,0.08215253
18541,0.08681315
18542,0.36492538
18543,0.06427157
18544,0.018247802
18545,0.04487555
18546,0.06709814
18547,0.049373984
18548,0.3702096
18549,0.55741954
18550,0.006249843
18551,0.0400397
18552,0.36790675
18553,0.044009887
18554,0.4084028
18555,0.044391453
18556,0.05956406
18557,0.015443839
18558,0.040065676
18559,0.3663589
18560,0.039826393
18561,0.060436588
18562,0.23481126
18563,0.08149652
18564,0.24420883
18565,0.385417
18566,0.38309574
18567,0.027332492
18568,0.23759158
18569,0.21888417
18570,0.076850176
18571,0.5192483
18572,0.25028986
18573,0.44147903
18574,0.021844096
18575,0.079997145
18576,0.053500857
18577,0.026317772
18578,0.018849848
18579,0.008034159
18580,0.008554506
18581,0.0518223
18582,0.008236325
18583,0.010400257
18584,0.03247857
18585,0.186367
18586,0.06817529
18587,0.064740285
18588,0.07178056
18589,0.065479524
18590,0.22714338
18591,0.22111076
18592,0.027188264
18593,0.07181169
18594,0.23632056
18595,0.053647816
18596,0.62740505
18597,0.589236
18598,0.6434204
18599,0.02714558
18600,0.06506791
18601,0.4410941
18602,0.06404037
18603,0.016664237
18604,0.055578694
18605,0.009528849
18606,0.051940534
18607,0.0535159
18608,0.044272218
18609,0.0111283
18610,0.40520427
18611,0.016443694
18612,0.030634003
18613,0.07482745
18614,0.073148504
18615,0.04434167
18616,0.042108193
18617,0.22690319
18618,0.37374
18619,0.024705272
18620,0.077543594
18621,0.069254234
18622,0.2227654
18623,0.5245867
18624,0.72221535
18625,0.5655463
18626,0.014321418
18627,0.055326965
18628,0.025481774
18629,0.2501139
18630,0.06694707
18631,0.23940423
18632,0.066285565
18633,0.016899696
18634,0.06756207
18635,0.06904246
18636,0.081398666
18637,0.07937997
18638,0.49337927
18639,0.4324996
18640,0.22269264
18641,0.079591915
18642,0.063585594
18643,0.053006407
18644,0.07091945
18645,0.04024471
18646,0.032517802
18647,0.07986561
18648,0.07974967
18649,0.05469423
18650,0.071563415
18651,0.024123138
18652,0.6310642
18653,0.62249094
18654,0.5289245
18655,0.07764856
18656,0.043680906
18657,0.08114912
18658,0.37774605
18659,0.027204858
18660,0.015417036
18661,0.015354642
18662,0.03367666
18663,0.066924706
18664,0.044136506
18665,0.40259105
18666,0.55755883
18667,0.059737623
18668,0.069406
18669,0.06536341
18670,0.08653851
18671,0.058124114
18672,0.3636771
18673,0.21825095
18674,0.036021587
18675,0.06620357
18676,0.06987667
18677,0.07065223
18678,0.04283993
18679,0.020378986
18680,0.26214826
18681,0.2533889
18682,0.08213645
18683,0.06011593
18684,0.026519137
18685,0.07100359
18686,0.05887802
18687,0.24156244
18688,0.031071063
18689,0.03988055
18690,0.040598832
18691,0.01516028
18692,0.017168207
18693,0.039989468
18694,0.04053642
18695,0.39331135
18696,0.66131663
18697,0.2474011
18698,0.08413736
18699,0.07504712
18700,0.086435445
18701,0.08179395
18702,0.48714462
18703,0.05398871
18704,0.029541006
18705,0.03646606
18706,0.032922022
18707,0.08129701
18708,0.07484255
18709,0.07952745
18710,0.49745885
18711,0.24831338
18712,0.22920264
18713,0.6265261
18714,0.07788357
18715,0.016345743
18716,0.07949785
18717,0.23608656
18718,0.019331407
18719,0.05185555
18720,0.46085924
18721,0.05570091
18722,0.03600434
18723,0.0363119
18724,0.04176038
18725,0.22309439
18726,0.39696085
18727,0.4258958
18728,0.5243686
18729,0.3986244
18730,0.08441682
18731,0.079282776
18732,0.38780528
18733,0.083361186
18734,0.059395228
18735,0.04428592
18736,0.48881498
18737,0.24677658
18738,0.051435065
18739,0.01299224
18740,0.45076722
18741,0.24322799
18742,0.0069405953
18743,0.06404945
18744,0.07350645
18745,0.06426912
18746,0.04459754
18747,0.01063145
18748,0.010583775
18749,0.013092211
18750,0.027201178
18751,0.051419213
18752,0.065605186
18753,0.06497005
18754,0.077257454
18755,0.40346766
18756,0.58091253
18757,0.38465565
18758,0.41343045
18759,0.560655
18760,0.06587863
18761,0.016790321
18762,0.06001992
18763,0.060554642
18764,0.08315058
18765,0.08397657
18766,0.054814354
18767,0.026533311
18768,0.055131607
18769,0.07884373
18770,0.01633205
18771,0.005990669
18772,0.04157894
18773,0.07276393
18774,0.019389844
18775,0.01450249
18776,0.03817095
18777,0.0175894
18778,0.0113441525
18779,0.032687914
18780,0.06003951
18781,0.051089134
18782,0.061082434
18783,0.38866952
18784,0.0717816
18785,0.37602147
18786,0.6607098
18787,0.64423627
18788,0.24806587
18789,0.07314044
18790,0.042906065
18791,0.018515285
18792,0.04523446
18793,0.07149774
18794,0.014208543
18795,0.009482916
18796,0.03165991
18797,0.6171549
18798,0.04429914
18799,0.015611486
18800,0.054077566
18801,0.044621848
18802,0.07130986
18803,0.03824889
18804,0.043791775
18805,0.041052904
18806,0.013432806
18807,0.013981163
18808,0.026533311
18809,0.06534625
18810,0.07291571
18811,0.45624802
18812,0.4050735
18813,0.22086354
18814,0.51109993
18815,0.40247044
18816,0.4879678
18817,0.22503231
18818,0.011275499
18819,0.038684405
18820,0.032384768
18821,0.03615695
18822,0.044201124
18823,0.041090168
18824,0.01329092
18825,0.03564691
18826,0.0555257
18827,0.43899617
18828,0.066451274
18829,0.37279147
18830,0.030428603
18831,0.0708074
18832,0.07741281
18833,0.080189385
18834,0.09305558
18835,0.042790417
18836,0.028522018
18837,0.04023377
18838,0.08048611
18839,0.5083157
18840,0.38184932
18841,0.55753475
18842,0.23766491
18843,0.37446955
18844,0.084973805
18845,0.06477418
18846,0.041116055
18847,0.011143829
18848,0.038124815
18849,0.030322565
18850,0.080770425
18851,0.08228103
18852,0.06486485
18853,0.24611522
18854,0.026446283
18855,0.058508117
18856,0.010563531
18857,0.23906031
18858,0.03974478
18859,0.013930849
18860,0.011044468
18861,0.07054384
18862,0.22531965
18863,0.03021971
18864,0.0058975713
18865,0.38172734
18866,0.22694398
18867,0.05939968
18868,0.06894391
18869,0.030238295
18870,0.066765495
18871,0.060853064
18872,0.037371345
18873,0.080087714
18874,0.07085808
18875,0.03954272
18876,0.00988636
18877,0.21706074
18878,0.06734561
18879,0.032278523
18880,0.07805852
18881,0.033715717
18882,0.041273862
18883,0.00871698
18884,0.039226387
18885,0.08189158
18886,0.41737616
18887,0.49841312
18888,0.073851824
18889,0.017051313
18890,0.027414935
18891,0.048086222
18892,0.056692187
18893,0.08502782
18894,0.013494178
18895,0.031909294
18896,0.01342568
18897,0.017584983
18898,0.0109220855
18899,0.025727144
18900,0.05923886
18901,0.06587779
18902,0.404494
18903,0.013215742
18904,0.015424789
18905,0.17582062
18906,0.05786711
18907,0.06442337
18908,0.43435386
18909,0.07266157
18910,0.011937423
18911,0.010209465
18912,0.2263542
18913,0.036361177
18914,0.013746949
18915,0.060466
18916,0.07844004
18917,0.047320828
18918,0.016985018
18919,0.087607384
18920,0.01433272
18921,0.025144767
18922,0.08147263
18923,0.054827984
18924,0.038821116
18925,0.026815973
18926,0.05394474
18927,0.25042754
18928,0.030059667
18929,0.0175371
18930,0.029697314
18931,0.039641272
18932,0.0540895
18933,0.0835344
18934,0.05514808
18935,0.23689021
18936,0.06695015
18937,0.03002463
18938,0.0134012895
18939,0.044985224
18940,0.044515677
18941,0.027215352
18942,0.24581732
18943,0.076452576
18944,0.016108949
18945,0.06430341
18946,0.04443487
18947,0.010211128
18948,0.39230162
18949,0.6128366
18950,0.07337791
18951,0.06594082
18952,0.013228513
18953,0.06489009
18954,0.045019846
18955,0.04105574
18956,0.06524263
18957,0.06364873
18958,0.06981368
18959,0.6932547
18960,0.060132097
18961,0.014734471
18962,0.06335203
18963,0.05711426
18964,0.016617158
18965,0.08218592
18966,0.26393598
18967,0.05895234
18968,0.08419467
18969,0.058950298
18970,0.020582505
18971,0.061486382
18972,0.027466856
18973,0.023259649
18974,0.0063990406
18975,0.047895946
18976,0.05332977
18977,0.025479734
18978,0.01768896
18979,0.051088586
18980,0.016139248
18981,0.07978783
18982,0.039857887
18983,0.032740083
18984,0.06443032
18985,0.07027077
18986,0.019377572
18987,0.051254176
18988,0.5878457
18989,0.05459303
18990,0.07039068
18991,0.04412058
18992,0.036804244
18993,0.04253898
18994,0.044665754
18995,0.0122713735
18996,0.015460805
18997,0.45998025
18998,0.02537779
18999,0.0062157456
19000,0.00563607
19001,0.0071162214
19002,0.014465985
19003,0.01059484
19004,0.044469394
19005,0.06989165
19006,0.016899113
19007,0.009889813
19008,0.07243659
19009,0.039980754
19010,0.00656059
19011,0.044082176
19012,0.2519255
19013,0.026394192
19014,0.0075543476
19015,0.018562233
19016,0.01163277
19017,0.041043837
19018,0.008032119
19019,0.031260476
19020,0.0062517785
19021,0.084458746
19022,0.05499103
19023,0.007074943
19024,0.012008532
19025,0.014130773
19026,0.01318894
19027,0.055007026
19028,0.08258028
19029,0.06608948
19030,0.059888925
19031,0.055555634
19032,0.026397515
19033,0.04831441
19034,0.19292793
19035,0.24208324
19036,0.23118292
19037,0.007567242
19038,0.031354632
19039,0.013262925
19040,0.0112017
19041,0.01423791
19042,0.010957135
19043,0.01770531
19044,0.009134526
19045,0.014720177
19046,0.014160175
19047,0.009520226
19048,0.022679819
19049,0.050763924
19050,0.04459591
19051,0.07319705
19052,0.0065149697
19053,0.0098898
19054,0.07858903
19055,0.009733002
19056,0.24234481
19057,0.010310935
19058,0.025112886
19059,0.0112017
19060,0.009739542
19061,0.016150607
19062,0.017602362
19063,0.013808418
19064,0.0315058
19065,0.011951119
19066,0.054115247
19067,0.025999522
19068,0.04104133
19069,0.012082304
19070,0.042698313
19071,0.014202778
19072,0.0125291655
19073,0.009197051
19074,0.06942542
19075,0.025888214
19076,0.0439095
19077,0.031829983
19078,0.009615941
19079,0.014636566
19080,0.06454982
19081,0.012562504
19082,0.010096139
19083,0.010965865
19084,0.24236773
19085,0.05461495
19086,0.05515163
19087,0.05533323
19088,0.014169637
19089,0.06427047
19090,0.019533733
19091,0.010367472
19092,0.05903156
19093,0.013801438
19094,0.06950929
19095,0.08047202
19096,0.015881255
19097,0.032017913
19098,0.031992313
19099,0.026212446
19100,0.02696885
19101,0.010513297
19102,0.0077426205
19103,0.009651085
19104,0.031354796
19105,0.00988283
19106,0.011176019
19107,0.06189433
19108,0.053502534
19109,0.08291921
19110,0.023435252
19111,0.0057256212
19112,0.014005725
19113,0.044202883
19114,0.017106026
19115,0.025001531
19116,0.014645899
19117,0.032332268
19118,0.011172038
19119,0.07294091
19120,0.077985846
19121,0.06658763
19122,0.018422749
19123,0.0108668525
19124,0.03480648
19125,0.024833985
19126,0.040783238
19127,0.052771278
19128,0.031769805
19129,0.043515973
19130,0.037372347
19131,0.06950713
19132,0.04337647
19133,0.008131681
19134,0.065955415
19135,0.062525295
19136,0.04171133
19137,0.08012906
19138,0.3797953
19139,0.24138778
19140,0.061751034
19141,0.082708515
19142,0.067984164
19143,0.23284708
19144,0.05577614
19145,0.06970431
19146,0.037575983
19147,0.0122567685
19148,0.06644503
19149,0.030615022
19150,0.60412776
19151,0.22445278
19152,0.01067913
19153,0.06923888
19154,0.028285146
19155,0.041659035
19156,0.03535949
19157,0.014960685
19158,0.012565738
19159,0.07757817
19160,0.22787215
19161,0.2611006
19162,0.4282654
19163,0.061915748
19164,0.07652615
19165,0.08172893
19166,0.018072076
19167,0.0520386
19168,0.03933799
19169,0.056128774
19170,0.0653843
19171,0.03500082
19172,0.49805364
19173,0.079400375
19174,0.070898876
19175,0.5129265
19176,0.020275593
19177,0.44249025
19178,0.0148411505
19179,0.0529373
19180,0.43346608
19181,0.04938367
19182,0.045488883
19183,0.033918582
19184,0.05918401
19185,0.06804356
19186,0.07648224
19187,0.06808575
19188,0.03213078
19189,0.03750076
19190,0.060490064
19191,0.25103596
19192,0.041874472
19193,0.030031513
19194,0.051224183
19195,0.052825022
19196,0.06239884
19197,0.03006518
19198,0.06949658
19199,0.052488957
19200,0.08416724
19201,0.08636828
19202,0.02235264
19203,0.037987515
19204,0.012690885
19205,0.012305227
19206,0.43679625
19207,0.07370793
19208,0.06239221
19209,0.422734
19210,0.517214
19211,0.060485262
19212,0.049025234
19213,0.012131709
19214,0.015483285
19215,0.01348192
19216,0.00661286
19217,0.036219537
19218,0.009893402
19219,0.062438764
19220,0.058368538
19221,0.06546892
19222,0.085404776
19223,0.46680424
19224,0.014553949
19225,0.1693797
19226,0.041675497
19227,0.008088904
19228,0.030445065
19229,0.023944722
19230,0.03350961
19231,0.23851213
19232,0.017120643
19233,0.040782455
19234,0.057044994
19235,0.041674953
19236,0.025496209
19237,0.22266833
19238,0.48932916
19239,0.051902786
19240,0.06355049
19241,0.016790558
19242,0.018932153
19243,0.03883121
19244,0.05195322
19245,0.028767578
19246,0.07536511
19247,0.08556365
19248,0.068960406
19249,0.068356104
19250,0.052463494
19251,0.036202002
19252,0.029791748
19253,0.02890903
19254,0.034167547
19255,0.064146444
19256,0.050679702
19257,0.21557139
19258,0.012436074
19259,0.03442992
19260,0.025782192
19261,0.014937498
19262,0.013315968
19263,0.021892358
19264,0.03858387
19265,0.022332467
19266,0.05666394
19267,0.086346604
19268,0.36215273
19269,0.040776502
19270,0.037745427
19271,0.03608476
19272,0.068143964
19273,0.05684014
19274,0.012872516
19275,0.05155031
19276,0.029220367
19277,0.07230354
19278,0.025615163
19279,0.021970741
19280,0.030244688
19281,0.0050928397
19282,0.18937597
19283,0.052405626
19284,0.22632883
19285,0.21894066
19286,0.22066078
19287,0.05188533
19288,0.037167836
19289,0.015036972
19290,0.04898449
19291,0.04163767
19292,0.009365672
19293,0.07460021
19294,0.041553773
19295,0.5724706
19296,0.06952234
19297,0.018314505
19298,0.07109051
19299,0.046403326
19300,0.016959747
19301,0.008612837
19302,0.052580167
19303,0.02686208
19304,0.010082809
19305,0.0152171785
19306,0.015253985
19307,0.059783917
19308,0.040862605
19309,0.20307712
19310,0.05136969
19311,0.06987719
19312,0.22663093
19313,0.41132987
19314,0.05288285
19315,0.020231763
19316,0.06065358
19317,0.013533781
19318,0.03742854
19319,0.006231532
19320,0.024610987
19321,0.008088133
19322,0.062412247
19323,0.050607663
19324,0.074723564
19325,0.038101982
19326,0.069224834
19327,0.03725112
19328,0.050612375
19329,0.033625975
19330,0.07508195
19331,0.009338081
19332,0.055530753
19333,0.030617258
19334,0.009400945
19335,0.020985404
19336,0.034286283
19337,0.050974485
19338,0.057007436
19339,0.0741339
19340,0.06396765
19341,0.23408188
19342,0.07654793
19343,0.074780166
19344,0.010647298
19345,0.061766583
19346,0.04656134
19347,0.038601875
19348,0.061622217
19349,0.018576263
19350,0.043681387
19351,0.037105277
19352,0.04714811
19353,0.060242157
19354,0.030601919
19355,0.05066711
19356,0.020980949
19357,0.03012019
19358,0.055813987
19359,0.012088688
19360,0.035125438
19361,0.069318615
19362,0.050965093
19363,0.07933979
19364,0.26779425
19365,0.06326473
19366,0.22079265
19367,0.051762324
19368,0.056864545
19369,0.05671394
19370,0.061977874
19371,0.0475397
19372,0.008852644
19373,0.016926503
19374,0.24308734
19375,0.056916043
19376,0.061807156
19377,0.050840717
19378,0.058854166
19379,0.015930785
19380,0.017950458
19381,0.03616336
19382,0.24417286
19383,0.054450925
19384,0.04099735
19385,0.0668096
19386,0.5367746
19387,0.061841547
19388,0.013111297
19389,0.37461415
19390,0.050658014
19391,0.23625101
19392,0.08438385
19393,0.053338505
19394,0.017393397
19395,0.04172061
19396,0.04201512
19397,0.06719017
19398,0.08194449
19399,0.038221434
19400,0.07667682
19401,0.061433427
19402,0.056870773
19403,0.013340766
19404,0.017451305
19405,0.04500288
19406,0.052779708
19407,0.013048975
19408,0.0774625
19409,0.08136477
19410,0.07594463
19411,0.06001058
19412,0.030195268
19413,0.06942192
19414,0.07277367
19415,0.35392296
19416,0.05012683
19417,0.008812328
19418,0.042764828
19419,0.018965714
19420,0.00826821
19421,0.052733958
19422,0.58609563
19423,0.036540177
19424,0.063671
19425,0.4599725
19426,0.22511496
19427,0.009019113
19428,0.008221416
19429,0.037519805
19430,0.046369817
19431,0.21901344
19432,0.38922992
19433,0.0576511
19434,0.060237218
19435,0.22403339
19436,0.07935733
19437,0.0765059
19438,0.23773561
19439,0.39073706
19440,0.061202355
19441,0.042464815
19442,0.062941715
19443,0.046595927
19444,0.24256095
19445,0.6285141
19446,0.03881799
19447,0.24738745
19448,0.041418258
19449,0.081950784
19450,0.042140603
19451,0.056940127
19452,0.015224382
19453,0.038596436
19454,0.0051156683
19455,0.42229256
19456,0.18677725
19457,0.057544895
19458,0.22905089
19459,0.07765976
19460,0.24197628
19461,0.39454958
19462,0.35639036
19463,0.026408808
19464,0.086119786
19465,0.21461563
19466,0.07390133
19467,0.60252494
19468,0.5302459
19469,0.4383868
19470,0.022328526
19471,0.22441976
19472,0.052003026
19473,0.01740245
19474,0.009294642
19475,0.048938047
19476,0.009519845
19477,0.03083835
19478,0.04927354
19479,0.05986867
19480,0.061352015
19481,0.06960336
19482,0.062002547
19483,0.37110442
19484,0.40006015
19485,0.02592455
19486,0.069074124
19487,0.3790785
19488,0.016141417
19489,0.05030399
19490,0.5400955
19491,0.5837042
19492,0.66165257
19493,0.004625679
19494,0.0142020285
19495,0.061918177
19496,0.4527267
19497,0.060992762
19498,0.014560338
19499,0.05264274
19500,0.010545154
19501,0.0077536628
19502,0.048743714
19503,0.05303701
19504,0.041812442
19505,0.010142527
19506,0.39438638
19507,0.014833681
19508,0.028592326
19509,0.06905136
19510,0.068269104
19511,0.042258162
19512,0.041863844
19513,0.40034315
19514,0.37982488
19515,0.023944171
19516,0.07556239
19517,0.06747149
19518,0.06744457
19519,0.5159513
19520,0.68699837
19521,0.5464318
19522,0.052034494
19523,0.0254254
19524,0.0073676347
19525,0.25004998
19526,0.062174395
19527,0.08036093
19528,0.037793614
19529,0.06362821
19530,0.01612202
19531,0.06294223
19532,0.06821781
19533,0.07824651
19534,0.07220357
19535,0.45108405
19536,0.5008575
19537,0.22528656
19538,0.07908775
19539,0.05952512
19540,0.050233733
19541,0.06894341
19542,0.03851304
19543,0.031091725
19544,0.02063617
19545,0.07932245
19546,0.07785377
19547,0.05272344
19548,0.06747963
19549,0.022036048
19550,0.5197503
19551,0.5425752
19552,0.50874203
19553,0.07429706
19554,0.041516364
19555,0.22597174
19556,0.010185781
19557,0.383859
19558,0.0253434
19559,0.014884238
19560,0.013944426
19561,0.031919476
19562,0.063132204
19563,0.042776223
19564,0.36312476
19565,0.6094324
19566,0.056094084
19567,0.066107325
19568,0.06193013
19569,0.08058932
19570,0.055180736
19571,0.38260755
19572,0.21500455
19573,0.034118634
19574,0.063529335
19575,0.06904696
19576,0.06756516
19577,0.040806428
19578,0.020160986
19579,0.25692877
19580,0.24805
19581,0.08131031
19582,0.057865027
19583,0.068466455
19584,0.053447112
19585,0.2451207
19586,0.028968345
19587,0.037845258
19588,0.038885515
19589,0.014438644
19590,0.015967568
19591,0.037950996
19592,0.03843223
19593,0.37065658
19594,0.5873547
19595,0.24180688
19596,0.077956535
19597,0.071089104
19598,0.08050384
19599,0.07861564
19600,0.49359527
19601,0.051278245
19602,0.02780012
19603,0.03514321
19604,0.03060498
19605,0.07771253
19606,0.06748822
19607,0.2237564
19608,0.14251319
19609,0.3937916
19610,0.07986736
19611,0.5448824
19612,0.07819091
19613,0.015225578
19614,0.07453753
19615,0.22828914
19616,0.01801221
19617,0.048016183
19618,0.2494014
19619,0.051792488
19620,0.03347965
19621,0.0340902
19622,0.039307617
19623,0.2220164
19624,0.40025333
19625,0.24182229
19626,0.5064988
19627,0.42190537
19628,0.078509726
19629,0.07596252
19630,0.36535382
19631,0.025125127
19632,0.08231534
19633,0.05689382
19634,0.042071752
19635,0.50154644
19636,0.24185036
19637,0.048938047
19638,0.4770765
19639,0.39597797
19640,0.061002307
19641,0.069696836
19642,0.061002307
19643,0.042266432
19644,0.009467117
19645,0.012418123
19646,0.026447412
19647,0.048743714
19648,0.06260864
19649,0.061912723
19650,0.074287325
19651,0.39365333
19652,0.6461197
19653,0.40240034
19654,0.41142896
19655,0.5992013
19656,0.06364845
19657,0.056501597
19658,0.057704087
19659,0.07918399
19660,0.23679893
19661,0.052602015
19662,0.02521398
19663,0.052359816
19664,0.07585605
19665,0.015678642
19666,0.004711461
19667,0.03940948
19668,0.067904755
19669,0.018161386
19670,0.012863229
19671,0.035997756
19672,0.016560774
19673,0.010177798
19674,0.03017475
19675,0.056729678
19676,0.049387515
19677,0.059110414
19678,0.22954102
19679,0.07246526
19680,0.35168752
19681,0.68246347
19682,0.56420314
19683,0.24300055
19684,0.06863101
19685,0.04104415
19686,0.017551502
19687,0.04257007
19688,0.06886618
19689,0.012428671
19690,0.008342259
19691,0.632842
19692,0.04193829
19693,0.014689912
19694,0.05121582
19695,0.042129822
19696,0.06781305
19697,0.03660357
19698,0.041778482
19699,0.03879849
19700,0.012337625
19701,0.012733485
19702,0.025430858
19703,0.061549164
19704,0.06891947
19705,0.46801955
19706,0.3899269
19707,0.22380136
19708,0.64449203
19709,0.43084925
19710,0.4430059
19711,0.22382665
19712,0.037047945
19713,0.03067825
19714,0.033524185
19715,0.041584875
19716,0.039150152
19717,0.033854008
19718,0.05242758
19719,0.4040417
19720,0.065005206
19721,0.40850702
19722,0.02927298
19723,0.07056243
19724,0.07372217
19725,0.077811986
19726,0.08985001
19727,0.04029816
19728,0.028776973
19729,0.008020849
19730,0.037780937
19731,0.07645376
19732,0.55733055
19733,0.4020757
19734,0.54375917
19735,0.3884694
19736,0.24727227
19737,0.08750338
19738,0.062399272
19739,0.039493397
19740,0.02007727
19741,0.010091795
19742,0.036118034
19743,0.028993031
19744,0.074456654
19745,0.07736115
19746,0.062419638
19747,0.23784299
19748,0.025180737
19749,0.056509987
19750,0.2378108
19751,0.03839515
19752,0.0099828625
19753,0.009810206
19754,0.0701124
19755,0.22580928
19756,0.028655557
19757,0.0048378874
19758,0.21548332
19759,0.22788197
19760,0.0573373
19761,0.066797584
19762,0.029021021
19763,0.06319632
19764,0.05927049
19765,0.034871355
19766,0.07432079
19767,0.06819267
19768,0.038279556
19769,0.023991972
19770,0.21288887
19771,0.012069784
19772,0.06367077
19773,0.030615022
19774,0.07448893
19775,0.03180484
19776,0.03881354
19777,0.008376833
19778,0.03725112
19779,0.07557796
19780,0.40474555
19781,0.47116807
19782,0.070298575
19783,0.015970912
19784,0.025914384
19785,0.046652153
19786,0.013016978
19787,0.05332034
19788,0.07948048
19789,0.012370888
19790,0.029082613
19791,0.01238196
19792,0.01604413
19793,0.009700949
19794,0.024245318
19795,0.057212595
19796,0.061833818
19797,0.39758366
19798,0.012903036
19799,0.014923424
19800,0.030029567
19801,0.055461783
19802,0.06344927
19803,0.47466058
19804,0.07183948
19805,0.079043835
19806,0.034634147
19807,0.05658629
19808,0.07480407
19809,0.045057304
19810,0.014937498
19811,0.008844627
19812,0.2477315
19813,0.012892016
19814,0.0235008
19815,0.07487203
19816,0.05195767
19817,0.037473943
19818,0.015433319
19819,0.0249897
19820,0.050737444
19821,0.24113747
19822,0.028849151
19823,0.016002161
19824,0.028562112
19825,0.03748274
19826,0.050416593
19827,0.07962144
19828,0.052368052
19829,0.23610108
19830,0.063950986
19831,0.028567221
19832,0.04298409
19833,0.042464815
19834,0.026261944
19835,0.23643248
19836,0.0704457
19837,0.014791628
19838,0.060185138
19839,0.04270037
19840,0.008389598
19841,0.009370123
19842,0.42310148
19843,0.680185
19844,0.21346787
19845,0.06370957
19846,0.06230557
19847,0.04208891
19848,0.03942468
19849,0.06313075
19850,0.06050824
19851,0.069911644
19852,0.66125774
19853,0.01527773
19854,0.05762425
19855,0.013078239
19856,0.059285652
19857,0.05815674
19858,0.014850247
19859,0.03453207
19860,0.08097721
19861,0.26740703
19862,0.05612155
19863,0.07787602
19864,0.023804145
19865,0.05621593
19866,0.013201334
19867,0.018827999
19868,0.05917889
19869,0.025701227
19870,0.022238636
19871,0.0045600845
19872,0.045881912
19873,0.050413053
19874,0.025022633
19875,0.015979854
19876,0.048708618
19877,0.014207783
19878,0.07281051
19879,0.037989765
19880,0.030706232
19881,0.060830493
19882,0.06822222
19883,0.01826673
19884,0.049018577
19885,0.5730837
19886,0.052224424
19887,0.06725521
19888,0.04186889
19889,0.03477792
19890,0.04085617
19891,0.041712854
19892,0.01072495
19893,0.013980846
19894,0.24827075
19895,0.025050435
19896,0.0068208803
19897,0.013449251
19898,0.009296124
19899,0.041771002
19900,0.06739463
19901,0.016681112
19902,0.009226641
19903,0.072034255
19904,0.03815321
19905,0.023944722
19906,0.0051203007
19907,0.041296516
19908,0.37261984
19909,0.025685458
19910,0.005046483
19911,0.017187258
19912,0.010764694
19913,0.038760517
19914,0.029237743
19915,0.081554644
19916,0.05199823
19917,0.012828242
19918,0.012727011
19919,0.05219141
19920,0.22606012
19921,0.06424292
19922,0.05674365
19923,0.05182953
19924,0.025492318
19925,0.045592412
19926,0.014338392
19927,0.188318
19928,0.080182336
19929,0.3805955
19930,0.0067176563
19931,0.009377594
19932,0.012234885
19933,0.010396905
19934,0.013643151
19935,0.010190502
19936,0.01631664
19937,0.0077715577
19938,0.013501713
19939,0.012360653
19940,0.020991037
19941,0.049446236
19942,0.042090412
19943,0.07096373
19944,0.07702813
19945,0.23957309
19946,0.023918021
19947,0.010280718
19948,0.014548479
19949,0.015862057
19950,0.008106894
19951,0.012752896
19952,0.029574104
19953,0.010659085
19954,0.012444687
19955,0.008105377
19956,0.0071785613
19957,0.05112256
19958,0.025335042
19959,0.039269477
19960,0.011244392
19961,0.041058384
19962,0.012695467
19963,0.011003469
19964,0.008141163
19965,0.06756516
19966,0.024588777
19967,0.04223684
19968,0.009361892
19969,0.029973386
19970,0.009956242
19971,0.013402976
19972,0.061902985
19973,0.009463153
19974,0.24341685
19975,0.05170815
19976,0.052376382
19977,0.052605268
19978,0.061599452
19979,0.018902484
19980,0.009595382
19981,0.060571447
19982,0.013158688
19983,0.06789496
19984,0.0754909
19985,0.014738782
19986,0.024205148
19987,0.029959567
19988,0.030811438
19989,0.02492239
19990,0.010127019
19991,0.006456372
19992,0.009970301
19993,0.0097267395
19994,0.0070861597
19995,0.03197089
19996,0.009002702
19997,0.06011909
19998,0.050570525
19999,0.07250122
20000,0.014979989
20001,0.0049246494
20002,0.009344242
20003,0.013187129
20004,0.041849386
20005,0.01619581
20006,0.012559614
20007,0.023881074
20008,0.03045419
20009,0.009313945
20010,0.028900005
20011,0.07269063
20012,0.07936109
20013,0.008161208
20014,0.06309144
20015,0.017159631
20016,0.034581546
20017,0.051347833
20018,0.024549225
20019,0.041384656
20020,0.052858394
20021,0.043432474
20022,0.070650086
20023,0.03677793
20024,0.030018242
20025,0.06703635
20026,0.0416842
20027,0.061997365
20028,0.04236092
20029,0.07890087
20030,0.22393076
20031,0.24020766
20032,0.43203154
20033,0.06817106
20034,0.2309589
20035,0.05596529
20036,0.06924249
20037,0.037954163
20038,0.012717064
20039,0.06576883
20040,0.03059299
20041,0.5615673
20042,0.070391476
20043,0.041840136
20044,0.06970777
20045,0.0555352
20046,0.011044549
20047,0.04276992
20048,0.03509442
20049,0.015202622
20050,0.07422911
20051,0.07256924
20052,0.42949566
20053,0.5002582
20054,0.04146501
20055,0.07625768
20056,0.23395303
20057,0.018047208
20058,0.050776176
20059,0.039760057
20060,0.05562651
20061,0.06505122
20062,0.49503654
20063,0.078550905
20064,0.07125304
20065,0.52630824
20066,0.46083033
20067,0.05256153
20068,0.24886517
20069,0.04873537
20070,0.04619517
20071,0.033530068
20072,0.058170047
20073,0.06812225
20074,0.074003436
20075,0.031860232
20076,0.03721792
20077,0.06050489
20078,0.35928845
20079,0.042627178
20080,0.02997914
20081,0.051386528
20082,0.052812528
20083,0.06148478
20084,0.03003769
20085,0.069854036
20086,0.025459774
20087,0.05261936
20088,0.23415959
20089,0.079438
20090,0.02226674
20091,0.037808564
20092,0.0125983935
20093,0.013158433
20094,0.012400928
20095,0.44208136
20096,0.07479844
20097,0.061700616
20098,0.24550441
20099,0.51833636
20100,0.005633943
20101,0.06040363
20102,0.049011167
20103,0.011881596
20104,0.015537335
20105,0.013221736
20106,0.03662374
20107,0.010125457
20108,0.060977023
20109,0.05763533
20110,0.068369865
20111,0.24172841
20112,0.46520734
20113,0.1625732
20114,0.041455638
20115,0.007951647
20116,0.024223313
20117,0.03353595
20118,0.23867927
20119,0.040891904
20120,0.05680657
20121,0.041276462
20122,0.2233494
20123,0.2760651
20124,0.05021523
20125,0.063854225
20126,0.016706426
20127,0.018943433
20128,0.03960645
20129,0.053052396
20130,0.028132536
20131,0.07394384
20132,0.085580006
20133,0.066357195
20134,0.06750203
20135,0.052621678
20136,0.03620827
20137,0.03018191
20138,0.0276575
20139,0.034496002
20140,0.062318593
20141,0.050485052
20142,0.21251531
20143,0.012747047
20144,0.032900117
20145,0.0260045
20146,0.015682703
20147,0.012998299
20148,0.022370052
20149,0.03832385
20150,0.018933376
20151,0.056707356
20152,0.08175949
20153,0.23291779
20154,0.041005306
20155,0.03722424
20156,0.036027174
20157,0.06777043
20158,0.057108115
20159,0.050868105
20160,0.029520277
20161,0.071534716
20162,0.025266865
20163,0.021968788
20164,0.02988581
20165,0.005245267
20166,0.051653814
20167,0.052988682
20168,0.22488196
20169,0.21447368
20170,0.2215579
20171,0.05199846
20172,0.03719794
20173,0.014835357
20174,0.047182336
20175,0.04218199
20176,0.009903195
20177,0.07668756
20178,0.041870173
20179,0.51511943
20180,0.06936583
20181,0.01825955
20182,0.06875591
20183,0.046520088
20184,0.045089237
20185,0.016714605
20186,0.014160913
20187,0.008760646
20188,0.052587338
20189,0.014974373
20190,0.01560752
20191,0.05931649
20192,0.040878367
20193,0.057516776
20194,0.051240187
20195,0.06864908
20196,0.35741517
20197,0.38801375
20198,0.1903934
20199,0.020587359
20200,0.061266627
20201,0.014001185
20202,0.03765837
20203,0.024776163
20204,0.008075011
20205,0.06196761
20206,0.050641548
20207,0.07638786
20208,0.03817433
20209,0.06861974
20210,0.037207674
20211,0.051622603
20212,0.03356204
20213,0.014474939
20214,0.016736886
20215,0.076826476
20216,0.009264345
20217,0.030147681
20218,0.055846006
20219,0.030579828
20220,0.008611689
20221,0.021334073
20222,0.034207556
20223,0.050510798
20224,0.05679686
20225,0.074140474
20226,0.06310752
20227,0.08106386
20228,0.22088932
20229,0.226001
20230,0.010654667
20231,0.061691243
20232,0.04620823
20233,0.009107975
20234,0.038650636
20235,0.06133042
20236,0.04221742
20237,0.037403245
20238,0.046768397
20239,0.06194611
20240,0.030336905
20241,0.05083878
20242,0.020334654
20243,0.030185055
20244,0.05554145
20245,0.0130783
20246,0.03500031
20247,0.06961421
20248,0.05248383
20249,0.075147025
20250,0.27366498
20251,0.06364104
20252,0.21380664
20253,0.04980826
20254,0.057076633
20255,0.056893762
20256,0.061929516
20257,0.046241485
20258,0.016577696
20259,0.2442707
20260,0.056974396
20261,0.060834806
20262,0.050657783
20263,0.05858098
20264,0.015566587
20265,0.01616169
20266,0.017383447
20267,0.036293745
20268,0.24328431
20269,0.053172547
20270,0.041255984
20271,0.06619882
20272,0.62950027
20273,0.06311871
20274,0.012778128
20275,0.36256215
20276,0.051095095
20277,0.23573604
20278,0.07997768
20279,0.053138275
20280,0.005914224
20281,0.017404579
20282,0.041734114
20283,0.042278714
20284,0.06800576
20285,0.07942543
20286,0.03796532
20287,0.23340541
20288,0.062152635
20289,0.0068644816
20290,0.0561261
20291,0.013462026
20292,0.044981033
20293,0.052627273
20294,0.013170679
20295,0.07490841
20296,0.07763822
20297,0.22714409
20298,0.059308853
20299,0.029537154
20300,0.06854256
20301,0.22470789
20302,0.3859773
20303,0.048971556
20304,0.043088496
20305,0.018940846
20306,0.007875509
20307,0.052496605
20308,0.5802466
20309,0.036293745
20310,0.06715828
20311,0.49236223
20312,0.22602543
20313,0.007892108
20314,0.011068635
20315,0.007776642
20316,0.037254117
20317,0.04651296
20318,0.2195503
20319,0.41897723
20320,0.05717932
20321,0.0604227
20322,0.23061207
20323,0.079493694
20324,0.078746065
20325,0.23742439
20326,0.3698753
20327,0.059106536
20328,0.042838197
20329,0.06339631
20330,0.046857975
20331,0.24482049
20332,0.59387714
20333,0.0051810597
20334,0.039589476
20335,0.24241923
20336,0.041910842
20337,0.08451395
20338,0.011198218
20339,0.04222374
20340,0.05627853
20341,0.014460317
20342,0.038547274
20343,0.39818785
20344,0.18312469
20345,0.057129264
20346,0.07133021
20347,0.076591186
20348,0.24169497
20349,0.42973354
20350,0.38909385
20351,0.025913795
20352,0.084835716
20353,0.22122788
20354,0.07376664
20355,0.5291977
20356,0.43833366
20357,0.4996183
20358,0.0052973526
20359,0.022800265
20360,0.22496963
20361,0.051985543
20362,0.025444744
20363,0.017588597
20364,0.048843484
20365,0.0049235146
20366,0.008013809
20367,0.009559255
20368,0.03076246
20369,0.048890017
20370,0.06362648
20371,0.062347885
20372,0.06773955
20373,0.062356398
20374,0.3750099
20375,0.21009713
20376,0.025895804
20377,0.070188515
20378,0.08189999
20379,0.015613203
20380,0.05091219
20381,0.6230361
20382,0.2599125
20383,0.5929739
20384,0.024117058
20385,0.06191158
20386,0.38664454
20387,0.06022476
20388,0.014297209
20389,0.05203505
20390,0.008120847
20391,0.048999414
20392,0.05253096
20393,0.04153359
20394,0.009959242
20395,0.3777939
20396,0.015314842
20397,0.027420495
20398,0.067972004
20399,0.06774073
20400,0.04285737
20401,0.042351734
20402,0.39158347
20403,0.39125714
20404,0.02412799
20405,0.07764368
20406,0.067383766
20407,0.068486005
20408,0.5771894
20409,0.6945486
20410,0.5590281
20411,0.013197287
20412,0.050766032
20413,0.025388109
20414,0.4008843
20415,0.06163837
20416,0.23494008
20417,0.037803546
20418,0.06250575
20419,0.016482344
20420,0.06338392
20421,0.06675716
20422,0.077943645
20423,0.07189603
20424,0.4413534
20425,0.41939187
20426,0.22231118
20427,0.078892976
20428,0.06054122
20429,0.05065186
20430,0.06761672
20431,0.038103506
20432,0.03128742
20433,0.077967644
20434,0.0765535
20435,0.052434947
20436,0.21543433
20437,0.022388887
20438,0.66477174
20439,0.535731
20440,0.51421416
20441,0.075962804
20442,0.041719824
20443,0.22766049
20444,0.010178269
20445,0.408649
20446,0.025753325
20447,0.015130765
20448,0.013851556
20449,0.031945955
20450,0.06330434
20451,0.041804884
20452,0.418018
20453,0.6140242
20454,0.057125848
20455,0.06529421
20456,0.061225332
20457,0.23088434
20458,0.053356066
20459,0.37256524
20460,0.21666841
20461,0.03387453
20462,0.06222651
20463,0.06659285
20464,0.067676984
20465,0.040456526
20466,0.019307131
20467,0.25955257
20468,0.23256074
20469,0.08045079
20470,0.05779397
20471,0.025432324
20472,0.06687319
20473,0.05700561
20474,0.07815842
20475,0.028381445
20476,0.037661687
20477,0.03963111
20478,0.014823946
20479,0.015687736
20480,0.037422504
20481,0.03819532
20482,0.40288472
20483,0.60113585
20484,0.40207174
20485,0.24113798
20486,0.06938704
20487,0.077320255
20488,0.077400945
20489,0.42886576
20490,0.048069105
20491,0.034867898
20492,0.030769933
20493,0.08010405
20494,0.07188844
20495,0.074502215
20496,0.2594079
20497,0.36562252
20498,0.07988504
20499,0.7176074
20500,0.07462551
20501,0.0153206205
20502,0.076605655
20503,0.23683463
20504,0.018570637
20505,0.0493456
20506,0.25387055
20507,0.05201369
20508,0.03357556
20509,0.03343537
20510,0.03988522
20511,0.077397846
20512,0.41126677
20513,0.2413382
20514,0.5240972
20515,0.24611169
20516,0.078568034
20517,0.07554886
20518,0.3705954
20519,0.22798765
20520,0.056673877
20521,0.041731227
20522,0.46687347
20523,0.08475615
20524,0.04921242
20525,0.43575123
20526,0.24785464
20527,0.004693708
20528,0.06050546
20529,0.06969219
20530,0.061176542
20531,0.04261696
20532,0.012469021
20533,0.024911497
20534,0.048529956
20535,0.062615454
20536,0.061978027
20537,0.077196464
20538,0.42019168
20539,0.5844937
20540,0.41201383
20541,0.37496847
20542,0.57052505
20543,0.06414102
20544,0.056926455
20545,0.05748653
20546,0.07543734
20547,0.08343596
20548,0.052601248
20549,0.025560945
20550,0.050429147
20551,0.07584699
20552,0.0151672335
20553,0.004622945
20554,0.0395812
20555,0.068644844
20556,0.018092977
20557,0.0362008
20558,0.010319041
20559,0.0301412
20560,0.056588247
20561,0.049409248
20562,0.05768961
20563,0.37988576
20564,0.22787724
20565,0.3847675
20566,0.6858536
20567,0.628581
20568,0.24684691
20569,0.06947228
20570,0.040911376
20571,0.016653217
20572,0.04280478
20573,0.06805577
20574,0.013305364
20575,0.008314563
20576,0.030238872
20577,0.62091285
20578,0.042481754
20579,0.01482924
20580,0.0510564
20581,0.042570446
20582,0.06833983
20583,0.03629333
20584,0.04172395
20585,0.014555297
20586,0.040630605
20587,0.011487547
20588,0.012298262
20589,0.024293138
20590,0.059672274
20591,0.06794529
20592,0.50361764
20593,0.41816542
20594,0.22745745
20595,0.63946205
20596,0.401848
20597,0.4110598
20598,0.22421087
20599,0.03073926
20600,0.033159647
20601,0.042234175
20602,0.03910295
20603,0.013610085
20604,0.033519384
20605,0.05205776
20606,0.5100803
20607,0.063403785
20608,0.39528114
20609,0.029453835
20610,0.069613084
20611,0.07405867
20612,0.07838338
20613,0.08436244
20614,0.041020446
20615,0.007970545
20616,0.03758478
20617,0.07625897
20618,0.64350957
20619,0.38887686
20620,0.507529
20621,0.23751576
20622,0.38074324
20623,0.077947296
20624,0.0622143
20625,0.03974365
20626,0.010127724
20627,0.037067186
20628,0.028260186
20629,0.07645022
20630,0.07556289
20631,0.06297007
20632,0.3650518
20633,0.025278697
20634,0.056329433
20635,0.008842843
20636,0.38630712
20637,0.038200084
20638,0.009290209
20639,0.009417493
20640,0.06581999
20641,0.35442686
20642,0.028712604
20643,0.005178734
20644,0.21577848
20645,0.22942837
20646,0.05701068
20647,0.065300986
20648,0.028988842
20649,0.06404173
20650,0.05917834
20651,0.035219304
20652,0.075869806
20653,0.06786425
20654,0.037810583
20655,0.02218677
20656,0.008473739
20657,0.07251024
20658,0.012777346
20659,0.0631121
20660,0.0053965007
20661,0.03117562
20662,0.07399689
20663,0.031945955
20664,0.038890395
20665,0.00754218
20666,0.037266396
20667,0.07503541
20668,0.36921924
20669,0.42070684
20670,0.06991848
20671,0.009347464
20672,0.025946813
20673,0.04573201
20674,0.012379731
20675,0.054429468
20676,0.08044368
20677,0.012408288
20678,0.029265422
20679,0.012107259
20680,0.029597564
20681,0.016065266
20682,0.02432252
20683,0.056694698
20684,0.061640456
20685,0.41095722
20686,0.011856249
20687,0.01389268
20688,0.1735558
20689,0.055413436
20690,0.063760825
20691,0.47772035
20692,0.0690669
20693,0.010473376
20694,0.08000323
20695,0.034227457
20696,0.013071752
20697,0.056723263
20698,0.07405278
20699,0.04505139
20700,0.014371171
20701,0.008891544
20702,0.24613553
20703,0.030176144
20704,0.012670008
20705,0.02375786
20706,0.076431155
20707,0.052072726
20708,0.036989395
20709,0.014822773
20710,0.02558807
20711,0.051379144
20712,0.24950132
20713,0.028916026
20714,0.0049876072
20715,0.015695496
20716,0.028105246
20717,0.0381549
20718,0.051164202
20719,0.23571397
20720,0.05275465
20721,0.23331642
20722,0.063367575
20723,0.026768895
20724,0.012756162
20725,0.04190205
20726,0.04222115
20727,0.025910454
20728,0.07905783
20729,0.014868104
20730,0.07013265
20731,0.015136731
20732,0.06098383
20733,0.04234909
20734,0.0085130995
20735,0.38924032
20736,0.7382746
20737,0.0709944
20738,0.06268798
20739,0.012295051
20740,0.061928097
20741,0.04178347
20742,0.03943268
20743,0.06304048
20744,0.059497897
20745,0.06738528
20746,0.5500117
20747,0.015645137
20748,0.05786736
20749,0.05794279
20750,0.05804903
20751,0.014891936
20752,0.035186905
20753,0.08034424
20754,0.43847382
20755,0.05646571
20756,0.07998039
20757,0.023877064
20758,0.057685435
20759,0.0077055595
20760,0.018813053
20761,0.057522666
20762,0.026197568
20763,0.022208724
20764,0.045973264
20765,0.050475318
20766,0.024700847
20767,0.049115032
20768,0.011068635
20769,0.017816808
20770,0.0725352
20771,0.03463886
20772,0.038318634
20773,0.012811564
20774,0.03078001
20775,0.060466077
20776,0.07012775
20777,0.018668592
20778,0.04875997
20779,0.6487139
20780,0.052509066
20781,0.06844353
20782,0.035380974
20783,0.040784303
20784,0.04176926
20785,0.010947104
20786,0.01438705
20787,0.4424786
20788,0.02518234
20789,0.0062720343
20790,0.0133011695
20791,0.042815976
20792,0.06696431
20793,0.016149152
20794,0.009015055
20795,0.06871596
20796,0.03828751
20797,0.024252389
20798,0.041691758
20799,0.3948651
20800,0.025463661
20801,0.016677534
20802,0.017208824
20803,0.010679319
20804,0.038992736
20805,0.02833104
20806,0.07994517
20807,0.052297052
20808,0.012743368
20809,0.013170993
20810,0.006716469
20811,0.052311424
20812,0.22571948
20813,0.06313109
20814,0.056492202
20815,0.051679984
20816,0.025734423
20817,0.0455145
20818,0.014578162
20819,0.1902576
20820,0.23899302
20821,0.38054335
20822,0.008090366
20823,0.012076229
20824,0.009926628
20825,0.010243181
20826,0.01619181
20827,0.007844509
20828,0.008424751
20829,0.012235252
20830,0.012946477
20831,0.008475296
20832,0.021176917
20833,0.048699543
20834,0.041920107
20835,0.069105424
20836,0.011464432
20837,0.07702273
20838,0.00840908
20839,0.2389197
20840,0.009350492
20841,0.00797268
20842,0.023879444
20843,0.01046889
20844,0.014844894
20845,0.016086804
20846,0.012554089
20847,0.02927332
20848,0.051250517
20849,0.025568249
20850,0.039107423
20851,0.040773813
20852,0.012400808
20853,0.0081239315
20854,0.011189965
20855,0.008390519
20856,0.06802688
20857,0.024757026
20858,0.041860025
20859,0.0073782387
20860,0.030170558
20861,0.013364819
20862,0.061741076
20863,0.0096229045
20864,0.009842475
20865,0.370601
20866,0.05240925
20867,0.052955054
20868,0.06027061
20869,0.019367471
20870,0.009187987
20871,0.060460888
20872,0.01294823
20873,0.067201845
20874,0.07567388
20875,0.014963825
20876,0.024240302
20877,0.03020109
20878,0.030316457
20879,0.024741795
20880,0.02529674
20881,0.009038608
20882,0.006651354
20883,0.0299201
20884,0.0081122415
20885,0.060430843
20886,0.0500987
20887,0.030275976
20888,0.006530974
20889,0.07680825
20890,0.015464728
20891,0.022145974
20892,0.028179767
20893,0.008842843
20894,0.013297639
20895,0.042636897
20896,0.016492486
20897,0.009833343
20898,0.027812758
20899,0.030661268
20900,0.02946167
20901,0.072825246
20902,0.07913088
20903,0.015410146
20904,0.06413976
20905,0.018795045
20906,0.043289352
20907,0.055193078
20908,0.032439765
20909,0.03779164
20910,0.038231917
20911,0.040264435
20912,0.08081912
20913,0.036066066
20914,0.081114106
20915,0.04400539
20916,0.0667971
20917,0.044358887
20918,0.24622102
20919,0.38321292
20920,0.11589909
20921,0.06827762
20922,0.27049905
20923,0.07607593
20924,0.24512023
20925,0.05792678
20926,0.016881594
20927,0.08037501
20928,0.01223572
20929,0.037470303
20930,0.012368939
20931,0.0803679
20932,0.030455789
20933,0.7242382
20934,0.08470441
20935,0.085720785
20936,0.059047896
20937,0.011333055
20938,0.028291566
20939,0.04301004
20940,0.035384774
20941,0.039260976
20942,0.08863115
20943,0.094499476
20944,0.4461065
20945,0.475361
20946,0.043547314
20947,0.06671663
20948,0.09187026
20949,0.3988892
20950,0.053569052
20951,0.040421758
20952,0.058492478
20953,0.036142908
20954,0.50401706
20955,0.094964564
20956,0.08637489
20957,0.47948423
20958,0.09396453
20959,0.4589137
20960,0.055316925
20961,0.49791571
20962,0.050545048
20963,0.047089245
20964,0.034785092
20965,0.062218003
20966,0.077372216
20967,0.087491386
20968,0.076267704
20969,0.03257886
20970,0.06476406
20971,0.41210613
20972,0.04352687
20973,0.030867772
20974,0.054539934
20975,0.05538614
20976,0.066344514
20977,0.030917889
20978,0.041549835
20979,0.07808966
20980,0.025709558
20981,0.055315968
20982,0.25751716
20983,0.05506639
20984,0.113294266
20985,0.022606881
20986,0.053627018
20987,0.03897949
20988,0.0122669395
20989,0.51452947
20990,0.08761126
20991,0.066650756
20992,0.107092276
20993,0.5012696
20994,0.06452192
20995,0.050454814
20996,0.012167588
20997,0.01552933
20998,0.013737136
20999,0.006137206
21000,0.037172552
21001,0.00877247
21002,0.06555844
21003,0.06209979
21004,0.07643075
21005,0.1137324
21006,0.26755926
21007,0.16414613
21008,0.04357249
21009,0.030345617
21010,0.024281291
21011,0.034157954
21012,0.2604515
21013,0.017519975
21014,0.039941847
21015,0.05886335
21016,0.04295925
21017,0.026522513
21018,0.08222596
21019,0.46312937
21020,0.05453844
21021,0.06832096
21022,0.016686846
21023,0.01910271
21024,0.03897397
21025,0.053990632
21026,0.02896709
21027,0.014044071
21028,0.08986447
21029,0.09990225
21030,0.078591295
21031,0.07916389
21032,0.054528266
21033,0.008798474
21034,0.03717593
21035,0.02941343
21036,0.029968575
21037,0.034911558
21038,0.06849492
21039,0.05251809
21040,0.21619146
21041,0.012697388
21042,0.035686463
21043,0.025943458
21044,0.015480266
21045,0.012587226
21046,0.023099784
21047,0.039648414
21048,0.022675611
21049,0.06012544
21050,0.10999746
21051,0.40442845
21052,0.041727677
21053,0.038530152
21054,0.037537627
21055,0.078955986
21056,0.058790747
21057,0.012462009
21058,0.052836142
21059,0.029902402
21060,0.08572124
21061,0.025890654
21062,0.022933435
21063,0.030957831
21064,0.005093549
21065,0.18837509
21066,0.054728407
21067,0.23572266
21068,0.22413205
21069,0.40505856
21070,0.05405618
21071,0.038471755
21072,0.015267138
21073,0.051189493
21074,0.041817967
21075,0.009042753
21076,0.09257727
21077,0.043052718
21078,0.5426525
21079,0.08279461
21080,0.018477129
21081,0.08063742
21082,0.048639316
21083,0.04673487
21084,0.016879717
21085,0.015062643
21086,0.00848794
21087,0.010976914
21088,0.054737426
21089,0.015992861
21090,0.015533189
21091,0.06495142
21092,0.042724006
21093,0.060786296
21094,0.05375937
21095,0.07770416
21096,0.23600428
21097,0.37936938
21098,0.055390522
21099,0.020903803
21100,0.06608268
21101,0.0134807695
21102,0.0387896
21103,0.025316361
21104,0.008290549
21105,0.06627311
21106,0.052115414
21107,0.09148524
21108,0.038697284
21109,0.07870365
21110,0.037927408
21111,0.05278322
21112,0.03446973
21113,0.0153629435
21114,0.016074365
21115,0.23674023
21116,0.009877027
21117,0.03131582
21118,0.058186974
21119,0.030884186
21120,0.02134257
21121,0.034378964
21122,0.052103948
21123,0.058834374
21124,0.0878967
21125,0.068221554
21126,0.24759306
21127,0.23694259
21128,0.08941572
21129,0.010694631
21130,0.06700999
21131,0.048076607
21132,0.008524451
21133,0.03922381
21134,0.06345709
21135,0.018798754
21136,0.04373439
21137,0.036708333
21138,0.04897736
21139,0.06565304
21140,0.03137065
21141,0.052535858
21142,0.021323614
21143,0.016065447
21144,0.058056805
21145,0.012916938
21146,0.037637703
21147,0.08186653
21148,0.05321537
21149,0.09514248
21150,0.5383507
21151,0.06831349
21152,0.0827394
21153,0.053012107
21154,0.05999016
21155,0.05889265
21156,0.062116392
21157,0.04829722
21158,0.017337337
21159,0.11313719
21160,0.05970044
21161,0.065166906
21162,0.051866375
21163,0.062515445
21164,0.015681336
21165,0.026280351
21166,0.016615346
21167,0.018328626
21168,0.037509114
21169,0.26773164
21170,0.05562433
21171,0.04208887
21172,0.07456304
21173,0.76830405
21174,0.06610096
21175,0.012613143
21176,0.38758248
21177,0.052526142
21178,0.25653794
21179,0.26289892
21180,0.055788897
21181,0.043416254
21182,0.04386489
21183,0.07627238
21184,0.095422015
21185,0.0392353
21186,0.2501628
21187,0.06697787
21188,0.0590856
21189,0.0135841025
21190,0.017580533
21191,0.04645431
21192,0.05562754
21193,0.013104783
21194,0.08986447
21195,0.09329005
21196,0.09085069
21197,0.064134456
21198,0.031591516
21199,0.07845712
21200,0.08991378
21201,0.4043206
21202,0.050960883
21203,0.009280888
21204,0.044223823
21205,0.019073885
21206,0.00872454
21207,0.053184297
21208,0.58256024
21209,0.0375724
21210,0.085559554
21211,0.5273764
21212,0.23793994
21213,0.01188854
21214,0.007954188
21215,0.03775974
21216,0.047809705
21217,0.22851959
21218,0.3837778
21219,0.008964465
21220,0.06261877
21221,0.06481135
21222,0.24263677
21223,0.094733045
21224,0.090180874
21225,0.11298162
21226,0.40032154
21227,0.065407336
21228,0.044068504
21229,0.0690522
21230,0.04841473
21231,0.26419643
21232,0.77758425
21233,0.005606798
21234,0.040228583
21235,0.44497684
21236,0.013085815
21237,0.043793295
21238,0.114173785
21239,0.044111423
21240,0.059539735
21241,0.014657323
21242,0.039512556
21243,0.004794621
21244,0.39424768
21245,0.17967118
21246,0.061657865
21247,0.24206194
21248,0.09528892
21249,0.26199174
21250,0.39278874
21251,0.3729308
21252,0.026395712
21253,0.10031401
21254,0.22995372
21255,0.09070447
21256,0.75535357
21257,0.44956928
21258,0.44420686
21259,0.0052055675
21260,0.021697147
21261,0.23589833
21262,0.054191
21263,0.01716125
21264,0.009307452
21265,0.051620837
21266,0.007520856
21267,0.009354859
21268,0.03140462
21269,0.051081672
21270,0.06776726
21271,0.06753927
21272,0.08051548
21273,0.06690817
21274,0.38884515
21275,0.22277035
21276,0.025943458
21277,0.08030311
21278,0.24816522
21279,0.014842177
21280,0.052231837
21281,0.7856881
21282,0.7951038
21283,0.74854374
21284,0.026577562
21285,0.019999832
21286,0.06649736
21287,0.5167794
21288,0.0645883
21289,0.014738463
21290,0.05476729
21291,0.007975392
21292,0.050534114
21293,0.05563277
21294,0.04355316
21295,0.009572137
21296,0.4075955
21297,0.015352085
21298,0.02935449
21299,0.22423908
21300,0.079400904
21301,0.04356806
21302,0.044141013
21303,0.3546173
21304,0.34715205
21305,0.023659017
21306,0.08908191
21307,0.076305345
21308,0.07904925
21309,0.65119845
21310,0.88411826
21311,0.6323202
21312,0.012352195
21313,0.054820243
21314,0.02632047
21315,0.39846486
21316,0.066913255
21317,0.36890358
21318,0.03858841
21319,0.06770359
21320,0.016601633
21321,0.06907137
21322,0.077335805
21323,0.09700058
21324,0.09043038
21325,0.5350194
21326,0.4303652
21327,0.23312828
21328,0.089844525
21329,0.0640185
21330,0.052953076
21331,0.08233766
21332,0.039099246
21333,0.17838353
21334,0.24061862
21335,0.090528086
21336,0.054329645
21337,0.07923681
21338,0.022779787
21339,0.8099702
21340,0.88823444
21341,0.683633
21342,0.088316076
21343,0.04319876
21344,0.23727663
21345,0.40646964
21346,0.01450862
21347,0.033161465
21348,0.0690462
21349,0.04304859
21350,0.41850814
21351,0.6583961
21352,0.05954204
21353,0.073457174
21354,0.06716054
21355,0.09821656
21356,0.058357757
21357,0.4049543
21358,0.22497638
21359,0.03492067
21360,0.06838726
21361,0.07794609
21362,0.07821358
21363,0.041988663
21364,0.020178532
21365,0.2847723
21366,0.2709163
21367,0.09750676
21368,0.0614153
21369,0.08035177
21370,0.058512777
21371,0.26724768
21372,0.030106941
21373,0.03928662
21374,0.03929477
21375,0.015791886
21376,0.038833823
21377,0.038991746
21378,0.36491993
21379,0.82157284
21380,0.40686107
21381,0.25928456
21382,0.08152662
21383,0.09512157
21384,0.093183175
21385,0.446457
21386,0.05330957
21387,0.035858203
21388,0.031600706
21389,0.09126935
21390,0.08215489
21391,0.09249683
21392,0.28185967
21393,0.26379484
21394,0.24031232
21395,0.8608948
21396,0.2362803
21397,0.0153685445
21398,0.09175815
21399,0.24886702
21400,0.018276995
21401,0.050545868
21402,0.5183498
21403,0.055272713
21404,0.034805093
21405,0.034060452
21406,0.040421758
21407,0.094241194
21408,0.37688383
21409,0.42251444
21410,0.47744063
21411,0.27162248
21412,0.09631
21413,0.09002704
21414,0.13638993
21415,0.026028227
21416,0.24031232
21417,0.06042009
21418,0.044846855
21419,0.48782265
21420,0.26419768
21421,0.051027656
21422,0.48218495
21423,0.26743606
21424,0.005324461
21425,0.06575574
21426,0.07931138
21427,0.06488191
21428,0.009542224
21429,0.01245124
21430,0.026730515
21431,0.05059877
21432,0.066753015
21433,0.06659245
21434,0.09194761
21435,0.40685937
21436,0.7343261
21437,0.41698834
21438,0.37608382
21439,0.6059829
21440,0.068570375
21441,0.015939184
21442,0.05772024
21443,0.06160875
21444,0.09409426
21445,0.25446132
21446,0.05332063
21447,0.026247999
21448,0.055072047
21449,0.089540005
21450,0.0047782077
21451,0.041023694
21452,0.07815257
21453,0.018496737
21454,0.0133326575
21455,0.036965087
21456,0.016809095
21457,0.009907291
21458,0.030469717
21459,0.059003018
21460,0.050617993
21461,0.0617265
21462,0.40737987
21463,0.08969377
21464,0.3702741
21465,0.82622635
21466,0.7183133
21467,0.3828114
21468,0.08020724
21469,0.041782185
21470,0.017667541
21471,0.044277567
21472,0.08167631
21473,0.011860422
21474,0.008225469
21475,0.030425275
21476,0.7440873
21477,0.043241266
21478,0.015008149
21479,0.053896282
21480,0.04414892
21481,0.221677
21482,0.04383561
21483,0.014725593
21484,0.041458905
21485,0.012339252
21486,0.012271636
21487,0.026342155
21488,0.06593158
21489,0.07719273
21490,0.4713637
21491,0.42248246
21492,0.23156402
21493,0.6292479
21494,0.36950928
21495,0.50188214
21496,0.23650594
21497,0.0377517
21498,0.03411007
21499,0.04356849
21500,0.040654447
21501,0.03481563
21502,0.051895853
21503,0.45948648
21504,0.21795376
21505,0.42395595
21506,0.028168112
21507,0.078170046
21508,0.08825137
21509,0.09325191
21510,0.10421328
21511,0.04179456
21512,0.029351715
21513,0.0076051485
21514,0.0387538
21515,0.09219588
21516,0.6012821
21517,0.37490138
21518,0.5938477
21519,0.24733987
21520,0.26676488
21521,0.2420649
21522,0.066355266
21523,0.04033705
21524,0.010952513
21525,0.037150007
21526,0.029814746
21527,0.09240312
21528,0.08996628
21529,0.066428974
21530,0.2664306
21531,0.025940975
21532,0.058528133
21533,0.009275322
21534,0.37992528
21535,0.0389579
21536,0.009330883
21537,0.009208707
21538,0.07838525
21539,0.23570563
21540,0.0292431
21541,0.0045915996
21542,0.22262853
21543,0.09462738
21544,0.059279203
21545,0.07331053
21546,0.029164925
21547,0.06857785
21548,0.06426549
21549,0.036018025
21550,0.09021068
21551,0.081537664
21552,0.03908409
21553,0.025230603
21554,0.08374243
21555,0.010504321
21556,0.01334915
21557,0.06921716
21558,0.031525232
21559,0.09196169
21560,0.032344744
21561,0.040023334
21562,0.0076911687
21563,0.039150238
21564,0.24306689
21565,0.3927904
21566,0.5503746
21567,0.08111028
21568,0.04702358
21569,0.05596349
21570,0.09178211
21571,0.01252713
21572,0.029561384
21573,0.012435687
21574,0.029231938
21575,0.059343413
21576,0.06667006
21577,0.38459554
21578,0.012319689
21579,0.012912939
21580,0.17285076
21581,0.057025682
21582,0.0690462
21583,0.43551856
21584,0.08185265
21585,0.01086355
21586,0.09354017
21587,0.034994815
21588,0.012863901
21589,0.05938683
21590,0.091910124
21591,0.04634897
21592,0.010217109
21593,0.015859416
21594,0.00876565
21595,0.26968417
21596,0.013267912
21597,0.024081778
21598,0.09087824
21599,0.05415068
21600,0.037955437
21601,0.014545409
21602,0.025973825
21603,0.053348653
21604,0.2708641
21605,0.030035825
21606,0.016326498
21607,0.028664183
21608,0.038739294
21609,0.052691437
21610,0.24916878
21611,0.05456753
21612,0.098259926
21613,0.06672143
21614,0.028856568
21615,0.043124713
21616,0.04358659
21617,0.027450114
21618,0.25782377
21619,0.015376014
21620,0.08544956
21621,0.01522434
21622,0.06592401
21623,0.04362775
21624,0.008135199
21625,0.009345377
21626,0.5173116
21627,0.67273086
21628,0.22401641
21629,0.06905136
21630,0.011983386
21631,0.067380995
21632,0.04305215
21633,0.040415425
21634,0.06823378
21635,0.06394897
21636,0.07664726
21637,0.87170637
21638,0.062127154
21639,0.01336115
21640,0.06408287
21641,0.06090678
21642,0.015501774
21643,0.03560283
21644,0.09652344
21645,0.47688258
21646,0.058976326
21647,0.09699024
21648,0.06046736
21649,0.008719732
21650,0.06314766
21651,0.026803384
21652,0.022856096
21653,0.047615618
21654,0.05235613
21655,0.024686618
21656,0.051012747
21657,0.014435707
21658,0.08777829
21659,0.034756273
21660,0.038675036
21661,0.01281229
21662,0.031508666
21663,0.06566565
21664,0.07828901
21665,0.018154716
21666,0.022376526
21667,0.051069513
21668,0.6624074
21669,0.054958012
21670,0.22067896
21671,0.04370605
21672,0.036707252
21673,0.04162748
21674,0.04331043
21675,0.01134959
21676,0.014564293
21677,0.26718992
21678,0.024904955
21679,0.0048780562
21680,0.01295326
21681,0.009267914
21682,0.043702178
21683,0.21861127
21684,0.01689215
21685,0.009334058
21686,0.08009706
21687,0.037430663
21688,0.024421345
21689,0.042932395
21690,0.4059962
21691,0.025890986
21692,0.018282378
21693,0.04016202
21694,0.030277377
21695,0.09497972
21696,0.05479826
21697,0.013268438
21698,0.013251395
21699,0.006242503
21700,0.054690707
21701,0.09428231
21702,0.068394534
21703,0.060528066
21704,0.05455339
21705,0.026265642
21706,0.046861622
21707,0.014726822
21708,0.18997344
21709,0.106847376
21710,0.23448057
21711,0.008953023
21712,0.030795986
21713,0.0130157815
21714,0.010208982
21715,0.01387074
21716,0.009694677
21717,0.016063275
21718,0.013038154
21719,0.01334915
21720,0.021229722
21721,0.050674792
21722,0.044157434
21723,0.08216677
21724,0.011405869
21725,0.00851698
21726,0.09377464
21727,0.38028312
21728,0.01025397
21729,0.009065463
21730,0.017382324
21731,0.009096597
21732,0.024424756
21733,0.008625037
21734,0.015446879
21735,0.016196715
21736,0.007192988
21737,0.012549422
21738,0.029938685
21739,0.01073134
21740,0.0120815355
21741,0.053936783
21742,0.026326697
21743,0.04182353
21744,0.01245186
21745,0.008442865
21746,0.010980382
21747,0.007925686
21748,0.07861289
21749,0.02473417
21750,0.04336012
21751,0.0077709793
21752,0.03092874
21753,0.013403054
21754,0.066505894
21755,0.011863107
21756,0.0103400815
21757,0.009970069
21758,0.37211177
21759,0.053412523
21760,0.05453203
21761,0.05470972
21762,0.06566565
21763,0.019200891
21764,0.06444172
21765,0.013152753
21766,0.07604929
21767,0.0071316003
21768,0.09303366
21769,0.014632103
21770,0.02373483
21771,0.03082097
21772,0.030462023
21773,0.025804635
21774,0.006305732
21775,0.010087549
21776,0.01035802
21777,0.030098103
21778,0.008995868
21779,0.009012917
21780,0.06430587
21781,0.052396517
21782,0.0066667097
21783,0.08982298
21784,0.015384125
21785,0.02229089
21786,0.029835474
21787,0.0095025385
21788,0.013395899
21789,0.043576144
21790,0.016380476
21791,0.012415885
21792,0.024485996
21793,0.03178316
21794,0.008776117
21795,0.029778682
21796,0.08739444
21797,0.094628945
21798,0.06807211
21799,0.00777502
21800,0.016368663
21801,0.049352925
21802,0.044388816
21803,0.055093892
21804,0.0440595
21805,0.04087628
21806,0.07381517
21807,0.044275362
21808,0.038331136
21809,0.026670793
21810,0.030084478
21811,0.071415566
21812,0.04340642
21813,0.06471004
21814,0.23573428
21815,0.35864687
21816,0.01910211
21817,0.04376153
21818,0.3954383
21819,0.064056985
21820,0.24576215
21821,0.07004065
21822,0.23289365
21823,0.016606797
21824,0.07005752
21825,0.039670374
21826,0.0133914715
21827,0.22606818
21828,0.03211654
21829,0.62709016
21830,0.07569512
21831,0.07493493
21832,0.058129698
21833,0.028815653
21834,0.08074686
21835,0.07883143
21836,0.53817457
21837,0.50667155
21838,0.04284064
21839,0.064447425
21840,0.08259076
21841,0.08763376
21842,0.05309976
21843,0.040608253
21844,0.058799643
21845,0.070561305
21846,0.03299138
21847,0.46955436
21848,0.08476861
21849,0.23157673
21850,0.44177455
21851,0.08479698
21852,0.4718789
21853,0.055319317
21854,0.2525293
21855,0.050413158
21856,0.04693106
21857,0.034539152
21858,0.060807385
21859,0.21775472
21860,0.07815211
21861,0.03133764
21862,0.038177695
21863,0.062117144
21864,0.36079192
21865,0.04415805
21866,0.053099126
21867,0.054672062
21868,0.06567653
21869,0.031368565
21870,0.040497325
21871,0.07196147
21872,0.02624118
21873,0.054833286
21874,0.24033885
21875,0.05415013
21876,0.08729496
21877,0.022161102
21878,0.03956964
21879,0.02220745
21880,0.012763091
21881,0.2594787
21882,0.08004527
21883,0.010686976
21884,0.06525161
21885,0.25002453
21886,0.53407866
21887,0.06272211
21888,0.05074502
21889,0.013168369
21890,0.0159395
21891,0.014110238
21892,0.0067596855
21893,0.0370825
21894,0.06363853
21895,0.060219996
21896,0.07181352
21897,0.24691924
21898,0.24991556
21899,0.014849055
21900,0.34657127
21901,0.043132644
21902,0.008937269
21903,0.031424727
21904,0.024491163
21905,0.034457847
21906,0.23997405
21907,0.017351897
21908,0.042260293
21909,0.058591135
21910,0.04310113
21911,0.026164586
21912,0.07375408
21913,0.44771817
21914,0.054366127
21915,0.0657316
21916,0.016863514
21917,0.019615809
21918,0.03750549
21919,0.053910818
21920,0.02821074
21921,0.07926129
21922,0.090882026
21923,0.070118666
21924,0.07114663
21925,0.055598352
21926,0.03753072
21927,0.03166597
21928,0.029586516
21929,0.034780648
21930,0.06276858
21931,0.051881872
21932,0.21537602
21933,0.013489526
21934,0.035698555
21935,0.026339382
21936,0.013740439
21937,0.013206738
21938,0.023389893
21939,0.04012182
21940,0.02286908
21941,0.05848036
21942,0.09124334
21943,0.24728605
21944,0.0417948
21945,0.038368728
21946,0.03686926
21947,0.07110855
21948,0.059124287
21949,0.013534282
21950,0.053761713
21951,0.030038858
21952,0.23169345
21953,0.026117984
21954,0.022608878
21955,0.030620962
21956,0.005512939
21957,0.18853305
21958,0.054636158
21959,0.3781319
21960,0.22137192
21961,0.37606302
21962,0.054430023
21963,0.038120545
21964,0.016246388
21965,0.050377205
21966,0.04286819
21967,0.008683688
21968,0.078385614
21969,0.04297234
21970,0.52303636
21971,0.07213673
21972,0.018613257
21973,0.07272194
21974,0.04803567
21975,0.04651019
21976,0.017152919
21977,0.015006853
21978,0.054109406
21979,0.015554689
21980,0.014921979
21981,0.06213082
21982,0.041807372
21983,0.2119241
21984,0.053055275
21985,0.07182485
21986,0.38190702
21987,0.36909628
21988,0.052471925
21989,0.020637302
21990,0.0635018
21991,0.03873006
21992,0.06476344
21993,0.05184089
21994,0.07774318
21995,0.039185125
21996,0.07052777
21997,0.03818093
21998,0.051861912
21999,0.03531997
22000,0.08210255
22001,0.0578378
22002,0.031958636
22003,0.010066828
22004,0.021175824
22005,0.035114832
22006,0.052686457
22007,0.0591088
22008,0.08105003
22009,0.066039644
22010,0.2371522
22011,0.22266522
22012,0.22795632
22013,0.0104234945
22014,0.06476634
22015,0.0102872625
22016,0.048016712
22017,0.063844256
22018,0.031439908
22019,0.019607237
22020,0.043727163
22021,0.038097866
22022,0.011679401
22023,0.048899718
22024,0.06435089
22025,0.031549595
22026,0.051847085
22027,0.021356806
22028,0.031375777
22029,0.058509577
22030,0.035725832
22031,0.07316692
22032,0.053895146
22033,0.08209357
22034,0.5239268
22035,0.06631985
22036,0.07301843
22037,0.054087177
22038,0.05934266
22039,0.059675474
22040,0.06493164
22041,0.047986306
22042,0.016592965
22043,0.093677096
22044,0.058918025
22045,0.063866846
22046,0.05149256
22047,0.061835915
22048,0.025801517
22049,0.01885344
22050,0.037099767
22051,0.092295274
22052,0.055588547
22053,0.04267077
22054,0.069323756
22055,0.67207146
22056,0.06417211
22057,0.012790009
22058,0.3902637
22059,0.049580432
22060,0.09094005
22061,0.24677224
22062,0.055425603
22063,0.009313183
22064,0.017863493
22065,0.04310447
22066,0.043592725
22067,0.069738224
22068,0.086636014
22069,0.038731303
22070,0.23812442
22071,0.06431087
22072,0.05876567
22073,0.01413896
22074,0.013499745
22075,0.01790855
22076,0.046853974
22077,0.05518848
22078,0.014213105
22079,0.07913037
22080,0.08639388
22081,0.08432547
22082,0.061943684
22083,0.03090336
22084,0.07215741
22085,0.079441965
22086,0.37767562
22087,0.050424512
22088,0.008032598
22089,0.044123348
22090,0.008881408
22091,0.054586068
22092,0.5189653
22093,0.037379913
22094,0.073583044
22095,0.4769085
22096,0.22921892
22097,0.011319209
22098,0.03817544
22099,0.048037563
22100,0.2219544
22101,0.3642261
22102,0.009154519
22103,0.059968434
22104,0.062089644
22105,0.08441115
22106,0.08534901
22107,0.079174615
22108,0.09313787
22109,0.37596732
22110,0.063450165
22111,0.04358181
22112,0.06572803
22113,0.04805843
22114,0.250739
22115,0.6238873
22116,0.0067003057
22117,0.040158704
22118,0.41121536
22119,0.013443868
22120,0.04301054
22121,0.25578642
22122,0.04368039
22123,0.058762565
22124,0.014420717
22125,0.039214842
22126,0.0051635737
22127,0.40395227
22128,0.36294547
22129,0.0602309
22130,0.23242953
22131,0.08027081
22132,0.08723693
22133,0.39821953
22134,0.41171908
22135,0.026804019
22136,0.09180758
22137,0.21846607
22138,0.07772694
22139,0.5379497
22140,0.25126162
22141,0.4758065
22142,0.005139538
22143,0.022777867
22144,0.08308521
22145,0.0536116
22146,0.017889688
22147,0.0096532395
22148,0.050022192
22149,0.0060960893
22150,0.007682554
22151,0.009805074
22152,0.031885
22153,0.18469626
22154,0.06561539
22155,0.06417832
22156,0.0714972
22157,0.06470809
22158,0.38008714
22159,0.21626273
22160,0.07398881
22161,0.23622082
22162,0.015251111
22163,0.05278655
22164,0.64132696
22165,0.6538142
22166,0.61478865
22167,0.0151773505
22168,0.06497857
22169,0.5035979
22170,0.0642437
22171,0.015389411
22172,0.05512349
22173,0.051241253
22174,0.051042292
22175,0.043289736
22176,0.009780198
22177,0.38729236
22178,0.015072094
22179,0.028861646
22180,0.22283244
22181,0.071622245
22182,0.043758538
22183,0.04349496
22184,0.36326298
22185,0.2198862
22186,0.023745712
22187,0.07865887
22188,0.06606225
22189,0.072322644
22190,0.62980115
22191,0.68074036
22192,0.57342935
22193,0.012639334
22194,0.05408239
22195,0.007821805
22196,0.4159117
22197,0.06523033
22198,0.24401787
22199,0.038739387
22200,0.0647559
22201,0.017479653
22202,0.06680413
22203,0.068641685
22204,0.08629091
22205,0.07493659
22206,0.49397856
22207,0.49342778
22208,0.22317444
22209,0.08151628
22210,0.06276627
22211,0.05211301
22212,0.07071983
22213,0.040134598
22214,0.031351924
22215,0.021368297
22216,0.08327706
22217,0.08346698
22218,0.05370314
22219,0.07162249
22220,0.5279901
22221,0.5751518
22222,0.5714189
22223,0.077324644
22224,0.043493822
22225,0.22794394
22226,0.0104734935
22227,0.43167347
22228,0.014957148
22229,0.032627717
22230,0.06572355
22231,0.043588594
22232,0.3707156
22233,0.53966296
22234,0.058916137
22235,0.069273114
22236,0.06474925
22237,0.08857337
22238,0.05705759
22239,0.37042996
22240,0.22328898
22241,0.035397407
22242,0.06570777
22243,0.06941885
22244,0.06931845
22245,0.041933864
22246,0.020243125
22247,0.43922532
22248,0.4024948
22249,0.23120277
22250,0.061151322
22251,0.026639523
22252,0.07066464
22253,0.058775406
22254,0.09053034
22255,0.029677793
22256,0.039308887
22257,0.039565004
22258,0.038834494
22259,0.037868895
22260,0.39494082
22261,0.5950965
22262,0.24890113
22263,0.24187088
22264,0.074672095
22265,0.08809006
22266,0.22911745
22267,0.4337314
22268,0.053396136
22269,0.036183894
22270,0.033035453
22271,0.08178345
22272,0.07504025
22273,0.08191952
22274,0.26719257
22275,0.2525731
22276,0.083347045
22277,0.51709646
22278,0.07986825
22279,0.015961707
22280,0.077641405
22281,0.089777604
22282,0.018058324
22283,0.05081751
22284,0.24943319
22285,0.05362523
22286,0.034792945
22287,0.03431833
22288,0.04052664
22289,0.07881405
22290,0.37529665
22291,0.25345996
22292,0.47305313
22293,0.2495846
22294,0.084556885
22295,0.08348979
22296,0.4114311
22297,0.012639728
22298,0.026342353
22299,0.22918516
22300,0.058956534
22301,0.045167875
22302,0.50278133
22303,0.24690545
22304,0.050444372
22305,0.45201245
22306,0.364652
22307,0.06347887
22308,0.072687656
22309,0.062748395
22310,0.045379832
22311,0.009785621
22312,0.012592191
22313,0.026950825
22314,0.050798286
22315,0.06396951
22316,0.061384927
22317,0.079295486
22318,0.3819552
22319,0.6122704
22320,0.42798388
22321,0.3745398
22322,0.5925254
22323,0.065244116
22324,0.058656625
22325,0.060693547
22326,0.07935991
22327,0.23829134
22328,0.054469574
22329,0.02571128
22330,0.055028193
22331,0.0796007
22332,0.040510274
22333,0.07133799
22334,0.018750511
22335,0.013618143
22336,0.037588328
22337,0.017152919
22338,0.051777657
22339,0.010421903
22340,0.030459628
22341,0.05851366
22342,0.050862763
22343,0.060309183
22344,0.23160627
22345,0.22863811
22346,0.3705559
22347,0.6866447
22348,0.65128905
22349,0.2545445
22350,0.07320142
22351,0.017882219
22352,0.044166833
22353,0.071223356
22354,0.01348023
22355,0.0316144
22356,0.54223025
22357,0.043064054
22358,0.0148561075
22359,0.05293968
22360,0.043432068
22361,0.070857026
22362,0.037234277
22363,0.04395083
22364,0.04207587
22365,0.012732836
22366,0.013067612
22367,0.025778318
22368,0.06461006
22369,0.073963195
22370,0.46368214
22371,0.3873728
22372,0.2208803
22373,0.6471928
22374,0.25009173
22375,0.44057402
22376,0.22680418
22377,0.037832253
22378,0.03208991
22379,0.0343701
22380,0.043061625
22381,0.04028648
22382,0.034771368
22383,0.054114543
22384,0.41323364
22385,0.06695587
22386,0.41011837
22387,0.029677793
22388,0.07124707
22389,0.0809917
22390,0.08305535
22391,0.23826349
22392,0.042162314
22393,0.029477878
22394,0.03884181
22395,0.080881685
22396,0.62556386
22397,0.3830681
22398,0.509
22399,0.23635289
22400,0.25261274
22401,0.0831846
22402,0.065358125
22403,0.040435504
22404,0.011321841
22405,0.02031472
22406,0.03721765
22407,0.03052832
22408,0.08046608
22409,0.08005403
22410,0.066068366
22411,0.2428058
22412,0.025469635
22413,0.058390345
22414,0.24210656
22415,0.038934574
22416,0.071063094
22417,0.22719507
22418,0.029202528
22419,0.21787025
22420,0.07914098
22421,0.058791604
22422,0.069384485
22423,0.02945533
22424,0.0670864
22425,0.061068833
22426,0.07751645
22427,0.07276212
22428,0.038850717
22429,0.008057246
22430,0.21638444
22431,0.010868219
22432,0.06600845
22433,0.038162887
22434,0.031845625
22435,0.0775762
22436,0.032407008
22437,0.039978936
22438,0.03820173
22439,0.08192943
22440,0.4167209
22441,0.4877445
22442,0.072291695
22443,0.011333331
22444,0.015969075
22445,0.026613213
22446,0.047031183
22447,0.056074712
22448,0.08257168
22449,0.012791759
22450,0.029649561
22451,0.0131697245
22452,0.030003233
22453,0.01680219
22454,0.010072364
22455,0.059363924
22456,0.06608015
22457,0.3993426
22458,0.012694505
22459,0.015390975
22460,0.17763133
22461,0.057824183
22462,0.065784216
22463,0.50807345
22464,0.072454825
22465,0.011048112
22466,0.22812645
22467,0.011844695
22468,0.03505456
22469,0.013840567
22470,0.058857296
22471,0.078384325
22472,0.0471486
22473,0.014878465
22474,0.008246021
22475,0.25024152
22476,0.031062573
22477,0.012009597
22478,0.023914574
22479,0.08237195
22480,0.053988487
22481,0.037965417
22482,0.015596956
22483,0.026124686
22484,0.053406917
22485,0.25336698
22486,0.02993664
22487,0.016137738
22488,0.028438361
22489,0.038420014
22490,0.05377615
22491,0.23843698
22492,0.05353809
22493,0.23735018
22494,0.06549108
22495,0.029714998
22496,0.042933736
22497,0.043695167
22498,0.027215092
22499,0.24296635
22500,0.01527984
22501,0.077254795
22502,0.013740439
22503,0.06425548
22504,0.04444574
22505,0.009849869
22506,0.4494207
22507,0.68406826
22508,0.21598971
22509,0.065749414
22510,0.011924509
22511,0.06422159
22512,0.04402553
22513,0.040192176
22514,0.06471148
22515,0.062456317
22516,0.07022534
22517,0.6784139
22518,0.056440916
22519,0.01413896
22520,0.0627638
22521,0.060460813
22522,0.01524058
22523,0.035725832
22524,0.08301878
22525,0.26444462
22526,0.05870171
22527,0.081799865
22528,0.024351628
22529,0.05903202
22530,0.060378093
22531,0.027392482
22532,0.02263247
22533,0.047474332
22534,0.05270384
22535,0.025405131
22536,0.01615971
22537,0.050425008
22538,0.015026917
22539,0.077782735
22540,0.035662767
22541,0.038781106
22542,0.013217317
22543,0.0313665
22544,0.063716725
22545,0.07019939
22546,0.018560609
22547,0.023054427
22548,0.050386567
22549,0.5225786
22550,0.054584358
22551,0.07028466
22552,0.04342899
22553,0.035796534
22554,0.041917417
22555,0.04324833
22556,0.011985503
22557,0.015239683
22558,0.25126162
22559,0.02544707
22560,0.014033324
22561,0.04331953
22562,0.069576114
22563,0.016599327
22564,0.009360119
22565,0.07150333
22566,0.040002897
22567,0.02418789
22568,0.04301801
22569,0.38125333
22570,0.024410652
22571,0.017694728
22572,0.017979465
22573,0.010125519
22574,0.04146437
22575,0.030444268
22576,0.0045484663
22577,0.08617572
22578,0.053454313
22579,0.012984389
22580,0.006696825
22581,0.054119863
22582,0.08023668
22583,0.06698288
22584,0.058711372
22585,0.054154597
22586,0.025209617
22587,0.015041989
22588,0.19032252
22589,0.24610251
22590,0.22935988
22591,0.008899104
22592,0.009773844
22593,0.030748747
22594,0.012977055
22595,0.0099872835
22596,0.013719545
22597,0.0104022855
22598,0.015407513
22599,0.013840636
22600,0.008402748
22601,0.014371596
22602,0.009456866
22603,0.02178111
22604,0.047767736
22605,0.04335919
22606,0.072905935
22607,0.08238079
22608,0.087859645
22609,0.009556022
22610,0.00879971
22611,0.024260955
22612,0.010520358
22613,0.00823855
22614,0.015085015
22615,0.016406419
22616,0.012998512
22617,0.030170886
22618,0.011323067
22619,0.013087212
22620,0.008561548
22621,0.053378016
22622,0.026121546
22623,0.039952163
22624,0.011768698
22625,0.04183799
22626,0.013348772
22627,0.008816374
22628,0.011391896
22629,0.008145909
22630,0.070283405
22631,0.04295465
22632,0.0075234124
22633,0.030702576
22634,0.014163347
22635,0.064552814
22636,0.010211617
22637,0.3669083
22638,0.052983057
22639,0.05424969
22640,0.05445455
22641,0.011017417
22642,0.06373214
22643,0.018914478
22644,0.06314079
22645,0.07200732
22646,0.00782993
22647,0.07919704
22648,0.01526813
22649,0.03124495
22650,0.03137353
22651,0.006695504
22652,0.010244907
22653,0.009124267
22654,0.03160663
22655,0.009544206
22656,0.009858909
22657,0.06198325
22658,0.051952843
22659,0.004355332
22660,0.078288265
22661,0.015905617
22662,0.022635588
22663,0.013113448
22664,0.029876761
22665,0.009773844
22666,0.013410175
22667,0.04322257
22668,0.01650285
22669,0.012991597
22670,0.024283135
22671,0.031250983
22672,0.009078086
22673,0.009785621
22674,0.013793119
22675,0.027319573
22676,0.07668424
22677,0.0831426
22678,0.015367733
22679,0.065708056
22680,0.01787862
22681,0.03533006
22682,0.052282136
22683,0.04178871
22684,0.053622216
22685,0.07093199
22686,0.030225387
22687,0.06883048
22688,0.041770138
22689,0.06401644
22690,0.041952766
22691,0.2374915
22692,0.4053162
22693,0.043314543
22694,0.088512175
22695,0.24477446
22696,0.06990165
22697,0.08538923
22698,0.016161531
22699,0.06970344
22700,0.012451464
22701,0.0384099
22702,0.012911923
22703,0.22463493
22704,0.03221398
22705,0.53326046
22706,0.22837128
22707,0.041816056
22708,0.075821556
22709,0.056125514
22710,0.04193288
22711,0.034871235
22712,0.012704263
22713,0.038908124
22714,0.07542546
22715,0.22971113
22716,0.45238823
22717,0.46480763
22718,0.042260837
22719,0.06250931
22720,0.08225546
22721,0.2368275
22722,0.018586487
22723,0.05175941
22724,0.039804775
22725,0.05670676
22726,0.03647989
22727,0.49310586
22728,0.08249829
22729,0.072812125
22730,0.4339689
22731,0.08203674
22732,0.4794224
22733,0.05284265
22734,0.25046897
22735,0.049101155
22736,0.034052428
22737,0.058655985
22738,0.06964697
22739,0.07548347
22740,0.029211871
22741,0.037144493
22742,0.05919397
22743,0.24767207
22744,0.041683078
22745,0.030600084
22746,0.0515023
22747,0.053012572
22748,0.061947327
22749,0.030703079
22750,0.038113326
22751,0.0694295
22752,0.052958746
22753,0.080365315
22754,0.0525212
22755,0.08872138
22756,0.038344204
22757,0.022566536
22758,0.26095217
22759,0.07838877
22760,0.06312743
22761,0.2508066
22762,0.25231487
22763,0.008886686
22764,0.00469977
22765,0.06004976
22766,0.04921868
22767,0.011576472
22768,0.013736657
22769,0.03646575
22770,0.0587122
22771,0.06879518
22772,0.08396862
22773,0.24679576
22774,0.0097819995
22775,0.015687034
22776,0.1697748
22777,0.041693605
22778,0.0089932745
22779,0.030101784
22780,0.024315525
22781,0.034052428
22782,0.24095099
22783,0.016912786
22784,0.04070804
22785,0.057262663
22786,0.042168405
22787,0.071901664
22788,0.43769398
22789,0.052172203
22790,0.06423222
22791,0.016963705
22792,0.019330211
22793,0.03981366
22794,0.053180028
22795,0.016284574
22796,0.028052552
22797,0.07589005
22798,0.086934455
22799,0.06981511
22800,0.068994716
22801,0.052644625
22802,0.010019653
22803,0.036746997
22804,0.0303428
22805,0.0287184
22806,0.035136573
22807,0.004344732
22808,0.06483458
22809,0.049449384
22810,0.21443518
22811,0.013102624
22812,0.03467541
22813,0.026177222
22814,0.013875497
22815,0.022063885
22816,0.038841147
22817,0.02229562
22818,0.056970097
22819,0.09097011
22820,0.3865029
22821,0.04088148
22822,0.037492715
22823,0.03646818
22824,0.06815163
22825,0.057986118
22826,0.012258117
22827,0.052490324
22828,0.013303349
22829,0.029105226
22830,0.23095626
22831,0.024326507
22832,0.022430059
22833,0.03064045
22834,0.005384745
22835,0.18681541
22836,0.053178377
22837,0.22729765
22838,0.3445943
22839,0.37813836
22840,0.052154925
22841,0.037512716
22842,0.015805775
22843,0.049165923
22844,0.04168808
22845,0.07745979
22846,0.042190373
22847,0.5760751
22848,0.07397834
22849,0.0177238
22850,0.07316041
22851,0.046751376
22852,0.045626476
22853,0.01756011
22854,0.008232248
22855,0.05274801
22856,0.01693015
22857,0.015527032
22858,0.016225126
22859,0.061217606
22860,0.041031074
22861,0.20790394
22862,0.05151297
22863,0.070702486
22864,0.40517136
22865,0.40210512
22866,0.0527792
22867,0.020642873
22868,0.062229294
22869,0.013582574
22870,0.03905802
22871,0.062381327
22872,0.050600987
22873,0.07877194
22874,0.038355492
22875,0.07091707
22876,0.037331358
22877,0.04887567
22878,0.033709183
22879,0.07792745
22880,0.009898124
22881,0.055756524
22882,0.030744122
22883,0.009229523
22884,0.021581918
22885,0.033699695
22886,0.05093654
22887,0.05735516
22888,0.0763246
22889,0.06409242
22890,0.23882098
22891,0.078014426
22892,0.22710581
22893,0.010991397
22894,0.06223719
22895,0.010353733
22896,0.047157846
22897,0.03889489
22898,0.06288696
22899,0.031562604
22900,0.018524522
22901,0.0425143
22902,0.037255157
22903,0.045456972
22904,0.061666768
22905,0.030734582
22906,0.051024612
22907,0.021554792
22908,0.02898621
22909,0.056785837
22910,0.012704638
22911,0.03516372
22912,0.072135836
22913,0.05110514
22914,0.07757164
22915,0.27670783
22916,0.062089533
22917,0.0694929
22918,0.051967513
22919,0.057770014
22920,0.056722056
22921,0.061882652
22922,0.04668773
22923,0.009425499
22924,0.3719755
22925,0.057525836
22926,0.06178711
22927,0.051027853
22928,0.060828496
22929,0.025555063
22930,0.017034404
22931,0.01826081
22932,0.036840603
22933,0.086612344
22934,0.05351011
22935,0.040759996
22936,0.06757463
22937,0.5491567
22938,0.06188433
22939,0.013534981
22940,0.39268744
22941,0.0504916
22942,0.083126426
22943,0.08208621
22944,0.053553846
22945,0.017730258
22946,0.04231854
22947,0.042530812
22948,0.07045199
22949,0.08433869
22950,0.038038637
22951,0.08166722
22952,0.06365605
22953,0.056712747
22954,0.017153708
22955,0.045799844
22956,0.05330502
22957,0.011676959
22958,0.07516743
22959,0.08424987
22960,0.22943608
22961,0.061117135
22962,0.03239215
22963,0.0714524
22964,0.07639019
22965,0.38553673
22966,0.049227778
22967,0.042978734
22968,0.05306854
22969,0.5257134
22970,0.036102846
22971,0.0692375
22972,0.42078602
22973,0.07497543
22974,0.011389337
22975,0.015815135
22976,0.00838853
22977,0.03731021
22978,0.046798095
22979,0.225283
22980,0.23761633
22981,0.0083966805
22982,0.05785658
22983,0.06004976
22984,0.08512144
22985,0.08041328
22986,0.0791246
22987,0.08692094
22988,0.37200552
22989,0.06269738
22990,0.042694975
22991,0.0641255
22992,0.04686748
22993,0.08331501
22994,0.5870141
22995,0.005484736
22996,0.0389542
22997,0.38565838
22998,0.012944462
22999,0.04217574
23000,0.23845482
23001,0.0134871835
23002,0.011807662
23003,0.042478345
23004,0.057046138
23005,0.014994342
23006,0.03841193
23007,0.005827487
23008,0.3920687
23009,0.18095782
23010,0.058050673
23011,0.23024802
23012,0.08120234
23013,0.08565871
23014,0.3755397
23015,0.377153
23016,0.08608989
23017,0.07036217
23018,0.22951002
23019,0.53463197
23020,0.25507876
23021,0.2506376
23022,0.022644715
23023,0.22647868
23024,0.052652374
23025,0.025614148
23026,0.018051311
23027,0.0488285
23028,0.0076441257
23029,0.009529299
23030,0.03108646
23031,0.050019834
23032,0.06353655
23033,0.06258925
23034,0.06918731
23035,0.06229326
23036,0.22766688
23037,0.38027516
23038,0.026134934
23039,0.06963209
23040,0.23527005
23041,0.016036985
23042,0.050604817
23043,0.5011602
23044,0.50136435
23045,0.6497394
23046,0.0053058774
23047,0.025976442
23048,0.06394516
23049,0.47338805
23050,0.061681744
23051,0.015687034
23052,0.053040475
23053,0.028103152
23054,0.007466699
23055,0.050182994
23056,0.053900454
23057,0.04191517
23058,0.009897874
23059,0.357389
23060,0.014446885
23061,0.028413782
23062,0.21643966
23063,0.0707457
23064,0.04273789
23065,0.04202377
23066,0.35492513
23067,0.21542902
23068,0.023940941
23069,0.07980092
23070,0.06974734
23071,0.06908807
23072,0.48829803
23073,0.5208857
23074,0.6277634
23075,0.012944462
23076,0.051962465
23077,0.025648046
23078,0.41265088
23079,0.063004225
23080,0.24360448
23081,0.038075283
23082,0.06347255
23083,0.016567621
23084,0.064708
23085,0.06828242
23086,0.08231937
23087,0.07794327
23088,0.49430183
23089,0.50125605
23090,0.22337987
23091,0.079921216
23092,0.058612034
23093,0.05196134
23094,0.069349825
23095,0.038357772
23096,0.17289124
23097,0.0810391
23098,0.07972243
23099,0.052725118
23100,0.06850015
23101,0.02250514
23102,0.503116
23103,0.50924873
23104,0.49852318
23105,0.077707596
23106,0.041997034
23107,0.2284306
23108,0.41816103
23109,0.025243368
23110,0.03214966
23111,0.06399063
23112,0.043039575
23113,0.3779407
23114,0.6589326
23115,0.05742814
23116,0.0682134
23117,0.061774857
23118,0.0828317
23119,0.055798102
23120,0.3728678
23121,0.21659982
23122,0.034243852
23123,0.06382432
23124,0.06795802
23125,0.067866996
23126,0.04102587
23127,0.01971451
23128,0.26087338
23129,0.24874008
23130,0.08333401
23131,0.059452552
23132,0.025708007
23133,0.072045825
23134,0.0572038
23135,0.08606416
23136,0.029131923
23137,0.03776909
23138,0.038841393
23139,0.014208387
23140,0.016206253
23141,0.0380011
23142,0.038488068
23143,0.38103014
23144,0.71441776
23145,0.24560753
23146,0.24082568
23147,0.07272163
23148,0.0794041
23149,0.08079772
23150,0.5194419
23151,0.051121432
23152,0.035922304
23153,0.031227034
23154,0.082420595
23155,0.07679941
23156,0.077162065
23157,0.26022556
23158,0.2468314
23159,0.08451002
23160,0.5518706
23161,0.08028723
23162,0.015458493
23163,0.077475
23164,0.23809978
23165,0.018175641
23166,0.0493682
23167,0.25263232
23168,0.05191798
23169,0.033998623
23170,0.033826575
23171,0.03973955
23172,0.079475775
23173,0.38967684
23174,0.0899529
23175,0.50760657
23176,0.24895193
23177,0.080498636
23178,0.08179332
23179,0.24804512
23180,0.025491778
23181,0.08210156
23182,0.057635933
23183,0.0433654
23184,0.47520012
23185,0.25277436
23186,0.049070578
23187,0.5101164
23188,0.24656083
23189,0.0054562422
23190,0.061885413
23191,0.06860385
23192,0.063058145
23193,0.04277848
23194,0.009613283
23195,0.011038638
23196,0.026286548
23197,0.049277063
23198,0.06264612
23199,0.06300885
23200,0.07772671
23201,0.4045613
23202,0.6216037
23203,0.38253406
23204,0.4158717
23205,0.56167716
23206,0.06420732
23207,0.015938532
23208,0.057778027
23209,0.057617377
23210,0.22691058
23211,0.2373077
23212,0.052757036
23213,0.025078721
23214,0.05261903
23215,0.07742318
23216,0.015470853
23217,0.039665744
23218,0.070599556
23219,0.018748457
23220,0.038517002
23221,0.017026935
23222,0.050984398
23223,0.010044272
23224,0.030378968
23225,0.056914274
23226,0.049289808
23227,0.057370808
23228,0.23055612
23229,0.23031911
23230,0.39907527
23231,0.58489436
23232,0.56612396
23233,0.24844645
23234,0.21476097
23235,0.041346665
23236,0.04264109
23237,0.072360404
23238,0.013400977
23239,0.030141516
23240,0.5289093
23241,0.042447824
23242,0.015064111
23243,0.052597187
23244,0.042054214
23245,0.06849458
23246,0.034234922
23247,0.04196155
23248,0.014820037
23249,0.040703457
23250,0.0127917435
23251,0.013059869
23252,0.025680117
23253,0.06274177
23254,0.070702486
23255,0.4584155
23256,0.36453566
23257,0.22265825
23258,0.62267894
23259,0.24632007
23260,0.4706093
23261,0.22685453
23262,0.037462857
23263,0.030784719
23264,0.03384815
23265,0.041943002
23266,0.039532747
23267,0.034459118
23268,0.05285747
23269,0.43829763
23270,0.21444471
23271,0.25064278
23272,0.029016554
23273,0.070628464
23274,0.0752695
23275,0.07934335
23276,0.2379691
23277,0.04091009
23278,0.0044312216
23279,0.028854398
23280,0.008561411
23281,0.038403135
23282,0.07832553
23283,0.56202924
23284,0.39789364
23285,0.591446
23286,0.23970167
23287,0.24975881
23288,0.0853762
23289,0.21330833
23290,0.039078623
23291,0.0110476585
23292,0.02030967
23293,0.010207433
23294,0.029641781
23295,0.07699754
23296,0.0793601
23297,0.062754855
23298,0.0862051
23299,0.02552541
23300,0.056437086
23301,0.009980351
23302,0.38514626
23303,0.038200796
23304,0.07166883
23305,0.22720583
23306,0.028703783
23307,0.21714441
23308,0.07764383
23309,0.057438172
23310,0.0679346
23311,0.0291881
23312,0.06438341
23313,0.059886336
23314,0.035395287
23315,0.07497103
23316,0.071973816
23317,0.038094535
23318,0.025525862
23319,0.07223687
23320,0.010199918
23321,0.010150329
23322,0.013566335
23323,0.063930914
23324,0.030897342
23325,0.077676274
23326,0.031631045
23327,0.039386965
23328,0.008299613
23329,0.03873579
23330,0.075087726
23331,0.24912022
23332,0.45013362
23333,0.06932438
23334,0.044419277
23335,0.012301293
23336,0.053851124
23337,0.08345798
23338,0.012442342
23339,0.029480936
23340,0.013051571
23341,0.029112695
23342,0.01600218
23343,0.010255107
23344,0.024279153
23345,0.057407856
23346,0.062118962
23347,0.39187405
23348,0.012338999
23349,0.018513462
23350,0.029919306
23351,0.055706635
23352,0.06389929
23353,0.42306647
23354,0.06995255
23355,0.22935677
23356,0.034278996
23357,0.012924936
23358,0.057566714
23359,0.0794681
23360,0.0452417
23361,0.009989329
23362,0.014761838
23363,0.009812978
23364,0.24620488
23365,0.03016733
23366,0.009433007
23367,0.012458471
23368,0.024389831
23369,0.07706681
23370,0.051823836
23371,0.0371943
23372,0.015077504
23373,0.025561603
23374,0.051648058
23375,0.36340308
23376,0.029130558
23377,0.016766427
23378,0.028090764
23379,0.038227573
23380,0.050980173
23381,0.23749727
23382,0.052459124
23383,0.08222457
23384,0.06598447
23385,0.028251195
23386,0.013346063
23387,0.04202983
23388,0.042357963
23389,0.025881559
23390,0.364942
23391,0.2311643
23392,0.015418181
23393,0.061306812
23394,0.042503495
23395,0.007757072
23396,0.009653932
23397,0.49348167
23398,0.6018238
23399,0.21717288
23400,0.064064585
23401,0.06206534
23402,0.04237857
23403,0.037992463
23404,0.063099094
23405,0.061335728
23406,0.07051242
23407,0.55024946
23408,0.058093306
23409,0.013407208
23410,0.058731757
23411,0.05882065
23412,0.015330173
23413,0.034995507
23414,0.0804369
23415,0.5192444
23416,0.055374842
23417,0.08100415
23418,0.02441685
23419,0.05677735
23420,0.05974031
23421,0.025989087
23422,0.02185477
23423,0.045828935
23424,0.050701663
23425,0.024741117
23426,0.015888836
23427,0.048453964
23428,0.015103479
23429,0.07387218
23430,0.034433313
23431,0.038431436
23432,0.013534981
23433,0.030750683
23434,0.061782677
23435,0.06863197
23436,0.018500023
23437,0.049430348
23438,0.54167974
23439,0.05250736
23440,0.067677416
23441,0.042183377
23442,0.036299568
23443,0.041141067
23444,0.041976772
23445,0.011486522
23446,0.014345266
23447,0.09014542
23448,0.024686364
23449,0.013830694
23450,0.04228989
23451,0.06930595
23452,0.01675289
23453,0.0703344
23454,0.036711063
23455,0.024362607
23456,0.04235102
23457,0.3870407
23458,0.016970756
23459,0.017784458
23460,0.039442316
23461,0.029374206
23462,0.08320991
23463,0.05225037
23464,0.01182147
23465,0.0039836573
23466,0.053059734
23467,0.07981637
23468,0.0644022
23469,0.057271343
23470,0.052399214
23471,0.02583265
23472,0.045603685
23473,0.015030278
23474,0.19183722
23475,0.08165946
23476,0.22664541
23477,0.009257255
23478,0.028927987
23479,0.012275595
23480,0.010207433
23481,0.013735511
23482,0.016464524
23483,0.007304416
23484,0.013037647
23485,0.008425825
23486,0.011683156
23487,0.012987922
23488,0.021301016
23489,0.049133662
23490,0.04354298
23491,0.070626296
23492,0.008637579
23493,0.22654791
23494,0.079666734
23495,0.009301021
23496,0.009016849
23497,0.024095338
23498,0.010610773
23499,0.009100121
23500,0.016190695
23501,0.012111444
23502,0.029293701
23503,0.0103135705
23504,0.012762654
23505,0.008336584
23506,0.00781654
23507,0.052669413
23508,0.025598807
23509,0.03944194
23510,0.011529556
23511,0.0128321005
23512,0.00841804
23513,0.06795063
23514,0.024513867
23515,0.040589318
23516,0.0076126824
23517,0.009994411
23518,0.03039385
23519,0.062453117
23520,0.012420588
23521,0.009546108
23522,0.35443825
23523,0.051289473
23524,0.052433684
23525,0.053006347
23526,0.013119641
23527,0.00925244
23528,0.062397834
23529,0.019178161
23530,0.060836878
23531,0.06813264
23532,0.07753229
23533,0.014280349
23534,0.024323452
23535,0.030234057
23536,0.030096404
23537,0.006207311
23538,0.010044272
23539,0.009997189
23540,0.03023487
23541,0.008966005
23542,0.00993517
23543,0.061000377
23544,0.050966356
23545,0.23069747
23546,0.011619651
23547,0.015698398
23548,0.022252258
23549,0.009507957
23550,0.013037647
23551,0.043333605
23552,0.015764397
23553,0.012454567
23554,0.02382875
23555,0.031000584
23556,0.009010197
23557,0.009669549
23558,0.013840189
23559,0.028679596
23560,0.073377736
23561,0.08001722
23562,0.015465104
23563,0.06400588
23564,0.018219698
23565,0.035846606
23566,0.05135361
23567,0.042844646
23568,0.054136444
23569,0.032556932
23570,0.03774314
23571,0.040403042
23572,0.07335358
23573,0.043197192
23574,0.03749565
23575,0.03125157
23576,0.07081957
23577,0.04241771
23578,0.06488877
23579,0.23950307
23580,0.2288668
23581,0.043492947
23582,0.083231926
23583,0.0629667
23584,0.41337493
23585,0.06981817
23586,0.08602829
23587,0.05616759
23588,0.07205172
23589,0.038234856
23590,0.010309532
23591,0.07148281
23592,0.03122487
23593,0.6768342
23594,0.07737871
23595,0.043039232
23596,0.04240314
23597,0.07508152
23598,0.057151433
23599,0.028789015
23600,0.042826913
23601,0.04041842
23602,0.08010519
23603,0.22690581
23604,0.52176225
23605,0.49708217
23606,0.063002504
23607,0.08676234
23608,0.23741762
23609,0.018659502
23610,0.05165549
23611,0.039903034
23612,0.057473134
23613,0.06732326
23614,0.03628827
23615,0.47145322
23616,0.08369352
23617,0.07484951
23618,0.45712814
23619,0.0841567
23620,0.43092823
23621,0.015424542
23622,0.053193405
23623,0.25116012
23624,0.04966717
23625,0.04620746
23626,0.034156468
23627,0.05875499
23628,0.06935485
23629,0.07643825
23630,0.07003877
23631,0.033072945
23632,0.057671912
23633,0.08708675
23634,0.043024845
23635,0.030358208
23636,0.05172393
23637,0.05411487
23638,0.06290012
23639,0.030662669
23640,0.039363075
23641,0.041367948
23642,0.07114914
23643,0.026009543
23644,0.053117123
23645,0.08113317
23646,0.053094912
23647,0.2476409
23648,0.022597698
23649,0.051230226
23650,0.038029272
23651,0.013431914
23652,0.4929531
23653,0.076675996
23654,0.06259528
23655,0.25092512
23656,0.51084965
23657,0.009078799
23658,0.005930383
23659,0.061468102
23660,0.049691986
23661,0.012690597
23662,0.010774348
23663,0.059953857
23664,0.073152855
23665,0.08246911
23666,0.24984305
23667,0.014440469
23668,0.36269695
23669,0.04229404
23670,0.030744525
23671,0.034108225
23672,0.3843281
23673,0.016934343
23674,0.041422777
23675,0.058229458
23676,0.042433947
23677,0.07841095
23678,0.46237406
23679,0.05124089
23680,0.0648044
23681,0.019852428
23682,0.03993245
23683,0.052663438
23684,0.0092839645
23685,0.015741888
23686,0.028693443
23687,0.0099509405
23688,0.07645857
23689,0.09193773
23690,0.06845223
23691,0.07176844
23692,0.053239256
23693,0.0093048215
23694,0.037048258
23695,0.030506348
23696,0.029315505
23697,0.03478433
23698,0.0052161855
23699,0.06472833
23700,0.050904855
23701,0.21424164
23702,0.013025246
23703,0.035743777
23704,0.026100397
23705,0.016268263
23706,0.014028332
23707,0.022679871
23708,0.039845098
23709,0.019384233
23710,0.023279047
23711,0.057679944
23712,0.08659444
23713,0.37945968
23714,0.0414847
23715,0.037767634
23716,0.036710467
23717,0.070331186
23718,0.057511028
23719,0.051557254
23720,0.01102396
23721,0.029979603
23722,0.23048688
23723,0.025982445
23724,0.022838617
23725,0.030474978
23726,0.005734198
23727,0.18785754
23728,0.053099494
23729,0.23092653
23730,0.21717891
23731,0.35926047
23732,0.052740738
23733,0.037709177
23734,0.015931541
23735,0.049387474
23736,0.044422343
23737,0.08199764
23738,0.04269198
23739,0.5205115
23740,0.07002363
23741,0.07177597
23742,0.04765756
23743,0.014978906
23744,0.008978215
23745,0.011193533
23746,0.053120747
23747,0.026399482
23748,0.016353875
23749,0.015741888
23750,0.015999919
23751,0.061534043
23752,0.04115048
23753,0.05909709
23754,0.051904727
23755,0.07093527
23756,0.37314582
23757,0.4045534
23758,0.05323096
23759,0.020103976
23760,0.062216755
23761,0.014133969
23762,0.03964307
23763,0.024578597
23764,0.0089314645
23765,0.061622877
23766,0.050657533
23767,0.08013136
23768,0.038666554
23769,0.0716853
23770,0.038093302
23771,0.05098332
23772,0.034111444
23773,0.01558383
23774,0.08243954
23775,0.009304326
23776,0.056182753
23777,0.030833067
23778,0.009853822
23779,0.021528402
23780,0.034265075
23781,0.050899893
23782,0.057412233
23783,0.08004823
23784,0.065768115
23785,0.23587832
23786,0.22370592
23787,0.08139952
23788,0.0112101
23789,0.0631006
23790,0.010429225
23791,0.047261514
23792,0.038974337
23793,0.06339694
23794,0.03153915
23795,0.019063968
23796,0.042887706
23797,0.037622653
23798,0.0119865155
23799,0.048188344
23800,0.063258246
23801,0.031273115
23802,0.051243905
23803,0.022061374
23804,0.030721383
23805,0.016580243
23806,0.012443035
23807,0.0566669
23808,0.013076774
23809,0.03515382
23810,0.071949184
23811,0.051852092
23812,0.08130672
23813,0.27443185
23814,0.0656701
23815,0.0702231
23816,0.052867807
23817,0.057511616
23818,0.058001827
23819,0.06287813
23820,0.047343027
23821,0.008649336
23822,0.016283588
23823,0.084239244
23824,0.05768749
23825,0.062284805
23826,0.051942483
23827,0.059858
23828,0.016132638
23829,0.025928704
23830,0.017269382
23831,0.01840039
23832,0.036723707
23833,0.24968852
23834,0.054585338
23835,0.04102016
23836,0.068505734
23837,0.599302
23838,0.06252453
23839,0.013397659
23840,0.38156384
23841,0.05149413
23842,0.08778136
23843,0.23523152
23844,0.054159384
23845,0.018069817
23846,0.04251241
23847,0.043241132
23848,0.068730615
23849,0.083374485
23850,0.038242325
23851,0.08284688
23852,0.06271155
23853,0.05819646
23854,0.011428467
23855,0.017582748
23856,0.045185268
23857,0.05326917
23858,0.013848664
23859,0.0784876
23860,0.086480275
23861,0.23041904
23862,0.06040968
23863,0.030594364
23864,0.07076905
23865,0.0827642
23866,0.3874187
23867,0.04913349
23868,0.00935707
23869,0.04347742
23870,0.019483473
23871,0.009366479
23872,0.053318933
23873,0.5889044
23874,0.036814265
23875,0.069892466
23876,0.42852378
23877,0.07681571
23878,0.016285073
23879,0.037851077
23880,0.04682725
23881,0.22567025
23882,0.2401106
23883,0.009812924
23884,0.05877786
23885,0.060634755
23886,0.08577561
23887,0.23374304
23888,0.08174142
23889,0.08250542
23890,0.43096608
23891,0.06238763
23892,0.017348165
23893,0.04289087
23894,0.06538213
23895,0.04721659
23896,0.08409247
23897,0.4829503
23898,0.040259697
23899,0.40445495
23900,0.013378304
23901,0.0423853
23902,0.2446575
23903,0.0139843505
23904,0.04381914
23905,0.058609672
23906,0.015246085
23907,0.039221015
23908,0.0059289443
23909,0.38307592
23910,0.18294205
23911,0.058342576
23912,0.23051098
23913,0.0841567
23914,0.08299883
23915,0.39880115
23916,0.37429103
23917,0.24033648
23918,0.22302355
23919,0.07987515
23920,0.5485528
23921,0.25326344
23922,0.4405272
23923,0.0058308206
23924,0.02335991
23925,0.08043555
23926,0.052737035
23927,0.026152752
23928,0.017393827
23929,0.049553074
23930,0.007795613
23931,0.010114778
23932,0.031245438
23933,0.04968845
23934,0.064123794
23935,0.06291654
23936,0.069922194
23937,0.06295251
23938,0.23289105
23939,0.4014799
23940,0.026497496
23941,0.07159527
23942,0.23581286
23943,0.015851926
23944,0.05173954
23945,0.5518511
23946,0.6555977
23947,0.5902186
23948,0.025949104
23949,0.06286004
23950,0.5175923
23951,0.06251464
23952,0.015441108
23953,0.053041987
23954,0.0075844987
23955,0.049672898
23956,0.054197747
23957,0.042351063
23958,0.0105839465
23959,0.37420282
23960,0.015576976
23961,0.02944123
23962,0.07084017
23963,0.06984876
23964,0.041683592
23965,0.04245881
23966,0.37916684
23967,0.3604991
23968,0.024436336
23969,0.07836771
23970,0.06971171
23971,0.07133632
23972,0.5116403
23973,0.6135148
23974,0.61219317
23975,0.012687914
23976,0.18920441
23977,0.026195623
23978,0.3950592
23979,0.063523166
23980,0.23839398
23981,0.038498424
23982,0.065341614
23983,0.017474378
23984,0.065768115
23985,0.06897005
23986,0.08238075
23987,0.07471007
23988,0.52924746
23989,0.44631955
23990,0.40635705
23991,0.081275396
23992,0.061358526
23993,0.05139767
23994,0.065672
23995,0.039221015
23996,0.03131934
23997,0.080805816
23998,0.08124898
23999,0.052639358
24000,0.07039548
24001,0.022919474
24002,0.5621013
24003,0.72894573
24004,0.64758486
24005,0.07990344
24006,0.042609423
24007,0.23056944
24008,0.3685505
24009,0.025885312
24010,0.008794267
24011,0.015024048
24012,0.032485474
24013,0.06586263
24014,0.04220932
24015,0.41101867
24016,0.6309677
24017,0.057703346
24018,0.06804951
24019,0.061714265
24020,0.090330824
24021,0.05577066
24022,0.3914788
24023,0.21658581
24024,0.034747984
24025,0.064638324
24026,0.07021457
24027,0.06768021
24028,0.04113042
24029,0.02001239
24030,0.2643478
24031,0.38345325
24032,0.23440485
24033,0.0582144
24034,0.07015627
24035,0.009380088
24036,0.05703953
24037,0.08268031
24038,0.029540312
24039,0.039414115
24040,0.03960416
24041,0.015439782
24042,0.038458936
24043,0.03905474
24044,0.39090025
24045,0.6687758
24046,0.2497633
24047,0.24151544
24048,0.07350575
24049,0.08508373
24050,0.23132612
24051,0.46230265
24052,0.051491138
24053,0.027943166
24054,0.03434529
24055,0.031001894
24056,0.08343253
24057,0.078360744
24058,0.22464697
24059,0.4865761
24060,0.24833941
24061,0.084562846
24062,0.63553804
24063,0.08143873
24064,0.015814057
24065,0.22345987
24066,0.24065903
24067,0.018074887
24068,0.049613524
24069,0.49021322
24070,0.051692616
24071,0.03407947
24072,0.033835806
24073,0.040472183
24074,0.08336969
24075,0.403468
24076,0.2450939
24077,0.49752092
24078,0.25142843
24079,0.08554123
24080,0.08052509
24081,0.24910799
24082,0.025976833
24083,0.083898626
24084,0.058215
24085,0.042732712
24086,0.423765
24087,0.24606037
24088,0.04948992
24089,0.43628913
24090,0.24564344
24091,0.005768177
24092,0.062558666
24093,0.070006534
24094,0.062213358
24095,0.010406497
24096,0.027155304
24097,0.049613245
24098,0.06368286
24099,0.062461123
24100,0.07679487
24101,0.38950685
24102,0.52855176
24103,0.41044024
24104,0.40634337
24105,0.5896989
24106,0.06401399
24107,0.057580464
24108,0.058497034
24109,0.082646824
24110,0.08306391
24111,0.05308556
24112,0.02589568
24113,0.052751776
24114,0.07881353
24115,0.01506485
24116,0.0041559343
24117,0.040504582
24118,0.069726445
24119,0.01876263
24120,0.012777082
24121,0.036813926
24122,0.01649333
24123,0.014952505
24124,0.029427256
24125,0.05733422
24126,0.049994268
24127,0.059367046
24128,0.23168288
24129,0.07397062
24130,0.40191674
24131,0.64546555
24132,0.60137033
24133,0.2491394
24134,0.21622923
24135,0.043422855
24136,0.070368975
24137,0.013658072
24138,0.00903196
24139,0.538866
24140,0.042995162
24141,0.014702781
24142,0.05287916
24143,0.042830557
24144,0.07014472
24145,0.036811046
24146,0.04199072
24147,0.014203194
24148,0.041205946
24149,0.005255349
24150,0.012959735
24151,0.01369469
24152,0.026060916
24153,0.06334024
24154,0.06971897
24155,0.49695995
24156,0.41340256
24157,0.22370592
24158,0.66666645
24159,0.37816998
24160,0.4364201
24161,0.22733516
24162,0.037573986
24163,0.0341399
24164,0.042310193
24165,0.039749976
24166,0.0145299565
24167,0.034016825
24168,0.053053945
24169,0.455596
24170,0.2119296
24171,0.41873598
24172,0.028669419
24173,0.07186683
24174,0.076539144
24175,0.080557875
24176,0.23916177
24177,0.040875614
24178,0.038962185
24179,0.07967151
24180,0.5809239
24181,0.41261777
24182,0.56263554
24183,0.23826335
24184,0.24617732
24185,0.083320834
24186,0.064605206
24187,0.03991756
24188,0.020434963
24189,0.030171532
24190,0.07834218
24191,0.07942448
24192,0.06369053
24193,0.0866731
24194,0.022907274
24195,0.057191987
24196,0.009325138
24197,0.24145876
24198,0.038724046
24199,0.0105047105
24200,0.07314671
24201,0.23089644
24202,0.029053077
24203,0.22295642
24204,0.074509494
24205,0.057657853
24206,0.0675273
24207,0.029509686
24208,0.06455208
24209,0.060450442
24210,0.034252673
24211,0.07651538
24212,0.07046456
24213,0.038501054
24214,0.0079616625
24215,0.07318559
24216,0.01071752
24217,0.22116725
24218,0.0073359986
24219,0.030882243
24220,0.07985387
24221,0.03211984
24222,0.039560348
24223,0.037876666
24224,0.079219416
24225,0.3993349
24226,0.46252817
24227,0.071705475
24228,0.012031683
24229,0.016556332
24230,0.026341861
24231,0.046403654
24232,0.054633953
24233,0.08315662
24234,0.012661782
24235,0.029139388
24236,0.013239427
24237,0.029635528
24238,0.016273983
24239,0.010769569
24240,0.02443721
24241,0.0075017265
24242,0.057516195
24243,0.062446352
24244,0.38100588
24245,0.012891981
24246,0.014542979
24247,0.030721383
24248,0.056182753
24249,0.06483659
24250,0.4383766
24251,0.07248207
24252,0.017401075
24253,0.00955958
24254,0.23100348
24255,0.0116063645
24256,0.034646887
24257,0.013703213
24258,0.057792675
24259,0.22533295
24260,0.046093352
24261,0.015971292
24262,0.010076997
24263,0.24880642
24264,0.030692684
24265,0.013406917
24266,0.024384065
24267,0.08297721
24268,0.052710094
24269,0.03760124
24270,0.015147413
24271,0.026083106
24272,0.05255049
24273,0.41763014
24274,0.029523386
24275,0.01623014
24276,0.028148757
24277,0.03811348
24278,0.052363772
24279,0.23707932
24280,0.052238982
24281,0.2361556
24282,0.06585099
24283,0.029198349
24284,0.042737614
24285,0.04283155
24286,0.02657772
24287,0.2407703
24288,0.0787991
24289,0.015208278
24290,0.05843859
24291,0.042705085
24292,0.01002445
24293,0.4431311
24294,0.59502155
24295,0.21776175
24296,0.064969674
24297,0.012759906
24298,0.06292543
24299,0.04261799
24300,0.03981111
24301,0.06368247
24302,0.06195271
24303,0.06847779
24304,0.7585567
24305,0.016246414
24306,0.05975841
24307,0.013371622
24308,0.060653638
24309,0.057420388
24310,0.015486637
24311,0.035182096
24312,0.08574131
24313,0.27418038
24314,0.057333987
24315,0.23065983
24316,0.024442865
24317,0.05743754
24318,0.060202096
24319,0.026676212
24320,0.023200702
24321,0.046247955
24322,0.05135252
24323,0.025613206
24324,0.016831482
24325,0.049517572
24326,0.014363141
24327,0.07888443
24328,0.034608703
24329,0.038547743
24330,0.030975461
24331,0.061783522
24332,0.07180479
24333,0.018807935
24334,0.050428968
24335,0.67331004
24336,0.053735014
24337,0.06894374
24338,0.04260655
24339,0.03509051
24340,0.04174725
24341,0.04213657
24342,0.012109538
24343,0.0921637
24344,0.025113504
24345,0.013469053
24346,0.04120684
24347,0.21704456
24348,0.017529923
24349,0.009492503
24350,0.21728374
24351,0.038187806
24352,0.04118277
24353,0.43421152
24354,0.025320232
24355,0.017738225
24356,0.005739288
24357,0.017928537
24358,0.0111837955
24359,0.039497644
24360,0.028461574
24361,0.08359436
24362,0.052776717
24363,0.0073496187
24364,0.052862313
24365,0.080762975
24366,0.06487078
24367,0.057309013
24368,0.052676197
24369,0.04624177
24370,0.014465862
24371,0.1920995
24372,0.08643476
24373,0.22561996
24374,0.00914348
24375,0.03068348
24376,0.012369246
24377,0.01108862
24378,0.014075168
24379,0.010333948
24380,0.01596081
24381,0.018086053
24382,0.008887485
24383,0.013743986
24384,0.013385099
24385,0.007417489
24386,0.022012064
24387,0.049650438
24388,0.04289617
24389,0.07262744
24390,0.005831407
24391,0.07931689
24392,0.008239082
24393,0.24222162
24394,0.017349336
24395,0.024179833
24396,0.010759467
24397,0.016538793
24398,0.029826317
24399,0.011386746
24400,0.0049609356
24401,0.01246715
24402,0.013127482
24403,0.009214115
24404,0.007959058
24405,0.051943406
24406,0.024502622
24407,0.040508997
24408,0.011900429
24409,0.04205938
24410,0.013209089
24411,0.008747348
24412,0.011356656
24413,0.0086623505
24414,0.06848035
24415,0.025666267
24416,0.04239567
24417,0.008101924
24418,0.009219406
24419,0.030853968
24420,0.010418993
24421,0.012874615
24422,0.06250904
24423,0.012587385
24424,0.01043749
24425,0.010050419
24426,0.009935443
24427,0.3822539
24428,0.05192251
24429,0.05294654
24430,0.053813938
24431,0.005579497
24432,0.061856054
24433,0.019852428
24434,0.059719343
24435,0.06918671
24436,0.08058348
24437,0.01416242
24438,0.024026057
24439,0.030654741
24440,0.030251104
24441,0.02593543
24442,0.025139134
24443,0.010806199
24444,0.030084565
24445,0.009627776
24446,0.0099883
24447,0.059996396
24448,0.05152903
24449,0.03007127
24450,0.07607173
24451,0.011925676
24452,0.029406067
24453,0.009404687
24454,0.013815223
24455,0.043239366
24456,0.012902254
24457,0.024188466
24458,0.030935055
24459,0.009317943
24460,0.029707728
24461,0.23175514
24462,0.08051749
24463,0.016481066
24464,0.064835094
24465,0.017386358
24466,0.036205757
24467,0.05464166
24468,0.043719664
24469,0.05598329
24470,0.04512143
24471,0.008982841
24472,0.08987285
24473,0.044439267
24474,0.06866328
24475,0.099963106
24476,0.24179979
24477,0.045141485
24478,0.012767786
24479,0.2731796
24480,0.06854837
24481,0.27006707
24482,0.07835877
24483,0.10198855
24484,0.027341748
24485,0.017263826
24486,0.08151372
24487,0.012979635
24488,0.03995343
24489,0.013514634
24490,0.08607547
24491,0.031078897
24492,0.7166805
24493,0.2438051
24494,0.043812126
24495,0.09167984
24496,0.0600481
24497,0.044577964
24498,0.015714647
24499,0.013319947
24500,0.039065015
24501,0.091505416
24502,0.4110994
24503,0.5216823
24504,0.48032108
24505,0.04434495
24506,0.06795844
24507,0.09746483
24508,0.104623586
24509,0.008893515
24510,0.02336472
24511,0.05427541
24512,0.041380715
24513,0.060142253
24514,0.07449834
24515,0.03690168
24516,0.46383035
24517,0.098787956
24518,0.37789795
24519,0.45540348
24520,0.095235966
24521,0.021213206
24522,0.44701412
24523,0.015363942
24524,0.05595567
24525,0.26938847
24526,0.05153515
24527,0.04799831
24528,0.03511327
24529,0.06345922
24530,0.07816807
24531,0.090529084
24532,0.080060706
24533,0.03282274
24534,0.038146276
24535,0.065442756
24536,0.11837651
24537,0.044340488
24538,0.031451803
24539,0.05477583
24540,0.056143068
24541,0.06907522
24542,0.031570632
24543,0.03995343
24544,0.04247626
24545,0.07931611
24546,0.027304647
24547,0.056778513
24548,0.111262254
24549,0.05582525
24550,0.27668345
24551,0.054662216
24552,0.039606586
24553,0.023290332
24554,0.013491347
24555,0.012792355
24556,0.014277275
24557,0.49075973
24558,0.091087
24559,0.06809935
24560,0.122982554
24561,0.11360366
24562,0.06559822
24563,0.05219875
24564,0.037793986
24565,0.06726828
24566,0.06279091
24567,0.116888195
24568,0.2716564
24569,0.015645195
24570,0.3739776
24571,0.04261793
24572,0.008760559
24573,0.035231374
24574,0.26045597
24575,0.01775811
24576,0.043015014
24577,0.010122115
24578,0.060089882
24579,0.043723375
24580,0.027148357
24581,0.09151713
24582,0.47263727
24583,0.055190813
24584,0.07027316
24585,0.017631894
24586,0.019875476
24587,0.040961716
24588,0.055491816
24589,0.009359324
24590,0.02915249
24591,0.011207568
24592,0.093979456
24593,0.10885183
24594,0.08024909
24595,0.08319765
24596,0.0561991
24597,0.009570011
24598,0.038281515
24599,0.03162546
24600,0.030681366
24601,0.035646632
24602,0.06881073
24603,0.05350625
24604,0.38289124
24605,0.013731262
24606,0.036287054
24607,0.027223885
24608,0.015772117
24609,0.013718753
24610,0.023287121
24611,0.041372593
24612,0.019081185
24613,0.023174226
24614,0.060170673
24615,0.26910123
24616,0.42305616
24617,0.042627197
24618,0.038768526
24619,0.037926726
24620,0.07871261
24621,0.060603634
24622,0.052581888
24623,0.013740449
24624,0.0116816275
24625,0.030684315
24626,0.24645765
24627,0.026162064
24628,0.023195697
24629,0.03102768
24630,0.006638184
24631,0.18930605
24632,0.05595644
24633,0.405879
24634,0.41811296
24635,0.3837632
24636,0.055100888
24637,0.038455456
24638,0.016779996
24639,0.04909977
24640,0.043835405
24641,0.09835067
24642,0.04435323
24643,0.6345978
24644,0.08403028
24645,0.019249137
24646,0.08612823
24647,0.049160324
24648,0.04714431
24649,0.015205734
24650,0.009629188
24651,0.011117473
24652,0.05613974
24653,0.027221095
24654,0.017527752
24655,0.011246626
24656,0.015706513
24657,0.017026998
24658,0.065882385
24659,0.042648874
24660,0.06350716
24661,0.054669604
24662,0.07911957
24663,0.3735797
24664,0.41423583
24665,0.055719055
24666,0.021410847
24667,0.06729334
24668,0.014012505
24669,0.03935181
24670,0.025998415
24671,0.06756877
24672,0.05281893
24673,0.09173664
24674,0.0385501
24675,0.083877236
24676,0.039111383
24677,0.05325925
24678,0.03504741
24679,0.015892398
24680,0.09857654
24681,0.03150921
24682,0.05932348
24683,0.031465907
24684,0.010025696
24685,0.021727256
24686,0.035511896
24687,0.05307435
24688,0.06056863
24689,0.09871812
24690,0.068220966
24691,0.39344734
24692,0.23359124
24693,0.24187553
24694,0.011380409
24695,0.06869199
24696,0.01019166
24697,0.04946959
24698,0.040351786
24699,0.06823569
24700,0.03215904
24701,0.019141281
24702,0.044661384
24703,0.038562562
24704,0.011437073
24705,0.049623944
24706,0.067313984
24707,0.032433536
24708,0.053107075
24709,0.031596504
24710,0.013118569
24711,0.059725128
24712,0.013629916
24713,0.03654932
24714,0.08350155
24715,0.05428723
24716,0.09817048
24717,0.2978416
24718,0.0704585
24719,0.083041936
24720,0.054381147
24721,0.20496017
24722,0.05970914
24723,0.06798414
24724,0.04951674
24725,0.009630091
24726,0.008608106
24727,0.017595403
24728,0.27287647
24729,0.0604045
24730,0.06740808
24731,0.053482037
24732,0.06488183
24733,0.016032174
24734,0.026614008
24735,0.01965278
24736,0.036445033
24737,0.27145642
24738,0.056650437
24739,0.04133463
24740,0.07929604
24741,0.58622533
24742,0.06934499
24743,0.013749517
24744,0.386375
24745,0.053934645
24746,0.26329336
24747,0.2686546
24748,0.056497656
24749,0.04394094
24750,0.04476786
24751,0.078165166
24752,0.10355394
24753,0.03936798
24754,0.10035876
24755,0.068154514
24756,0.006918422
24757,0.06071358
24758,0.018366138
24759,0.04737084
24760,0.056450516
24761,0.014160291
24762,0.09081067
24763,0.097401984
24764,0.23899317
24765,0.065697126
24766,0.030892214
24767,0.08211594
24768,0.10188628
24769,0.4032973
24770,0.05289985
24771,0.009196329
24772,0.045397554
24773,0.019845217
24774,0.009148936
24775,0.05592331
24776,0.63584566
24777,0.038036294
24778,0.087586336
24779,0.4702891
24780,0.09167236
24781,0.016531229
24782,0.011209337
24783,0.03869055
24784,0.04919826
24785,0.2384681
24786,0.42550758
24787,0.00934533
24788,0.20505194
24789,0.06677607
24790,0.2475595
24791,0.2438349
24792,0.09414647
24793,0.11707088
24794,0.38501155
24795,0.06695558
24796,0.045131553
24797,0.07018076
24798,0.048767347
24799,0.27014896
24800,0.6651
24801,0.005581462
24802,0.040803194
24803,0.424676
24804,0.013650343
24805,0.043933026
24806,0.11764281
24807,0.01193099
24808,0.046009418
24809,0.059697982
24810,0.015250751
24811,0.039851714
24812,0.005926855
24813,0.40766233
24814,0.37715402
24815,0.06284181
24816,0.24610144
24817,0.09808229
24818,0.26501814
24819,0.42351305
24820,0.26486835
24821,0.026944121
24822,0.2526624
24823,0.23146087
24824,0.0937281
24825,0.66843075
24826,0.2687833
24827,0.2709998
24828,0.006638184
24829,0.022738913
24830,0.23892257
24831,0.055414792
24832,0.027949685
24833,0.018462025
24834,0.010779596
24835,0.052191883
24836,0.00817722
24837,0.0097466735
24838,0.032105383
24839,0.18418536
24840,0.06984447
24841,0.06878058
24842,0.0797923
24843,0.067488566
24844,0.41026896
24845,0.23009948
24846,0.027749956
24847,0.08480899
24848,0.2502979
24849,0.016430499
24850,0.05224716
24851,0.80033576
24852,0.78977853
24853,0.7016504
24854,0.026587553
24855,0.0153514
24856,0.06864486
24857,0.48624992
24858,0.0665336
24859,0.05640592
24860,0.051611766
24861,0.055506695
24862,0.044006135
24863,0.010632433
24864,0.43325922
24865,0.015797425
24866,0.030002058
24867,0.08154984
24868,0.08082423
24869,0.04470399
24870,0.044440605
24871,0.37958166
24872,0.3649375
24873,0.024825815
24874,0.093492396
24875,0.08117643
24876,0.080255724
24877,0.6855742
24878,0.7223362
24879,0.7389401
24880,0.18769157
24881,0.027394874
24882,0.008468557
24883,0.3935702
24884,0.0686027
24885,0.26484063
24886,0.039152727
24887,0.06974515
24888,0.01696902
24889,0.06973175
24890,0.07946033
24891,0.1019592
24892,0.09062347
24893,0.5451132
24894,0.44901654
24895,0.39498714
24896,0.096151546
24897,0.061116446
24898,0.05372326
24899,0.083338134
24900,0.039675135
24901,0.03043664
24902,0.02146566
24903,0.096586786
24904,0.10300384
24905,0.055854317
24906,0.082375236
24907,0.023366762
24908,0.8074998
24909,0.8513168
24910,0.7271608
24911,0.091667645
24912,0.044237807
24913,0.24244155
24914,0.37862778
24915,0.026062787
24916,0.009086765
24917,0.014767478
24918,0.0148947975
24919,0.033471942
24920,0.06996696
24921,0.04432989
24922,0.439248
24923,0.7197056
24924,0.060494743
24925,0.07597331
24926,0.06732745
24927,0.10218542
24928,0.058234695
24929,0.39768922
24930,0.08030106
24931,0.03584558
24932,0.07046174
24933,0.08058835
24934,0.07873354
24935,0.042467304
24936,0.020777272
24937,0.2805486
24938,0.2715289
24939,0.09940161
24940,0.06257163
24941,0.026708707
24942,0.084769994
24943,0.058434837
24944,0.27177966
24945,0.030361207
24946,0.039461274
24947,0.039591324
24948,0.016103888
24949,0.03936518
24950,0.040392272
24951,0.4016383
24952,0.7698891
24953,0.41634807
24954,0.10681949
24955,0.08389737
24956,0.10381547
24957,0.09700406
24958,0.5308924
24959,0.053871144
24960,0.03640584
24961,0.03264942
24962,0.24701534
24963,0.09016036
24964,0.3731126
24965,0.44172752
24966,0.41197208
24967,0.2444373
24968,0.67115307
24969,0.09909013
24970,0.016194126
24971,0.23395394
24972,0.2536436
24973,0.018392885
24974,0.051571287
24975,0.27048504
24976,0.055842597
24977,0.036171064
24978,0.035186317
24979,0.041381754
24980,0.09344387
24981,0.40345365
24982,0.26763156
24983,0.5039024
24984,0.2704708
24985,0.09818624
24986,0.09564974
24987,0.40118054
24988,0.026506497
24989,0.098151505
24990,0.06180433
24991,0.044746596
24992,0.51389664
24993,0.27318934
24994,0.051390152
24995,0.4789514
24996,0.27318934
24997,0.0061189225
24998,0.066972695
24999,0.08333377
25000,0.066221125
25001,0.010260439
25002,0.0105860345
25003,0.008536831
25004,0.027253097
25005,0.05101676
25006,0.06876879
25007,0.06768093
25008,0.09191508
25009,0.39578015
25010,0.6532535
25011,0.43203896
25012,0.40311027
25013,0.6660065
25014,0.06861038
25015,0.060988303
25016,0.06264974
25017,0.09619178
25018,0.10802486
25019,0.055646047
25020,0.02689557
25021,0.0051122163
25022,0.056082673
25023,0.09830595
25024,0.0161914
25025,0.041381754
25026,0.077015124
25027,0.014087977
25028,0.036364306
25029,0.017780073
25030,0.019091612
25031,0.010064896
25032,0.031295575
25033,0.05970914
25034,0.051472925
25035,0.06376738
25036,0.3961193
25037,0.24404986
25038,0.36624998
25039,0.6831855
25040,0.64435875
25041,0.4243536
25042,0.22727618
25043,0.043042682
25044,0.018462025
25045,0.045135047
25046,0.08403432
25047,0.013702737
25048,0.031451803
25049,0.69277555
25050,0.04521384
25051,0.015404248
25052,0.053792387
25053,0.04509024
25054,0.07818265
25055,0.037570067
25056,0.044848125
25057,0.015513871
25058,0.042579807
25059,0.012598398
25060,0.0130507685
25061,0.026341598
25062,0.06788583
25063,0.081199124
25064,0.52197444
25065,0.42575008
25066,0.23462863
25067,0.6297128
25068,0.41326347
25069,0.44788593
25070,0.24066937
25071,0.03885716
25072,0.032216568
25073,0.043930303
25074,0.04069767
25075,0.035223905
25076,0.05649735
25077,0.504529
25078,0.21658763
25079,0.41765523
25080,0.030419951
25081,0.078490816
25082,0.09133575
25083,0.09874196
25084,0.2529911
25085,0.17996664
25086,0.029626314
25087,0.04017581
25088,0.094640516
25089,0.6490821
25090,0.3971959
25091,0.60275394
25092,0.3913375
25093,0.27010226
25094,0.10228372
25095,0.21644391
25096,0.040981263
25097,0.02084795
25098,0.010902558
25099,0.011683737
25100,0.03729246
25101,0.030153258
25102,0.093492396
25103,0.094490655
25104,0.067846134
25105,0.27225292
25106,0.026647594
25107,0.060040522
25108,0.009873293
25109,0.38397828
25110,0.039559897
25111,0.010832777
25112,0.081952035
25113,0.2427851
25114,0.030064313
25115,0.005753648
25116,0.22635859
25117,0.093038045
25118,0.05671463
25119,0.07614195
25120,0.03010717
25121,0.07001215
25122,0.064353324
25123,0.036085162
25124,0.09436255
25125,0.08612685
25126,0.040051345
25127,0.025628274
25128,0.009857451
25129,0.22562753
25130,0.010650656
25131,0.07027988
25132,0.038945377
25133,0.030964535
25134,0.09186303
25135,0.03358089
25136,0.04103784
25137,0.008195623
25138,0.03869055
25139,0.09873158
25140,0.3915506
25141,0.5702787
25142,0.08464644
25143,0.012355166
25144,0.016615093
25145,0.016731467
25146,0.027725777
25147,0.046665587
25148,0.013400636
25149,0.057056535
25150,0.24286915
25151,0.013282702
25152,0.030105695
25153,0.0134111745
25154,0.01676123
25155,0.016157394
25156,0.024556767
25157,0.060207162
25158,0.06734952
25159,0.40252447
25160,0.01323984
25161,0.015335365
25162,0.031680558
25163,0.058512643
25164,0.06940141
25165,0.42330015
25166,0.084282055
25167,0.010980667
25168,0.24425966
25169,0.01171484
25170,0.035654146
25171,0.060207162
25172,0.09440546
25173,0.047912013
25174,0.010174188
25175,0.016126359
25176,0.009554357
25177,0.2720268
25178,0.031512
25179,0.013847237
25180,0.024298327
25181,0.099103324
25182,0.055726286
25183,0.038573492
25184,0.015713742
25185,0.026610048
25186,0.054077033
25187,0.40274447
25188,0.030616203
25189,0.015962156
25190,0.02956528
25191,0.039604567
25192,0.053419486
25193,0.25136563
25194,0.055393085
25195,0.2509546
25196,0.06939291
25197,0.030060802
25198,0.044444002
25199,0.044846274
25200,0.027636359
25201,0.26867467
25202,0.016174566
25203,0.093032576
25204,0.01587492
25205,0.06687064
25206,0.045727316
25207,0.009913164
25208,0.50674486
25209,0.69815946
25210,0.08608166
25211,0.06936821
25212,0.06789939
25213,0.044153254
25214,0.041434307
25215,0.21950996
25216,0.065824404
25217,0.07892998
25218,0.7207861
25219,0.01662922
25220,0.06340814
25221,0.014063495
25222,0.06548755
25223,0.06344272
25224,0.015731214
25225,0.03652976
25226,0.09886512
25227,0.46900132
25228,0.061349384
25229,0.24266666
25230,0.024657315
25231,0.061537106
25232,0.0197359
25233,0.06468937
25234,0.027767852
25235,0.023461597
25236,0.048524436
25237,0.05346931
25238,0.025949918
25239,0.017249018
25240,0.05019212
25241,0.014818118
25242,0.09314633
25243,0.035654146
25244,0.03995343
25245,0.01339831
25246,0.03257344
25247,0.0663978
25248,0.081228495
25249,0.019267209
25250,0.05162887
25251,0.7362307
25252,0.055719096
25253,0.07890966
25254,0.044286814
25255,0.03639558
25256,0.042587258
25257,0.043894146
25258,0.011569311
25259,0.0148947975
25260,0.27524498
25261,0.025531212
25262,0.0060553355
25263,0.04268502
25264,0.08014867
25265,0.01761377
25266,0.010009744
25267,0.08806816
25268,0.039148334
25269,0.024789393
25270,0.04432919
25271,0.4157779
25272,0.026128633
25273,0.017560218
25274,0.0060554817
25275,0.007925199
25276,0.011033173
25277,0.040952805
25278,0.008210609
25279,0.030986119
25280,0.24918798
25281,0.055352703
25282,0.011789922
25283,0.013123099
25284,0.053290725
25285,0.09659506
25286,0.069135
25287,0.061133415
25288,0.055207036
25289,0.026643539
25290,0.047222298
25291,0.014894442
25292,0.05598629
25293,0.26178995
25294,0.23753248
25295,0.008612031
25296,0.031624813
25297,0.012890535
25298,0.011084724
25299,0.014370926
25300,0.010160147
25301,0.016515391
25302,0.008189086
25303,0.014460765
25304,0.008706985
25305,0.013677794
25306,0.012277757
25307,0.00966307
25308,0.021980844
25309,0.05164977
25310,0.044717897
25311,0.085221395
25312,0.005933592
25313,0.010095633
25314,0.0944429
25315,0.38461304
25316,0.024819592
25317,0.011973156
25318,0.010039961
25319,0.01679021
25320,0.007710738
25321,0.030908095
25322,0.011992878
25323,0.013061622
25324,0.008548671
25325,0.054328818
25326,0.02664285
25327,0.040960275
25328,0.011775126
25329,0.042945933
25330,0.013337072
25331,0.008730808
25332,0.011786282
25333,0.0092678135
25334,0.080406
25335,0.025480228
25336,0.044097703
25337,0.008171757
25338,0.009799046
25339,0.03209927
25340,0.010191678
25341,0.01426988
25342,0.06798414
25343,0.010150048
25344,0.3986574
25345,0.054206792
25346,0.057184614
25347,0.056708213
25348,0.06706834
25349,0.01982842
25350,0.010059838
25351,0.006357503
25352,0.06630723
25353,0.013192959
25354,0.07822856
25355,0.09902689
25356,0.015528941
25357,0.03183547
25358,0.03193946
25359,0.026680814
25360,0.02657861
25361,0.010554569
25362,0.03082799
25363,0.009613097
25364,0.010677357
25365,0.008071755
25366,0.06510933
25367,0.05311209
25368,0.031565145
25369,0.09461748
25370,0.016013054
25371,0.03008287
25372,0.0056351977
25373,0.010175756
25374,0.013920194
25375,0.044877857
25376,0.016655637
25377,0.013201534
25378,0.025011985
25379,0.03209068
25380,0.009417856
25381,0.014321667
25382,0.030299665
25383,0.246812
25384,0.2408369
25385,0.017069198
25386,0.21630634
25387,0.018275915
25388,0.05384061
25389,0.043651443
25390,0.056475714
25391,0.013552235
25392,0.03885964
25393,0.038499344
25394,0.041086275
25395,0.07448143
25396,0.044515092
25397,0.038117703
25398,0.030559493
25399,0.07469716
25400,0.04356729
25401,0.067009114
25402,0.043531626
25403,0.08578579
25404,0.2287942
25405,0.05289653
25406,0.044515092
25407,0.250515
25408,0.064397186
25409,0.37876442
25410,0.0728264
25411,0.2356029
25412,0.05847606
25413,0.02730091
25414,0.01896237
25415,0.07184846
25416,0.010593928
25417,0.2328753
25418,0.6690184
25419,0.07834285
25420,0.043951444
25421,0.08140571
25422,0.058691274
25423,0.029358603
25424,0.043319892
25425,0.036195982
25426,0.015583726
25427,0.040582463
25428,0.22271268
25429,0.37323263
25430,0.4259378
25431,0.45163658
25432,0.044396393
25433,0.06489251
25434,0.08763078
25435,0.08634962
25436,0.009267608
25437,0.053946756
25438,0.040947694
25439,0.059805743
25440,0.07133472
25441,0.036243927
25442,0.40025112
25443,0.08425428
25444,0.2397728
25445,0.45679328
25446,0.08331042
25447,0.021019181
25448,0.5230099
25449,0.055173658
25450,0.25137115
25451,0.051132366
25452,0.047826387
25453,0.034820497
25454,0.071481965
25455,0.07882997
25456,0.07063574
25457,0.032805976
25458,0.038873225
25459,0.063562974
25460,0.25037044
25461,0.043652818
25462,0.031258933
25463,0.053937394
25464,0.05509579
25465,0.06457434
25466,0.039712403
25467,0.04313635
25468,0.026526682
25469,0.055655345
25470,0.090474196
25471,0.09674841
25472,0.03990495
25473,0.013118632
25474,0.014248982
25475,0.49114326
25476,0.0798168
25477,0.065502435
25478,0.25744158
25479,0.25134608
25480,0.06354513
25481,0.051247247
25482,0.016536137
25483,0.019937992
25484,0.038662843
25485,0.061786152
25486,0.072803624
25487,0.25411272
25488,0.50409937
25489,0.016336216
25490,0.3522624
25491,0.043624014
25492,0.03154042
25493,0.024405845
25494,0.035319827
25495,0.24295183
25496,0.0169258
25497,0.042364977
25498,0.009764869
25499,0.05957283
25500,0.043854073
25501,0.026340365
25502,0.082154244
25503,0.2820211
25504,0.05500848
25505,0.066670746
25506,0.016391907
25507,0.019491661
25508,0.03958052
25509,0.054603357
25510,0.029169168
25511,0.079617985
25512,0.09438023
25513,0.07070525
25514,0.22315556
25515,0.055282965
25516,0.037810266
25517,0.031206442
25518,0.02989161
25519,0.035536923
25520,0.005019269
25521,0.067654386
25522,0.05273023
25523,0.3676539
25524,0.013254026
25525,0.03605946
25526,0.027041545
25527,0.015987631
25528,0.014204158
25529,0.023271898
25530,0.04067391
25531,0.023820534
25532,0.05981351
25533,0.25055474
25534,0.4225742
25535,0.042723905
25536,0.0385358
25537,0.0712056
25538,0.05951101
25539,0.013316612
25540,0.05346364
25541,0.013915174
25542,0.03202153
25543,0.2339492
25544,0.026398107
25545,0.023013933
25546,0.031289846
25547,0.0062844967
25548,0.18723634
25549,0.055394825
25550,0.40793213
25551,0.38056245
25552,0.38687024
25553,0.055142675
25554,0.038892593
25555,0.016908607
25556,0.05109679
25557,0.043812186
25558,0.08478234
25559,0.043808576
25560,0.49158525
25561,0.074973844
25562,0.0741405
25563,0.05000415
25564,0.047244463
25565,0.017013237
25566,0.05522495
25567,0.016029906
25568,0.016453587
25569,0.06357317
25570,0.042626873
25571,0.06110273
25572,0.053296857
25573,0.074096374
25574,0.3618732
25575,0.41811815
25576,0.055239603
25577,0.020934287
25578,0.06572037
25579,0.014486623
25580,0.04059166
25581,0.064112455
25582,0.052908916
25583,0.082484804
25584,0.041329697
25585,0.07390959
25586,0.03854134
25587,0.05264474
25588,0.035325516
25589,0.23146823
25590,0.010062672
25591,0.03206232
25592,0.058259185
25593,0.031152336
25594,0.0100764055
25595,0.022279833
25596,0.034687452
25597,0.0526232
25598,0.060439058
25599,0.08226855
25600,0.06682823
25601,0.41887766
25602,0.22271825
25603,0.22973798
25604,0.01094649
25605,0.06660177
25606,0.048752405
25607,0.040264476
25608,0.06673767
25609,0.044209447
25610,0.03837453
25611,0.04882891
25612,0.06522162
25613,0.032091737
25614,0.05269911
25615,0.03196354
25616,0.05954491
25617,0.012656754
25618,0.036248982
25619,0.07545397
25620,0.053460833
25621,0.22920898
25622,0.6344165
25623,0.066849686
25624,0.21625261
25625,0.054752328
25626,0.060151827
25627,0.059391964
25628,0.06523485
25629,0.048615973
25630,0.018139798
25631,0.09095664
25632,0.059902202
25633,0.064185865
25634,0.05352985
25635,0.06213695
25636,0.026378654
25637,0.01775986
25638,0.037592947
25639,0.2534367
25640,0.056035746
25641,0.042540036
25642,0.071975835
25643,0.53514385
25644,0.06542403
25645,0.013261817
25646,0.3609286
25647,0.052594844
25648,0.24451523
25649,0.25102884
25650,0.05608422
25651,0.018297564
25652,0.0439969
25653,0.071330816
25654,0.09033883
25655,0.039653663
25656,0.23850544
25657,0.065634295
25658,0.059530277
25659,0.013801491
25660,0.014638238
25661,0.046944108
25662,0.055707943
25663,0.0141012985
25664,0.08132696
25665,0.08849579
25666,0.22931403
25667,0.063216485
25668,0.031257384
25669,0.07286202
25670,0.08092432
25671,0.10838127
25672,0.05156259
25673,0.044936735
25674,0.019678576
25675,0.18923855
25676,0.51525325
25677,0.03744378
25678,0.07470621
25679,0.51615876
25680,0.08126515
25681,0.016327867
25682,0.011811617
25683,0.038316686
25684,0.04927327
25685,0.41120607
25686,0.41669768
25687,0.009435085
25688,0.20922004
25689,0.06346764
25690,0.23617882
25691,0.087900504
25692,0.08577856
25693,0.09126055
25694,0.40006077
25695,0.06564677
25696,0.044783823
25697,0.06750709
25698,0.048337147
25699,0.24957483
25700,0.6468123
25701,0.0412481
25702,0.40165663
25703,0.043793272
25704,0.2579674
25705,0.045710012
25706,0.06068594
25707,0.015442316
25708,0.039887052
25709,0.0060018627
25710,0.37860864
25711,0.18584856
25712,0.060432974
25713,0.23489672
25714,0.08614503
25715,0.25141123
25716,0.4024812
25717,0.3854179
25718,0.027354922
25719,0.2413921
25720,0.2191807
25721,0.08051421
25722,0.6483876
25723,0.42162013
25724,0.47159487
25725,0.005993978
25726,0.022698209
25727,0.08253559
25728,0.053192712
25729,0.026625147
25730,0.018515492
25731,0.010628813
25732,0.010034792
25733,0.051118255
25734,0.005874082
25735,0.008305147
25736,0.010166614
25737,0.031785514
25738,0.18501526
25739,0.0663543
25740,0.06493854
25741,0.073623024
25742,0.21454032
25743,0.38164473
25744,0.21763535
25745,0.027241243
25746,0.07256471
25747,0.23755972
25748,0.016031593
25749,0.05371747
25750,0.6343142
25751,0.49885377
25752,0.5921017
25753,0.026714267
25754,0.015813285
25755,0.067051314
25756,0.4765233
25757,0.06439212
25758,0.01608576
25759,0.055159137
25760,0.027013743
25761,0.0081087155
25762,0.008629451
25763,0.051359404
25764,0.055067804
25765,0.044394992
25766,0.010579434
25767,0.41182697
25768,0.015421075
25769,0.03018933
25770,0.074299276
25771,0.07359193
25772,0.044375632
25773,0.043630213
25774,0.23069805
25775,0.3702541
25776,0.08104578
25777,0.0718314
25778,0.07270836
25779,0.6850588
25780,0.56825054
25781,0.5664144
25782,0.013524633
25783,0.054910697
25784,0.026294313
25785,0.008034194
25786,0.3847502
25787,0.06608008
25788,0.2438375
25789,0.03904418
25790,0.06637959
25791,0.06684827
25792,0.07108112
25793,0.08505867
25794,0.077940814
25795,0.50554574
25796,0.43843865
25797,0.22962011
25798,0.08187429
25799,0.06298964
25800,0.05108286
25801,0.07303659
25802,0.0412178
25803,0.031615287
25804,0.085995734
25805,0.084969245
25806,0.054930657
25807,0.07429572
25808,0.022752715
25809,0.5273603
25810,0.5687768
25811,0.58087367
25812,0.080974884
25813,0.04348358
25814,0.40789092
25815,0.010840808
25816,0.37356704
25817,0.008975228
25818,0.014944301
25819,0.015679946
25820,0.03294507
25821,0.06694325
25822,0.04403245
25823,0.43108106
25824,0.6925566
25825,0.05770925
25826,0.07157592
25827,0.065223925
25828,0.08741847
25829,0.058284897
25830,0.38148367
25831,0.217278
25832,0.036132105
25833,0.067856655
25834,0.07208895
25835,0.071132936
25836,0.04236328
25837,0.020995505
25838,0.2606894
25839,0.25111884
25840,0.08969795
25841,0.060867377
25842,0.026615914
25843,0.07252244
25844,0.059543394
25845,0.24546497
25846,0.029972577
25847,0.03934043
25848,0.040459093
25849,0.016479295
25850,0.039683707
25851,0.04021881
25852,0.4034484
25853,0.59061503
25854,0.25139543
25855,0.08722105
25856,0.07419267
25857,0.08531365
25858,0.08555463
25859,0.5341711
25860,0.18707024
25861,0.03635127
25862,0.03182347
25863,0.08651806
25864,0.08168335
25865,0.2291106
25866,0.5247538
25867,0.25035784
25868,0.23183064
25869,0.58427745
25870,0.08196116
25871,0.015925467
25872,0.22271432
25873,0.2407038
25874,0.018234292
25875,0.051686637
25876,0.256936
25877,0.005708217
25878,0.054998994
25879,0.034915246
25880,0.03352781
25881,0.04115386
25882,0.08127474
25883,0.3972951
25884,0.25011772
25885,0.4812183
25886,0.25300828
25887,0.08822111
25888,0.08583263
25889,0.38356254
25890,0.012944583
25891,0.026579333
25892,0.09019465
25893,0.059791926
25894,0.043965504
25895,0.5140555
25896,0.24996793
25897,0.051270902
25898,0.46759155
25899,0.25056827
25900,0.0059682704
25901,0.06492982
25902,0.07264926
25903,0.0652009
25904,0.010251062
25905,0.009502051
25906,0.027297955
25907,0.051767692
25908,0.06653541
25909,0.065074
25910,0.08021529
25911,0.3847014
25912,0.5907544
25913,0.41038877
25914,0.40180898
25915,0.5407885
25916,0.06664696
25917,0.016727466
25918,0.059755795
25919,0.060451373
25920,0.086000144
25921,0.2396061
25922,0.055492803
25923,0.026426462
25924,0.055097688
25925,0.08061376
25926,0.015421712
25927,0.0057294997
25928,0.041239854
25929,0.07118958
25930,0.01884755
25931,0.037456427
25932,0.017294155
25933,0.018309813
25934,0.010682022
25935,0.031115558
25936,0.05907367
25937,0.051442415
25938,0.06151785
25939,0.23244207
25940,0.08393551
25941,0.36669785
25942,0.6056426
25943,0.63973534
25944,0.25172478
25945,0.22083548
25946,0.042765982
25947,0.018282866
25948,0.04401456
25949,0.073134124
25950,0.013926589
25951,0.030916411
25952,0.6211644
25953,0.04387276
25954,0.015141637
25955,0.18947084
25956,0.04427977
25957,0.21927866
25958,0.043742742
25959,0.04232054
25960,0.013370622
25961,0.026536161
25962,0.06677989
25963,0.07258191
25964,0.46177772
25965,0.41437542
25966,0.22224267
25967,0.5607474
25968,0.41868517
25969,0.46044835
25970,0.08359699
25971,0.037042096
25972,0.03183094
25973,0.034687452
25974,0.044188473
25975,0.040714227
25976,0.034957044
25977,0.054587003
25978,0.4828633
25979,0.21691848
25980,0.40889013
25981,0.030097816
25982,0.071671896
25983,0.079210594
25984,0.080597185
25985,0.09188998
25986,0.042844303
25987,0.029994631
25988,0.008504347
25989,0.03934043
25990,0.08164213
25991,0.55990034
25992,0.3854609
25993,0.57223713
25994,0.37742522
25995,0.2535091
25996,0.08920765
25997,0.22079131
25998,0.020566385
25999,0.038220692
26000,0.03046872
26001,0.085795745
26002,0.08402853
26003,0.06443424
26004,0.24462548
26005,0.026120747
26006,0.05957015
26007,0.010671572
26008,0.39924935
26009,0.039406627
26010,0.07258012
26011,0.22983147
26012,0.029878363
26013,0.00556352
26014,0.21143275
26015,0.08269065
26016,0.059780393
26017,0.07243313
26018,0.066715345
26019,0.0623949
26020,0.036682352
26021,0.08027387
26022,0.07236289
26023,0.025290323
26024,0.0090979
26025,0.21807344
26026,0.0108859455
26027,0.012472889
26028,0.067219205
26029,0.007203242
26030,0.03192569
26031,0.08260441
26032,0.03320587
26033,0.040975843
26034,0.008085669
26035,0.03887438
26036,0.08536552
26037,0.3885318
26038,0.4857785
26039,0.074025355
26040,0.016369723
26041,0.016727101
26042,0.027782412
26043,0.04831027
26044,0.011547155
26045,0.056621116
26046,0.23284532
26047,0.013107566
26048,0.03029464
26049,0.013168856
26050,0.030033879
26051,0.010386184
26052,0.02437433
26053,0.05918995
26054,0.06586004
26055,0.4140265
26056,0.013107566
26057,0.015426577
26058,0.032739755
26059,0.058259185
26060,0.06758622
26061,0.39967567
26062,0.07452247
26063,0.011473007
26064,0.008937588
26065,0.23296021
26066,0.011754767
26067,0.03542756
26068,0.059765223
26069,0.08263917
26070,0.047036707
26071,0.010575066
26072,0.016538538
26073,0.010154429
26074,0.096025065
26075,0.031241534
26076,0.009920061
26077,0.013574379
26078,0.024717484
26079,0.08165973
26080,0.054747883
26081,0.038338833
26082,0.016109232
26083,0.02660678
26084,0.053830057
26085,0.36976177
26086,0.030000094
26087,0.01709144
26088,0.029533612
26089,0.053733174
26090,0.08917447
26091,0.055192243
26092,0.2379716
26093,0.066989824
26094,0.029680127
26095,0.013480023
26096,0.04388323
26097,0.043747455
26098,0.027637236
26099,0.08689877
26100,0.015450755
26101,0.015663754
26102,0.23478013
26103,0.016187435
26104,0.06192083
26105,0.043989655
26106,0.010225354
26107,0.25585195
26108,0.7098451
26109,0.07437587
26110,0.06769547
26111,0.01282368
26112,0.06576964
26113,0.044369936
26114,0.04067686
26115,0.21452574
26116,0.063574605
26117,0.07157829
26118,0.5764575
26119,0.060769316
26120,0.014473552
26121,0.063199915
26122,0.061216563
26123,0.015082896
26124,0.03692566
26125,0.089592546
26126,0.26533175
26127,0.061149396
26128,0.23123918
26129,0.024578683
26130,0.015963694
26131,0.060270116
26132,0.019627253
26133,0.06260717
26134,0.027014341
26135,0.0053525763
26136,0.022779925
26137,0.04764761
26138,0.052556198
26139,0.025768118
26140,0.051690437
26141,0.07777796
26142,0.03531871
26143,0.039404258
26144,0.013146925
26145,0.03177478
26146,0.0644739
26147,0.07322089
26148,0.017959403
26149,0.050873864
26150,0.681211
26151,0.05547919
26152,0.0717677
26153,0.043994147
26154,0.036185417
26155,0.042449273
26156,0.041505694
26157,0.012143894
26158,0.015259262
26159,0.25403142
26160,0.025514627
26161,0.0063708327
26162,0.009961638
26163,0.006653759
26164,0.014081398
26165,0.010489444
26166,0.04389892
26167,0.07256183
26168,0.017255316
26169,0.009687338
26170,0.07561316
26171,0.039239813
26172,0.024565725
26173,0.043319892
26174,0.39992854
26175,0.026415817
26176,0.008598703
26177,0.018247733
26178,0.0413576
26179,0.009025802
26180,0.030842539
26181,0.088558175
26182,0.055203144
26183,0.011609446
26184,0.013791577
26185,0.05557177
26186,0.087829925
26187,0.0645999
26188,0.060606223
26189,0.054653727
26190,0.026285574
26191,0.048264142
26192,0.014956528
26193,0.05386957
26194,0.08877036
26195,0.22846586
26196,0.007970023
26197,0.031724717
26198,0.013490163
26199,0.010717598
26200,0.014340901
26201,0.010620614
26202,0.01673232
26203,0.008558501
26204,0.009164443
26205,0.01348246
26206,0.009151647
26207,0.021967018
26208,0.051513426
26209,0.044317972
26210,0.07574959
26211,0.08600149
26212,0.008636965
26213,0.2515787
26214,0.017411785
26215,0.00945099
26216,0.024792021
26217,0.010540353
26218,0.009707081
26219,0.008414301
26220,0.0133060105
26221,0.030830257
26222,0.011386466
26223,0.013012866
26224,0.011623846
26225,0.00884471
26226,0.008212346
26227,0.05513134
26228,0.026792126
26229,0.040901475
26230,0.011754811
26231,0.042474985
26232,0.012281464
26233,0.008295792
26234,0.0118135065
26235,0.00865682
26236,0.07076995
26237,0.025460605
26238,0.043450207
26239,0.0058076377
26240,0.010201499
26241,0.03130232
26242,0.009422646
26243,0.014033028
26244,0.065421805
26245,0.0128709925
26246,0.010531001
26247,0.010368156
26248,0.2523929
26249,0.05392022
26250,0.055116195
26251,0.055160895
26252,0.0056946133
26253,0.06402561
26254,0.019696966
26255,0.06402299
26256,0.013340926
26257,0.07106994
26258,0.08585743
26259,0.014745795
26260,0.010808344
26261,0.03150388
26262,0.027012782
26263,0.006769801
26264,0.009463777
26265,0.010393655
26266,0.0096244
26267,0.030920021
26268,0.0100908745
26269,0.063627236
26270,0.05254909
26271,0.031684924
26272,0.08211879
26273,0.016169893
26274,0.023019085
26275,0.005470604
26276,0.010135197
26277,0.01410877
26278,0.044194125
26279,0.016965233
26280,0.023828536
26281,0.032108195
26282,0.009309456
26283,0.008567762
26284,0.014728073
26285,0.030454751
26286,0.23431604
26287,0.08752052
26288,0.009102628
26289,0.06683024
26290,0.0130948685
26291,0.018402165
26292,0.05202864
26293,0.029640255
26294,0.04234267
26295,0.037409566
26296,0.0439285
26297,0.041443527
26298,0.07158774
26299,0.008754645
26300,0.037590805
26301,0.029998451
26302,0.07611954
26303,0.042801537
26304,0.06438962
26305,0.08379432
26306,0.39085102
26307,0.018557929
26308,0.043925412
26309,0.032998215
26310,0.25169984
26311,0.06283569
26312,0.08594039
26313,0.07018689
26314,0.0884073
26315,0.056919962
26316,0.029598122
26317,0.07004996
26318,0.0072951866
26319,0.038658258
26320,0.013173665
26321,0.07230086
26322,0.031206258
26323,0.5764417
26324,0.07551185
26325,0.043783892
26326,0.040723067
26327,0.07971821
26328,0.05689876
26329,0.011801158
26330,0.029127967
26331,0.042465385
26332,0.01497701
26333,0.07932194
26334,0.23263589
26335,0.50069976
26336,0.5475774
26337,0.063569926
26338,0.08095859
26339,0.08288809
26340,0.052488126
26341,0.041609548
26342,0.05729092
26343,0.067237146
26344,0.4998291
26345,0.08211177
26346,0.07544162
26347,0.45881367
26348,0.0843553
26349,0.020670816
26350,0.4898269
26351,0.015417765
26352,0.053229637
26353,0.25381002
26354,0.049946867
26355,0.04662983
26356,0.035092015
26357,0.059345555
26358,0.0698918
26359,0.07724771
26360,0.06914133
26361,0.03241001
26362,0.037927356
26363,0.06168083
26364,0.24813114
26365,0.042709563
26366,0.030833026
26367,0.050974127
26368,0.054015756
26369,0.06325834
26370,0.04160509
26371,0.02593327
26372,0.053874422
26373,0.08207573
26374,0.09017965
26375,0.052137032
26376,0.03867123
26377,0.022870716
26378,0.013559655
26379,0.0053354437
26380,0.0131101655
26381,0.47820213
26382,0.0791663
26383,0.06317684
26384,0.083749145
26385,0.24949421
26386,0.061807644
26387,0.049751382
26388,0.016215727
26389,0.02018929
26390,0.014068442
26391,0.037315346
26392,0.06385277
26393,0.059361815
26394,0.07139133
26395,0.25032714
26396,0.49090824
26397,0.014891488
26398,0.16451482
26399,0.04255761
26400,0.009175485
26401,0.030752983
26402,0.034503326
26403,0.24252166
26404,0.016568068
26405,0.0420832
26406,0.058595713
26407,0.042519636
26408,0.02595594
26409,0.07644224
26410,0.44884723
26411,0.053055853
26412,0.06482979
26413,0.01946335
26414,0.040507495
26415,0.052913655
26416,0.028456504
26417,0.011089209
26418,0.07696063
26419,0.09157792
26420,0.0704773
26421,0.0705056
26422,0.053194664
26423,0.010230304
26424,0.036798462
26425,0.03111941
26426,0.029404355
26427,0.034885034
26428,0.06482067
26429,0.05131188
26430,0.3836698
26431,0.012897514
26432,0.035494823
26433,0.026533121
26434,0.016055977
26435,0.013885549
26436,0.022264488
26437,0.04086325
26438,0.0068398123
26439,0.023374757
26440,0.057530075
26441,0.08602546
26442,0.39177015
26443,0.041906595
26444,0.03773929
26445,0.03792797
26446,0.06972988
26447,0.05810572
26448,0.013279896
26449,0.05144404
26450,0.013686635
26451,0.029592315
26452,0.23436084
26453,0.025887234
26454,0.02272483
26455,0.0063653328
26456,0.1888218
26457,0.053302415
26458,0.38058186
26459,0.3872467
26460,0.34910882
26461,0.052842747
26462,0.037933674
26463,0.015698945
26464,0.049777575
26465,0.042432323
26466,0.010420779
26467,0.07899744
26468,0.04317201
26469,0.5547588
26470,0.07306681
26471,0.018754372
26472,0.07354014
26473,0.04616309
26474,0.046007257
26475,0.014581395
26476,0.009070695
26477,0.011297054
26478,0.054462455
26479,0.026533121
26480,0.015605052
26481,0.017044349
26482,0.06220645
26483,0.041976046
26484,0.059480995
26485,0.05248672
26486,0.07060746
26487,0.37295192
26488,0.4037358
26489,0.053414032
26490,0.020407077
26491,0.06208995
26492,0.037182976
26493,0.06309509
26494,0.05153268
26495,0.07715677
26496,0.038969684
26497,0.072706304
26498,0.03838051
26499,0.05198053
26500,0.01585704
26501,0.017185017
26502,0.23047267
26503,0.009690676
26504,0.031408623
26505,0.056264482
26506,0.030706828
26507,0.009923088
26508,0.009838785
26509,0.021106893
26510,0.034098744
26511,0.051497452
26512,0.058627725
26513,0.07985031
26514,0.06618882
26515,0.39053726
26516,0.2238962
26517,0.23038517
26518,0.011581766
26519,0.06299784
26520,0.0479431
26521,0.039963808
26522,0.06364942
26523,0.031476613
26524,0.037608188
26525,0.0115886405
26526,0.047370266
26527,0.06363859
26528,0.03144367
26529,0.051756486
26530,0.03067979
26531,0.057821307
26532,0.035242792
26533,0.07283651
26534,0.052167144
26535,0.22837853
26536,0.6765802
26537,0.065037645
26538,0.07069835
26539,0.052270915
26540,0.057906173
26541,0.05752613
26542,0.06340942
26543,0.047414023
26544,0.009142193
26545,0.016808955
26546,0.36890873
26547,0.05848728
26548,0.062299203
26549,0.05062767
26550,0.060352
26551,0.015636869
26552,0.025054941
26553,0.017709088
26554,0.017581208
26555,0.037890885
26556,0.25179842
26557,0.054167345
26558,0.041436452
26559,0.0692153
26560,0.5400403
26561,0.06282492
26562,0.013524775
26563,0.39397955
26564,0.051448595
26565,0.24016133
26566,0.24997324
26567,0.054498076
26568,0.018432202
26569,0.04150314
26570,0.04291226
26571,0.06949822
26572,0.08430635
26573,0.038608473
26574,0.094609804
26575,0.064162515
26576,0.05835407
26577,0.010351901
26578,0.015178302
26579,0.04607182
26580,0.053550206
26581,0.014172965
26582,0.079716355
26583,0.08602198
26584,0.22919647
26585,0.06135464
26586,0.03051875
26587,0.07145835
26588,0.077860355
26589,0.39517796
26590,0.050039973
26591,0.043898776
26592,0.019226868
26593,0.053855665
26594,0.5948198
26595,0.07215015
26596,0.5115925
26597,0.080923125
26598,0.01208538
26599,0.01613696
26600,0.0114973225
26601,0.038390975
26602,0.047741804
26603,0.3652508
26604,0.35757995
26605,0.009110823
26606,0.058807384
26607,0.061474655
26608,0.084520556
26609,0.23231517
26610,0.08299951
26611,0.08469862
26612,0.37133086
26613,0.062391553
26614,0.043219674
26615,0.065187335
26616,0.047382362
26617,0.090716965
26618,0.5937334
26619,0.04009432
26620,0.42827427
26621,0.042833608
26622,0.2472966
26623,0.042138625
26624,0.05838567
26625,0.015112862
26626,0.038939442
26627,0.0057126484
26628,0.40603307
26629,0.18255073
26630,0.058868714
26631,0.2331737
26632,0.08348054
26633,0.08900731
26634,0.38907033
26635,0.388402
26636,0.026695965
26637,0.09451699
26638,0.21851674
26639,0.07707454
26640,0.6432307
26641,0.41913822
26642,0.51237017
26643,0.022984492
26644,0.08167493
26645,0.053308073
26646,0.026026372
26647,0.010484007
26648,0.015996473
26649,0.0065835644
26650,0.049567837
26651,0.006099885
26652,0.0077979085
26653,0.010428617
26654,0.032217335
26655,0.049831636
26656,0.06535988
26657,0.06299784
26658,0.07100915
26659,0.21590587
26660,0.23029454
26661,0.21362227
26662,0.026141424
26663,0.070489876
26664,0.23791544
26665,0.016071873
26666,0.051489368
26667,0.5388279
26668,0.52154016
26669,0.607974
26670,0.0061401706
26671,0.026405869
26672,0.01547982
26673,0.063189685
26674,0.43833217
26675,0.06252756
26676,0.05380142
26677,0.008882924
26678,0.0492236
26679,0.05378587
26680,0.042842846
26681,0.010233863
26682,0.36847636
26683,0.015348439
26684,0.029191537
26685,0.07180811
26686,0.07199298
26687,0.040558066
26688,0.043045547
26689,0.23294291
26690,0.36232534
26691,0.02458751
26692,0.22570524
26693,0.06801911
26694,0.07194028
26695,0.59777915
26696,0.66833586
26697,0.5916373
26698,0.18842739
26699,0.025926467
26700,0.38867062
26701,0.065265335
26702,0.08944977
26703,0.041232504
26704,0.06432168
26705,0.016336733
26706,0.06475617
26707,0.068860844
26708,0.083897665
26709,0.08008406
26710,0.5449414
26711,0.44921097
26712,0.22583929
26713,0.08227752
26714,0.06166109
26715,0.051376954
26716,0.0701346
26717,0.039010447
26718,0.031250365
26719,0.08336461
26720,0.08226813
26721,0.0531043
26722,0.070474
26723,0.022932183
26724,0.55810803
26725,0.5603664
26726,0.66439086
26727,0.07951718
26728,0.042744346
26729,0.23066615
26730,0.010645042
26731,0.42410207
26732,0.025869008
26733,0.008924826
26734,0.015924422
26735,0.014903412
26736,0.033016212
26737,0.06562388
26738,0.043031044
26739,0.36141524
26740,0.6565965
26741,0.058718935
26742,0.06932559
26743,0.063248
26744,0.08544602
26745,0.056751225
26746,0.39028332
26747,0.21865936
26748,0.03456953
26749,0.06559986
26750,0.0710247
26751,0.06932409
26752,0.04137412
26753,0.020972278
26754,0.42950758
26755,0.24894056
26756,0.23616333
26757,0.05965023
26758,0.025782483
26759,0.070223615
26760,0.010445361
26761,0.057683613
26762,0.24413234
26763,0.029392542
26764,0.03862093
26765,0.039446317
26766,0.014559591
26767,0.015982896
26768,0.038549427
26769,0.038863678
26770,0.40906224
26771,0.61419684
26772,0.24973771
26773,0.088599965
26774,0.07233674
26775,0.08695608
26776,0.087659
26777,0.53956246
26778,0.051740322
26779,0.035429697
26780,0.031379633
26781,0.081266634
26782,0.076339655
26783,0.083651274
26784,0.49034664
26785,0.40216634
26786,0.08809816
26787,0.5802684
26788,0.0797021
26789,0.01575794
26790,0.22335011
26791,0.24044994
26792,0.018573988
26793,0.24707894
26794,0.0535342
26795,0.034125045
26796,0.034270827
26797,0.040072165
26798,0.081875466
26799,0.38393396
26800,0.2468579
26801,0.52323574
26802,0.2499453
26803,0.085972615
26804,0.08386949
26805,0.3986949
26806,0.013288362
26807,0.025802618
26808,0.08480679
26809,0.057890233
26810,0.04328921
26811,0.45951977
26812,0.090138994
26813,0.050217677
26814,0.46310103
26815,0.41108763
26816,0.059754647
26817,0.07086911
26818,0.06278575
26819,0.043452222
26820,0.009021423
26821,0.027314266
26822,0.049896944
26823,0.063931495
26824,0.06268222
26825,0.07896234
26826,0.39119187
26827,0.6469511
26828,0.39813057
26829,0.37760657
26830,0.64344007
26831,0.0656161
26832,0.05376814
26833,0.058619794
26834,0.08026133
26835,0.08664751
26836,0.053802
26837,0.026454022
26838,0.051377904
26839,0.07968712
26840,0.016284812
26841,0.004957719
26842,0.04033308
26843,0.06990095
26844,0.018569982
26845,0.037130583
26846,0.017354658
26847,0.010761249
26848,0.030754339
26849,0.057747148
26850,0.04942759
26851,0.059299156
26852,0.39632154
26853,0.07758092
26854,0.35595283
26855,0.6331106
26856,0.5836967
26857,0.24533527
26858,0.22300236
26859,0.04360656
26860,0.07227992
26861,0.014172965
26862,0.691043
26863,0.043264493
26864,0.015102372
26865,0.053544782
26866,0.0433164
26867,0.07202384
26868,0.036841653
26869,0.04369009
26870,0.041231096
26871,0.0128190145
26872,0.026221078
26873,0.063568175
26874,0.070560776
26875,0.49875718
26876,0.37821448
26877,0.22382039
26878,0.6567532
26879,0.2510069
26880,0.5019125
26881,0.0793333
26882,0.03769322
26883,0.03168137
26884,0.042160966
26885,0.040059287
26886,0.014497292
26887,0.03393698
26888,0.05367745
26889,0.4539054
26890,0.06483477
26891,0.3783681
26892,0.029294271
26893,0.07131783
26894,0.07656624
26895,0.08274763
26896,0.24088247
26897,0.18227348
26898,0.0077269506
26899,0.029080063
26900,0.08286535
26901,0.5312579
26902,0.37454215
26903,0.5048632
26904,0.37283018
26905,0.2554553
26906,0.0877679
26907,0.21575405
26908,0.040325888
26909,0.020559633
26910,0.011599561
26911,0.037285753
26912,0.029489854
26913,0.081155896
26914,0.08273679
26915,0.06408412
26916,0.08892227
26917,0.025894383
26918,0.057147615
26919,0.36059687
26920,0.038591377
26921,0.05153847
26922,0.073203444
26923,0.080534495
26924,0.0291032
26925,0.21803743
26926,0.08101964
26927,0.057730787
26928,0.068091825
26929,0.03018808
26930,0.0659631
26931,0.05979735
26932,0.035240564
26933,0.07699724
26934,0.07283387
26935,0.038521226
26936,0.02529494
26937,0.008920129
26938,0.21881638
26939,0.010714807
26940,0.010470362
26941,0.21519488
26942,0.037943035
26943,0.03167321
26944,0.07709477
26945,0.03297915
26946,0.039718844
26947,0.03780039
26948,0.081888035
26949,0.3658227
26950,0.5327762
26951,0.0714893
26952,0.011149069
26953,0.015822986
26954,0.016515285
26955,0.0262492
26956,0.046639316
26957,0.05440336
26958,0.08312643
26959,0.0134016
26960,0.029813662
26961,0.017882975
26962,0.029765416
26963,0.016170232
26964,0.010413672
26965,0.025022367
26966,0.058470003
26967,0.06275258
26968,0.37648854
26969,0.012973799
26970,0.015321695
26971,0.030393397
26972,0.05303916
26973,0.06550596
26974,0.43389088
26975,0.071844384
26976,0.011405237
26977,0.22996452
26978,0.0345926
26979,0.013745441
26980,0.05857941
26981,0.08055643
26982,0.045971468
26983,0.01030782
26984,0.0161215
26985,0.009501083
26986,0.085565545
26987,0.012278738
26988,0.024489092
26989,0.079002224
26990,0.054298062
26991,0.037558403
26992,0.015102372
26993,0.025567772
26994,0.05207823
26995,0.36207256
26996,0.029494595
26997,0.016465176
26998,0.028649654
26999,0.038702518
27000,0.051624633
27001,0.2383813
27002,0.05288654
27003,0.23869066
27004,0.06479302
27005,0.029129507
27006,0.013444148
27007,0.041352913
27008,0.04320081
27009,0.0267793
27010,0.40086466
27011,0.015054009
27012,0.015507628
27013,0.23476626
27014,0.015754597
27015,0.06240104
27016,0.04344315
27017,0.009759428
27018,0.24844807
27019,0.6123635
27020,0.0736862
27021,0.065138236
27022,0.012727717
27023,0.06298317
27024,0.04349845
27025,0.04043877
27026,0.06479433
27027,0.061657377
27028,0.06806281
27029,0.714251
27030,0.05911189
27031,0.0137269385
27032,0.061172128
27033,0.059347656
27034,0.015325271
27035,0.03505601
27036,0.0867153
27037,0.2671041
27038,0.057607226
27039,0.23350637
27040,0.024153406
27041,0.05799856
27042,0.01931225
27043,0.060752757
27044,0.026516994
27045,0.022842407
27046,0.047048375
27047,0.051251955
27048,0.025708916
27049,0.04991439
27050,0.07528259
27051,0.034690283
27052,0.038665727
27053,0.031563338
27054,0.062095176
27055,0.06988992
27056,0.0181818
27057,0.04969162
27058,0.58273345
27059,0.053554136
27060,0.07047215
27061,0.042587906
27062,0.035414334
27063,0.042551152
27064,0.0427399
27065,0.011902214
27066,0.015208459
27067,0.086843975
27068,0.024632324
27069,0.0060565677
27070,0.013994182
27071,0.04389441
27072,0.06864446
27073,0.016568068
27074,0.07315808
27075,0.038509857
27076,0.024254251
27077,0.042647537
27078,0.37446135
27079,0.025843903
27080,0.01716025
27081,0.007934663
27082,0.010748911
27083,0.04113098
27084,0.029683165
27085,0.08749358
27086,0.05387283
27087,0.011813572
27088,0.0138201695
27089,0.013747243
27090,0.05001984
27091,0.23020612
27092,0.06608615
27093,0.0580689
27094,0.053148918
27095,0.026240712
27096,0.046547588
27097,0.05438343
27098,0.24049862
27099,0.22887117
27100,0.030857664
27101,0.013117637
27102,0.010105979
27103,0.014546001
27104,0.010360496
27105,0.016956182
27106,0.0083493
27107,0.013279896
27108,0.008920129
27109,0.013461054
27110,0.01335186
27111,0.021585032
27112,0.049744986
27113,0.043175712
27114,0.07235198
27115,0.009368633
27116,0.083337575
27117,0.008535913
27118,0.24194804
27119,0.009690632
27120,0.009912031
27121,0.016437102
27122,0.009409142
27123,0.010565652
27124,0.009146603
27125,0.029781196
27126,0.011054425
27127,0.0130306
27128,0.0076990724
27129,0.008000042
27130,0.052132584
27131,0.026068268
27132,0.040051393
27133,0.011891993
27134,0.042099085
27135,0.01317057
27136,0.012018281
27137,0.008286126
27138,0.068736926
27139,0.025245614
27140,0.042585447
27141,0.008433634
27142,0.0045772465
27143,0.030697897
27144,0.010385868
27145,0.06330756
27146,0.01321764
27147,0.0055488623
27148,0.009437916
27149,0.01001488
27150,0.24182352
27151,0.052078135
27152,0.05252414
27153,0.05334372
27154,0.01326077
27155,0.0052743563
27156,0.009312083
27157,0.062454775
27158,0.019995004
27159,0.009795325
27160,0.062435243
27161,0.013423809
27162,0.0689103
27163,0.00820532
27164,0.07941817
27165,0.0152432555
27166,0.024742568
27167,0.030602034
27168,0.030700972
27169,0.025928544
27170,0.0070454385
27171,0.010494687
27172,0.0094919745
27173,0.02870895
27174,0.009118346
27175,0.007693203
27176,0.06117858
27177,0.049819455
27178,0.08136442
27179,0.02231394
27180,0.013573769
27181,0.008719781
27182,0.005177527
27183,0.009865289
27184,0.014323346
27185,0.043159235
27186,0.017136773
27187,0.009560519
27188,0.010001659
27189,0.013250366
27190,0.029599482
27191,0.08049071
27192,0.23008849
27193,0.009278463
27194,0.065779604
27195,0.017608786
27196,0.018430637
27197,0.03560778
27198,0.05347019
27199,0.04246477
27200,0.054878034
27201,0.038997363
27202,0.041018367
27203,0.07960592
27204,0.044439368
27205,0.0087931715
27206,0.030475898
27207,0.086742915
27208,0.043090224
27209,0.068058886
27210,0.04304354
27211,0.093996294
27212,0.38055664
27213,0.04443396
27214,0.43014336
27215,0.06599451
27216,0.099261135
27217,0.07582266
27218,0.095103644
27219,0.028383622
27220,0.074900664
27221,0.0076469807
27222,0.013490183
27223,0.08178619
27224,0.031170113
27225,0.6992974
27226,0.084330216
27227,0.04250706
27228,0.08627421
27229,0.029032873
27230,0.042648442
27231,0.035915323
27232,0.015606477
27233,0.03963306
27234,0.08377692
27235,0.0850731
27236,0.52988374
27237,0.47437015
27238,0.06473961
27239,0.08955311
27240,0.09083737
27241,0.01585634
27242,0.05350432
27243,0.04060946
27244,0.05905468
27245,0.037115876
27246,0.46387872
27247,0.23859197
27248,0.08923421
27249,0.56211597
27250,0.08953536
27251,0.5223203
27252,0.05474881
27253,0.25402674
27254,0.049951483
27255,0.04693373
27256,0.034328718
27257,0.06180181
27258,0.076893985
27259,0.08362623
27260,0.07366574
27261,0.033084504
27262,0.06546916
27263,0.36893705
27264,0.043245923
27265,0.029727867
27266,0.053139497
27267,0.055271048
27268,0.066389054
27269,0.038969886
27270,0.041858897
27271,0.02463069
27272,0.05457754
27273,0.09649063
27274,0.055610314
27275,0.09392497
27276,0.053290997
27277,0.038462456
27278,0.022867022
27279,0.013826078
27280,0.013028255
27281,0.44499627
27282,0.083724216
27283,0.067824185
27284,0.09674935
27285,0.25769785
27286,0.005948645
27287,0.064438924
27288,0.05069271
27289,0.015850268
27290,0.020853387
27291,0.037709415
27292,0.06574084
27293,0.061453033
27294,0.07534829
27295,0.0940063
27296,0.44767934
27297,0.015594316
27298,0.38095757
27299,0.042707857
27300,0.00881253
27301,0.03063572
27302,0.023999637
27303,0.03428863
27304,0.37554136
27305,0.016206471
27306,0.042788375
27307,0.059718534
27308,0.042975083
27309,0.02679531
27310,0.08491406
27311,0.5227498
27312,0.0534952
27313,0.06943779
27314,0.017775835
27315,0.019394048
27316,0.039634805
27317,0.054186817
27318,0.008689396
27319,0.02901869
27320,0.08148052
27321,0.100026414
27322,0.07415865
27323,0.07746023
27324,0.05516617
27325,0.036980245
27326,0.030683966
27327,0.029503046
27328,0.034886137
27329,0.0697177
27330,0.050652437
27331,0.3630348
27332,0.013149119
27333,0.036004905
27334,0.02675483
27335,0.016338093
27336,0.014038606
27337,0.023014905
27338,0.039592195
27339,0.023033775
27340,0.058815442
27341,0.09315692
27342,0.25296143
27343,0.041559383
27344,0.038105804
27345,0.03740664
27346,0.074656434
27347,0.06003641
27348,0.01869283
27349,0.051842935
27350,0.013904664
27351,0.029821442
27352,0.08568212
27353,0.026160002
27354,0.024044545
27355,0.006280798
27356,0.18465783
27357,0.054330673
27358,0.3844429
27359,0.35853523
27360,0.22751655
27361,0.053984586
27362,0.03788849
27363,0.015096674
27364,0.05015305
27365,0.04270183
27366,0.010925342
27367,0.086751975
27368,0.042846635
27369,0.5177805
27370,0.07825458
27371,0.017214354
27372,0.01174586
27373,0.07655989
27374,0.04744064
27375,0.044968713
27376,0.017474866
27377,0.009158353
27378,0.055197023
27379,0.02677318
27380,0.016332105
27381,0.016010197
27382,0.06507471
27383,0.04044645
27384,0.061547976
27385,0.05391672
27386,0.0766038
27387,0.23678687
27388,0.3937942
27389,0.05488523
27390,0.020651164
27391,0.06579388
27392,0.0142564485
27393,0.039105747
27394,0.0088379625
27395,0.066483326
27396,0.052804764
27397,0.08423667
27398,0.038578596
27399,0.07562216
27400,0.038099546
27401,0.050370518
27402,0.033775944
27403,0.014751705
27404,0.016804203
27405,0.08963238
27406,0.0101231905
27407,0.03128208
27408,0.057248738
27409,0.009465835
27410,0.010082417
27411,0.021724455
27412,0.032804277
27413,0.0515024
27414,0.059389085
27415,0.08391508
27416,0.070078425
27417,0.37720886
27418,0.2264726
27419,0.23604524
27420,0.010586642
27421,0.06675205
27422,0.047026727
27423,0.04057155
27424,0.06616606
27425,0.031359073
27426,0.04321578
27427,0.037807398
27428,0.010635863
27429,0.047459643
27430,0.06686137
27431,0.030616455
27432,0.05256465
27433,0.02163932
27434,0.017066924
27435,0.058767773
27436,0.03654716
27437,0.07779075
27438,0.05239911
27439,0.08696749
27440,0.59625626
27441,0.06964342
27442,0.07605611
27443,0.05347877
27444,0.06059985
27445,0.059357338
27446,0.06625199
27447,0.047504976
27448,0.25420952
27449,0.059548173
27450,0.0658663
27451,0.053972468
27452,0.061939444
27453,0.025909167
27454,0.016987847
27455,0.018756913
27456,0.03730482
27457,0.2556214
27458,0.055805754
27459,0.041725352
27460,0.074114315
27461,0.55624926
27462,0.0664943
27463,0.01344941
27464,0.3799216
27465,0.052357115
27466,0.093537696
27467,0.257075
27468,0.055610213
27469,0.018290948
27470,0.043539334
27471,0.043669835
27472,0.076890446
27473,0.09317952
27474,0.038342156
27475,0.09126473
27476,0.066690855
27477,0.013817847
27478,0.059428643
27479,0.017386008
27480,0.045461267
27481,0.054997552
27482,0.013380686
27483,0.08127319
27484,0.09140982
27485,0.23613916
27486,0.063278235
27487,0.031007968
27488,0.076173924
27489,0.08998362
27490,0.41310388
27491,0.050288524
27492,0.009829732
27493,0.04424882
27494,0.019384643
27495,0.054970328
27496,0.5987579
27497,0.037024107
27498,0.083733805
27499,0.44626853
27500,0.090868
27501,0.039038137
27502,0.0474904
27503,0.38057226
27504,0.37672937
27505,0.060371544
27506,0.06422448
27507,0.09312936
27508,0.09213603
27509,0.083728984
27510,0.09851358
27511,0.4313584
27512,0.06581444
27513,0.006622337
27514,0.017220443
27515,0.0445793
27516,0.06967784
27517,0.047853835
27518,0.093721956
27519,0.59008336
27520,0.0399019
27521,0.39481357
27522,0.013557091
27523,0.04296417
27524,0.41324127
27525,0.044007722
27526,0.05942679
27527,0.015553189
27528,0.03925565
27529,0.38864374
27530,0.36089358
27531,0.06051076
27532,0.23998827
27533,0.091515906
27534,0.2564554
27535,0.43013757
27536,0.42254597
27537,0.026990693
27538,0.2483837
27539,0.2266929
27540,0.22720765
27541,0.5726717
27542,0.4959526
27543,0.40089864
27544,0.023174379
27545,0.23624872
27546,0.053889114
27547,0.026787842
27548,0.01810082
27549,0.050589133
27550,0.0057219015
27551,0.010545356
27552,0.03141395
27553,0.05024408
27554,0.069570124
27555,0.0671329
27556,0.07453786
27557,0.21652237
27558,0.23461035
27559,0.2206195
27560,0.025306616
27561,0.076111354
27562,0.24370381
27563,0.052797295
27564,0.5726394
27565,0.59413964
27566,0.6018982
27567,0.0057259407
27568,0.026569922
27569,0.014463806
27570,0.21765931
27571,0.42880484
27572,0.06554814
27573,0.054724522
27574,0.026580751
27575,0.048442073
27576,0.05470981
27577,0.043141875
27578,0.010850663
27579,0.43159616
27580,0.015306588
27581,0.028494293
27582,0.07622153
27583,0.07620074
27584,0.0436601
27585,0.04294863
27586,0.23877825
27587,0.38518733
27588,0.024295446
27589,0.23334675
27590,0.073429875
27591,0.07437927
27592,0.53911006
27593,0.68986374
27594,0.5867558
27595,0.0139278695
27596,0.18678434
27597,0.02492636
27598,0.009007578
27599,0.40922025
27600,0.06768139
27601,0.24550892
27602,0.038384885
27603,0.06926032
27604,0.016766015
27605,0.06965153
27606,0.07042765
27607,0.09311881
27608,0.08592867
27609,0.46965542
27610,0.43641257
27611,0.2290106
27612,0.08412748
27613,0.06395456
27614,0.053252157
27615,0.07529168
27616,0.039338797
27617,0.032071065
27618,0.021729443
27619,0.089151286
27620,0.09474195
27621,0.05470429
27622,0.07583243
27623,0.56125623
27624,0.72260445
27625,0.6944782
27626,0.08188344
27627,0.043342456
27628,0.23543538
27629,0.01085222
27630,0.40455592
27631,0.02604353
27632,0.007892013
27633,0.01554619
27634,0.015534308
27635,0.033521526
27636,0.06954886
27637,0.04399789
27638,0.3916405
27639,0.59888875
27640,0.05923954
27641,0.0743537
27642,0.06642876
27643,0.09475768
27644,0.058252893
27645,0.3964591
27646,0.22336297
27647,0.03458504
27648,0.07035654
27649,0.07378855
27650,0.07275028
27651,0.041847005
27652,0.020875359
27653,0.44390893
27654,0.26055402
27655,0.24049933
27656,0.060865287
27657,0.026194071
27658,0.077470645
27659,0.010501078
27660,0.05975055
27661,0.2503499
27662,0.029585592
27663,0.039437175
27664,0.03875585
27665,0.039355606
27666,0.39725226
27667,0.6234156
27668,0.25551596
27669,0.0976661
27670,0.07814149
27671,0.09679773
27672,0.0918848
27673,0.42120647
27674,0.05372869
27675,0.0355877
27676,0.032339644
27677,0.093756326
27678,0.08864055
27679,0.0900456
27680,0.53837323
27681,0.25490302
27682,0.09376563
27683,0.8028627
27684,0.09146515
27685,0.0160235
27686,0.085171275
27687,0.2483242
27688,0.018689834
27689,0.05047966
27690,0.088295646
27691,0.05431923
27692,0.03437696
27693,0.03430091
27694,0.041479442
27695,0.08342693
27696,0.37129423
27697,0.10251752
27698,0.26355854
27699,0.25385556
27700,0.093725555
27701,0.090328835
27702,0.41360372
27703,0.025762293
27704,0.09683761
27705,0.059905387
27706,0.043640535
27707,0.51158166
27708,0.25393468
27709,0.05023703
27710,0.47009015
27711,0.432009
27712,0.005319795
27713,0.22255503
27714,0.07511177
27715,0.06577893
27716,0.043391712
27717,0.010193845
27718,0.010182019
27719,0.0077425763
27720,0.026659008
27721,0.049969275
27722,0.06764692
27723,0.0662595
27724,0.08455397
27725,0.3984849
27726,0.5426349
27727,0.43487683
27728,0.403064
27729,0.52682185
27730,0.06930008
27731,0.058551963
27732,0.059929468
27733,0.23338574
27734,0.09170902
27735,0.053613447
27736,0.025372928
27737,0.054552324
27738,0.087280065
27739,0.016138542
27740,0.04060199
27741,0.07612234
27742,0.019984908
27743,0.012636274
27744,0.03742755
27745,0.017577305
27746,0.0105832135
27747,0.030917907
27748,0.05944761
27749,0.049879253
27750,0.061481662
27751,0.38219604
27752,0.08718793
27753,0.3548065
27754,0.6220013
27755,0.64926517
27756,0.25487274
27757,0.22061089
27758,0.018167434
27759,0.04421505
27760,0.07656436
27761,0.013080212
27762,0.030079091
27763,0.6700779
27764,0.043339137
27765,0.015142171
27766,0.053423524
27767,0.04287357
27768,0.07472915
27769,0.037193187
27770,0.04339548
27771,0.014137506
27772,0.041752607
27773,0.013149119
27774,0.026211707
27775,0.065840214
27776,0.074806035
27777,0.5130175
27778,0.38621312
27779,0.23148595
27780,0.667917
27781,0.4265189
27782,0.49631605
27783,0.09079126
27784,0.03784735
27785,0.031477936
27786,0.03429971
27787,0.04322273
27788,0.040697258
27789,0.014225055
27790,0.034388516
27791,0.05455351
27792,0.4788146
27793,0.06975167
27794,0.40631777
27795,0.16899055
27796,0.07614774
27797,0.08135082
27798,0.09027657
27799,0.098687805
27800,0.04032564
27801,0.0070636002
27802,0.038226075
27803,0.09196129
27804,0.6299034
27805,0.40371862
27806,0.52682185
27807,0.24948108
27808,0.25289452
27809,0.09398943
27810,0.21756618
27811,0.03998837
27812,0.011749636
27813,0.021306766
27814,0.037116222
27815,0.029448561
27816,0.08450285
27817,0.089871205
27818,0.06694341
27819,0.24850881
27820,0.026073882
27821,0.058809344
27822,0.38672885
27823,0.03894631
27824,0.07694866
27825,0.23603024
27826,0.029159294
27827,0.005359202
27828,0.22043742
27829,0.08779237
27830,0.05589171
27831,0.21951315
27832,0.029701684
27833,0.06954981
27834,0.061966833
27835,0.035610132
27836,0.08459846
27837,0.075046085
27838,0.0389087
27839,0.024444044
27840,0.009090342
27841,0.22598562
27842,0.0110172955
27843,0.07090624
27844,0.031170113
27845,0.08350591
27846,0.032866813
27847,0.040306646
27848,0.008254324
27849,0.039478324
27850,0.089218624
27851,0.4172269
27852,0.5158003
27853,0.076162584
27854,0.026666556
27855,0.047443625
27856,0.05543175
27857,0.093836926
27858,0.01250137
27859,0.029951448
27860,0.013298825
27861,0.029895721
27862,0.016636811
27863,0.010519429
27864,0.02756374
27865,0.059750408
27866,0.06674231
27867,0.41116613
27868,0.012990079
27869,0.015224774
27870,0.17311662
27871,0.058578644
27872,0.07036753
27873,0.44120625
27874,0.07820828
27875,0.011348785
27876,0.009738569
27877,0.23741058
27878,0.034502726
27879,0.013740449
27880,0.059755582
27881,0.083538115
27882,0.046429403
27883,0.009310438
27884,0.015912993
27885,0.008895806
27886,0.099089384
27887,0.013480803
27888,0.024467222
27889,0.08705265
27890,0.053981192
27891,0.037094086
27892,0.014766781
27893,0.02614337
27894,0.05388432
27895,0.4014215
27896,0.030256312
27897,0.016378382
27898,0.028817603
27899,0.038853683
27900,0.05305058
27901,0.09209944
27902,0.054553967
27903,0.2450762
27904,0.06968531
27905,0.028385662
27906,0.013516488
27907,0.043136943
27908,0.04362805
27909,0.026807602
27910,0.3749367
27911,0.015933564
27912,0.014664423
27913,0.24136852
27914,0.015152207
27915,0.06508445
27916,0.042965896
27917,0.009235165
27918,0.25500318
27919,0.66617334
27920,0.07535567
27921,0.06933245
27922,0.012714446
27923,0.06402974
27924,0.04305209
27925,0.04025614
27926,0.22482517
27927,0.06489987
27928,0.074838795
27929,0.62008744
27930,0.016659455
27931,0.061212152
27932,0.063194275
27933,0.06112551
27934,0.015677178
27935,0.03528125
27936,0.09320634
27937,0.26979518
27938,0.05886192
27939,0.23819663
27940,0.024893526
27941,0.016340744
27942,0.059450515
27943,0.009052081
27944,0.018562507
27945,0.060036387
27946,0.026989987
27947,0.022887269
27948,0.046870027
27949,0.052309837
27950,0.02584385
27951,0.015158113
27952,0.050294466
27953,0.08592967
27954,0.03533209
27955,0.038903434
27956,0.013605702
27957,0.03141313
27958,0.06562859
27959,0.074739926
27960,0.05067746
27961,0.50006145
27962,0.05470429
27963,0.07381718
27964,0.043339137
27965,0.035600852
27966,0.041205082
27967,0.04292296
27968,0.01225456
27969,0.015098178
27970,0.09617244
27971,0.025465101
27972,0.0063344613
27973,0.010466754
27974,0.042702693
27975,0.07478834
27976,0.017107679
27977,0.009703528
27978,0.07733178
27979,0.03869863
27980,0.025266415
27981,0.043322753
27982,0.4039189
27983,0.025250236
27984,0.017223572
27985,0.006304454
27986,0.008521977
27987,0.040376984
27988,0.029695021
27989,0.24467507
27990,0.054697823
27991,0.011509817
27992,0.013038982
27993,0.013385327
27994,0.054775693
27995,0.23741058
27996,0.06933245
27997,0.05837117
27998,0.052730065
27999,0.02603352
28000,0.04700995
28001,0.015492113
28002,0.19292584
28003,0.097151995
28004,0.23042153
28005,0.03093674
28006,0.013532057
28007,0.010868703
28008,0.010967594
28009,0.016615432
28010,0.0076943324
28011,0.013867734
28012,0.013572921
28013,0.021190532
28014,0.050246764
28015,0.043517735
28016,0.07673055
28017,0.009226624
28018,0.09047135
28019,0.009076923
28020,0.3926833
28021,0.0101808915
28022,0.010050677
28023,0.024541676
28024,0.010791569
28025,0.015505422
28026,0.012080123
28027,0.030111477
28028,0.011337459
28029,0.0054564113
28030,0.012741589
28031,0.0093455035
28032,0.008004965
28033,0.05297756
28034,0.02604353
28035,0.040330682
28036,0.04163619
28037,0.013546212
28038,0.01115547
28039,0.0092183435
28040,0.07380972
28041,0.025042469
28042,0.043138295
28043,0.0057872273
28044,0.010355466
28045,0.030817203
28046,0.009267353
28047,0.066492274
28048,0.012891633
28049,0.005021309
28050,0.010234619
28051,0.010667408
28052,0.3726903
28053,0.05308784
28054,0.055092793
28055,0.05468093
28056,0.06551017
28057,0.018321136
28058,0.009776952
28059,0.06344601
28060,0.013365562
28061,0.075694
28062,0.235313
28063,0.0153284175
28064,0.030664891
28065,0.03114172
28066,0.026158737
28067,0.0105676735
28068,0.006079773
28069,0.030548513
28070,0.009547262
28071,0.008143389
28072,0.06324403
28073,0.052731022
28074,0.030910434
28075,0.24006814
28076,0.014804682
28077,0.022906778
28078,0.02926646
28079,0.010559416
28080,0.013445064
28081,0.043177567
28082,0.01694951
28083,0.012965725
28084,0.024163455
28085,0.031139221
28086,0.009490104
28087,0.029556183
28088,0.24176683
28089,0.09216711
28090,0.009026091
28091,0.016329076
28092,0.06968531
28093,0.017402122
28094,0.05433741
28095,0.08772763
28096,0.024688892
28097,0.053505324
28098,0.09078151
28099,0.022200191
28100,0.054724656
28101,0.05292074
28102,0.038750008
28103,0.13021545
28104,0.049108084
28105,0.013049826
28106,0.027710209
28107,0.02682476
28108,0.2679335
28109,0.045814767
28110,0.07936292
28111,0.2623154
28112,0.39836976
28113,0.020915275
28114,0.02643177
28115,0.04707364
28116,0.28686056
28117,0.07682272
28118,0.25828514
28119,0.105445564
28120,0.26882464
28121,0.070704564
28122,0.08970885
28123,0.041308973
28124,0.015836265
28125,0.01598742
28126,0.2454902
28127,0.031508744
28128,0.9789922
28129,0.2603215
28130,0.04973499
28131,0.04401375
28132,0.12993777
28133,0.06114913
28134,0.016510773
28135,0.024515234
28136,0.044761382
28137,0.029431367
28138,0.017582834
28139,0.015497744
28140,0.1259807
28141,0.27807924
28142,0.4959185
28143,0.48712477
28144,0.057810094
28145,0.075203575
28146,0.028924474
28147,0.11382474
28148,0.14818981
28149,0.06350517
28150,0.040734097
28151,0.063033566
28152,0.09387819
28153,0.030419005
28154,0.43568522
28155,0.13571706
28156,0.1342308
28157,0.456328
28158,0.13292098
28159,0.02532505
28160,0.49725398
28161,0.024903303
28162,0.05946847
28163,0.53710747
28164,0.051838573
28165,0.045491878
28166,0.046865784
28167,0.07586563
28168,0.102582425
28169,0.114941135
28170,0.110232025
28171,0.03950237
28172,0.032741208
28173,0.07069475
28174,0.27434197
28175,0.05079901
28176,0.026080556
28177,0.06118141
28178,0.057869762
28179,0.070485644
28180,0.028964475
28181,0.03274159
28182,0.043617472
28183,0.09067678
28184,0.029561466
28185,0.06873096
28186,0.15208371
28187,0.06495028
28188,0.28201702
28189,0.024838556
28190,0.05525421
28191,0.0401491
28192,0.03202747
28193,0.01936928
28194,0.01710453
28195,0.5014535
28196,0.26888406
28197,0.0838402
28198,0.12794633
28199,0.27219874
28200,0.08263878
28201,0.051461443
28202,0.01755065
28203,0.03310995
28204,0.013561952
28205,0.07453845
28206,0.06897597
28207,0.11649264
28208,0.14361626
28209,0.43898818
28210,0.37648755
28211,0.042898472
28212,0.013507597
28213,0.027367689
28214,0.037530024
28215,0.028190248
28216,0.44649962
28217,0.020494798
28218,0.049332947
28219,0.015336246
28220,0.06134641
28221,0.047599383
28222,0.033333726
28223,0.1348875
28224,0.46130297
28225,0.07250005
28226,0.21864258
28227,0.02085529
28228,0.02031152
28229,0.03387661
28230,0.06436437
28231,0.027754204
28232,0.12143549
28233,0.17435826
28234,0.1262085
28235,0.09982276
28236,0.05839247
28237,0.030069496
28238,0.03193815
28239,0.033771396
28240,0.08762335
28241,0.05838579
28242,0.4441337
28243,0.03598477
28244,0.055818386
28245,0.034364905
28246,0.018705465
28247,0.01757689
28248,0.024444953
28249,0.042469073
28250,0.022768762
28251,0.08631519
28252,0.18334138
28253,0.46330354
28254,0.05222492
28255,0.04136774
28256,0.045322616
28257,0.10105917
28258,0.06937925
28259,0.01620617
28260,0.06448838
28261,0.020853935
28262,0.015491397
28263,0.031607427
28264,0.16778508
28265,0.036437627
28266,0.020463696
28267,0.025787437
28268,0.009664008
28269,0.2035793
28270,0.08018713
28271,0.4320684
28272,0.4227788
28273,0.44618332
28274,0.07754546
28275,0.071369454
28276,0.02034419
28277,0.056631878
28278,0.05237633
28279,0.12429611
28280,0.045084555
28281,0.6650092
28282,0.1161354
28283,0.022075264
28284,0.01648809
28285,0.11290473
28286,0.05672572
28287,0.048068993
28288,0.019774636
28289,0.013043736
28290,0.017312182
28291,0.058592167
28292,0.023404287
28293,0.022835953
28294,0.07967787
28295,0.044042226
28296,0.24285252
28297,0.06881904
28298,0.111706965
28299,0.26437786
28300,0.42708954
28301,0.074456386
28302,0.030306604
28303,0.09474559
28304,0.04135397
28305,0.07167669
28306,0.062203504
28307,0.13773474
28308,0.045445938
28309,0.112997584
28310,0.041940715
28311,0.06729694
28312,0.030133141
28313,0.025979785
28314,0.021394601
28315,0.12379927
28316,0.013284447
28317,0.027583253
28318,0.059859622
28319,0.029208088
28320,0.024715716
28321,0.03654269
28322,0.06455088
28323,0.084637865
28324,0.13717355
28325,0.147915
28326,0.4402385
28327,0.2520827
28328,0.26825595
28329,0.01371872
28330,0.09722639
28331,0.061018918
28332,0.040849607
28333,0.11349415
28334,0.02639382
28335,0.032315962
28336,0.05219098
28337,0.040032163
28338,0.06006176
28339,0.08434903
28340,0.028590217
28341,0.060337782
28342,0.02474894
28343,0.07686036
28344,0.018493958
28345,0.043321192
28346,0.09703789
28347,0.0721514
28348,0.2461594
28349,0.46146682
28350,0.14151739
28351,0.12770489
28352,0.07364992
28353,0.079686895
28354,0.095445804
28355,0.086099096
28356,0.06308691
28357,0.012711282
28358,0.02034343
28359,0.43780103
28360,0.074587256
28361,0.090938315
28362,0.06506468
28363,0.0959795
28364,0.018053573
28365,0.025452651
28366,0.023089416
28367,0.027081652
28368,0.049322363
28369,0.46033055
28370,0.07559621
28371,0.04890605
28372,0.13105704
28373,0.7501266
28374,0.10961232
28375,0.016415933
28376,0.45675853
28377,0.062423106
28378,0.20137163
28379,0.26058248
28380,0.0748282
28381,0.020029912
28382,0.05231362
28383,0.05189546
28384,0.120414145
28385,0.16920508
28386,0.040490583
28387,0.14818643
28388,0.08762054
28389,0.08104513
28390,0.013114289
28391,0.021081578
28392,0.025778191
28393,0.058660306
28394,0.083939955
28395,0.020844432
28396,0.14023206
28397,0.19274361
28398,0.44715253
28399,0.092801146
28400,0.04707115
28401,0.11756396
28402,0.18474817
28403,0.43176556
28404,0.07252855
28405,0.05092235
28406,0.02049018
28407,0.06423134
28408,0.48386604
28409,0.04152229
28410,0.12725554
28411,0.42848748
28412,0.27500567
28413,0.018858846
28414,0.044201836
28415,0.065947965
28416,0.44696587
28417,0.42388546
28418,0.011885302
28419,0.12363917
28420,0.12758103
28421,0.16850314
28422,0.18261026
28423,0.15334235
28424,0.19512658
28425,0.4484833
28426,0.07111492
28427,0.02206108
28428,0.05339032
28429,0.09246954
28430,0.05839653
28431,0.19025289
28432,0.77145636
28433,0.07654719
28434,0.43787768
28435,0.0192412
28436,0.058330104
28437,0.3173226
28438,0.016552191
28439,0.052782003
28440,0.0744764
28441,0.023394382
28442,0.035397734
28443,0.010169349
28444,0.45277187
28445,0.16993204
28446,0.10271283
28447,0.2741621
28448,0.17873687
28449,0.26767027
28450,0.4177561
28451,0.42753166
28452,0.25580144
28453,0.25004742
28454,0.14643985
28455,0.79542494
28456,0.4365926
28457,0.46538377
28458,0.009746733
28459,0.024107007
28460,0.276382
28461,0.06489205
28462,0.038576715
28463,0.02083755
28464,0.017894873
28465,0.064652026
28466,0.009176596
28467,0.010991796
28468,0.016653806
28469,0.025254887
28470,0.16686848
28471,0.15608752
28472,0.12112089
28473,0.1413976
28474,0.10489244
28475,0.2717759
28476,0.259898
28477,0.02740152
28478,0.13162978
28479,0.2850819
28480,0.017746218
28481,0.06894139
28482,0.91397476
28483,0.797065
28484,0.52516466
28485,0.010130075
28486,0.026858993
28487,0.02129273
28488,0.0782766
28489,0.44810125
28490,0.07915694
28491,0.023710012
28492,0.05868445
28493,0.03145129
28494,0.010868619
28495,0.0125375185
28496,0.06456673
28497,0.07028429
28498,0.07804834
28499,0.019672576
28500,0.41989556
28501,0.021928905
28502,0.0385768
28503,0.14234407
28504,0.11722449
28505,0.06678203
28506,0.052325003
28507,0.2634636
28508,0.23588903
28509,0.022702886
28510,0.2541383
28511,0.094196364
28512,0.11407678
28513,0.9362792
28514,0.83735526
28515,0.5223451
28516,0.023209967
28517,0.08916096
28518,0.028759265
28519,0.43419018
28520,0.120596685
28521,0.2641788
28522,0.043780427
28523,0.08151288
28524,0.026483884
28525,0.09345444
28526,0.12599817
28527,0.18755022
28528,0.13141726
28529,0.56997997
28530,0.42117202
28531,0.26631993
28532,0.16786075
28533,0.11454118
28534,0.054716248
28535,0.15609829
28536,0.060457
28537,0.030128516
28538,0.13828897
28539,0.1317331
28540,0.05815156
28541,0.109517515
28542,0.021403063
28543,0.8629403
28544,1.0286721
28545,0.9467894
28546,0.13755581
28547,0.043229077
28548,0.28733623
28549,0.019691527
28550,0.42014056
28551,0.02419427
28552,0.010548749
28553,0.021442117
28554,0.019228134
28555,0.047811486
28556,0.15681347
28557,0.06826266
28558,0.43967715
28559,0.75182384
28560,0.116099365
28561,0.14519691
28562,0.16308796
28563,0.18452995
28564,0.08058198
28565,0.41293508
28566,0.24090001
28567,0.029096274
28568,0.0959747
28569,0.12878554
28570,0.13285679
28571,0.06828247
28572,0.28348294
28573,0.42050767
28574,0.28931752
28575,0.08729811
28576,0.024491899
28577,0.17150038
28578,0.014658466
28579,0.07541587
28580,0.2998482
28581,0.030886745
28582,0.043797392
28583,0.05491767
28584,0.053155474
28585,0.42156023
28586,0.96663827
28587,0.33674017
28588,0.2991452
28589,0.15665714
28590,0.18822129
28591,0.17584886
28592,0.4674562
28593,0.07574232
28594,0.03186741
28595,0.046726022
28596,0.027684977
28597,0.24985193
28598,0.16131672
28599,0.24869224
28600,0.27566436
28601,0.2789253
28602,0.2740921
28603,1.0294758
28604,0.123615816
28605,0.023943631
28606,0.12472763
28607,0.26079184
28608,0.028320251
28609,0.061369926
28610,0.26503137
28611,0.06707989
28612,0.040061682
28613,0.039892934
28614,0.06950277
28615,0.18015032
28616,0.46340486
28617,0.31643456
28618,0.33408442
28619,0.32465607
28620,0.18871033
28621,0.18014024
28622,0.25282538
28623,0.02577132
28624,0.16937119
28625,0.07961406
28626,0.062161412
28627,0.44938257
28628,0.29619327
28629,0.059601303
28630,0.5602984
28631,0.4285165
28632,0.008239692
28633,0.09616483
28634,0.18621063
28635,0.0854686
28636,0.046939623
28637,0.016527003
28638,0.014423905
28639,0.036165364
28640,0.06254546
28641,0.11137294
28642,0.14568864
28643,0.16317584
28644,0.46000886
28645,0.9541826
28646,0.47873938
28647,0.43966603
28648,0.710265
28649,0.099629164
28650,0.077261575
28651,0.07464029
28652,0.14937463
28653,0.26193723
28654,0.069374636
28655,0.16737291
28656,0.060107615
28657,0.17988087
28658,0.02683849
28659,0.124134496
28660,0.023506567
28661,0.019429486
28662,0.03195649
28663,0.029960088
28664,0.0094834315
28665,0.0350432
28666,0.11623528
28667,0.0655475
28668,0.09089799
28669,0.4271175
28670,0.19852744
28671,0.4540649
28672,0.95306176
28673,0.74605453
28674,0.3273983
28675,0.2587331
28676,0.06433347
28677,0.12163728
28678,0.018851545
28679,0.013971048
28680,0.029921748
28681,0.7333234
28682,0.055186413
28683,0.019653544
28684,0.1955794
28685,0.053891927
28686,0.24303228
28687,0.038466293
28688,0.05726143
28689,0.02058123
28690,0.044124626
28691,0.03433235
28692,0.116820775
28693,0.16067557
28694,0.5450599
28695,0.47757995
28696,0.24812704
28697,1.0599945
28698,0.45965236
28699,0.4911754
28700,0.14763145
28701,0.03610946
28702,0.03296188
28703,0.057979725
28704,0.071987145
28705,0.040335953
28706,0.1936828
28707,0.4989693
28708,0.09541886
28709,0.4725127
28710,0.15879504
28711,0.13241352
28712,0.16521305
28713,0.16300088
28714,0.1686343
28715,0.041002925
28716,0.032183792
28717,0.043341056
28718,0.18073598
28719,0.7454533
28720,0.42628413
28721,0.4914056
28722,0.42615813
28723,0.31494176
28724,0.18392488
28725,0.23033619
28726,0.024580654
28727,0.013896502
28728,0.05889043
28729,0.032131456
28730,0.1480177
28731,0.19062456
28732,0.085117094
28733,0.42399392
28734,0.036176372
28735,0.07794031
28736,0.4403019
28737,0.061998032
28738,0.014253254
28739,0.017300183
28740,0.16105722
28741,0.25991815
28742,0.04261853
28743,0.007507678
28744,0.2598566
28745,0.27002886
28746,0.07844813
28747,0.0961215
28748,0.23421712
28749,0.079405904
28750,0.06708744
28751,0.13265742
28752,0.24688259
28753,0.0501748
28754,0.041799363
28755,0.01509436
28756,0.14502275
28757,0.1200555
28758,0.03831173
28759,0.15930052
28760,0.049321808
28761,0.060159802
28762,0.053864323
28763,0.19785905
28764,0.42209968
28765,0.48017016
28766,0.09727084
28767,0.012465537
28768,0.03792888
28769,0.06512822
28770,0.01618094
28771,0.07222588
28772,0.13763984
28773,0.02090096
28774,0.032928377
28775,0.019425042
28776,0.037795767
28777,0.023416424
28778,0.012945048
28779,0.04356328
28780,0.07807372
28781,0.12586157
28782,0.418363
28783,0.016963948
28784,0.051183555
28785,0.077630214
28786,0.12957877
28787,0.40791994
28788,0.10388659
28789,0.017655188
28790,0.25211862
28791,0.021970274
28792,0.042915795
28793,0.021559166
28794,0.06964343
28795,0.2653867
28796,0.047233883
28797,0.017161468
28798,0.022349743
28799,0.013078936
28800,0.21324392
28801,0.02877108
28802,0.018141676
28803,0.032113142
28804,0.17309238
28805,0.073251195
28806,0.04197157
28807,0.021686172
28808,0.032778542
28809,0.08387317
28810,0.46761778
28811,0.027452482
28812,0.02292836
28813,0.02278104
28814,0.047792803
28815,0.06929606
28816,0.2622569
28817,0.067641355
28818,0.18437754
28819,0.11909299
28820,0.03379754
28821,0.020652847
28822,0.05206397
28823,0.051889867
28824,0.038912803
28825,0.4234975
28826,0.020057453
28827,0.018002382
28828,0.24372289
28829,0.02129331
28830,0.13572632
28831,0.050810896
28832,0.014782814
28833,0.43189722
28834,0.8261881
28835,0.180976
28836,0.083581634
28837,0.014960985
28838,0.075161494
28839,0.0493756
28840,0.0384781
28841,0.10292728
28842,0.08282548
28843,0.10885201
28844,0.8966383
28845,0.08232786
28846,0.016904287
28847,0.08553521
28848,0.10767907
28849,0.018897338
28850,0.045563027
28851,0.16085605
28852,0.5105431
28853,0.072951674
28854,0.2730443
28855,0.02602609
28856,0.02200962
28857,0.06380177
28858,0.012492612
28859,0.029064951
28860,0.103922434
28861,0.024486138
28862,0.02699348
28863,0.0065523954
28864,0.07115703
28865,0.06532242
28866,0.025929391
28867,0.020969229
28868,0.065366365
28869,0.0233069
28870,0.16972138
28871,0.050680254
28872,0.0320208
28873,0.034892164
28874,0.09190634
28875,0.11270165
28876,0.022597298
28877,0.064880915
28878,0.6728272
28879,0.0668289
28880,0.098129556
28881,0.052506756
28882,0.040265575
28883,0.04778538
28884,0.050959773
28885,0.01542518
28886,0.023411086
28887,0.28205702
28888,0.038204536
28889,0.020299006
28890,0.06242404
28891,0.09300405
28892,0.023512917
28893,0.012221418
28894,0.12028672
28895,0.05272114
28896,0.022680005
28897,0.04726931
28898,0.4436455
28899,0.026759574
28900,0.026353633
28901,0.012105519
28902,0.024583438
28903,0.043033395
28904,0.037477348
28905,0.26354045
28906,0.07594825
28907,0.015346433
28908,0.021326715
28909,0.08292105
28910,0.15069847
28911,0.103708744
28912,0.10453476
28913,0.0817649
28914,0.02630826
28915,0.0501374
28916,0.06594085
28917,0.19313201
28918,0.12789746
28919,0.012483828
28920,0.02618548
28921,0.017988125
28922,0.014313581
28923,0.01622374
28924,0.023076227
28925,0.01601548
28926,0.016571805
28927,0.024956677
28928,0.073084444
28929,0.05986028
28930,0.15129268
28931,0.01067816
28932,0.14743215
28933,0.2810935
28934,0.011165137
28935,0.0255686
28936,0.017460335
28937,0.022906348
28938,0.010939277
28939,0.017354593
28940,0.024967145
28941,0.027634818
28942,0.018078148
28943,0.0114144
28944,0.067005165
28945,0.009006591
28946,0.023895917
28947,0.05496872
28948,0.018212734
28949,0.052672435
28950,0.016366921
28951,0.009581862
28952,0.014154334
28953,0.013353568
28954,0.100672975
28955,0.03190531
28956,0.04959967
28957,0.0374794
28958,0.020110637
28959,0.09294572
28960,0.017544799
28961,0.005273267
28962,0.013629883
28963,0.4408744
28964,0.06102087
28965,0.05906367
28966,0.20431523
28967,0.016600821
28968,0.010667045
28969,0.08079703
28970,0.02590922
28971,0.0133296065
28972,0.08003302
28973,0.10183513
28974,0.12096355
28975,0.018040651
28976,0.02573122
28977,0.035565883
28978,0.04614165
28979,0.028709805
28980,0.023546372
28981,0.017872274
28982,0.02816871
28983,0.011198209
28984,0.071517505
28985,0.05234047
28986,0.027929358
28987,0.17034167
28988,0.020250507
28989,0.04087937
28990,0.00913807
28991,0.020396443
28992,0.048910614
28993,0.025854392
28994,0.011708853
28995,0.02480763
28996,0.03887993
28997,0.27368835
28998,0.2676682
28999,0.021036837
29000,0.12104165
29001,0.018709842
29002,0.024528354
29003,0.030714914
29004,0.04511175
29005,0.071669385
29006,0.024953455
29007,0.025162777
29008,0.048038956
29009,0.04465098
29010,0.043495808
29011,0.09493665
29012,0.048167393
29013,0.037226457
29014,0.034190238
29015,0.26206228
29016,0.0460411
29017,0.07561988
29018,0.2726527
29019,0.40840372
29020,0.047687143
29021,0.28656232
29022,0.07235469
29023,0.4520289
29024,0.08396044
29025,0.13639808
29026,0.0703557
29027,0.08457841
29028,0.011680007
29029,0.006989729
29030,0.04171723
29031,0.019042684
29032,0.11076028
29033,0.03552971
29034,0.70446235
29035,0.26546934
29036,0.049010307
29037,0.04595747
29038,0.257553
29039,0.06444024
29040,0.019908482
29041,0.043356054
29042,0.037319977
29043,0.102682106
29044,0.2726807
29045,0.5549883
29046,0.5305099
29047,0.052981175
29048,0.032196317
29049,0.11619974
29050,0.26736584
29051,0.019800333
29052,0.057884768
29053,0.04195714
29054,0.06289193
29055,0.082093894
29056,0.5305096
29057,0.10704211
29058,0.2660778
29059,0.41756865
29060,0.11000615
29061,0.028525734
29062,0.45864716
29063,0.053086333
29064,0.27641198
29065,0.048624244
29066,0.04961076
29067,0.04058113
29068,0.0645255
29069,0.08287393
29070,0.09767431
29071,0.23586878
29072,0.036557835
29073,0.03949538
29074,0.068128705
29075,0.28497282
29076,0.046605997
29077,0.033069007
29078,0.057720542
29079,0.058586985
29080,0.074946076
29081,0.03817996
29082,0.043695323
29083,0.06428141
29084,0.12069545
29085,0.05905834
29086,0.44235072
29087,0.05671067
29088,0.041191466
29089,0.021450005
29090,0.0048525548
29091,0.0116798505
29092,0.45015362
29093,0.0999639
29094,0.07418454
29095,0.47112423
29096,0.45502418
29097,0.07028706
29098,0.053511545
29099,0.014509139
29100,0.015744396
29101,0.007755843
29102,0.037419364
29103,0.015300886
29104,0.07196037
29105,0.0653228
29106,0.09777522
29107,0.12086102
29108,0.28244972
29109,0.41265628
29110,0.046028502
29111,0.034320578
29112,0.03414031
29113,0.44394404
29114,0.025408871
29115,0.04632787
29116,0.065087676
29117,0.047225863
29118,0.12543969
29119,0.5426864
29120,0.008192726
29121,0.062993035
29122,0.07828103
29123,0.023677347
29124,0.026004529
29125,0.041472
29126,0.05950207
29127,0.008918901
29128,0.09796605
29129,0.13667446
29130,0.09471648
29131,0.086244725
29132,0.05941891
29133,0.03486977
29134,0.03381371
29135,0.038984835
29136,0.07826338
29137,0.055874135
29138,0.23339051
29139,0.020349046
29140,0.0453895
29141,0.031693183
29142,0.020776553
29143,0.020679366
29144,0.029672492
29145,0.04225973
29146,0.030374689
29147,0.073036395
29148,0.27873692
29149,0.28022712
29150,0.04639775
29151,0.041041475
29152,0.041265346
29153,0.08323368
29154,0.058281045
29155,0.020250222
29156,0.058532275
29157,0.021670846
29158,0.018421482
29159,0.12654112
29160,0.030581571
29161,0.028524967
29162,0.033337258
29163,0.009176454
29164,0.19288611
29165,0.07047751
29166,0.37233624
29167,0.38035104
29168,0.4067669
29169,0.06541699
29170,0.043403167
29171,0.024436733
29172,0.054998707
29173,0.04898319
29174,0.24797738
29175,0.046198074
29176,0.5928221
29177,0.09658639
29178,0.025946662
29179,0.09905189
29180,0.052969716
29181,0.050129343
29182,0.022554502
29183,0.013932335
29184,0.05955141
29185,0.028223202
29186,0.011333263
29187,0.023617709
29188,0.024715181
29189,0.07043731
29190,0.043910544
29191,0.22550263
29192,0.06346935
29193,0.094109386
29194,0.38642126
29195,0.42003605
29196,0.06650513
29197,0.029633217
29198,0.0770469
29199,0.040784225
29200,0.018261334
29201,0.07020735
29202,0.057488758
29203,0.10315684
29204,0.040875196
29205,0.09263229
29206,0.042102616
29207,0.060842637
29208,0.036563173
29209,0.024102245
29210,0.10248425
29211,0.013123853
29212,0.0352805
29213,0.061937097
29214,0.035307344
29215,0.0113692125
29216,0.028828314
29217,0.038020127
29218,0.05801756
29219,0.071716614
29220,0.10549946
29221,0.09305133
29222,0.39270476
29223,0.24533123
29224,0.24642788
29225,0.018805021
29226,0.07972335
29227,0.05456898
29228,0.043041892
29229,0.08599509
29230,0.031442486
29231,0.024365665
29232,0.040278878
29233,0.05320689
29234,0.07391091
29235,0.034744404
29236,0.05675033
29237,0.028113464
29238,0.025900945
29239,0.06864192
29240,0.040825438
29241,0.093433686
29242,0.06526468
29243,0.11536171
29244,0.57751334
29245,0.08362319
29246,0.10773495
29247,0.063949734
29248,0.071177594
29249,0.06974103
29250,0.07589673
29251,0.054802086
29252,0.014803423
29253,0.024760365
29254,0.43469548
29255,0.070816815
29256,0.073785655
29257,0.06081612
29258,0.08510843
29259,0.024248498
29260,0.026104653
29261,0.026710719
29262,0.04287384
29263,0.28462103
29264,0.06462567
29265,0.04483748
29266,0.096384
29267,0.7364245
29268,0.083981186
29269,0.021012813
29270,0.36642998
29271,0.05745436
29272,0.27596146
29273,0.28057453
29274,0.06481857
29275,0.02699524
29276,0.047592748
29277,0.047227763
29278,0.09125989
29279,0.12611783
29280,0.04163667
29281,0.2751792
29282,0.073041156
29283,0.07200703
29284,0.013819331
29285,0.022490473
29286,0.026502864
29287,0.054047536
29288,0.06730892
29289,0.023095025
29290,0.10869925
29291,0.13255809
29292,0.2455271
29293,0.076349735
29294,0.038188796
29295,0.101920284
29296,0.14178441
29297,0.4110458
29298,0.060590673
29299,0.04792445
29300,0.0236799
29301,0.059995707
29302,0.55294997
29303,0.03973447
29304,0.111170374
29305,0.44951817
29306,0.26227164
29307,0.013157651
29308,0.041771885
29309,0.056581244
29310,0.4071919
29311,0.41953602
29312,0.013918892
29313,0.073283836
29314,0.08013985
29315,0.107177205
29316,0.123409964
29317,0.11149454
29318,0.14109002
29319,0.44546682
29320,0.06984505
29321,0.024677489
29322,0.046626214
29323,0.08003079
29324,0.052427128
29325,0.13773301
29326,0.7884982
29327,0.047491074
29328,0.41685954
29329,0.02269607
29330,0.050082076
29331,0.27655077
29332,0.021341115
29333,0.049133476
29334,0.070938826
29335,0.022739056
29336,0.040441334
29337,0.0102808345
29338,0.4660016
29339,0.18444595
29340,0.07768647
29341,0.44197145
29342,0.1220385
29343,0.28469425
29344,0.40616125
29345,0.46245098
29346,0.27843466
29347,0.23092507
29348,0.1158905
29349,0.7654616
29350,0.44930068
29351,0.46494436
29352,0.030794606
29353,0.2462345
29354,0.060436126
29355,0.033192646
29356,0.027097575
29357,0.010268861
29358,0.057598416
29359,0.009006313
29360,0.016804537
29361,0.032656897
29362,0.19003442
29363,0.09935475
29364,0.086115085
29365,0.09448154
29366,0.08029637
29367,0.25089738
29368,0.3895538
29369,0.031260334
29370,0.09871324
29371,0.27093676
29372,0.023938019
29373,0.05589771
29374,0.59454143
29375,0.732983
29376,0.601588
29377,0.009851501
29378,0.033040695
29379,0.024189854
29380,0.0686386
29381,0.44777277
29382,0.07388698
29383,0.024181547
29384,0.059298407
29385,0.058072384
29386,0.06344816
29387,0.06010573
29388,0.018085308
29389,0.42751008
29390,0.024419134
29391,0.036079932
29392,0.09048662
29393,0.08844175
29394,0.05466255
29395,0.04837793
29396,0.38842478
29397,0.22787239
29398,0.03049355
29399,0.24773714
29400,0.08795608
29401,0.089317776
29402,0.60752463
29403,0.6239115
29404,0.5977872
29405,0.02098773
29406,0.19659188
29407,0.03191495
29408,0.011411179
29409,0.46128666
29410,0.087503545
29411,0.27543083
29412,0.04123355
29413,0.07630062
29414,0.023467902
29415,0.07670835
29416,0.101238236
29417,0.12691268
29418,0.11294804
29419,0.59474874
29420,0.52720207
29421,0.26062697
29422,0.11596164
29423,0.08042871
29424,0.05666412
29425,0.09585078
29426,0.0479747
29427,0.035579342
29428,0.019519197
29429,0.25434208
29430,0.12087422
29431,0.05206657
29432,0.08648012
29433,0.028187908
29434,0.66693693
29435,0.77017117
29436,0.61527616
29437,0.111943394
29438,0.040542826
29439,0.41835338
29440,0.4161331
29441,0.032762952
29442,0.012470339
29443,0.022965975
29444,0.040860668
29445,0.08938606
29446,0.050920468
29447,0.40241456
29448,0.65377295
29449,0.058881808
29450,0.0933743
29451,0.080442294
29452,0.13017361
29453,0.06959996
29454,0.41881832
29455,0.22814173
29456,0.037233256
29457,0.08048708
29458,0.09410226
29459,0.09526357
29460,0.047826376
29461,0.54089177
29462,0.400188
29463,0.25783983
29464,0.06839342
29465,0.031616013
29466,0.10407927
29467,0.015740314
29468,0.06906876
29469,0.13324139
29470,0.034471624
29471,0.041206785
29472,0.014840953
29473,0.01906971
29474,0.045328982
29475,0.045701604
29476,0.44477332
29477,0.6181496
29478,0.28139776
29479,0.27802092
29480,0.10433398
29481,0.12637997
29482,0.119616404
29483,0.5323555
29484,0.06405161
29485,0.042634144
29486,0.033881463
29487,0.12226239
29488,0.13624364
29489,0.11517942
29490,0.4541813
29491,0.27899557
29492,0.13203989
29493,0.73903126
29494,0.10704893
29495,0.023989748
29496,0.11046426
29497,0.27456036
29498,0.026783062
29499,0.05405172
29500,0.54624397
29501,0.059924766
29502,0.038221292
29503,0.037089314
29504,0.046702906
29505,0.25854117
29506,0.42836437
29507,0.2801205
29508,0.56769633
29509,0.27800387
29510,0.1272691
29511,0.12139657
29512,0.46741506
29513,0.031616874
29514,0.12046289
29515,0.069258854
29516,0.049628094
29517,0.49482718
29518,0.28037524
29519,0.055909403
29520,0.5079013
29521,0.40208763
29522,0.08152663
29523,0.24665953
29524,0.07623107
29525,0.046727184
29526,0.01605721
29527,0.01107471
29528,0.03278708
29529,0.056978084
29530,0.08239263
29531,0.08981905
29532,0.10873786
29533,0.4525967
29534,0.752163
29535,0.4836299
29536,0.43639734
29537,0.66683924
29538,0.08134063
29539,0.06911847
29540,0.066531226
29541,0.11855857
29542,0.27509138
29543,0.06239084
29544,0.0311008
29545,0.059514053
29546,0.12393125
29547,0.023880694
29548,0.044563085
29549,0.092125006
29550,0.027680049
29551,0.035215467
29552,0.034630336
29553,0.07236603
29554,0.057647854
29555,0.07453555
29556,0.4065032
29557,0.26956418
29558,0.41937006
29559,0.74209243
29560,0.64451635
29561,0.28443065
29562,0.08838788
29563,0.04897209
29564,0.052570485
29565,0.10506018
29566,0.022243029
29567,0.013817385
29568,0.03393971
29569,0.73958
29570,0.050727632
29571,0.02434135
29572,0.059296392
29573,0.048484333
29574,0.23381028
29575,0.04010742
29576,0.051098485
29577,0.023579838
29578,0.045069452
29579,0.01625027
29580,0.030984499
29581,0.08797937
29582,0.11156547
29583,0.5388667
29584,0.41079164
29585,0.25539556
29586,0.7375235
29587,0.41005123
29588,0.55300754
29589,0.11841482
29590,0.03728708
29591,0.035668205
29592,0.038635183
29593,0.05011227
29594,0.04752279
29595,0.03775197
29596,0.057680443
29597,0.53826
29598,0.079878904
29599,0.43734986
29600,0.03571839
29601,0.094136715
29602,0.10914258
29603,0.11970278
29604,0.1337
29605,0.043944538
29606,0.033752184
29607,0.04096804
29608,0.119920135
29609,0.59394366
29610,0.4049021
29611,0.6319253
29612,0.41826406
29613,0.42193598
29614,0.26256412
29615,0.2224929
29616,0.027948275
29617,0.011322155
29618,0.028665764
29619,0.019762892
29620,0.0343453
29621,0.10910633
29622,0.12951069
29623,0.07579974
29624,0.4412234
29625,0.030746656
29626,0.07047389
29627,0.014250685
29628,0.4362725
29629,0.04642375
29630,0.10693482
29631,0.26868168
29632,0.036771797
29633,0.008467526
29634,0.25430793
29635,0.26684794
29636,0.07100889
29637,0.08382839
29638,0.092066705
29639,0.07096724
29640,0.041457336
29641,0.1107223
29642,0.10554966
29643,0.014725268
29644,0.24072683
29645,0.011485701
29646,0.089851454
29647,0.038452152
29648,0.035569534
29649,0.11496559
29650,0.04125416
29651,0.04597255
29652,0.043594185
29653,0.11951175
29654,0.27359056
29655,0.54847634
29656,0.09482267
29657,0.014831432
29658,0.03206397
29659,0.053571723
29660,0.06635484
29661,0.119687915
29662,0.020160936
29663,0.034414
29664,0.021886256
29665,0.03495104
29666,0.024674783
29667,0.014630813
29668,0.032488707
29669,0.069913365
29670,0.08333293
29671,0.44684508
29672,0.02079929
29673,0.03970198
29674,0.06920848
29675,0.09237817
29676,0.45756087
29677,0.09199645
29678,0.01948666
29679,0.25785017
29680,0.018471835
29681,0.039878525
29682,0.023923226
29683,0.071416676
29684,0.24619217
29685,0.051083844
29686,0.01749108
29687,0.025276264
29688,0.013132596
29689,0.14176741
29690,0.023063483
29691,0.03152875
29692,0.115347765
29693,0.06459696
29694,0.040498596
29695,0.024133837
29696,0.03179482
29697,0.063554265
29698,0.42155042
29699,0.03338895
29700,0.011378055
29701,0.02425392
29702,0.03227953
29703,0.042403843
29704,0.060809966
29705,0.27452177
29706,0.066053875
29707,0.13356346
29708,0.08819982
29709,0.03280868
29710,0.023082318
29711,0.049533114
29712,0.04661125
29713,0.032941133
29714,0.39847484
29715,0.022537896
29716,0.13035399
29717,0.023557926
29718,0.085592985
29719,0.047852565
29720,0.014783493
29721,0.28586465
29722,0.6246383
29723,0.1258928
29724,0.07739819
29725,0.018448655
29726,0.071727924
29727,0.046630174
29728,0.04358102
29729,0.082124725
29730,0.07024935
29731,0.086163044
29732,0.63504183
29733,0.07392729
29734,0.02043918
29735,0.07145573
29736,0.081784695
29737,0.040919002
29738,0.11864114
29739,0.52131855
29740,0.06879467
29741,0.25116414
29742,0.030527549
29743,0.023310803
29744,0.064318866
29745,0.026631806
29746,0.08197549
29747,0.029273374
29748,0.029818263
29749,0.0557359
29750,0.059868686
29751,0.030020244
29752,0.05702517
29753,0.13033748
29754,0.0414951
29755,0.03834076
29756,0.03532265
29757,0.07609776
29758,0.09297715
29759,0.028925724
29760,0.059302293
29761,0.6177075
29762,0.05850073
29763,0.08713753
29764,0.049513176
29765,0.038543396
29766,0.044901077
29767,0.04767471
29768,0.018773822
29769,0.021895992
29770,0.52777964
29771,0.031123385
29772,0.0064452547
29773,0.004886449
29774,0.009760732
29775,0.0077527976
29776,0.023811124
29777,0.050296564
29778,0.08578319
29779,0.027174853
29780,0.014324232
29781,0.10208273
29782,0.045848094
29783,0.028860427
29784,0.047706407
29785,0.4186012
29786,0.031228468
29787,0.02507871
29788,0.0055749193
29789,0.042918723
29790,0.008312858
29791,0.03375037
29792,0.11424237
29793,0.064749375
29794,0.017230984
29795,0.021055462
29796,0.07315288
29797,0.2577993
29798,0.079834074
29799,0.06884641
29800,0.06401039
29801,0.03257667
29802,0.050745476
29803,0.018593485
29804,0.059600335
29805,0.27558127
29806,0.38808435
29807,0.012473696
29808,0.03345379
29809,0.021434207
29810,0.017835513
29811,0.020563573
29812,0.018210663
29813,0.02525947
29814,0.022584472
29815,0.022178164
29816,0.0291212
29817,0.05859989
29818,0.05340392
29819,0.104134865
29820,0.01070404
29821,0.11623393
29822,0.009437977
29823,0.27615482
29824,0.010148402
29825,0.027729481
29826,0.032475106
29827,0.018216513
29828,0.02415771
29829,0.021279378
29830,0.030868366
29831,0.01522357
29832,0.0053669033
29833,0.013733952
29834,0.007274046
29835,0.059478816
29836,0.01004409
29837,0.03131792
29838,0.045753103
29839,0.019983668
29840,0.044098463
29841,0.02105781
29842,0.018052343
29843,0.014348322
29844,0.08858189
29845,0.0308102
29846,0.045837488
29847,0.0050565144
29848,0.010249614
29849,0.036261026
29850,0.022390494
29851,0.074992895
29852,0.021699201
29853,0.0052790227
29854,0.39793864
29855,0.058387946
29856,0.059461296
29857,0.059394073
29858,0.071459465
29859,0.028107025
29860,0.012966719
29861,0.070137545
29862,0.088011496
29863,0.10680308
29864,0.020480778
29865,0.03494383
29866,0.03637816
29867,0.031343628
29868,0.029095255
29869,0.03231269
29870,0.007556305
29871,0.067285165
29872,0.054800507
29873,0.27405116
29874,0.023747409
29875,0.0319452
29876,0.009779099
29877,0.02254651
29878,0.047409393
29879,0.017952938
29880,0.026796455
29881,0.014613562
29882,0.03273534
29883,0.012628648
29884,0.009683804
29885,0.034361973
29886,0.2790661
29887,0.24989949
29888,0.02414453
29889,0.08566686
29890,0.02647148
29891,0.0115425475
29892,0.038737174
29893,0.07140196
29894,0.04318035
29895,0.056869976
29896,0.0343794
29897,0.03789334
29898,0.044941403
29899,0.040419158
29900,0.08775631
29901,0.04000835
29902,0.104600124
29903,0.04434005
29904,0.069501095
29905,0.25833896
29906,0.4115179
29907,0.04468046
29908,0.26567996
29909,0.06715501
29910,0.26425076
29911,0.077305324
29912,0.256375
29913,0.060117595
29914,0.023203112
29915,0.08153018
29916,0.020097986
29917,0.039589733
29918,0.0133659225
29919,0.25010604
29920,0.030933319
29921,0.602871
29922,0.25048816
29923,0.043271657
29924,0.2512727
29925,0.011802258
29926,0.04318819
29927,0.03555233
29928,0.09567467
29929,0.25268203
29930,0.53889453
29931,0.5112483
29932,0.044813585
29933,0.069635004
29934,0.10770825
29935,0.1111137
29936,0.008002094
29937,0.0067598047
29938,0.054725576
29939,0.040303756
29940,0.06094027
29941,0.074670255
29942,0.03526335
29943,0.44239876
29944,0.24651301
29945,0.39602572
29946,0.50439775
29947,0.10211215
29948,0.52076983
29949,0.056983992
29950,0.100845546
29951,0.05115467
29952,0.04678606
29953,0.03358942
29954,0.06449505
29955,0.07738959
29956,0.09580899
29957,0.08021014
29958,0.032209627
29959,0.037905343
29960,0.0659133
29961,0.26753467
29962,0.043418996
29963,0.05456456
29964,0.05691448
29965,0.06807916
29966,0.0393014
29967,0.042428583
29968,0.03136499
29969,0.26112363
29970,0.056505404
29971,0.10882964
29972,0.05459302
29973,0.03977237
29974,0.009038496
29975,0.5353582
29976,0.08987247
29977,0.011810117
29978,0.06795174
29979,0.10928321
29980,0.26446393
29981,0.06498099
29982,0.05110282
29983,0.020639528
29984,0.020967929
29985,0.03673815
29986,0.009647102
29987,0.053873032
29988,0.0672051
29989,0.063887134
29990,0.07895811
29991,0.27065933
29992,0.26897275
29993,0.014010145
29994,0.37028173
29995,0.04334439
29996,0.030545728
29997,0.26377842
29998,0.016944975
29999,0.04202521
30000,0.01387597
30001,0.20310727
30002,0.0433251
30003,0.031205073
30004,0.25090677
30005,0.47055942
30006,0.07209358
30007,0.017069878
30008,0.019375011
30009,0.039944574
30010,0.054503243
30011,0.0128615415
30012,0.033624813
30013,0.09319782
30014,0.11178699
30015,0.08251559
30016,0.08010656
30017,0.056617185
30018,0.00420853
30019,0.010559491
30020,0.027749898
30021,0.030341426
30022,0.028097127
30023,0.035135187
30024,0.071794145
30025,0.053751703
30026,0.2195532
30027,0.0135442205
30028,0.03542312
30029,0.025955146
30030,0.01534325
30031,0.013733595
30032,0.022805005
30033,0.039459933
30034,0.026158312
30035,0.06103623
30036,0.45012122
30037,0.40917796
30038,0.04233049
30039,0.03795627
30040,0.083017886
30041,0.060879823
30042,0.0126316
30043,0.054015443
30044,0.013166451
30045,0.011742788
30046,0.033256575
30047,0.25190237
30048,0.02550345
30049,0.022316463
30050,0.03078939
30051,0.1912124
30052,0.05582825
30053,0.24593636
30054,0.2269549
30055,0.38059422
30056,0.05578417
30057,0.040062256
30058,0.01598421
30059,0.051453795
30060,0.04399422
30061,0.24435066
30062,0.04333881
30063,0.5255443
30064,0.08461509
30065,0.018746156
30066,0.08676325
30067,0.04891319
30068,0.047857787
30069,0.016391702
30070,0.020443443
30071,0.056133427
30072,0.032244034
30073,0.01635961
30074,0.015945632
30075,0.066621296
30076,0.042282578
30077,0.062755376
30078,0.05444168
30079,0.07804571
30080,0.41057053
30081,0.43944573
30082,0.056247953
30083,0.020382157
30084,0.065815866
30085,0.018088972
30086,0.038464084
30087,0.027918637
30088,0.06555092
30089,0.053181175
30090,0.09198642
30091,0.039994415
30092,0.08263058
30093,0.038129244
30094,0.05386588
30095,0.033746496
30096,0.022198051
30097,0.09805179
30098,0.00964524
30099,0.059179
30100,0.030387659
30101,0.014323955
30102,0.021337146
30103,0.03411664
30104,0.052928757
30105,0.061612017
30106,0.2345191
30107,0.07216271
30108,0.4200936
30109,0.23864819
30110,0.24647227
30111,0.010944281
30112,0.068182886
30113,0.04880131
30114,0.040090594
30115,0.0685069
30116,0.018472407
30117,0.045837782
30118,0.03741993
30119,0.04880536
30120,0.06757278
30121,0.030405918
30122,0.053519953
30123,0.021105945
30124,0.06085934
30125,0.021031149
30126,0.036248114
30127,0.08804872
30128,0.054577008
30129,0.24180414
30130,0.6171426
30131,0.07215794
30132,0.08174676
30133,0.054261133
30134,0.061147075
30135,0.0583545
30136,0.06764927
30137,0.048751265
30138,0.009504012
30139,0.016992278
30140,0.26505363
30141,0.060917884
30142,0.067045316
30143,0.054102503
30144,0.0630673
30145,0.015428726
30146,0.01714919
30147,0.01829736
30148,0.03701562
30149,0.26275378
30150,0.057304524
30151,0.041638777
30152,0.0801246
30153,0.5521843
30154,0.06812366
30155,0.013110874
30156,0.23160101
30157,0.053286966
30158,0.2624263
30159,0.2679507
30160,0.057455562
30161,0.04327024
30162,0.044917468
30163,0.077040054
30164,0.10332699
30165,0.039528318
30166,0.1059506
30167,0.070032656
30168,0.061957613
30169,0.012519818
30170,0.009686007
30171,0.013832102
30172,0.018103097
30173,0.046929743
30174,0.057379264
30175,0.013500623
30176,0.09553448
30177,0.100852065
30178,0.24823295
30179,0.06495457
30180,0.030433772
30181,0.08404961
30182,0.10221766
30183,0.40243557
30184,0.05153759
30185,0.044941403
30186,0.025259074
30187,0.056945845
30188,0.6049004
30189,0.03679639
30190,0.10029507
30191,0.43659458
30192,0.25162038
30193,0.023910964
30194,0.014754691
30195,0.011851152
30196,0.037988756
30197,0.048874762
30198,0.42301553
30199,0.40576768
30200,0.008817358
30201,0.0637073
30202,0.065205
30203,0.10299283
30204,0.10206241
30205,0.09322072
30206,0.11263466
30207,0.41829872
30208,0.06711522
30209,0.016208634
30210,0.044015378
30211,0.07171972
30212,0.048913207
30213,0.27150482
30214,0.63107395
30215,0.04016061
30216,0.44525245
30217,0.013353264
30218,0.044097114
30219,0.40271336
30220,0.0046295915
30221,0.044480678
30222,0.061564326
30223,0.015108802
30224,0.03988602
30225,0.0054996675
30226,0.38764173
30227,0.1861404
30228,0.06273265
30229,0.3919142
30230,0.10276701
30231,0.26134565
30232,0.40974852
30233,0.39680052
30234,0.112750664
30235,0.078415826
30236,0.092133604
30237,0.60327697
30238,0.52082336
30239,0.53178823
30240,0.022629233
30241,0.101593904
30242,0.055136662
30243,0.0066691115
30244,0.05100737
30245,0.0054209004
30246,0.011614572
30247,0.009143874
30248,0.030545672
30249,0.051196918
30250,0.07084149
30251,0.068876624
30252,0.07784542
30253,0.0689238
30254,0.24432817
30255,0.2274188
30256,0.026172582
30257,0.08304064
30258,0.4153411
30259,0.053620223
30260,0.58625364
30261,0.68397593
30262,0.62802726
30263,0.0047531654
30264,0.02638098
30265,0.014999074
30266,0.068143375
30267,0.42845654
30268,0.067256056
30269,0.015122632
30270,0.056413285
30271,0.012507461
30272,0.051073868
30273,0.056508694
30274,0.04369278
30275,0.010131234
30276,0.40979213
30277,0.014904842
30278,0.028886465
30279,0.077736676
30280,0.07933423
30281,0.044858918
30282,0.04430888
30283,0.24864002
30284,0.21923146
30285,0.024012588
30286,0.23730698
30287,0.08087964
30288,0.079265155
30289,0.74433774
30290,0.7673124
30291,0.6539627
30292,0.1955371
30293,0.025747893
30294,0.013751652
30295,0.38119406
30296,0.06955195
30297,0.114832275
30298,0.03819819
30299,0.0722899
30300,0.016167805
30301,0.0719421
30302,0.078468256
30303,0.10068888
30304,0.105561875
30305,0.48495615
30306,0.40942588
30307,0.23824023
30308,0.093408234
30309,0.06473192
30310,0.053747248
30311,0.08429438
30312,0.03935811
30313,0.031070497
30314,0.102732375
30315,0.10518761
30316,0.056215573
30317,0.08039073
30318,0.022640755
30319,0.7396433
30320,0.58602357
30321,0.7266692
30322,0.090875745
30323,0.0435089
30324,0.39055523
30325,0.017703218
30326,0.39341125
30327,0.024826473
30328,0.023332905
30329,0.01452044
30330,0.032637287
30331,0.07142297
30332,0.043292657
30333,0.41277325
30334,0.7260527
30335,0.062207498
30336,0.07426259
30337,0.066546
30338,0.10686963
30339,0.059274767
30340,0.36919966
30341,0.22397855
30342,0.035281084
30343,0.07183925
30344,0.08448303
30345,0.08401133
30346,0.042736214
30347,0.01776221
30348,0.2758752
30349,0.42615858
30350,0.25153917
30351,0.06289385
30352,0.02568639
30353,0.082026824
30354,0.009979599
30355,0.06117183
30356,0.109201156
30357,0.029581552
30358,0.038353097
30359,0.05323029
30360,0.038750976
30361,0.040145814
30362,0.40454006
30363,0.7104853
30364,0.27322698
30365,0.107940055
30366,0.08509339
30367,0.10594731
30368,0.10533134
30369,0.47333497
30370,0.054146796
30371,0.033465393
30372,0.036089998
30373,0.031074021
30374,0.10195243
30375,0.105616786
30376,0.25031045
30377,0.47967854
30378,0.26491386
30379,0.24940738
30380,0.6521041
30381,0.09880693
30382,0.015455783
30383,0.0933229
30384,0.26010355
30385,0.018849526
30386,0.051872566
30387,0.49387214
30388,0.0554729
30389,0.03404524
30390,0.033945166
30391,0.040140916
30392,0.23755018
30393,0.44950044
30394,0.27059746
30395,0.5350501
30396,0.2676134
30397,0.10079328
30398,0.1027644
30399,0.40290144
30400,0.025393592
30401,0.10367349
30402,0.061172966
30403,0.045412835
30404,0.45359674
30405,0.2693681
30406,0.050686043
30407,0.5181916
30408,0.26486376
30409,0.008410202
30410,0.06747501
30411,0.082536265
30412,0.06704676
30413,0.044288434
30414,0.013553135
30415,0.013062225
30416,0.025917687
30417,0.05152858
30418,0.06853438
30419,0.06815371
30420,0.09002333
30421,0.44718537
30422,0.67628145
30423,0.44614843
30424,0.26121712
30425,0.5448665
30426,0.07196836
30427,0.061428048
30428,0.062302962
30429,0.09770398
30430,0.37249118
30431,0.05629792
30432,0.025722861
30433,0.056503233
30434,0.10296095
30435,0.015434118
30436,0.043184582
30437,0.07814875
30438,0.018948544
30439,0.03753982
30440,0.024253642
30441,0.02608629
30442,0.030731633
30443,0.061013166
30444,0.05009007
30445,0.06303628
30446,0.42638993
30447,0.25098214
30448,0.3768563
30449,0.6992137
30450,0.65331566
30451,0.4283185
30452,0.22575139
30453,0.045492537
30454,0.019301575
30455,0.04468294
30456,0.081133395
30457,0.012898148
30458,0.031494923
30459,0.6161074
30460,0.043803193
30461,0.015568465
30462,0.19026057
30463,0.043779705
30464,0.22500403
30465,0.037037812
30466,0.043818332
30467,0.014786454
30468,0.041656386
30469,0.025612572
30470,0.069975354
30471,0.077736676
30472,0.46443027
30473,0.44452366
30474,0.23671634
30475,0.7312219
30476,0.4423821
30477,0.5123763
30478,0.10044147
30479,0.039680805
30480,0.031294677
30481,0.033748806
30482,0.043318313
30483,0.03985273
30484,0.033833716
30485,0.05638778
30486,0.44937423
30487,0.071931794
30488,0.40270743
30489,0.028769078
30490,0.077640854
30491,0.09330009
30492,0.098247595
30493,0.1185757
30494,0.04214974
30495,0.029180493
30496,0.038599875
30497,0.10176567
30498,0.7244593
30499,0.37108102
30500,0.5448665
30501,0.39207262
30502,0.44474244
30503,0.10894028
30504,0.22088286
30505,0.041240916
30506,0.020458808
30507,0.010243233
30508,0.011262864
30509,0.04496187
30510,0.029306037
30511,0.096881494
30512,0.098640844
30513,0.06948647
30514,0.26149845
30515,0.025919616
30516,0.060610507
30517,0.26994732
30518,0.03859527
30519,0.0847418
30520,0.36401606
30521,0.029209368
30522,0.23230045
30523,0.2530605
30524,0.0608912
30525,0.07561227
30526,0.07369023
30527,0.064339735
30528,0.03532761
30529,0.091242164
30530,0.08426691
30531,0.045324758
30532,0.007884755
30533,0.23168682
30534,0.071963444
30535,0.03989883
30536,0.030736333
30537,0.09223259
30538,0.03230997
30539,0.040141836
30540,0.037914302
30541,0.107627064
30542,0.38401705
30543,0.52930546
30544,0.082739115
30545,0.010282033
30546,0.016965399
30547,0.047471307
30548,0.057119567
30549,0.103319936
30550,0.02974718
30551,0.013304156
30552,0.029887987
30553,0.016212048
30554,0.01023122
30555,0.025731105
30556,0.061817106
30557,0.06840952
30558,0.41419658
30559,0.012829135
30560,0.019220006
30561,0.030797845
30562,0.060898297
30563,0.07246738
30564,0.51405406
30565,0.08300994
30566,0.010934934
30567,0.24674207
30568,0.03477735
30569,0.013343698
30570,0.06159011
30571,0.09628925
30572,0.046218313
30573,0.019329892
30574,0.009273353
30575,0.27062333
30576,0.03535467
30577,0.013760296
30578,0.014771616
30579,0.024530333
30580,0.0933679
30581,0.05542684
30582,0.03749528
30583,0.01398928
30584,0.026175898
30585,0.054145765
30586,0.2658333
30587,0.029072015
30588,0.015985174
30589,0.02874754
30590,0.038451914
30591,0.054821827
30592,0.25575754
30593,0.05538303
30594,0.26101252
30595,0.070759796
30596,0.028591463
30597,0.013101649
30598,0.04417727
30599,0.044046234
30600,0.026466304
30601,0.37758043
30602,0.0148935905
30603,0.25428727
30604,0.015393245
30605,0.06702811
30606,0.043795966
30607,0.009496458
30608,0.26628682
30609,0.68606573
30610,0.22799012
30611,0.07204502
30612,0.0690678
30613,0.043416996
30614,0.040073648
30615,0.06900821
30616,0.06603299
30617,0.08100818
30618,0.79910934
30619,0.020699132
30620,0.0628774
30621,0.013380349
30622,0.06482493
30623,0.06320147
30624,0.022129135
30625,0.035399426
30626,0.106849365
30627,0.47368222
30628,0.06103848
30629,0.24691783
30630,0.024052277
30631,0.061540384
30632,0.01848221
30633,0.064087674
30634,0.026268223
30635,0.022443112
30636,0.047483355
30637,0.05374503
30638,0.0249243
30639,0.023476772
30640,0.051203236
30641,0.03245056
30642,0.10640475
30643,0.038594026
30644,0.031027324
30645,0.06614377
30646,0.08476221
30647,0.017114872
30648,0.02264045
30649,0.051434357
30650,0.6660168
30651,0.055358395
30652,0.08115306
30653,0.044150483
30654,0.03531881
30655,0.042284682
30656,0.04434005
30657,0.011652303
30658,0.014666288
30659,0.27168232
30660,0.024870057
30661,0.009828629
30662,0.008789648
30663,0.011258125
30664,0.00569888
30665,0.013777909
30666,0.043367587
30667,0.07838842
30668,0.23167044
30669,0.0396091
30670,0.043368805
30671,0.39370233
30672,0.025664069
30673,0.01695688
30674,0.010713434
30675,0.026282126
30676,0.011031585
30677,0.039943606
30678,0.010992054
30679,0.028984427
30680,0.25709492
30681,0.055361062
30682,0.011620141
30683,0.012523896
30684,0.0062486967
30685,0.055966355
30686,0.24991748
30687,0.07223237
30688,0.0611792
30689,0.055368483
30690,0.02555279
30691,0.047573224
30692,0.02337933
30693,0.056059975
30694,0.26549986
30695,0.10011229
30696,0.010007371
30697,0.012645925
30698,0.010706295
30699,0.016475009
30700,0.0076419464
30701,0.01365915
30702,0.017878106
30703,0.009934288
30704,0.021337146
30705,0.050002538
30706,0.045169394
30707,0.08461509
30708,0.097501025
30709,0.013074171
30710,0.26952225
30711,0.014328804
30712,0.024274739
30713,0.012676601
30714,0.02418456
30715,0.010597321
30716,0.008252014
30717,0.022021707
30718,0.01620022
30719,0.013197881
30720,0.029989747
30721,0.018691035
30722,0.008491764
30723,0.054958284
30724,0.040018577
30725,0.01106968
30726,0.042062715
30727,0.0135442205
30728,0.008707378
30729,0.011255319
30730,0.00830531
30731,0.07983882
30732,0.024922045
30733,0.043193657
30734,0.010603885
30735,0.031234829
30736,0.013608554
30737,0.06673824
30738,0.012351852
30739,0.005102498
30740,0.4170394
30741,0.05461981
30742,0.05564086
30743,0.056220353
30744,0.067138635
30745,0.019152308
30746,0.009457845
30747,0.06571902
30748,0.022866521
30749,0.081019476
30750,0.102619015
30751,0.014290121
30752,0.030374601
30753,0.030670488
30754,0.02542014
30755,0.025741735
30756,0.00574645
30757,0.03051727
30758,0.013893581
30759,0.06463583
30760,0.053274643
30761,0.034501467
30762,0.005423703
30763,0.10358244
30764,0.015427402
30765,0.022295838
30766,0.022232287
30767,0.005412059
30768,0.013202563
30769,0.044012178
30770,0.024010934
30771,0.029904272
30772,0.031836726
30773,0.0090981
30774,0.029464988
30775,0.38426536
30776,0.24506986
30777,0.009344254
30778,0.016233988
30779,0.071559854
30780,0.020456577
30781,0.017679114
30782,0.036311843
30783,0.055053968
30784,0.026088968
30785,0.04367687
30786,0.057120144
30787,0.02061521
30788,0.031819817
30789,0.045033716
30790,0.03784312
30791,0.040556267
30792,0.085366234
30793,0.03878349
30794,0.40617266
30795,0.04314867
30796,0.068726555
30797,0.42415068
30798,0.38235438
30799,0.030926736
30800,0.26927093
30801,0.06719604
30802,0.4011755
30803,0.07844044
30804,0.10868628
30805,0.059993844
30806,0.020949474
30807,0.23254865
30808,0.009897395
30809,0.03882385
30810,0.0131515
30811,0.41313362
30812,0.031174403
30813,0.6482603
30814,0.2551609
30815,0.043366406
30816,0.2557271
30817,0.010777888
30818,0.032773595
30819,0.021960063
30820,0.043178685
30821,0.022713603
30822,0.029612323
30823,0.0924371
30824,0.42377046
30825,0.55820066
30826,0.5630827
30827,0.04485541
30828,0.06763523
30829,0.10585345
30830,0.4209135
30831,0.05490259
30832,0.04084401
30833,0.05980431
30834,0.22427736
30835,0.03637449
30836,0.44244772
30837,0.24742146
30838,0.2540455
30839,0.54620576
30840,0.10615589
30841,0.020521658
30842,0.53867567
30843,0.056683507
30844,0.10687702
30845,0.05149029
30846,0.048386145
30847,0.034170233
30848,0.063208215
30849,0.078809686
30850,0.092004985
30851,0.22678362
30852,0.032366257
30853,0.03765997
30854,0.06696105
30855,0.27588648
30856,0.04395292
30857,0.055058397
30858,0.0590732
30859,0.069308616
30860,0.042378556
30861,0.02605743
30862,0.05671211
30863,0.112645395
30864,0.05619519
30865,0.44039616
30866,0.05510168
30867,0.03847386
30868,0.028780404
30869,0.021699717
30870,0.020816466
30871,0.51421285
30872,0.0899583
30873,0.067910075
30874,0.44563434
30875,0.27027115
30876,0.010023497
30877,0.06647518
30878,0.052262224
30879,0.02338662
30880,0.009820523
30881,0.06723534
30882,0.0631906
30883,0.080951944
30884,0.2735576
30885,0.5179068
30886,0.16103053
30887,0.043390624
30888,0.030502744
30889,0.40496865
30890,0.016319206
30891,0.04282264
30892,0.009762091
30893,0.06200206
30894,0.043553952
30895,0.026017154
30896,0.25442356
30897,0.5246977
30898,0.07215376
30899,0.016833592
30900,0.019257892
30901,0.04002194
30902,0.055879436
30903,0.028530486
30904,0.01643228
30905,0.094792165
30906,0.11302819
30907,0.08119721
30908,0.08037653
30909,0.056630056
30910,0.013865465
30911,0.040496632
30912,0.030694671
30913,0.029384242
30914,0.034731105
30915,0.07251228
30916,0.053949226
30917,0.22346708
30918,0.013396607
30919,0.0356626
30920,0.026759624
30921,0.015496346
30922,0.013798398
30923,0.022014193
30924,0.03905048
30925,0.061896
30926,0.42832264
30927,0.2673129
30928,0.04331043
30929,0.038265366
30930,0.078958705
30931,0.06213012
30932,0.013449689
30933,0.05465991
30934,0.029702019
30935,0.25502592
30936,0.02573073
30937,0.022568095
30938,0.03083512
30939,0.055698335
30940,0.05647854
30941,0.38303444
30942,0.4121581
30943,0.360963
30944,0.055911988
30945,0.03834223
30946,0.015924066
30947,0.051613417
30948,0.043401677
30949,0.24346727
30950,0.04350289
30951,0.61253494
30952,0.08892742
30953,0.017747356
30954,0.087138966
30955,0.04912428
30956,0.047511272
30957,0.017785002
30958,0.009174906
30959,0.05652696
30960,0.0071595544
30961,0.022383688
30962,0.015480162
30963,0.016065532
30964,0.06626599
30965,0.043030564
30966,0.063050576
30967,0.054827705
30968,0.07980597
30969,0.41879192
30970,0.4492744
30971,0.05656124
30972,0.02014411
30973,0.067466415
30974,0.022292886
30975,0.03869715
30976,0.007833356
30977,0.06809738
30978,0.05366204
30979,0.097664915
30980,0.038758386
30981,0.08216371
30982,0.03812334
30983,0.05398555
30984,0.034124155
30985,0.016133398
30986,0.016954768
30987,0.10225668
30988,0.05985355
30989,0.031634636
30990,0.020968443
30991,0.03427562
30992,0.054176174
30993,0.06181253
30994,0.09242528
30995,0.07207264
30996,0.26032236
30997,0.23753174
30998,0.2436967
30999,0.011371497
31000,0.06888245
31001,0.012281545
31002,0.048942
31003,0.007863404
31004,0.03979653
31005,0.06860701
31006,0.031857785
31007,0.04427219
31008,0.03875973
31009,0.017332986
31010,0.048902005
31011,0.067272805
31012,0.031589415
31013,0.052722007
31014,0.021830924
31015,0.033535577
31016,0.061065763
31017,0.012680318
31018,0.036737125
31019,0.08268685
31020,0.05531377
31021,0.242023
31022,0.6223532
31023,0.07223894
31024,0.08232184
31025,0.055521853
31026,0.061906364
31027,0.060948785
31028,0.0683475
31029,0.049326845
31030,0.2554771
31031,0.061194483
31032,0.06728058
31033,0.05446618
31034,0.0644214
31035,0.015955258
31036,0.032683443
31037,0.017283285
31038,0.018194849
31039,0.036782324
31040,0.2714452
31041,0.05892423
31042,0.042470258
31043,0.08137531
31044,0.7029663
31045,0.06785128
31046,0.012839476
31047,0.23194958
31048,0.05363764
31049,0.2586705
31050,0.26561776
31051,0.057648
31052,0.017868401
31053,0.044100795
31054,0.04426476
31055,0.07845924
31056,0.25051335
31057,0.03882385
31058,0.25968742
31059,0.06838265
31060,0.0054945834
31061,0.062616795
31062,0.0098753
31063,0.0140125
31064,0.017823365
31065,0.047436323
31066,0.056897942
31067,0.013509016
31068,0.09169827
31069,0.107166916
31070,0.24656838
31071,0.064926006
31072,0.030713867
31073,0.08053655
31074,0.108452775
31075,0.3866776
31076,0.051573303
31077,0.044501413
31078,0.019374663
31079,0.057060543
31080,0.6093036
31081,0.03704581
31082,0.110672645
31083,0.5296941
31084,0.25574005
31085,0.015256591
31086,0.017949557
31087,0.037845794
31088,0.049568843
31089,0.13341685
31090,0.3897381
31091,0.0083804205
31092,0.06266944
31093,0.065612316
31094,0.25163665
31095,0.10293285
31096,0.09540541
31097,0.11672436
31098,0.39150837
31099,0.06805644
31100,0.017535854
31101,0.044341728
31102,0.07218028
31103,0.049515672
31104,0.110553876
31105,0.6580321
31106,0.040182423
31107,0.45088333
31108,0.013050525
31109,0.044081923
31110,0.27159467
31111,0.010971378
31112,0.044350646
31113,0.060860932
31114,0.014794159
31115,0.03890284
31116,0.4283558
31117,0.18638015
31118,0.06307623
31119,0.2549068
31120,0.10560533
31121,0.27466485
31122,0.4097777
31123,0.4334749
31124,0.26367602
31125,0.08036643
31126,0.09120307
31127,0.6141552
31128,0.53085953
31129,0.51320064
31130,0.022045264
31131,0.10671903
31132,0.056873173
31133,0.026003359
31134,0.017497066
31135,0.010260258
31136,0.051571764
31137,0.006805133
31138,0.007935851
31139,0.009412623
31140,0.031634986
31141,0.050939158
31142,0.071377605
31143,0.068894535
31144,0.079895906
31145,0.06820495
31146,0.24554066
31147,0.2277596
31148,0.025855046
31149,0.08095125
31150,0.39695433
31151,0.016487569
31152,0.053642888
31153,0.7039134
31154,0.5914289
31155,0.73520297
31156,0.005799339
31157,0.025827065
31158,0.069043435
31159,0.4330882
31160,0.06740278
31161,0.057184827
31162,0.03340765
31163,0.008526319
31164,0.05155074
31165,0.05834097
31166,0.043598466
31167,0.010566574
31168,0.41116658
31169,0.015125272
31170,0.028628161
31171,0.08011229
31172,0.07999473
31173,0.04429595
31174,0.044145934
31175,0.39684945
31176,0.21965054
31177,0.023996012
31178,0.24099776
31179,0.08051984
31180,0.07770105
31181,0.56404227
31182,0.72640973
31183,0.5875222
31184,0.012512548
31185,0.18979324
31186,0.026053322
31187,0.0073889843
31188,0.43417275
31189,0.07175604
31190,0.10935121
31191,0.03851513
31192,0.07136744
31193,0.01647168
31194,0.072209306
31195,0.08034191
31196,0.107220635
31197,0.10387466
31198,0.48542938
31199,0.48070097
31200,0.24011335
31201,0.099112235
31202,0.06562754
31203,0.054616563
31204,0.08449192
31205,0.03928491
31206,0.031225711
31207,0.028737206
31208,0.101927646
31209,0.109130725
31210,0.05577679
31211,0.08304915
31212,0.022745484
31213,0.5785546
31214,0.77040976
31215,0.59858805
31216,0.090922244
31217,0.043461423
31218,0.09878523
31219,0.41498637
31220,0.026224637
31221,0.008751901
31222,0.014652553
31223,0.0152696455
31224,0.03133598
31225,0.072409526
31226,0.043431576
31227,0.43359485
31228,0.62946117
31229,0.061318155
31230,0.07478706
31231,0.06807443
31232,0.11051159
31233,0.05992279
31234,0.42062372
31235,0.22687988
31236,0.035169825
31237,0.07242561
31238,0.07885013
31239,0.080918126
31240,0.04233971
31241,0.0291577
31242,0.5397097
31243,0.45097706
31244,0.2535443
31245,0.06300864
31246,0.025851835
31247,0.084468156
31248,0.010243875
31249,0.06137217
31250,0.11473572
31251,0.029165022
31252,0.038821597
31253,0.046233933
31254,0.024705587
31255,0.024181344
31256,0.038779788
31257,0.039894126
31258,0.40482655
31259,0.6281793
31260,0.26876807
31261,0.108931646
31262,0.084085055
31263,0.11275562
31264,0.10252014
31265,0.5107759
31266,0.054277766
31267,0.036727298
31268,0.031308144
31269,0.10096839
31270,0.10574586
31271,0.10149061
31272,0.49922287
31273,0.26817623
31274,0.10537034
31275,0.7867911
31276,0.100601576
31277,0.015287114
31278,0.09150861
31279,0.25989893
31280,0.018364254
31281,0.05100564
31282,0.44374606
31283,0.055683583
31284,0.034430318
31285,0.033367306
31286,0.04093035
31287,0.0980906
31288,0.4526419
31289,0.27274308
31290,0.5455978
31291,0.2668339
31292,0.10790252
31293,0.101193495
31294,0.2709665
31295,0.025827996
31296,0.10993179
31297,0.06103235
31298,0.045010414
31299,0.5195918
31300,0.40773213
31301,0.051446076
31302,0.5445746
31303,0.44715878
31304,0.06733955
31305,0.08061129
31306,0.06739686
31307,0.043080375
31308,0.010433753
31309,0.00915287
31310,0.008222941
31311,0.02665775
31312,0.051550183
31313,0.07034962
31314,0.06793501
31315,0.09130084
31316,0.41185832
31317,0.5394042
31318,0.43899238
31319,0.2717635
31320,0.5181293
31321,0.07367905
31322,0.06175374
31323,0.06365076
31324,0.10289943
31325,0.39725786
31326,0.056568917
31327,0.02530719
31328,0.05667051
31329,0.098513834
31330,0.015567074
31331,0.04119938
31332,0.078552224
31333,0.01835295
31334,0.02139966
31335,0.03594905
31336,0.01699216
31337,0.025394935
31338,0.030825734
31339,0.060737595
31340,0.052141264
31341,0.06331596
31342,0.4036406
31343,0.25356674
31344,0.35045287
31345,0.67099124
31346,0.6733643
31347,0.13838443
31348,0.22958547
31349,0.04259748
31350,0.026780713
31351,0.04482932
31352,0.08621501
31353,0.01402081
31354,0.59886664
31355,0.043813705
31356,0.015325623
31357,0.05472907
31358,0.04391963
31359,0.23164001
31360,0.043860815
31361,0.042025357
31362,0.025879297
31363,0.06846706
31364,0.078305125
31365,0.54856807
31366,0.4127332
31367,0.23560318
31368,0.69215834
31369,0.41392788
31370,0.45057997
31371,0.107010126
31372,0.031362396
31373,0.034153637
31374,0.04345711
31375,0.04022635
31376,0.014024832
31377,0.056241598
31378,0.43320444
31379,0.07390772
31380,0.41423142
31381,0.02948114
31382,0.07878592
31383,0.09060776
31384,0.09965523
31385,0.26076254
31386,0.041724447
31387,0.029128622
31388,0.008366065
31389,0.039036915
31390,0.1022396
31391,0.6004375
31392,0.4115918
31393,0.62542754
31394,0.4051348
31395,0.4164735
31396,0.10629354
31397,0.21886972
31398,0.040017836
31399,0.020112282
31400,0.017929519
31401,0.01178352
31402,0.036871377
31403,0.029514514
31404,0.0938629
31405,0.10398449
31406,0.06991625
31407,0.39862636
31408,0.024993647
31409,0.06292848
31410,0.43113092
31411,0.0388886
31412,0.08556868
31413,0.24831145
31414,0.028436268
31415,0.0050678607
31416,0.22877663
31417,0.25766647
31418,0.062146474
31419,0.075386286
31420,0.0718021
31421,0.06420509
31422,0.036445193
31423,0.09428804
31424,0.08205661
31425,0.009156871
31426,0.22756888
31427,0.010670295
31428,0.07332766
31429,0.03912462
31430,0.031609777
31431,0.090765685
31432,0.032156155
31433,0.040138334
31434,0.038168848
31435,0.10311092
31436,0.39359206
31437,0.4965231
31438,0.08446389
31439,0.009712091
31440,0.021328041
31441,0.048052076
31442,0.057916455
31443,0.10598866
31444,0.012612923
31445,0.029687265
31446,0.013123823
31447,0.029813675
31448,0.015769554
31449,0.010144538
31450,0.02451243
31451,0.06125689
31452,0.06844365
31453,0.4028311
31454,0.013270239
31455,0.023489553
31456,0.030687183
31457,0.059244435
31458,0.07194892
31459,0.51891243
31460,0.0859121
31461,0.011419706
31462,0.1017819
31463,0.034658346
31464,0.013487523
31465,0.06158179
31466,0.096915446
31467,0.046519805
31468,0.015407394
31469,0.009380858
31470,0.11036108
31471,0.031467374
31472,0.013173889
31473,0.019663382
31474,0.024276411
31475,0.09917112
31476,0.05424076
31477,0.037237395
31478,0.015225578
31479,0.026013006
31480,0.05439424
31481,0.27456915
31482,0.029301688
31483,0.016125917
31484,0.02858066
31485,0.039267924
31486,0.05494142
31487,0.2611838
31488,0.055629395
31489,0.10873574
31490,0.072148316
31491,0.028805163
31492,0.013157323
31493,0.04317243
31494,0.043017454
31495,0.02659442
31496,0.26409924
31497,0.024231024
31498,0.25755116
31499,0.01549314
31500,0.0666886
31501,0.043753233
31502,0.26909417
31503,0.72025275
31504,0.22828467
31505,0.07319776
31506,0.069808654
31507,0.044507418
31508,0.03978452
31509,0.072147265
31510,0.06626599
31511,0.08382272
31512,0.7592129
31513,0.023349844
31514,0.06441786
31515,0.013394046
31516,0.06440512
31517,0.06314425
31518,0.015793065
31519,0.035238396
31520,0.101371035
31521,0.53351223
31522,0.06199246
31523,0.24667823
31524,0.015023387
31525,0.061185416
31526,0.019014806
31527,0.06447108
31528,0.02590657
31529,0.02299722
31530,0.04764075
31531,0.054267474
31532,0.025182515
31533,0.05157901
31534,0.016945047
31535,0.1069721
31536,0.034078605
31537,0.03886047
31538,0.015389396
31539,0.031099085
31540,0.06759365
31541,0.08184005
31542,0.022516524
31543,0.051899247
31544,0.74220735
31545,0.05568327
31546,0.08026234
31547,0.04365586
31548,0.0356363
31549,0.042461727
31550,0.04365758
31551,0.01501308
31552,0.51210994
31553,0.024847083
31554,0.0058704414
31555,0.004190323
31556,0.008002782
31557,0.011012008
31558,0.04363739
31559,0.080606245
31560,0.017691199
31561,0.08749637
31562,0.03880609
31563,0.023970932
31564,0.043346398
31565,0.4233991
31566,0.026015801
31567,0.01723299
31568,0.017859286
31569,0.040243387
31570,0.2559041
31571,0.055934254
31572,0.010920539
31573,0.013027938
31574,0.056523655
31575,0.10107878
31576,0.22023682
31577,0.061528172
31578,0.055800628
31579,0.047790915
31580,0.015403117
31581,0.056401387
31582,0.2619968
31583,0.24095729
31584,0.0072853556
31585,0.030722221
31586,0.013232885
31587,0.010527142
31588,0.021760557
31589,0.010222294
31590,0.014108488
31591,0.021336777
31592,0.052000254
31593,0.044915386
31594,0.09001996
31595,0.008390186
31596,0.01312224
31597,0.102851816
31598,0.008922026
31599,0.26512474
31600,0.02442173
31601,0.010503013
31602,0.015165581
31603,0.022960886
31604,0.016158592
31605,0.019554697
31606,0.029685427
31607,0.008201724
31608,0.05471607
31609,0.025038742
31610,0.040440194
31611,0.011684835
31612,0.04227186
31613,0.013042881
31614,0.011374168
31615,0.08153574
31616,0.02427046
31617,0.04365758
31618,0.0056947926
31619,0.030239478
31620,0.068047
31621,0.013014493
31622,0.013283211
31623,0.40027472
31624,0.055272374
31625,0.05716612
31626,0.055404503
31627,0.066268966
31628,0.019748004
31629,0.009671505
31630,0.066018894
31631,0.01990712
31632,0.0803334
31633,0.009376602
31634,0.097906135
31635,0.029944502
31636,0.03053341
31637,0.030379087
31638,0.02592048
31639,0.026133
31640,0.017336778
31641,0.030335367
31642,0.015448385
31643,0.010620641
31644,0.011861891
31645,0.013231593
31646,0.06405531
31647,0.0535479
31648,0.030703038
31649,0.10382342
31650,0.022518706
31651,0.010245723
31652,0.013320824
31653,0.04431759
31654,0.011147806
31655,0.025096498
31656,0.032207105
31657,0.10798766
31658,0.25086066
31659,0.014204208
31660,0.07194892
31661,0.018219484
31662,0.050751414
31663,0.024820412
31664,0.035849717
31665,0.05795041
31666,0.044166274
31667,0.059473213
31668,0.012551362
31669,0.032837868
31670,0.03817119
31671,0.038968995
31672,0.041797884
31673,0.09936801
31674,0.03869481
31675,0.39904797
31676,0.04484614
31677,0.22539034
31678,0.390616
31679,0.3881115
31680,0.026002813
31681,0.04614876
31682,0.28103304
31683,0.07249943
31684,0.42334896
31685,0.08606331
31686,0.26230174
31687,0.062161226
31688,0.032247853
31689,0.23655184
31690,0.012926591
31691,0.2611463
31692,0.66419476
31693,0.2611892
31694,0.047014143
31695,0.044561524
31696,0.114020705
31697,0.062997594
31698,0.029684076
31699,0.044912744
31700,0.043406885
31701,0.10500797
31702,0.26145416
31703,0.55062765
31704,0.5233811
31705,0.045591198
31706,0.07238966
31707,0.11847594
31708,0.2680661
31709,0.057824526
31710,0.04204204
31711,0.06274605
31712,0.08222977
31713,0.558911
31714,0.11970168
31715,0.26398575
31716,0.47296473
31717,0.11228268
31718,0.021265162
31719,0.54484415
31720,0.023077046
31721,0.05769047
31722,0.27240226
31723,0.053055447
31724,0.049796704
31725,0.034771103
31726,0.06746929
31727,0.025933843
31728,0.23088804
31729,0.10684696
31730,0.09052615
31731,0.033050217
31732,0.039062906
31733,0.070401005
31734,0.15607463
31735,0.044570733
31736,0.0071565
31737,0.03171935
31738,0.056790043
31739,0.05856827
31740,0.07246631
31741,0.03494322
31742,0.039651327
31743,0.04370423
31744,0.026520511
31745,0.27446923
31746,0.058846213
31747,0.4065037
31748,0.02887945
31749,0.057224818
31750,0.039346047
31751,0.010973042
31752,0.012565049
31753,0.4615046
31754,0.109779224
31755,0.072869435
31756,0.54351455
31757,0.47061458
31758,0.014274316
31759,0.069849454
31760,0.05240718
31761,0.015567351
31762,0.023134416
31763,0.03793952
31764,0.07169443
31765,0.067109525
31766,0.08714644
31767,0.40351555
31768,0.4688426
31769,0.1619761
31770,0.044514462
31771,0.013483934
31772,0.030470505
31773,0.030539326
31774,0.034824606
31775,0.44904834
31776,0.017222645
31777,0.04365009
31778,0.015661377
31779,0.06385182
31780,0.0444729
31781,0.2606035
31782,0.4688323
31783,0.07769928
31784,0.019885378
31785,0.04107015
31786,0.057714194
31787,0.027021753
31788,0.01790158
31789,0.10779376
31790,0.26215485
31791,0.09215756
31792,0.09055278
31793,0.058706433
31794,0.0095882425
31795,0.037137747
31796,0.03128406
31797,0.030077849
31798,0.0353246
31799,0.077852994
31800,0.05506442
31801,0.22351493
31802,0.013025192
31803,0.036445156
31804,0.02672121
31805,0.015343697
31806,0.014058688
31807,0.022105485
31808,0.04061956
31809,0.0069624465
31810,0.022876306
31811,0.062284242
31812,0.4289241
31813,0.4163324
31814,0.043132443
31815,0.03853499
31816,0.039409153
31817,0.09115531
31818,0.06408981
31819,0.013523829
31820,0.05658519
31821,0.013150262
31822,0.03027697
31823,0.26158544
31824,0.025902698
31825,0.022073794
31826,0.03147371
31827,0.059216604
31828,0.05853391
31829,0.40452185
31830,0.23635374
31831,0.2477082
31832,0.0572979
31833,0.038720444
31834,0.015890285
31835,0.052876923
31836,0.04529596
31837,0.4150139
31838,0.04560254
31839,0.5716838
31840,0.09755195
31841,0.01934143
31842,0.0999069
31843,0.050627925
31844,0.047739
31845,0.01719039
31846,0.018754207
31847,0.05807796
31848,0.01563923
31849,0.016668139
31850,0.06946252
31851,0.043574173
31852,0.06684918
31853,0.057710994
31854,0.089087136
31855,0.25992632
31856,0.4129258
31857,0.058837205
31858,0.020586032
31859,0.07109998
31860,0.014460401
31861,0.039602257
31862,0.07268144
31863,0.05335071
31864,0.109887585
31865,0.040096264
31866,0.09133221
31867,0.038815692
31868,0.056076538
31869,0.034757495
31870,0.016317254
31871,0.1169175
31872,0.01010877
31873,0.031405345
31874,0.063115634
31875,0.031380806
31876,0.013001687
31877,0.0101230275
31878,0.021615552
31879,0.035249665
31880,0.0555847
31881,0.063972555
31882,0.103763424
31883,0.077734895
31884,0.4081065
31885,0.3754524
31886,0.2576197
31887,0.01058472
31888,0.07308787
31889,0.017821692
31890,0.05063927
31891,0.040051967
31892,0.07252085
31893,0.018956067
31894,0.04628805
31895,0.038749095
31896,0.018967325
31897,0.05064449
31898,0.07263917
31899,0.03188406
31900,0.05507544
31901,0.008549396
31902,0.021513795
31903,0.031757362
31904,0.01546336
31905,0.06320076
31906,0.01224654
31907,0.035897188
31908,0.09746133
31909,0.056831446
31910,0.11012361
31911,0.6079398
31912,0.07774775
31913,0.09515024
31914,0.05777621
31915,0.06351946
31916,0.06376316
31917,0.072407275
31918,0.05054198
31919,0.017183097
31920,0.28424963
31921,0.063426465
31922,0.07146245
31923,0.056585927
31924,0.06833554
31925,0.026312254
31926,0.017078543
31927,0.01890496
31928,0.037856672
31929,0.28006345
31930,0.06007242
31931,0.042423937
31932,0.09148685
31933,0.71782863
31934,0.07237283
31935,0.013534858
31936,0.24213636
31937,0.05505477
31938,0.12692407
31939,0.27999282
31940,0.06072194
31941,0.018078709
31942,0.04496992
31943,0.046389524
31944,0.08584534
31945,0.11415745
31946,0.03971439
31947,0.11844744
31948,0.07536773
31949,0.012658055
31950,0.060484793
31951,0.021299392
31952,0.013578529
31953,0.017740928
31954,0.048154708
31955,0.059618436
31956,0.013588196
31957,0.10314825
31958,0.114201635
31959,0.25455692
31960,0.06933011
31961,0.031312916
31962,0.093057215
31963,0.2626308
31964,0.27070263
31965,0.053429004
31966,0.046232812
31967,0.019687258
31968,0.059433933
31969,0.5546154
31970,0.038514655
31971,0.11969812
31972,0.43645152
31973,0.26039538
31974,0.018438756
31975,0.009292199
31976,0.011684082
31977,0.03954539
31978,0.051257096
31979,0.42044646
31980,0.40800563
31981,0.066618524
31982,0.06936141
31983,0.25884497
31984,0.2579949
31985,0.112001
31986,0.13315684
31987,0.41126615
31988,0.07028915
31989,0.046733595
31990,0.07719178
31991,0.05061863
31992,0.14820592
31993,0.6763445
31994,0.004594836
31995,0.041170258
31996,0.40196326
31997,0.01279133
31998,0.045800425
31999,0.2809931
32000,0.014847844
32001,0.011142676
32002,0.04549327
32003,0.06442288
32004,0.015284969
32005,0.03974162
32006,0.005392757
32007,0.4316318
32008,0.040176135
32009,0.06627384
32010,0.4097849
32011,0.11288507
32012,0.12785876
32013,0.41908377
32014,0.43033856
32015,0.1242361
32016,0.08823227
32017,0.10966524
32018,0.710769
32019,0.48846856
32020,0.47139367
32021,0.01011362
32022,0.023283307
32023,0.25738606
32024,0.013865328
32025,0.05793555
32026,0.02659465
32027,0.016381428
32028,0.053523574
32029,0.009728843
32030,0.03217293
32031,0.05406929
32032,0.07699707
32033,0.07350041
32034,0.088910386
32035,0.073321074
32036,0.254819
32037,0.23988093
32038,0.09278698
32039,0.27104792
32040,0.015954887
32041,0.05480249
32042,0.84718615
32043,0.86693263
32044,0.72926164
32045,0.00628036
32046,0.015286333
32047,0.07461991
32048,0.5051504
32049,0.0716055
32050,0.059348796
32051,0.027534222
32052,0.053002223
32053,0.057529736
32054,0.044784326
32055,0.010186951
32056,0.41768304
32057,0.015408461
32058,0.030076433
32059,0.08706621
32060,0.08787821
32061,0.0464165
32062,0.043903854
32063,0.38075942
32064,0.22227152
32065,0.024813864
32066,0.24778
32067,0.08836051
32068,0.0895092
32069,0.9040193
32070,0.9161709
32071,0.73360586
32072,0.058013026
32073,0.026335442
32074,0.007364259
32075,0.39569905
32076,0.075842366
32077,0.275236
32078,0.040521383
32079,0.07809164
32080,0.016495692
32081,0.07709447
32082,0.08857635
32083,0.11396812
32084,0.11225391
32085,0.51753837
32086,0.51771414
32087,0.25421208
32088,0.10744898
32089,0.06842122
32090,0.055551566
32091,0.094696485
32092,0.039973006
32093,0.032836806
32094,0.25514045
32095,0.11812732
32096,0.05849557
32097,0.09202674
32098,0.022926621
32099,0.8779722
32100,0.78693444
32101,0.8661666
32102,0.10498238
32103,0.04475956
32104,0.25671276
32105,0.4221035
32106,0.026190039
32107,0.016807867
32108,0.014833541
32109,0.033019457
32110,0.077873565
32111,0.043970946
32112,0.39342362
32113,0.84510756
32114,0.06285012
32115,0.082878515
32116,0.0729546
32117,0.119423375
32118,0.06220471
32119,0.2548559
32120,0.2343046
32121,0.035846766
32122,0.077365264
32123,0.091387235
32124,0.08990048
32125,0.044004936
32126,0.02114196
32127,0.52828586
32128,0.4186967
32129,0.26312387
32130,0.06675614
32131,0.026741294
32132,0.0962423
32133,0.010623537
32134,0.06424766
32135,0.28084248
32136,0.029999511
32137,0.03960552
32138,0.041418113
32139,0.015093884
32140,0.016409082
32141,0.039641537
32142,0.04037788
32143,0.42473194
32144,0.7194663
32145,0.28504512
32146,0.13034193
32147,0.09482425
32148,0.11747183
32149,0.113272645
32150,0.5314849
32151,0.05729819
32152,0.028957602
32153,0.036684237
32154,0.03227768
32155,0.11452482
32156,0.117961355
32157,0.113544986
32158,0.46394423
32159,0.44245708
32160,0.11769063
32161,0.9460781
32162,0.11172594
32163,0.015700117
32164,0.25075045
32165,0.12814732
32166,0.019048644
32167,0.053409614
32168,0.5338645
32169,0.057132743
32170,0.03537587
32171,0.03455539
32172,0.04173661
32173,0.10765105
32174,0.40859103
32175,0.4375447
32176,0.49834797
32177,0.4342037
32178,0.115846254
32179,0.1172854
32180,0.43948147
32181,0.026149133
32182,0.119354114
32183,0.06536869
32184,0.04599223
32185,0.50412685
32186,0.28070855
32187,0.053079233
32188,0.5104811
32189,0.28294906
32190,0.06823876
32191,0.09188624
32192,0.07139
32193,0.046182327
32194,0.0091219125
32195,0.027575338
32196,0.053105004
32197,0.07412395
32198,0.07238966
32199,0.10474612
32200,0.3965518
32201,0.79616004
32202,0.4478837
32203,0.40283793
32204,0.5895715
32205,0.077746235
32206,0.063479975
32207,0.066379026
32208,0.25249836
32209,0.41507024
32210,0.05887729
32211,0.026539134
32212,0.058638792
32213,0.1112358
32214,0.015242511
32215,0.042207614
32216,0.088816516
32217,0.019575778
32218,0.016761515
32219,0.018583972
32220,0.031329278
32221,0.06355266
32222,0.053370453
32223,0.06700511
32224,0.39447272
32225,0.25944048
32226,0.39536127
32227,0.77411234
32228,0.6794198
32229,0.40482888
32230,0.23803046
32231,0.0067366986
32232,0.043298364
32233,0.018233202
32234,0.04664587
32235,0.09198225
32236,0.01294169
32237,0.030366208
32238,0.7673695
32239,0.045967687
32240,0.015645424
32241,0.057072997
32242,0.04542552
32243,0.085845985
32244,0.037712973
32245,0.045189563
32246,0.015406924
32247,0.042629737
32248,0.025971182
32249,0.07129134
32250,0.088483185
32251,0.48595297
32252,0.4136547
32253,0.24597192
32254,0.6883154
32255,0.42587146
32256,0.47284794
32257,0.114263825
32258,0.039548945
32259,0.032301567
32260,0.03492712
32261,0.04406811
32262,0.040875006
32263,0.034961734
32264,0.05873006
32265,0.5093451
32266,0.077746235
32267,0.39876607
32268,0.02994733
32269,0.08653779
32270,0.10782748
32271,0.11181536
32272,0.12003797
32273,0.04215012
32274,0.029770821
32275,0.039415184
32276,0.11353665
32277,0.8141166
32278,0.42012405
32279,0.6196953
32280,0.4197832
32281,0.44007683
32282,0.11318085
32283,0.22488278
32284,0.040668465
32285,0.020452438
32286,0.011499007
32287,0.03780284
32288,0.030028692
32289,0.112269945
32290,0.11016954
32291,0.07192871
32292,0.28250393
32293,0.026395872
32294,0.06386287
32295,0.42613944
32296,0.039351188
32297,0.055099282
32298,0.0147965085
32299,0.011926239
32300,0.09236314
32301,0.41658133
32302,0.02996792
32303,0.23663853
32304,0.11872029
32305,0.0625347
32306,0.08261088
32307,0.07759845
32308,0.06857112
32309,0.036534373
32310,0.1037734
32311,0.09728401
32312,0.039499477
32313,0.00868258
32314,0.23513633
32315,0.018333113
32316,0.07683799
32317,0.038894672
32318,0.031784337
32319,0.10376498
32320,0.032984313
32321,0.041085802
32322,0.0118292365
32323,0.039062906
32324,0.114763886
32325,0.43153593
32326,0.47286102
32327,0.0945503
32328,0.023812126
32329,0.026944464
32330,0.049632445
32331,0.020879012
32332,0.059634026
32333,0.25929448
32334,0.012459022
32335,0.030225525
32336,0.012780542
32337,0.03097516
32338,0.016412918
32339,0.02472439
32340,0.0641936
32341,0.07434006
32342,0.4226285
32343,0.013179781
32344,0.014927792
32345,0.031863965
32346,0.06173479
32347,0.07554045
32348,0.4851441
32349,0.09805863
32350,0.011174615
32351,0.2546836
32352,0.035131145
32353,0.06401302
32354,0.10591013
32355,0.048519287
32356,0.010536401
32357,0.015665058
32358,0.009280013
32359,0.2847172
32360,0.031375427
32361,0.012786175
32362,0.015019725
32363,0.024028271
32364,0.10766544
32365,0.058184475
32366,0.038481105
32367,0.015272911
32368,0.026348265
32369,0.057014626
32370,0.28103814
32371,0.029147258
32372,0.016174288
32373,0.029235328
32374,0.039701577
32375,0.056554545
32376,0.2660679
32377,0.057771027
32378,0.26703224
32379,0.07536925
32380,0.030324109
32381,0.013978269
32382,0.04477093
32383,0.046216644
32384,0.027180621
32385,0.4106177
32386,0.016229486
32387,0.11933519
32388,0.015725143
32389,0.07154102
32390,0.045620378
32391,0.009013839
32392,0.27829692
32393,0.69437885
32394,0.23478593
32395,0.07752488
32396,0.07259957
32397,0.04525854
32398,0.04256968
32399,0.07534715
32400,0.07026564
32401,0.087443136
32402,0.7920685
32403,0.016015854
32404,0.06678583
32405,0.013500688
32406,0.06850955
32407,0.06766952
32408,0.015595531
32409,0.11617712
32410,0.47889292
32411,0.06373318
32412,0.25762382
32413,0.024288043
32414,0.065889455
32415,0.019422123
32416,0.06702136
32417,0.027253082
32418,0.006213342
32419,0.022737999
32420,0.049199246
32421,0.055893667
32422,0.025358323
32423,0.016136467
32424,0.052356414
32425,0.11300045
32426,0.035849355
32427,0.040304925
32428,0.021638684
32429,0.03268584
32430,0.07198808
32431,0.09019884
32432,0.027753334
32433,0.02271522
32434,0.05321527
32435,0.75490147
32436,0.05812372
32437,0.088660315
32438,0.045620378
32439,0.036551286
32440,0.04412036
32441,0.045357123
32442,0.012248334
32443,0.01442187
32444,0.46993238
32445,0.025784489
32446,0.013867105
32447,0.2342043
32448,0.017365947
32449,0.09453325
32450,0.04006111
32451,0.024660354
32452,0.044274565
32453,0.43351102
32454,0.02628307
32455,0.01755127
32456,0.017522978
32457,0.041412666
32458,0.008021647
32459,0.030428832
32460,0.4050517
32461,0.057679597
32462,0.012977269
32463,0.05904463
32464,0.11187355
32465,0.07746145
32466,0.06528998
32467,0.057703715
32468,0.02614566
32469,0.049123887
32470,0.01471055
32471,0.05897367
32472,0.27417466
32473,0.24970403
32474,0.03074815
32475,0.012154904
32476,0.0102705825
32477,0.0128887305
32478,0.015412218
32479,0.021479627
32480,0.05295895
32481,0.04605129
32482,0.09485648
32483,0.005176061
32484,0.11343175
32485,0.009340518
32486,0.2805765
32487,0.00970338
32488,0.0175185
32489,0.00946751
32490,0.024811165
32491,0.010463038
32492,0.015761439
32493,0.016586805
32494,0.011685146
32495,0.014397404
32496,0.0305233
32497,0.008694267
32498,0.026315974
32499,0.040389232
32500,0.01126558
32501,0.04313955
32502,0.014041638
32503,0.008406938
32504,0.08837955
32505,0.025853476
32506,0.044231452
32507,0.03135364
32508,0.020405805
32509,0.07228641
32510,0.012437181
32511,0.005259003
32512,0.009127085
32513,0.28175437
32514,0.057065386
32515,0.05956196
32516,0.057898097
32517,0.022399316
32518,0.07168178
32519,0.019694293
32520,0.00961454
32521,0.06944237
32522,0.013044689
32523,0.08743299
32524,0.1111839
32525,0.024641475
32526,0.030742846
32527,0.031360712
32528,0.025614858
32529,0.026571935
32530,0.011471594
32531,0.008878145
32532,0.010021661
32533,0.010566321
32534,0.009694495
32535,0.031212255
32536,0.015901318
32537,0.007501348
32538,0.0075706113
32539,0.06918944
32540,0.055188004
32541,0.005691477
32542,0.11853731
32543,0.022728648
32544,0.015661888
32545,0.0139682805
32546,0.04545747
32547,0.016466063
32548,0.024991686
32549,0.03180954
32550,0.009442351
32551,0.012997414
32552,0.030390294
32553,0.26546445
32554,0.26095995
32555,0.07805973
32556,0.015219863
32557,0.017677898
32558,0.013836224
32559,0.041172534
32560,0.026433501
32561,0.03562337
32562,0.033235386
32563,0.03219806
32564,0.041581478
32565,0.05216609
32566,0.031478476
32567,0.036709156
32568,0.042268164
32569,0.037834946
32570,0.06870586
32571,0.04184828
32572,0.037509013
32573,0.030421227
32574,0.35627612
32575,0.041607525
32576,0.061902445
32577,0.030842517
32578,0.24676786
32579,0.38681465
32580,0.017708823
32581,0.04261953
32582,0.25616416
32583,0.06009143
32584,0.4157882
32585,0.0651071
32586,0.38443947
32587,0.06894094
32588,0.083210126
32589,0.535624
32590,0.079183206
32591,0.041503873
32592,0.042777114
32593,0.23745447
32594,0.055372957
32595,0.028370652
32596,0.041670576
32597,0.01878136
32598,0.039828125
32599,0.0762249
32600,0.24134776
32601,0.5377698
32602,0.51304984
32603,0.04120675
32604,0.060519848
32605,0.07703938
32606,0.08618781
32607,0.050636698
32608,0.040675238
32609,0.056248628
32610,0.06551129
32611,0.03530129
32612,0.5251386
32613,0.07682304
32614,0.239997
32615,0.4635842
32616,0.075116426
32617,0.018905658
32618,0.49017316
32619,0.04858495
32620,0.25694776
32621,0.04747721
32622,0.04546924
32623,0.034401726
32624,0.05775377
32625,0.06532254
32626,0.22721712
32627,0.21755259
32628,0.031844016
32629,0.03842371
32630,0.060105007
32631,0.26167014
32632,0.04163094
32633,0.02997449
32634,0.050582763
32635,0.052425988
32636,0.060116507
32637,0.03347525
32638,0.038632628
32639,0.006196908
32640,0.039941434
32641,0.0525381
32642,0.24773905
32643,0.05135415
32644,0.39514455
32645,0.050321154
32646,0.03909384
32647,0.022467745
32648,0.015662549
32649,0.47381982
32650,0.07403821
32651,0.062052302
32652,0.50636595
32653,0.44585976
32654,0.05861575
32655,0.048182957
32656,0.014993315
32657,0.013226173
32658,0.036679544
32659,0.05729415
32660,0.22078589
32661,0.24250992
32662,0.44177356
32663,0.16139244
32664,0.041741654
32665,0.030149106
32666,0.023265883
32667,0.03365533
32668,0.24621153
32669,0.016940322
32670,0.04082421
32671,0.00922266
32672,0.009239645
32673,0.056066588
32674,0.04183817
32675,0.026009623
32676,0.23865937
32677,0.4557388
32678,0.064119995
32679,0.017825361
32680,0.03987223
32681,0.051481195
32682,0.027882503
32683,0.07013647
32684,0.091228075
32685,0.06529702
32686,0.06496083
32687,0.051579554
32688,0.030488972
32689,0.029799469
32690,0.034803625
32691,0.06447939
32692,0.048135597
32693,0.21453314
32694,0.012544721
32695,0.03512402
32696,0.025950506
32697,0.015011181
32698,0.013092306
32699,0.020858435
32700,0.03997064
32701,0.022100726
32702,0.056970887
32703,0.39463922
32704,0.3678113
32705,0.04087238
32706,0.03836488
32707,0.06617799
32708,0.056039464
32709,0.012994545
32710,0.05117521
32711,0.0133048
32712,0.029667832
32713,0.23788415
32714,0.025238162
32715,0.021856768
32716,0.030101689
32717,0.052086715
32718,0.052712854
32719,0.3753699
32720,0.35615042
32721,0.38010797
32722,0.05119081
32723,0.037770767
32724,0.015103933
32725,0.04803378
32726,0.041472964
32727,0.2303308
32728,0.04249034
32729,0.5714457
32730,0.06761549
32731,0.017853003
32732,0.07167932
32733,0.04564427
32734,0.044111233
32735,0.016952546
32736,0.00862768
32737,0.050290093
32738,0.025707804
32739,0.015481152
32740,0.058798075
32741,0.04079309
32742,0.2087544
32743,0.050338108
32744,0.06739463
32745,0.2324756
32746,0.4383707
32747,0.049262926
32748,0.019730091
32749,0.059679367
32750,0.013364465
32751,0.038983077
32752,0.025086684
32753,0.00942661
32754,0.061093524
32755,0.048802357
32756,0.070703834
32757,0.03911791
32758,0.06721791
32759,0.03825649
32760,0.04970517
32761,0.034634255
32762,0.014921261
32763,0.07726527
32764,0.054337442
32765,0.030205697
32766,0.014200842
32767,0.020612182
32768,0.03363074
32769,0.049393386
32770,0.055476055
32771,0.0751717
32772,0.06303086
32773,0.39103103
32774,0.22449985
32775,0.22964321
32776,0.009835425
32777,0.06183708
32778,0.04659714
32779,0.03937783
32780,0.061689693
32781,0.041100036
32782,0.036768198
32783,0.010805123
32784,0.045469586
32785,0.06127105
32786,0.03192544
32787,0.048531
32788,0.0114865545
32789,0.05538029
32790,0.012440701
32791,0.035250913
32792,0.06750401
32793,0.04980191
32794,0.07337969
32795,0.52401245
32796,0.06412248
32797,0.21772021
32798,0.050737843
32799,0.055583768
32800,0.056590512
32801,0.060506772
32802,0.04560291
32803,0.009622849
32804,0.016355932
32805,0.25184724
32806,0.055573475
32807,0.05936507
32808,0.051205177
32809,0.05812271
32810,0.02557114
32811,0.016426492
32812,0.01763461
32813,0.037120055
32814,0.41855928
32815,0.052506343
32816,0.041099418
32817,0.065160654
32818,0.58598924
32819,0.062220816
32820,0.012052283
32821,0.21712282
32822,0.048439257
32823,0.09135242
32824,0.25074607
32825,0.053150956
32826,0.017279804
32827,0.04201364
32828,0.040873107
32829,0.06554582
32830,0.23269606
32831,0.038697336
32832,0.24409789
32833,0.06097217
32834,0.0063250987
32835,0.054938253
32836,0.016575692
32837,0.044262704
32838,0.05263628
32839,0.013412699
32840,0.07172814
32841,0.075816214
32842,0.23163638
32843,0.05922249
32844,0.029975362
32845,0.067331545
32846,0.07933598
32847,0.24299733
32848,0.04805009
32849,0.008060927
32850,0.04236274
32851,0.017857296
32852,0.05249874
32853,0.5102327
32854,0.036580488
32855,0.08101627
32856,0.5085928
32857,0.23751894
32858,0.019342098
32859,0.015002591
32860,0.011088174
32861,0.038241677
32862,0.045760587
32863,0.37183648
32864,0.35701907
32865,0.056244705
32866,0.05938339
32867,0.08172691
32868,0.07826262
32869,0.07225553
32870,0.08553842
32871,0.4131799
32872,0.05973353
32873,0.03970263
32874,0.06312881
32875,0.045679793
32876,0.092247084
32877,0.5908031
32878,0.04016255
32879,0.3781185
32880,0.012694427
32881,0.041661743
32882,0.26173773
32883,0.012491631
32884,0.04356718
32885,0.056383897
32886,0.014278121
32887,0.03877124
32888,0.44615778
32889,0.0377018
32890,0.0566403
32891,0.4135386
32892,0.07260072
32893,0.08531658
32894,0.40148035
32895,0.11237659
32896,0.04447362
32897,0.08896884
32898,0.06860855
32899,0.070385225
32900,0.71793926
32901,0.48992988
32902,0.5013475
32903,0.022013634
32904,0.23299845
32905,0.05243443
32906,0.025791885
32907,0.01726276
32908,0.009882353
32909,0.015721768
32910,0.04805499
32911,0.009273788
32912,0.030468367
32913,0.04839776
32914,0.06258609
32915,0.060627252
32916,0.06650154
32917,0.061119333
32918,0.23023407
32919,0.2225327
32920,0.026006883
32921,0.06614435
32922,0.24256459
32923,0.015252323
32924,0.05021041
32925,0.5358333
32926,0.513792
32927,0.65031826
32928,0.0048972727
32929,0.014503964
32930,0.061892096
32931,0.51686007
32932,0.05874634
32933,0.05254728
32934,0.048064686
32935,0.050139207
32936,0.041970532
32937,0.009803345
32938,0.39975423
32939,0.014920452
32940,0.02891828
32941,0.06813926
32942,0.066755995
32943,0.042242542
32944,0.04233974
32945,0.39170223
32946,0.21367703
32947,0.02385545
32948,0.073044434
32949,0.065217264
32950,0.068930924
32951,0.56895715
32952,0.6907189
32953,0.6817409
32954,0.008586556
32955,0.012709714
32956,0.051297363
32957,0.025818149
32958,0.4157504
32959,0.06161855
32960,0.24870563
32961,0.037795532
32962,0.063546516
32963,0.015814012
32964,0.0637841
32965,0.06462529
32966,0.23232277
32967,0.07990846
32968,0.46995056
32969,0.45538706
32970,0.22600187
32971,0.0756265
32972,0.058785588
32973,0.049490698
32974,0.06673897
32975,0.03893505
32976,0.030765507
32977,0.075121254
32978,0.07734994
32979,0.051670257
32980,0.068243995
32981,0.021244263
32982,0.6445069
32983,0.5839313
32984,0.7130729
32985,0.0722491
32986,0.0418155
32987,0.23165955
32988,0.4042679
32989,0.025486792
32990,0.014315723
32991,0.014229214
32992,0.032232556
32993,0.06363232
32994,0.0418155
32995,0.39437684
32996,0.71591854
32997,0.05603873
32998,0.065460436
32999,0.061093524
33000,0.07797551
33001,0.05413197
33002,0.22824071
33003,0.21831849
33004,0.063135915
33005,0.064664245
33006,0.06610423
33007,0.039478905
33008,0.019408787
33009,0.52691233
33010,0.43609655
33011,0.23422858
33012,0.05693002
33013,0.025932971
33014,0.06967554
33015,0.05574827
33016,0.09174368
33017,0.028818905
33018,0.03954737
33019,0.039042603
33020,0.015510331
33021,0.038491905
33022,0.039011702
33023,0.389702
33024,0.25822258
33025,0.2580487
33026,0.08228426
33027,0.067576624
33028,0.08640442
33029,0.07991638
33030,0.5403699
33031,0.05084742
33032,0.027725345
33033,0.035254076
33034,0.030026361
33035,0.08130709
33036,0.078638785
33037,0.07630364
33038,0.491503
33039,0.25034344
33040,0.07778377
33041,0.7190002
33042,0.23197909
33043,0.2282529
33044,0.24345149
33045,0.01757934
33046,0.048381608
33047,0.45872554
33048,0.05115218
33049,0.03343931
33050,0.033853892
33051,0.040258933
33052,0.07240404
33053,0.4043478
33054,0.39676178
33055,0.26182312
33056,0.4150549
33057,0.078909546
33058,0.0775148
33059,0.42164397
33060,0.024583725
33061,0.07771272
33062,0.055858932
33063,0.042642415
33064,0.4641043
33065,0.25240058
33066,0.04790409
33067,0.4551636
33068,0.4131959
33069,0.06013654
33070,0.06921904
33071,0.05900407
33072,0.009154073
33073,0.016921917
33074,0.026109722
33075,0.04812099
33076,0.06091896
33077,0.061904293
33078,0.0750926
33079,0.41493985
33080,0.67280346
33081,0.4275567
33082,0.2584349
33083,0.60350823
33084,0.062674455
33085,0.055613775
33086,0.05647498
33087,0.07191314
33088,0.36806688
33089,0.05176142
33090,0.025430378
33091,0.05158316
33092,0.07381598
33093,0.01499385
33094,0.040284313
33095,0.0667426
33096,0.018017067
33097,0.013583701
33098,0.055657532
33099,0.04733017
33100,0.056919266
33101,0.39234334
33102,0.23486695
33103,0.38919967
33104,0.62408024
33105,0.62754273
33106,0.25330424
33107,0.21835072
33108,0.04076118
33109,0.017180746
33110,0.041894168
33111,0.06690785
33112,0.030417131
33113,0.5588112
33114,0.042446002
33115,0.014404004
33116,0.049354948
33117,0.04191217
33118,0.06690284
33119,0.03669241
33120,0.042283054
33121,0.014602963
33122,0.040096827
33123,0.020997852
33124,0.014589113
33125,0.025387919
33126,0.06013338
33127,0.06666392
33128,0.5587875
33129,0.39180282
33130,0.39161682
33131,0.70433855
33132,0.4454884
33133,0.5256853
33134,0.08177996
33135,0.038387477
33136,0.031252883
33137,0.033512484
33138,0.039415855
33139,0.0403249
33140,0.03373884
33141,0.051679023
33142,0.44422904
33143,0.06312881
33144,0.43356898
33145,0.029097494
33146,0.06518242
33147,0.07282062
33148,0.076504864
33149,0.24153581
33150,0.041180234
33151,0.028520567
33152,0.039013237
33153,0.087015375
33154,0.7224669
33155,0.37395263
33156,0.5184676
33157,0.42083964
33158,0.257849
33159,0.07790365
33160,0.21744326
33161,0.04011515
33162,0.019807396
33163,0.03762591
33164,0.028501824
33165,0.0771902
33166,0.07408285
33167,0.061959688
33168,0.25695518
33169,0.025579667
33170,0.055214774
33171,0.25603348
33172,0.03849396
33173,0.009381839
33174,0.067040674
33175,0.38428146
33176,0.028682368
33177,0.3754715
33178,0.07915478
33179,0.055458453
33180,0.06721237
33181,0.06447607
33182,0.05682736
33183,0.03521453
33184,0.07409723
33185,0.069201194
33186,0.038571898
33187,0.032887924
33188,0.07048161
33189,0.008729043
33190,0.0639713
33191,0.037621293
33192,0.03069814
33193,0.07424922
33194,0.03152313
33195,0.040108263
33196,0.037863888
33197,0.07726545
33198,0.41993877
33199,0.45676365
33200,0.07084504
33201,0.023737473
33202,0.015740734
33203,0.025895616
33204,0.045106415
33205,0.05301624
33206,0.08089758
33207,0.011352374
33208,0.029243117
33209,0.029151835
33210,0.016283879
33211,0.023197558
33212,0.0064120176
33213,0.056476194
33214,0.06050675
33215,0.4055635
33216,0.012087675
33217,0.014007164
33218,0.030230563
33219,0.054461736
33220,0.065211184
33221,0.4580955
33222,0.0712146
33223,0.0106829265
33224,0.009369174
33225,0.23254836
33226,0.011347203
33227,0.034275334
33228,0.013085963
33229,0.056124292
33230,0.07172746
33231,0.044262704
33232,0.015021652
33233,0.008604853
33234,0.255844
33235,0.030025586
33236,0.012134756
33237,0.02373311
33238,0.076073274
33239,0.05032418
33240,0.037360925
33241,0.014593791
33242,0.025304995
33243,0.050618466
33244,0.3835277
33245,0.028692966
33246,0.015455442
33247,0.028120175
33248,0.038651083
33249,0.050306804
33250,0.08154074
33251,0.052083597
33252,0.41628957
33253,0.06423353
33254,0.02910479
33255,0.012629179
33256,0.0414634
33257,0.042821135
33258,0.026043294
33259,0.39254683
33260,0.015399857
33261,0.08140869
33262,0.014982
33263,0.060327496
33264,0.04202006
33265,0.42392516
33266,0.68105865
33267,0.21749194
33268,0.0644218
33269,0.012044996
33270,0.060596082
33271,0.04250717
33272,0.04030887
33273,0.06324381
33274,0.0586828
33275,0.0649337
33276,0.73639166
33277,0.015367998
33278,0.05754106
33279,0.05786006
33280,0.05734379
33281,0.014624599
33282,0.08750874
33283,0.45290717
33284,0.05677876
33285,0.23192948
33286,0.022626
33287,0.014803237
33288,0.055633213
33289,0.01849242
33290,0.05808399
33291,0.02648974
33292,0.022076175
33293,0.044592284
33294,0.0491559
33295,0.024565566
33296,0.04910632
33297,0.08122484
33298,0.034338977
33299,0.03880309
33300,0.012772784
33301,0.030879006
33302,0.060055576
33303,0.066352576
33304,0.018342763
33305,0.021905722
33306,0.048577156
33307,0.5628463
33308,0.051635765
33309,0.06761054
33310,0.0416459
33311,0.035214808
33312,0.04074551
33313,0.041684452
33314,0.011121362
33315,0.01458818
33316,0.4386797
33317,0.024636121
33318,0.005173692
33319,0.0075867753
33320,0.04205914
33321,0.21751241
33322,0.017030377
33323,0.068418786
33324,0.038481347
33325,0.023801012
33326,0.0057046073
33327,0.4008591
33328,0.025346538
33329,0.016446488
33330,0.0101989135
33331,0.017237885
33332,0.040153656
33333,0.007869513
33334,0.029177025
33335,0.079961516
33336,0.051180452
33337,0.0112467995
33338,0.051084515
33339,0.07799197
33340,0.06365331
33341,0.055978402
33342,0.051496137
33343,0.025242224
33344,0.044542655
33345,0.013666475
33346,0.05145682
33347,0.08316189
33348,0.071867056
33349,0.0063313087
33350,0.009732637
33351,0.030099142
33352,0.015695987
33353,0.012798238
33354,0.020684188
33355,0.048062433
33356,0.04272509
33357,0.07181603
33358,0.07346135
33359,0.40095943
33360,0.009134544
33361,0.008699702
33362,0.023561306
33363,0.0095777465
33364,0.014076457
33365,0.012699092
33366,0.02990473
33367,0.008317009
33368,0.051802747
33369,0.025622772
33370,0.04010837
33371,0.011261768
33372,0.0153052155
33373,0.04114587
33374,0.01257043
33375,0.010783646
33376,0.008333327
33377,0.06792676
33378,0.023953576
33379,0.041620716
33380,0.030195571
33381,0.013060908
33382,0.06074584
33383,0.011355145
33384,0.0046351883
33385,0.00829584
33386,0.38136542
33387,0.050303746
33388,0.051510338
33389,0.050991632
33390,0.012805288
33391,0.06005659
33392,0.017786859
33393,0.008902763
33394,0.059174515
33395,0.011935195
33396,0.068529524
33397,0.071916394
33398,0.03001313
33399,0.030619867
33400,0.025454063
33401,0.024897387
33402,0.013257162
33403,0.006640298
33404,0.030499589
33405,0.008905653
33406,0.009299313
33407,0.00745209
33408,0.059534196
33409,0.049488883
33410,0.24094205
33411,0.018664902
33412,0.021899043
33413,0.02883314
33414,0.0068955244
33415,0.042850316
33416,0.015890663
33417,0.023879698
33418,0.030587116
33419,0.008648634
33420,0.028855337
33421,0.23842506
33422,0.23084925
33423,0.015580012
33424,0.06333717
33425,0.012023092
33426,0.022745468
33427,0.017195424
33428,0.0076409196
33429,0.017852608
33430,0.034553032
33431,0.048857126
33432,0.025131
33433,0.031403933
33434,0.036550377
33435,0.03675456
33436,0.039010365
33437,0.06480695
33438,0.04082536
33439,0.029106084
33440,0.3903518
33441,0.041041948
33442,0.05726944
33443,0.04239514
33444,0.2426876
33445,0.23291223
33446,0.040896785
33447,0.25352713
33448,0.05760818
33449,0.4496846
33450,0.07508804
33451,0.05178695
33452,0.06509786
33453,0.011603619
33454,0.23802683
33455,0.5522985
33456,0.22954498
33457,0.040847912
33458,0.040115565
33459,0.23630533
33460,0.052411932
33461,0.010587007
33462,0.027224744
33463,0.040330067
33464,0.014166341
33465,0.011579928
33466,0.07081716
33467,0.23616485
33468,0.51245385
33469,0.46934852
33470,0.04041529
33471,0.057343423
33472,0.072499275
33473,0.08195948
33474,0.04847492
33475,0.039107036
33476,0.053326905
33477,0.06289353
33478,0.034570362
33479,0.42391506
33480,0.23318818
33481,0.34945354
33482,0.5335055
33483,0.23048826
33484,0.43254486
33485,0.04673388
33486,0.07858411
33487,0.045651004
33488,0.04302185
33489,0.032892905
33490,0.05478166
33491,0.030977912
33492,0.061771486
33493,0.06653646
33494,0.061806202
33495,0.03093927
33496,0.036507644
33497,0.056028668
33498,0.24857643
33499,0.040786736
33500,0.02823018
33501,0.04923537
33502,0.04965672
33503,0.05823595
33504,0.037666887
33505,0.03987712
33506,0.024978753
33507,0.05028656
33508,0.07621303
33509,0.048908226
33510,0.0783162
33511,0.02165296
33512,0.04832356
33513,0.0379
33514,0.43548772
33515,0.067985944
33516,0.057788372
33517,0.5238285
33518,0.45713446
33519,0.004411392
33520,0.056565735
33521,0.045396745
33522,0.014892295
33523,0.027148804
33524,0.012935928
33525,0.03613079
33526,0.056869622
33527,0.054453537
33528,0.063478075
33529,0.2550534
33530,0.4833129
33531,0.3753208
33532,0.040225185
33533,0.029255496
33534,0.022573724
33535,0.033215787
33536,0.24460915
33537,0.039347485
33538,0.054908745
33539,0.024675539
33540,0.0863159
33541,0.55038023
33542,0.21842346
33543,0.016385255
33544,0.018047744
33545,0.03892368
33546,0.049416468
33547,0.02777385
33548,0.07189669
33549,0.0823683
33550,0.06274739
33551,0.06534674
33552,0.048039723
33553,0.035438992
33554,0.029589618
33555,0.028719269
33556,0.03308418
33557,0.061200347
33558,0.047032163
33559,0.21729907
33560,0.011837717
33561,0.03508242
33562,0.023849059
33563,0.013833174
33564,0.0134118665
33565,0.02152342
33566,0.038572416
33567,0.021632485
33568,0.053090267
33569,0.4061934
33570,0.39280584
33571,0.03955026
33572,0.03689806
33573,0.03597724
33574,0.06261201
33575,0.054457054
33576,0.047853652
33577,0.012946334
33578,0.028685963
33579,0.011607032
33580,0.23481797
33581,0.024483511
33582,0.021814663
33583,0.029353775
33584,0.004486175
33585,0.049074937
33586,0.04934257
33587,0.36524743
33588,0.39629453
33589,0.38953686
33590,0.04892614
33591,0.036868
33592,0.01380529
33593,0.046165686
33594,0.041041948
33595,0.22763947
33596,0.039663225
33597,0.53105503
33598,0.06849931
33599,0.017200062
33600,0.06767532
33601,0.04404803
33602,0.042631608
33603,0.015530554
33604,0.008309937
33605,0.010112372
33606,0.048996896
33607,0.012163941
33608,0.01532257
33609,0.056248795
33610,0.03975899
33611,0.054132402
33612,0.048097335
33613,0.062452447
33614,0.23093839
33615,0.39480564
33616,0.049438372
33617,0.01936843
33618,0.057247292
33619,0.012968329
33620,0.03751661
33621,0.023801692
33622,0.057808433
33623,0.04770718
33624,0.072957985
33625,0.038357757
33626,0.06245705
33627,0.04720467
33628,0.032810744
33629,0.013837358
33630,0.015536015
33631,0.07326148
33632,0.029229792
33633,0.052904323
33634,0.029270092
33635,0.0087688835
33636,0.019350896
33637,0.032958344
33638,0.04781805
33639,0.053376816
33640,0.06826462
33641,0.060920216
33642,0.40382344
33643,0.06865575
33644,0.22795779
33645,0.010332025
33646,0.05724684
33647,0.009329428
33648,0.042556852
33649,0.039021697
33650,0.058467522
33651,0.030847179
33652,0.04100164
33653,0.037074033
33654,0.043629225
33655,0.057658527
33656,0.047510892
33657,0.020345803
33658,0.029532325
33659,0.054045584
33660,0.011835076
33661,0.0343422
33662,0.06401075
33663,0.048096053
33664,0.06981029
33665,0.5181772
33666,0.061070945
33667,0.0651877
33668,0.049159564
33669,0.052529376
33670,0.05285177
33671,0.05793649
33672,0.044243935
33673,0.008483669
33674,0.013638064
33675,0.01605729
33676,0.2509536
33677,0.05317668
33678,0.05704663
33679,0.047803264
33680,0.05588811
33681,0.024247434
33682,0.015979353
33683,0.017545063
33684,0.036278818
33685,0.4372885
33686,0.05084234
33687,0.039731693
33688,0.059961673
33689,0.6508085
33690,0.05740607
33691,0.012120188
33692,0.21736142
33693,0.048099704
33694,0.079234906
33695,0.25132772
33696,0.05176389
33697,0.0402229
33698,0.040745575
33699,0.06336289
33700,0.07177889
33701,0.037914757
33702,0.24164133
33703,0.057551842
33704,0.053426683
33705,0.012550117
33706,0.042782396
33707,0.04975455
33708,0.012351201
33709,0.06635993
33710,0.07124718
33711,0.23111616
33712,0.05523366
33713,0.029390939
33714,0.06472892
33715,0.074211515
33716,0.24166541
33717,0.046241052
33718,0.04091335
33719,0.01815187
33720,0.049907528
33721,0.5973884
33722,0.03597854
33723,0.07620586
33724,0.5013722
33725,0.23543529
33726,0.01076807
33727,0.010499178
33728,0.0071800197
33729,0.037834518
33730,0.04416681
33731,0.3902947
33732,0.41485813
33733,0.054558672
33734,0.056525752
33735,0.22899415
33736,0.23264034
33737,0.07391562
33738,0.08115888
33739,0.2533967
33740,0.056000352
33741,0.039781995
33742,0.06240935
33743,0.04373473
33744,0.24837461
33745,0.5686308
33746,0.039385624
33747,0.4090341
33748,0.012381775
33749,0.040474772
33750,0.084850185
33751,0.019871648
33752,0.0108767515
33753,0.040604047
33754,0.05367544
33755,0.013890746
33756,0.039184716
33757,0.38769743
33758,0.037007276
33759,0.05441663
33760,0.3936391
33761,0.07386335
33762,0.07966973
33763,0.41057038
33764,0.37877813
33765,0.033885352
33766,0.08137209
33767,0.06253148
33768,0.06780551
33769,0.695253
33770,0.4291898
33771,0.25183913
33772,0.02150793
33773,0.23205549
33774,0.049071025
33775,0.025229635
33776,0.016850824
33777,0.009425145
33778,0.047094047
33779,0.0069527905
33780,0.008933072
33781,0.029791294
33782,0.047102004
33783,0.05971174
33784,0.05759344
33785,0.06270757
33786,0.057735685
33787,0.07318593
33788,0.06269043
33789,0.06480849
33790,0.24139485
33791,0.014254694
33792,0.04678812
33793,0.5316714
33794,0.68828595
33795,0.6371148
33796,0.024493843
33797,0.05890258
33798,0.14732486
33799,0.057010215
33800,0.050847005
33801,0.007114876
33802,0.046089824
33803,0.049295623
33804,0.040821295
33805,0.008025932
33806,0.41582724
33807,0.014403833
33808,0.027857795
33809,0.06215811
33810,0.062255684
33811,0.040847752
33812,0.040248897
33813,0.37855047
33814,0.057218533
33815,0.022457842
33816,0.06992226
33817,0.06148171
33818,0.063561365
33819,0.6610863
33820,0.5710596
33821,0.60054004
33822,0.049266808
33823,0.023780677
33824,0.4033867
33825,0.057867855
33826,0.24417777
33827,0.0375856
33828,0.061418697
33829,0.015702281
33830,0.060240705
33831,0.06145796
33832,0.07114901
33833,0.07593756
33834,0.45989472
33835,0.48705006
33836,0.07157536
33837,0.068986185
33838,0.05641334
33839,0.04747875
33840,0.06227508
33841,0.036916137
33842,0.030816574
33843,0.020745879
33844,0.07103833
33845,0.07900488
33846,0.048722792
33847,0.06304106
33848,0.0217609
33849,0.57813215
33850,0.714393
33851,0.6420259
33852,0.06834255
33853,0.041269083
33854,0.2233369
33855,0.39439
33856,0.023677526
33857,0.014800135
33858,0.014120593
33859,0.060143486
33860,0.040169135
33861,0.42967534
33862,0.5083039
33863,0.05309932
33864,0.06241254
33865,0.058071166
33866,0.07910104
33867,0.05318839
33868,0.22948584
33869,0.21735197
33870,0.033461392
33871,0.060126673
33872,0.06132385
33873,0.063015476
33874,0.03970775
33875,0.01954568
33876,0.4508568
33877,0.3993898
33878,0.23362407
33879,0.05499714
33880,0.024263415
33881,0.062440787
33882,0.052923758
33883,0.08174368
33884,0.028205438
33885,0.037638508
33886,0.038612604
33887,0.014280148
33888,0.037316486
33889,0.038336396
33890,0.35292357
33891,0.7139831
33892,0.077313654
33893,0.2450767
33894,0.06426538
33895,0.077886075
33896,0.07281036
33897,0.52097875
33898,0.04811654
33899,0.02716582
33900,0.034504924
33901,0.02952287
33902,0.07263987
33903,0.074959196
33904,0.07281882
33905,0.52010816
33906,0.25337902
33907,0.072761185
33908,0.71343666
33909,0.07429389
33910,0.014494513
33911,0.22460392
33912,0.2448938
33913,0.017198045
33914,0.04621338
33915,0.24710397
33916,0.048810735
33917,0.032595072
33918,0.03276049
33919,0.038897343
33920,0.07489309
33921,0.393676
33922,0.40548724
33923,0.26396322
33924,0.43839714
33925,0.0759797
33926,0.073591456
33927,0.15169276
33928,0.02141023
33929,0.02378961
33930,0.07185367
33931,0.053852607
33932,0.040137276
33933,0.4421093
33934,0.25878608
33935,0.046386622
33936,0.48750296
33937,0.24898393
33938,0.05701314
33939,0.06291268
33940,0.05692925
33941,0.040972285
33942,0.008869781
33943,0.02539087
33944,0.046104077
33945,0.05736047
33946,0.05763175
33947,0.07081716
33948,0.43391663
33949,0.66937864
33950,0.42496622
33951,0.2480523
33952,0.60759884
33953,0.05979713
33954,0.053831324
33955,0.053999536
33956,0.069793954
33957,0.24152182
33958,0.04941929
33959,0.023775935
33960,0.04923144
33961,0.068287544
33962,0.038987774
33963,0.06233432
33964,0.03630902
33965,0.016148496
33966,0.016824165
33967,0.012197308
33968,0.029363262
33969,0.052983142
33970,0.04615831
33971,0.054562815
33972,0.4189249
33973,0.23438932
33974,0.3608155
33975,0.6015584
33976,0.6449718
33977,0.24968381
33978,0.06398823
33979,0.039712403
33980,0.015622362
33981,0.040832467
33982,0.06261791
33983,0.02996154
33984,0.5909261
33985,0.04074674
33986,0.013651646
33987,0.047775295
33988,0.04068165
33989,0.21749882
33990,0.03625859
33991,0.0404449
33992,0.014015953
33993,0.039678972
33994,0.021615598
33995,0.024677018
33996,0.056979585
33997,0.062482905
33998,0.51817995
33999,0.4134751
34000,0.35649875
34001,0.66900665
34002,0.42328835
34003,0.44252008
34004,0.07521276
34005,0.03662808
34006,0.0300949
34007,0.032735884
34008,0.04044249
34009,0.039390564
34010,0.03275044
34011,0.04886729
34012,0.5011279
34013,0.060201585
34014,0.37356907
34015,0.027850252
34016,0.06263391
34017,0.069478035
34018,0.070935965
34019,0.23995516
34020,0.039780565
34021,0.027735215
34022,0.038554545
34023,0.073773615
34024,0.55229527
34025,0.3696738
34026,0.5128851
34027,0.35268313
34028,0.24764667
34029,0.07118477
34030,0.21435432
34031,0.039996415
34032,0.018954542
34033,0.019370627
34034,0.010273433
34035,0.035779595
34036,0.028389791
34037,0.069037035
34038,0.06968548
34039,0.05743461
34040,0.2537858
34041,0.023343727
34042,0.05315089
34043,0.25121507
34044,0.037305444
34045,0.010239486
34046,0.014905351
34047,0.0634141
34048,0.23198675
34049,0.028432045
34050,0.37625697
34051,0.23661338
34052,0.05337646
34053,0.06121703
34054,0.039691377
34055,0.0602256
34056,0.054462295
34057,0.034581576
34058,0.07049045
34059,0.06397982
34060,0.037553813
34061,0.0079434905
34062,0.2170211
34063,0.009596992
34064,0.06094142
34065,0.030705253
34066,0.071341
34067,0.03134233
34068,0.03902303
34069,0.036861908
34070,0.07851491
34071,0.2382447
34072,0.5330471
34073,0.064693086
34074,0.014716416
34075,0.014818554
34076,0.015955137
34077,0.024886789
34078,0.04352733
34079,0.050215647
34080,0.07236051
34081,0.01154219
34082,0.028823085
34083,0.012329551
34084,0.028455267
34085,0.015353156
34086,0.008527473
34087,0.023819337
34088,0.053795118
34089,0.05768134
34090,0.3661816
34091,0.0118383095
34092,0.01332751
34093,0.029042998
34094,0.051869795
34095,0.05975273
34096,0.51665187
34097,0.063800134
34098,0.2316571
34099,0.010725846
34100,0.033386532
34101,0.013065994
34102,0.05319072
34103,0.07013822
34104,0.04270826
34105,0.0093931835
34106,0.00958575
34107,0.014554969
34108,0.00867742
34109,0.2533363
34110,0.02917698
34111,0.012235242
34112,0.023278434
34113,0.073316194
34114,0.0488236
34115,0.036728684
34116,0.013907426
34117,0.025180198
34118,0.0482552
34119,0.38274395
34120,0.028047021
34121,0.014458785
34122,0.026913865
34123,0.03776607
34124,0.0479001
34125,0.24387954
34126,0.048842207
34127,0.2413221
34128,0.06041653
34129,0.02811253
34130,0.012676742
34131,0.040480964
34132,0.040037222
34133,0.025683554
34134,0.39490122
34135,0.077144675
34136,0.014535196
34137,0.057053942
34138,0.039450202
34139,0.009160609
34140,0.42359924
34141,0.59534854
34142,0.21700162
34143,0.06044426
34144,0.011915583
34145,0.05844839
34146,0.040289078
34147,0.038654972
34148,0.059528586
34149,0.055711888
34150,0.06433061
34151,0.5744891
34152,0.014899846
34153,0.05466198
34154,0.012524296
34155,0.05704245
34156,0.054502588
34157,0.014018963
34158,0.071478404
34159,0.44074494
34160,0.05348484
34161,0.2284973
34162,0.023055479
34163,0.053800076
34164,0.017978774
34165,0.054281227
34166,0.024770608
34167,0.021365916
34168,0.04304815
34169,0.047260996
34170,0.023269542
34171,0.015466537
34172,0.04537838
34173,0.022029988
34174,0.07197897
34175,0.033850424
34176,0.037360452
34177,0.012381775
34178,0.029835673
34179,0.057397455
34180,0.06728176
34181,0.046709053
34182,0.65804034
34183,0.04909072
34184,0.060980786
34185,0.040902045
34186,0.034022585
34187,0.04018234
34188,0.04031954
34189,0.013958585
34190,0.4490022
34191,0.02389881
34192,0.0069007184
34193,0.040314585
34194,0.2158312
34195,0.015519874
34196,0.06486393
34197,0.037721347
34198,0.023340445
34199,0.04031555
34200,0.23999575
34201,0.024505537
34202,0.016080666
34203,0.016794238
34204,0.01772557
34205,0.03892363
34206,0.007369287
34207,0.027386582
34208,0.23662719
34209,0.048634604
34210,0.012514733
34211,0.04885981
34212,0.071652584
34213,0.06033696
34214,0.052807502
34215,0.049396414
34216,0.023728874
34217,0.04298425
34218,0.01332751
34219,0.049629703
34220,0.07602961
34221,0.07128011
34222,0.011814065
34223,0.014598115
34224,0.007633346
34225,0.0125488
34226,0.014168802
34227,0.01233332
34228,0.008416143
34229,0.0205283
34230,0.046190463
34231,0.04112868
34232,0.06433614
34233,0.008076364
34234,0.070457906
34235,0.39255008
34236,0.0093950145
34237,0.0075781876
34238,0.014166341
34239,0.015243879
34240,0.0073734294
34241,0.013379056
34242,0.02843189
34243,0.01757301
34244,0.019051485
34245,0.007978681
34246,0.048072357
34247,0.023994967
34248,0.039014008
34249,0.010686122
34250,0.04003222
34251,0.012159481
34252,0.009201262
34253,0.0068121003
34254,0.06427275
34255,0.02381899
34256,0.04057932
34257,0.029244335
34258,0.057895888
34259,0.018177064
34260,0.010014347
34261,0.0087344255
34262,0.35858595
34263,0.0482552
34264,0.04996689
34265,0.04899941
34266,0.011552062
34267,0.05681126
34268,0.01854524
34269,0.009042323
34270,0.055972204
34271,0.012200045
34272,0.06124724
34273,0.23069367
34274,0.023248939
34275,0.029288733
34276,0.029177861
34277,0.025086828
34278,0.024675617
34279,0.013584008
34280,0.029153464
34281,0.008933072
34282,0.05628196
34283,0.047638394
34284,0.011472189
34285,0.23717494
34286,0.02165296
34287,0.027140466
34288,0.012700955
34289,0.0037739477
34290,0.040649835
34291,0.015314606
34292,0.023215776
34293,0.02017559
34294,0.029471723
34295,0.008165652
34296,0.008971761
34297,0.02843892
34298,0.23774225
34299,0.07129984
34300,0.015730929
34301,0.06081906
34302,0.012550117
34303,0.016755106
34304,0.0069578965
34305,0.04179404
34306,0.049758296
34307,0.041853577
34308,0.032888804
34309,0.037932955
34310,0.06781994
34311,0.04232885
34312,0.3796418
34313,0.04266077
34314,0.065539286
34315,0.04086451
34316,0.083470106
34317,0.40427852
34318,0.041942507
34319,0.25690666
34320,0.059831187
34321,0.42191452
34322,0.065962814
34323,0.07420158
34324,0.053199336
34325,0.027399745
34326,0.06795416
34327,0.38554075
34328,0.57549536
34329,0.23805946
34330,0.042515736
34331,0.04183701
34332,0.23805946
34333,0.054812215
34334,0.012101298
34335,0.02959994
34336,0.035878267
34337,0.01562623
34338,0.01315672
34339,0.06775591
34340,0.23835646
34341,0.45837647
34342,0.46720374
34343,0.042028364
34344,0.059042405
34345,0.074852176
34346,0.24255002
34347,0.04977702
34348,0.04070671
34349,0.054451965
34350,0.06390493
34351,0.035552315
34352,0.50936794
34353,0.23486191
34354,0.23828964
34355,0.5079031
34356,0.0720894
34357,0.020617
34358,0.4780963
34359,0.051737554
34360,0.08531637
34361,0.04902008
34362,0.044890475
34363,0.03396024
34364,0.05634321
34365,0.0638787
34366,0.07172389
34367,0.06370797
34368,0.03244388
34369,0.038996916
34370,0.057018653
34371,0.2540748
34372,0.041761763
34373,0.049350485
34374,0.051366333
34375,0.058531694
34376,0.038797595
34377,0.04093277
34378,0.02588273
34379,0.05061822
34380,0.0843295
34381,0.050580237
34382,0.08181779
34383,0.02237011
34384,0.04964987
34385,0.039430838
34386,0.013787086
34387,0.01676623
34388,0.534053
34389,0.07173389
34390,0.22147831
34391,0.47123548
34392,0.46041864
34393,0.057018653
34394,0.047966536
34395,0.017062072
34396,0.02061879
34397,0.036965847
34398,0.010809102
34399,0.057466883
34400,0.056663133
34401,0.06315052
34402,0.081199095
34403,0.51746637
34404,0.027130876
34405,0.3579343
34406,0.04190699
34407,0.030600602
34408,0.024658222
34409,0.24765122
34410,0.01751397
34411,0.04093277
34412,0.05582852
34413,0.025658123
34414,0.3957692
34415,0.5409337
34416,0.064649574
34417,0.01801369
34418,0.019744659
34419,0.04066812
34420,0.049880937
34421,0.07025998
34422,0.08491371
34423,0.06676854
34424,0.06665738
34425,0.050627753
34426,0.012404611
34427,0.008596803
34428,0.036354415
34429,0.030242827
34430,0.028531425
34431,0.03435738
34432,0.06336637
34433,0.04965562
34434,0.21652232
34435,0.012141809
34436,0.03414015
34437,0.025684593
34438,0.015860626
34439,0.014209417
34440,0.02262858
34441,0.039737016
34442,0.02375216
34443,0.058476258
34444,0.41747543
34445,0.3874988
34446,0.041423976
34447,0.038973156
34448,0.03739115
34449,0.0642011
34450,0.05513207
34451,0.05043328
34452,0.013894238
34453,0.012987294
34454,0.030693378
34455,0.07255606
34456,0.025681522
34457,0.029936828
34458,0.0054686232
34459,0.049562156
34460,0.049615838
34461,0.23167919
34462,0.22001176
34463,0.37659425
34464,0.049930133
34465,0.03814783
34466,0.016464781
34467,0.047356136
34468,0.04185085
34469,0.23117763
34470,0.04277039
34471,0.5569106
34472,0.06672783
34473,0.019162124
34474,0.06568602
34475,0.045098033
34476,0.04396559
34477,0.017385615
34478,0.008395457
34479,0.011743283
34480,0.052147362
34481,0.00900286
34482,0.026867524
34483,0.015415788
34484,0.015733337
34485,0.056607053
34486,0.056246024
34487,0.049363352
34488,0.06257904
34489,0.23216958
34490,0.399539
34491,0.050531134
34492,0.020640763
34493,0.05833825
34494,0.014367514
34495,0.038752716
34496,0.014134217
34497,0.025091888
34498,0.056846756
34499,0.04959524
34500,0.06726189
34501,0.039130777
34502,0.06718158
34503,0.03803397
34504,0.049198262
34505,0.033560943
34506,0.016266385
34507,0.06873201
34508,0.030705336
34509,0.053673398
34510,0.03010654
34511,0.010300272
34512,0.021279551
34513,0.034203023
34514,0.049607676
34515,0.056161962
34516,0.07071329
34517,0.06236259
34518,0.37584743
34519,0.22595954
34520,0.23030685
34521,0.010468001
34522,0.061406273
34523,0.010357074
34524,0.045263603
34525,0.040241294
34526,0.05881512
34527,0.04114023
34528,0.037471123
34529,0.045436006
34530,0.059882607
34531,0.048772134
34532,0.030718954
34533,0.02185944
34534,0.054026037
34535,0.01359304
34536,0.035621736
34537,0.067597635
34538,0.049778175
34539,0.07093526
34540,0.59772515
34541,0.06390278
34542,0.06523239
34543,0.04984555
34544,0.055835262
34545,0.055654664
34546,0.057712387
34547,0.045793004
34548,0.010317149
34549,0.25518748
34550,0.054668374
34551,0.05751923
34552,0.048623938
34553,0.05704498
34554,0.026004715
34555,0.018496713
34556,0.019531762
34557,0.036954634
34558,0.40277556
34559,0.052789073
34560,0.041372497
34561,0.06360371
34562,0.57667285
34563,0.058948833
34564,0.013149225
34565,0.06457955
34566,0.046242088
34567,0.08072557
34568,0.43461257
34569,0.051508326
34570,0.018356344
34571,0.043402497
34572,0.051768087
34573,0.06420831
34574,0.07695501
34575,0.03851401
34576,0.07819511
34577,0.06012765
34578,0.05455819
34579,0.044404026
34580,0.05128398
34581,0.014931768
34582,0.0690249
34583,0.07531101
34584,0.23215461
34585,0.05754736
34586,0.030297725
34587,0.06388828
34588,0.07670245
34589,0.24600284
34590,0.049499426
34591,0.044330116
34592,0.01982897
34593,0.009750143
34594,0.05137245
34595,0.52294177
34596,0.036873825
34597,0.07528335
34598,0.53460294
34599,0.23698214
34600,0.0127253
34601,0.010517843
34602,0.016469257
34603,0.03824547
34604,0.04438519
34605,0.42792657
34606,0.41506732
34607,0.054750055
34608,0.057190876
34609,0.23419203
34610,0.07399377
34611,0.06820031
34612,0.08178127
34613,0.2500661
34614,0.057995
34615,0.042718705
34616,0.063557
34617,0.045459524
34618,0.2517568
34619,0.67381847
34620,0.04049258
34621,0.4135393
34622,0.014326498
34623,0.041906364
34624,0.25046155
34625,0.014911527
34626,0.01205965
34627,0.042305727
34628,0.055793803
34629,0.01547127
34630,0.038891874
34631,0.41154265
34632,0.038756736
34633,0.056297548
34634,0.24042518
34635,0.07103662
34636,0.25513864
34637,0.4251922
34638,0.40889275
34639,0.24457844
34640,0.06631999
34641,0.07057623
34642,0.5850118
34643,0.4635991
34644,0.52175796
34645,0.02274209
34646,0.07467958
34647,0.050148368
34648,0.025566118
34649,0.018427944
34650,0.049497887
34651,0.0082635395
34652,0.010119617
34653,0.031445123
34654,0.047091838
34655,0.061781585
34656,0.059173785
34657,0.0641567
34658,0.059122194
34659,0.06919534
34660,0.2178152
34661,0.026892582
34662,0.063493505
34663,0.42419603
34664,0.016837494
34665,0.049387135
34666,0.70051366
34667,0.6721846
34668,0.62632984
34669,0.061230376
34670,0.45837677
34671,0.058252238
34672,0.01608359
34673,0.05093078
34674,0.008534033
34675,0.047793895
34676,0.050987188
34677,0.041599445
34678,0.0104979295
34679,0.41122204
34680,0.01579614
34681,0.029381948
34682,0.0657725
34683,0.06501427
34684,0.042381182
34685,0.042068433
34686,0.23518848
34687,0.05858572
34688,0.023503283
34689,0.07105878
34690,0.06581613
34691,0.06724367
34692,0.6705023
34693,0.5761077
34694,0.63926476
34695,0.013933731
34696,0.013872474
34697,0.05052678
34698,0.02632972
34699,0.0077244933
34700,0.42027286
34701,0.06716756
34702,0.24898829
34703,0.038914915
34704,0.060850605
34705,0.062375598
34706,0.064593635
34707,0.07528234
34708,0.07182361
34709,0.46063063
34710,0.4377999
34711,0.07312973
34712,0.07241027
34713,0.05763318
34714,0.050121333
34715,0.06773498
34716,0.03926039
34717,0.031468537
34718,0.021599473
34719,0.07080547
34720,0.074419715
34721,0.051029917
34722,0.064793445
34723,0.022080828
34724,0.6375394
34725,0.7399734
34726,0.6720609
34727,0.067969166
34728,0.04203042
34729,0.23011826
34730,0.010780206
34731,0.38339722
34732,0.02552633
34733,0.016628888
34734,0.014495311
34735,0.032312386
34736,0.061884925
34737,0.042499103
34738,0.3946054
34739,0.6729459
34740,0.05312031
34741,0.06483794
34742,0.060051795
34743,0.07470286
34744,0.053009987
34745,0.22892019
34746,0.06282694
34747,0.064047314
34748,0.06261049
34749,0.06464236
34750,0.041568052
34751,0.020607525
34752,0.52002525
34753,0.39469263
34754,0.23563148
34755,0.055903394
34756,0.026948582
34757,0.06588343
34758,0.055150013
34759,0.25288555
34760,0.029205797
34761,0.03889603
34762,0.040225714
34763,0.015711235
34764,0.03896604
34765,0.039154537
34766,0.4121826
34767,0.65858567
34768,0.25749123
34769,0.24893281
34770,0.06732874
34771,0.24491875
34772,0.07202365
34773,0.45306158
34774,0.049605142
34775,0.02855252
34776,0.035937317
34777,0.03158187
34778,0.07260223
34779,0.23956086
34780,0.2346278
34781,0.5436788
34782,0.25546643
34783,0.07779829
34784,0.631991
34785,0.2320678
34786,0.015263926
34787,0.22670987
34788,0.07992732
34789,0.019446542
34790,0.04789387
34791,0.08074091
34792,0.050543346
34793,0.032567304
34794,0.033950575
34795,0.03961765
34796,0.06756727
34797,0.39868173
34798,0.39346156
34799,0.25864828
34800,0.24945408
34801,0.07461855
34802,0.074390925
34803,0.41678458
34804,0.025499143
34805,0.07246862
34806,0.05321129
34807,0.04247212
34808,0.5107468
34809,0.40276423
34810,0.047902796
34811,0.46409658
34812,0.41626596
34813,0.006080196
34814,0.05918303
34815,0.06479027
34816,0.058172587
34817,0.042412367
34818,0.010106578
34819,0.008700142
34820,0.02264407
34821,0.027121484
34822,0.048094355
34823,0.06063015
34824,0.0579513
34825,0.22517274
34826,0.41352114
34827,0.6863696
34828,0.43094942
34829,0.24796568
34830,0.16863741
34831,0.06157863
34832,0.015975527
34833,0.0552295
34834,0.05575201
34835,0.22872697
34836,0.08287492
34837,0.050749455
34838,0.025417592
34839,0.051502876
34840,0.06933561
34841,0.040392876
34842,0.06231934
34843,0.035875704
34844,0.03052253
34845,0.05516412
34846,0.047835086
34847,0.05678268
34848,0.37839055
34849,0.23859853
34850,0.3622935
34851,0.7301138
34852,0.62109375
34853,0.25800842
34854,0.06865882
34855,0.042380992
34856,0.01832887
34857,0.04262024
34858,0.067675754
34859,0.029653411
34860,0.5264191
34861,0.0416531
34862,0.015494717
34863,0.05028473
34864,0.042301208
34865,0.37107423
34866,0.03652344
34867,0.043715324
34868,0.015392799
34869,0.04176399
34870,0.025968853
34871,0.06004066
34872,0.0642299
34873,0.50418186
34874,0.40973422
34875,0.22550324
34876,0.5568462
34877,0.40842724
34878,0.47989702
34879,0.07627227
34880,0.038175598
34881,0.030741123
34882,0.03397227
34883,0.04128756
34884,0.041389585
34885,0.0339754
34886,0.050470866
34887,0.5103101
34888,0.062425926
34889,0.25103158
34890,0.028838733
34891,0.066687435
34892,0.22536002
34893,0.23218308
34894,0.24414608
34895,0.041998856
34896,0.028304452
34897,0.039408285
34898,0.07175419
34899,0.6660152
34900,0.36685956
34901,0.5262866
34902,0.41975898
34903,0.3984533
34904,0.07213775
34905,0.05897919
34906,0.011777602
34907,0.019758156
34908,0.010911761
34909,0.03696214
34910,0.028782213
34911,0.07142919
34912,0.07170889
34913,0.05893173
34914,0.2500354
34915,0.026711328
34916,0.054603998
34917,0.3902708
34918,0.038433336
34919,0.016864257
34920,0.06584412
34921,0.23661302
34922,0.028859068
34923,0.221466
34924,0.0768947
34925,0.05528675
34926,0.065170355
34927,0.03496966
34928,0.06258074
34929,0.05688719
34930,0.03556696
34931,0.22457482
34932,0.06359747
34933,0.039501794
34934,0.008806085
34935,0.22367379
34936,0.011438959
34937,0.06353741
34938,0.038996916
34939,0.030184684
34940,0.06838945
34941,0.03230597
34942,0.04027534
34943,0.038718067
34944,0.07338231
34945,0.2570325
34946,0.5397585
34947,0.06552513
34948,0.010586108
34949,0.015521226
34950,0.016827013
34951,0.026966413
34952,0.045086846
34953,0.053099304
34954,0.07131874
34955,0.012807065
34956,0.029133461
34957,0.012657409
34958,0.029719252
34959,0.026595255
34960,0.010000135
34961,0.025258891
34962,0.015168177
34963,0.05476198
34964,0.059197813
34965,0.39920643
34966,0.01384709
34967,0.015541846
34968,0.030702332
34969,0.053216793
34970,0.06185373
34971,0.49040297
34972,0.06615078
34973,0.23347975
34974,0.03274525
34975,0.05524666
34976,0.07281118
34977,0.0440224
34978,0.019039221
34979,0.015929975
34980,0.25775033
34981,0.03096303
34982,0.014135829
34983,0.014524316
34984,0.024280475
34985,0.069442794
34986,0.051283076
34987,0.037362076
34988,0.015691478
34989,0.024995966
34990,0.051038157
34991,0.4379628
34992,0.029347485
34993,0.005250755
34994,0.015520161
34995,0.028857293
34996,0.03887074
34997,0.049388338
34998,0.24429367
34999,0.05044011
35000,0.24846987
35001,0.063617796
35002,0.029695723
35003,0.014184014
35004,0.04115085
35005,0.04298491
35006,0.026629895
35007,0.40236592
35008,0.015697878
35009,0.23746027
35010,0.015136616
35011,0.056292463
35012,0.04142303
35013,0.25496763
35014,0.658866
35015,0.21872766
35016,0.062414177
35017,0.012950877
35018,0.060910914
35019,0.04345759
35020,0.04150149
35021,0.059555013
35022,0.057589572
35023,0.06458811
35024,0.53490096
35025,0.01652801
35026,0.055824578
35027,0.057443902
35028,0.0559609
35029,0.015664639
35030,0.072744176
35031,0.48455712
35032,0.054057315
35033,0.23139271
35034,0.02433655
35035,0.054409746
35036,0.01936465
35037,0.05617333
35038,0.027426334
35039,0.022077568
35040,0.045053344
35041,0.049805522
35042,0.024528494
35043,0.016943483
35044,0.04724594
35045,0.015482588
35046,0.07434055
35047,0.038859528
35048,0.013422261
35049,0.030664654
35050,0.059986565
35051,0.06538446
35052,0.04755362
35053,0.56403
35054,0.05042565
35055,0.22238857
35056,0.04321564
35057,0.03556696
35058,0.041351072
35059,0.042445652
35060,0.012099117
35061,0.015374891
35062,0.48303485
35063,0.025131546
35064,0.009101965
35065,0.0065354533
35066,0.014556083
35067,0.042915165
35068,0.06306267
35069,0.018002475
35070,0.0668835
35071,0.039205797
35072,0.024818262
35073,0.041918304
35074,0.38898614
35075,0.024920592
35076,0.017513094
35077,0.005773518
35078,0.010449792
35079,0.040658686
35080,0.008292859
35081,0.029746799
35082,0.074588716
35083,0.051501315
35084,0.013870877
35085,0.05032906
35086,0.071328826
35087,0.06234679
35088,0.05798975
35089,0.050284605
35090,0.025681522
35091,0.045490053
35092,0.015521362
35093,0.050822943
35094,0.0811865
35095,0.07184631
35096,0.030647049
35097,0.010649715
35098,0.011367506
35099,0.01690149
35100,0.00764309
35101,0.012985769
35102,0.02235306
35103,0.01344781
35104,0.009959159
35105,0.021341687
35106,0.048805807
35107,0.042355556
35108,0.06885694
35109,0.012425829
35110,0.22881581
35111,0.008509295
35112,0.42821795
35113,0.010287047
35114,0.017741133
35115,0.023677424
35116,0.0106298365
35117,0.014978004
35118,0.008566096
35119,0.01325122
35120,0.02909223
35121,0.011511835
35122,0.012805389
35123,0.049799882
35124,0.025855895
35125,0.040575854
35126,0.012419825
35127,0.021369701
35128,0.041343406
35129,0.007961356
35130,0.011506721
35131,0.06325586
35132,0.025131546
35133,0.04082468
35134,0.018008126
35135,0.030543005
35136,0.05941116
35137,0.0061545544
35138,0.011215536
35139,0.014892912
35140,0.009128386
35141,0.2559577
35142,0.049426086
35143,0.05113057
35144,0.05106023
35145,0.05707157
35146,0.019777464
35147,0.05769823
35148,0.014451831
35149,0.06507725
35150,0.06944637
35151,0.015405801
35152,0.024375362
35153,0.030597996
35154,0.026005452
35155,0.029834962
35156,0.009965257
35157,0.053871527
35158,0.048771825
35159,0.07213266
35160,0.021917233
35161,0.028620059
35162,0.0139177395
35163,0.042259626
35164,0.01680423
35165,0.023634529
35166,0.014696822
35167,0.029409701
35168,0.009279618
35169,0.029951347
35170,0.23889813
35171,0.23251662
35172,0.015782235
35173,0.06182996
35174,0.01766915
35175,0.009113179
35176,0.044577025
35177,0.0529062
35178,0.04561366
35179,0.054369964
35180,0.03387488
35181,0.03846344
35182,0.03884402
35183,0.042629458
35184,0.075791545
35185,0.044624332
35186,0.03930483
35187,0.38657734
35188,0.043441903
35189,0.066173084
35190,0.044563502
35191,0.38660574
35192,0.2382886
35193,0.052203137
35194,0.045025166
35195,0.020341659
35196,0.4424143
35197,0.063749924
35198,0.39940432
35199,0.07129154
35200,0.3849651
35201,0.05732872
35202,0.07422524
35203,0.03836178
35204,0.013071407
35205,0.24032137
35206,0.032607768
35207,0.7823852
35208,0.23967828
35209,0.043730564
35210,0.24067879
35211,0.058843564
35212,0.013894342
35213,0.029802242
35214,0.040912148
35215,0.0150459455
35216,0.013991201
35217,0.08460166
35218,0.38357925
35219,0.4728334
35220,0.4684866
35221,0.044326376
35222,0.06336955
35223,0.02839312
35224,0.2343081
35225,0.09163126
35226,0.016319895
35227,0.029208438
35228,0.053352512
35229,0.04210643
35230,0.05690895
35231,0.2280153
35232,0.037277453
35233,0.4796684
35234,0.2359519
35235,0.24294485
35236,0.48508668
35237,0.082299165
35238,0.49186212
35239,0.016556649
35240,0.05408951
35241,0.08807857
35242,0.05042493
35243,0.04626396
35244,0.036158003
35245,0.061856914
35246,0.06981633
35247,0.07672627
35248,0.0717389
35249,0.03461508
35250,0.038928006
35251,0.06234068
35252,0.2676702
35253,0.04417795
35254,0.054509427
35255,0.05524975
35256,0.065429844
35257,0.0317449
35258,0.044461392
35259,0.05510549
35260,0.09792977
35261,0.054030977
35262,0.0994754
35263,0.02308296
35264,0.05295028
35265,0.039833914
35266,0.02363445
35267,0.014653873
35268,0.012513867
35269,0.43890843
35270,0.07914253
35271,0.22206484
35272,0.51735
35273,0.45263743
35274,0.06374987
35275,0.050785847
35276,0.020983355
35277,0.014803183
35278,0.03812631
35279,0.21272634
35280,0.069403
35281,0.09813235
35282,0.45301172
35283,0.37401977
35284,0.042161137
35285,0.032001253
35286,0.024291983
35287,0.25486556
35288,0.01673256
35289,0.042536035
35290,0.05736899
35291,0.4113719
35292,0.4925648
35293,0.06902124
35294,0.01860707
35295,0.020070933
35296,0.042849336
35297,0.05413392
35298,0.009789124
35299,0.027860895
35300,0.011241988
35301,0.07780142
35302,0.088681325
35303,0.074536644
35304,0.07520705
35305,0.054686163
35306,0.03884741
35307,0.032124136
35308,0.02921956
35309,0.036076456
35310,0.0697438
35311,0.051943235
35312,0.06834556
35313,0.013931747
35314,0.03791157
35315,0.027433563
35316,0.016676439
35317,0.01488422
35318,0.022216996
35319,0.04101713
35320,0.022997
35321,0.058636405
35322,0.440242
35323,0.4084151
35324,0.042484827
35325,0.039303772
35326,0.03936313
35327,0.07124554
35328,0.058466863
35329,0.014074501
35330,0.052616946
35331,0.015676145
35332,0.030978277
35333,0.2387187
35334,0.02656318
35335,0.023758326
35336,0.03126005
35337,0.054970298
35338,0.05490502
35339,0.23396392
35340,0.22466785
35341,0.37267914
35342,0.05464598
35343,0.03952944
35344,0.016299728
35345,0.050567925
35346,0.05052198
35347,0.01116154
35348,0.23588032
35349,0.044571165
35350,0.59161353
35351,0.07601667
35352,0.020727072
35353,0.07395305
35354,0.04765205
35355,0.046242736
35356,0.018913552
35357,0.009612465
35358,0.054813676
35359,0.016537167
35360,0.016624141
35361,0.062414244
35362,0.04261809
35363,0.06077285
35364,0.05406923
35365,0.07030809
35366,0.2345549
35367,0.42237318
35368,0.05465489
35369,0.02113335
35370,0.063273475
35371,0.014930979
35372,0.040306665
35373,0.066627905
35374,0.05215988
35375,0.07872666
35376,0.041477293
35377,0.07368049
35378,0.03859887
35379,0.052528407
35380,0.01644512
35381,0.016445197
35382,0.08265188
35383,0.0103335995
35384,0.031610243
35385,0.05624609
35386,0.030260729
35387,0.021343945
35388,0.036414616
35389,0.05257599
35390,0.057935607
35391,0.08143009
35392,0.06737729
35393,0.39436516
35394,0.2298447
35395,0.23579636
35396,0.012331537
35397,0.06588949
35398,0.04655151
35399,0.041531816
35400,0.06464231
35401,0.03216654
35402,0.01972165
35403,0.038917407
35404,0.04765205
35405,0.06502179
35406,0.03177786
35407,0.052684914
35408,0.008462607
35409,0.021968063
35410,0.03091996
35411,0.057918746
35412,0.013575309
35413,0.038004484
35414,0.07372971
35415,0.05346065
35416,0.08149895
35417,0.5391122
35418,0.069226146
35419,0.07540161
35420,0.053103607
35421,0.059803277
35422,0.058021422
35423,0.065226756
35424,0.04732121
35425,0.26265603
35426,0.059792757
35427,0.06345831
35428,0.053147312
35429,0.061683692
35430,0.016903454
35431,0.026879162
35432,0.018131664
35433,0.019147921
35434,0.038144674
35435,0.25741053
35436,0.056303896
35437,0.042975783
35438,0.07036183
35439,0.615177
35440,0.063929014
35441,0.013497102
35442,0.2232026
35443,0.052704018
35444,0.25706813
35445,0.2647763
35446,0.055490326
35447,0.04387524
35448,0.04378717
35449,0.06827908
35450,0.080670185
35451,0.039946645
35452,0.24657027
35453,0.06458592
35454,0.057538375
35455,0.013908888
35456,0.019653508
35457,0.04558386
35458,0.055144273
35459,0.014412021
35460,0.077433564
35461,0.0800405
35462,0.2353342
35463,0.062293097
35464,0.031545088
35465,0.073691756
35466,0.082958296
35467,0.25515226
35468,0.051538065
35469,0.044160698
35470,0.020055529
35471,0.055778015
35472,0.57970077
35473,0.038046017
35474,0.08108171
35475,0.1437658
35476,0.08317136
35477,0.01323562
35478,0.016681911
35479,0.013581684
35480,0.040394798
35481,0.048040267
35482,0.2419627
35483,0.40729713
35484,0.060288183
35485,0.060477886
35486,0.082990974
35487,0.23552993
35488,0.08189292
35489,0.09816105
35490,0.40701744
35491,0.05963124
35492,0.005825356
35493,0.01828849
35494,0.04298436
35495,0.068329155
35496,0.046287242
35497,0.10119886
35498,0.7819679
35499,0.04236479
35500,0.38776183
35501,0.013869666
35502,0.045324806
35503,0.26130718
35504,0.04562337
35505,0.0586104
35506,0.016059332
35507,0.04136607
35508,0.0060224454
35509,0.4053198
35510,0.040108502
35511,0.060741004
35512,0.24308272
35513,0.07948235
35514,0.25679374
35515,0.25809655
35516,0.4190941
35517,0.02746226
35518,0.09061027
35519,0.07454822
35520,0.079501994
35521,0.80994415
35522,0.5252441
35523,0.4580166
35524,0.02333831
35525,0.08498816
35526,0.053925164
35527,0.026195036
35528,0.01888837
35529,0.010903569
35530,0.009309147
35531,0.050105955
35532,0.008518051
35533,0.01052954
35534,0.031800713
35535,0.050837204
35536,0.06814063
35537,0.064286925
35538,0.07023221
35539,0.06451038
35540,0.23486426
35541,0.0704677
35542,0.026540278
35543,0.07401355
35544,0.24708226
35545,0.016975226
35546,0.05329253
35547,0.8312347
35548,0.6482718
35549,0.6194575
35550,0.00718595
35551,0.026935995
35552,0.015621961
35553,0.064313464
35554,0.45417967
35555,0.06241671
35556,0.016141089
35557,0.054124884
35558,0.049653213
35559,0.055452548
35560,0.04415933
35561,0.010781224
35562,0.40857816
35563,0.015783483
35564,0.030014029
35565,0.073615015
35566,0.07057086
35567,0.045444753
35568,0.044482622
35569,0.23578855
35570,0.06421941
35571,0.02486637
35572,0.08308509
35573,0.072661534
35574,0.07390955
35575,0.6560855
35576,0.7144885
35577,0.6829513
35578,0.013426372
35579,0.054656483
35580,0.026611669
35581,0.008477354
35582,0.41814846
35583,0.06600866
35584,0.2564542
35585,0.039440647
35586,0.06734941
35587,0.01728222
35588,0.06647383
35589,0.07164299
35590,0.080508485
35591,0.08339833
35592,0.531294
35593,0.44833687
35594,0.08085536
35595,0.07786746
35596,0.06295413
35597,0.05326705
35598,0.07539221
35599,0.042532578
35600,0.03227712
35601,0.022118058
35602,0.08561291
35603,0.080343276
35604,0.058482725
35605,0.07451669
35606,0.023215853
35607,0.6722789
35608,0.8831225
35609,0.67197376
35610,0.08059518
35611,0.044953108
35612,0.23639086
35613,0.40797237
35614,0.02685696
35615,0.0102135455
35616,0.015576791
35617,0.015347093
35618,0.032781996
35619,0.066668786
35620,0.043977365
35621,0.41529852
35622,0.81187147
35623,0.059455395
35624,0.07119144
35625,0.06442082
35626,0.084744826
35627,0.057072148
35628,0.23374659
35629,0.069908634
35630,0.035480805
35631,0.06823647
35632,0.07437652
35633,0.072282284
35634,0.04214247
35635,0.021975141
35636,0.27005747
35637,0.4125745
35638,0.08422894
35639,0.07561191
35640,0.05703395
35641,0.09553089
35642,0.030287825
35643,0.037783295
35644,0.041214608
35645,0.016069174
35646,0.039957937
35647,0.041842613
35648,0.24732932
35649,0.7068022
35650,0.26188847
35651,0.0962171
35652,0.07559965
35653,0.08681957
35654,0.083575234
35655,0.55134535
35656,0.053096864
35657,0.0288703
35658,0.036245476
35659,0.03202972
35660,0.08246088
35661,0.07959386
35662,0.24121137
35663,0.5440246
35664,0.40878963
35665,0.083688535
35666,0.7740583
35667,0.23487552
35668,0.016109647
35669,0.08080915
35670,0.088983595
35671,0.019114068
35672,0.051538065
35673,0.51879936
35674,0.05553397
35675,0.035354774
35676,0.035152547
35677,0.04321589
35678,0.08413704
35679,0.4056445
35680,0.39317283
35681,0.5737547
35682,0.39109764
35683,0.08197002
35684,0.08158193
35685,0.43467197
35686,0.025759716
35687,0.0829832
35688,0.061576124
35689,0.044730965
35690,0.53806293
35691,0.26149935
35692,0.049326297
35693,0.5319696
35694,0.42148587
35695,0.006133875
35696,0.065209284
35697,0.07356533
35698,0.06393799
35699,0.045493066
35700,0.0112616075
35701,0.026830224
35702,0.051317476
35703,0.06656113
35704,0.064692624
35705,0.077606015
35706,0.41933912
35707,0.7640632
35708,0.4307341
35709,0.25850677
35710,0.5255022
35711,0.065669976
35712,0.058611654
35713,0.059967943
35714,0.23565347
35715,0.0935015
35716,0.056027837
35717,0.02666011
35718,0.054606263
35719,0.0776551
35720,0.016343132
35721,0.042009924
35722,0.070579864
35723,0.020511067
35724,0.015434705
35725,0.037234664
35726,0.021429783
35727,0.03217082
35728,0.058741886
35729,0.05194268
35730,0.0602989
35731,0.414849
35732,0.24330206
35733,0.06970341
35734,0.6682474
35735,0.6121374
35736,0.2516076
35737,0.073136844
35738,0.04262647
35739,0.01801279
35740,0.044412185
35741,0.073511995
35742,0.013687512
35743,0.03134704
35744,0.64676255
35745,0.046749312
35746,0.017253382
35747,0.053638734
35748,0.04269184
35749,0.22799535
35750,0.039086334
35751,0.043315217
35752,0.01656071
35753,0.043015033
35754,0.026315106
35755,0.065002315
35756,0.07178905
35757,0.5456245
35758,0.38104838
35759,0.22845718
35760,0.80150104
35761,0.42301118
35762,0.4398998
35763,0.08009707
35764,0.038640093
35765,0.032159016
35766,0.03652223
35767,0.044103913
35768,0.041774664
35769,0.035163827
35770,0.19593504
35771,0.505773
35772,0.066863894
35773,0.26340735
35774,0.030251464
35775,0.073368
35776,0.07904154
35777,0.077742405
35778,0.24624074
35779,0.042447805
35780,0.0058407607
35781,0.029735886
35782,0.014962224
35783,0.041546505
35784,0.08528842
35785,0.630731
35786,0.3955114
35787,0.66208684
35788,0.40391123
35789,0.4060755
35790,0.08159809
35791,0.064676225
35792,0.04276548
35793,0.021862375
35794,0.011619655
35795,0.03804326
35796,0.030784981
35797,0.07957893
35798,0.082428746
35799,0.06514579
35800,0.26353058
35801,0.026049122
35802,0.058707383
35803,0.42367986
35804,0.04094889
35805,0.010668705
35806,0.07365716
35807,0.23577744
35808,0.030501967
35809,0.23118119
35810,0.08449977
35811,0.0587441
35812,0.07054111
35813,0.030452715
35814,0.06697119
35815,0.061383087
35816,0.036361873
35817,0.079511344
35818,0.0061983084
35819,0.073558584
35820,0.03834873
35821,0.025167512
35822,0.22347572
35823,0.011197948
35824,0.014014963
35825,0.0695229
35826,0.032735493
35827,0.07895811
35828,0.033893064
35829,0.04273595
35830,0.03923318
35831,0.08639606
35832,0.25861928
35833,0.53240794
35834,0.0743664
35835,0.010508257
35836,0.020876944
35837,0.016535074
35838,0.017435156
35839,0.02699341
35840,0.04664673
35841,0.055247
35842,0.24178335
35843,0.013101929
35844,0.03042959
35845,0.029825142
35846,0.018574832
35847,0.026637472
35848,0.058157276
35849,0.0647157
35850,0.3897293
35851,0.012750071
35852,0.031892955
35853,0.05680468
35854,0.06634018
35855,0.4279443
35856,0.07764258
35857,0.011812092
35858,0.016104532
35859,0.08299226
35860,0.03574948
35861,0.05776625
35862,0.08571021
35863,0.04880028
35864,0.0102008125
35865,0.016320454
35866,0.011384999
35867,0.43884906
35868,0.013747379
35869,0.015263827
35870,0.024236042
35871,0.07934445
35872,0.054252416
35873,0.039251775
35874,0.01642001
35875,0.026369462
35876,0.053004052
35877,0.26539302
35878,0.029919771
35879,0.016846344
35880,0.027875414
35881,0.03966556
35882,0.053105935
35883,0.25197458
35884,0.055338886
35885,0.24670725
35886,0.068757005
35887,0.029426578
35888,0.0138241025
35889,0.043762904
35890,0.045649618
35891,0.027592778
35892,0.2628583
35893,0.2451154
35894,0.015760303
35895,0.06359949
35896,0.044103544
35897,0.0104734795
35898,0.26418948
35899,0.7559248
35900,0.22409733
35901,0.06799227
35902,0.06424298
35903,0.044171255
35904,0.042588785
35905,0.0656759
35906,0.062936105
35907,0.072972365
35908,0.8313872
35909,0.061215047
35910,0.061592605
35911,0.06180657
35912,0.016101412
35913,0.083391555
35914,0.51418674
35915,0.057764
35916,0.23466796
35917,0.024835782
35918,0.059274644
35919,0.020110285
35920,0.06259943
35921,0.028634546
35922,0.02255169
35923,0.046600074
35924,0.05213685
35925,0.026052464
35926,0.050653335
35927,0.012200087
35928,0.01568487
35929,0.24377292
35930,0.036849424
35931,0.03993735
35932,0.0129156
35933,0.032400884
35934,0.062109936
35935,0.07321195
35936,0.65357363
35937,0.05442713
35938,0.22427125
35939,0.044377208
35940,0.034713667
35941,0.042701453
35942,0.04373414
35943,0.01554346
35944,0.49300125
35945,0.025817478
35946,0.0070614154
35947,0.00875942
35948,0.014298205
35949,0.012909235
35950,0.043823544
35951,0.069683
35952,0.01860707
35953,0.075286046
35954,0.03990978
35955,0.024943385
35956,0.0130740665
35957,0.043732237
35958,0.3862683
35959,0.02724839
35960,0.0066686743
35961,0.019897675
35962,0.011474306
35963,0.04310458
35964,0.030284178
35965,0.08171641
35966,0.054655775
35967,0.0138241025
35968,0.024288328
35969,0.054243144
35970,0.08014991
35971,0.06802233
35972,0.059289627
35973,0.054531373
35974,0.026166722
35975,0.04665954
35976,0.015864734
35977,0.05459974
35978,0.09715706
35979,0.2319222
35980,0.007570918
35981,0.01425854
35982,0.014243806
35983,0.012263242
35984,0.018152867
35985,0.0096001625
35986,0.015929263
35987,0.0075468677
35988,0.014661023
35989,0.014348131
35990,0.02141349
35991,0.054763254
35992,0.04612743
35993,0.07726485
35994,0.23271365
35995,0.008193136
35996,0.26493856
35997,0.024644608
35998,0.01119784
35999,0.016298717
36000,0.017409448
36001,0.01322518
36002,0.030012162
36003,0.01148073
36004,0.013518029
36005,0.0542041
36006,0.02605376
36007,0.041569453
36008,0.043827616
36009,0.013333506
36010,0.008977207
36011,0.01197544
36012,0.07434532
36013,0.026102453
36014,0.042881206
36015,0.010610527
36016,0.032504167
36017,0.016091973
36018,0.06460508
36019,0.01162114
36020,0.2579974
36021,0.05279267
36022,0.055356383
36023,0.05447861
36024,0.013597673
36025,0.06364769
36026,0.019875417
36027,0.06345147
36028,0.013391594
36029,0.07195651
36030,0.08158444
36031,0.015296248
36032,0.025224809
36033,0.03295886
36034,0.02677645
36035,0.0322112
36036,0.01010588
36037,0.06152982
36038,0.05251936
36039,0.08732796
36040,0.022490563
36041,0.030261742
36042,0.005810695
36043,0.010431534
36044,0.047034267
36045,0.017821895
36046,0.032574248
36047,0.009146025
36048,0.0301221
36049,0.246104
36050,0.23671831
36051,0.017177409
36052,0.067649886
36053,0.018809004
36054,0.036671247
36055,0.04824001
36056,0.026003003
36057,0.04318771
36058,0.0529484
36059,0.03848902
36060,0.042889364
36061,0.038138635
36062,0.03998087
36063,0.066334896
36064,0.038255915
36065,0.39214545
36066,0.042505614
36067,0.060450196
36068,0.04253082
36069,0.24157515
36070,0.39575306
36071,0.025795737
36072,0.043249257
36073,0.025437389
36074,0.25562584
36075,0.059893325
36076,0.41480312
36077,0.06318329
36078,0.07366342
36079,0.05496782
36080,0.06415643
36081,0.039128892
36082,0.35475546
36083,0.50953895
36084,0.23498288
36085,0.043289978
36086,0.043582547
36087,0.23631161
36088,0.056105103
36089,0.01210044
36090,0.028562559
36091,0.03077003
36092,0.016048163
36093,0.07130406
36094,0.24001463
36095,0.5217588
36096,0.49873528
36097,0.043159578
36098,0.059598286
36099,0.23107216
36100,0.07683904
36101,0.018735038
36102,0.050639417
36103,0.04168346
36104,0.056079905
36105,0.06338392
36106,0.4249136
36107,0.23312008
36108,0.24044421
36109,0.43591857
36110,0.07563597
36111,0.020627921
36112,0.50084096
36113,0.016089953
36114,0.05248298
36115,0.08443149
36116,0.050717235
36117,0.044476338
36118,0.033016805
36119,0.056884114
36120,0.06875327
36121,0.06866703
36122,0.06638858
36123,0.033322517
36124,0.03848397
36125,0.05831379
36126,0.25654128
36127,0.04252488
36128,0.03010645
36129,0.05081304
36130,0.0530492
36131,0.06054845
36132,0.03897352
36133,0.06326961
36134,0.05315896
36135,0.07958394
36136,0.051466268
36137,0.08219054
36138,0.051472124
36139,0.039395507
36140,0.012570429
36141,0.50882363
36142,0.22429428
36143,0.05933414
36144,0.45995665
36145,0.44726795
36146,0.05803772
36147,0.04865248
36148,0.016361425
36149,0.021149354
36150,0.03604535
36151,0.057476632
36152,0.05736066
36153,0.0628792
36154,0.25073135
36155,0.44560954
36156,0.35189494
36157,0.0416249
36158,0.0084323045
36159,0.024932615
36160,0.03513885
36161,0.24881148
36162,0.017508168
36163,0.04167414
36164,0.009868223
36165,0.055376507
36166,0.026257295
36167,0.40948585
36168,0.51138586
36169,0.06349531
36170,0.017987464
36171,0.019733809
36172,0.04188864
36173,0.052362215
36174,0.015999448
36175,0.026696255
36176,0.010696239
36177,0.068697505
36178,0.086513184
36179,0.064805195
36180,0.066509694
36181,0.0529463
36182,0.037116427
36183,0.03077876
36184,0.030506266
36185,0.03459717
36186,0.063027024
36187,0.04986621
36188,0.061774477
36189,0.013680373
36190,0.037212476
36191,0.026410148
36192,0.016482249
36193,0.014196193
36194,0.021672096
36195,0.04019806
36196,0.021629646
36197,0.055637993
36198,0.414648
36199,0.36722434
36200,0.04183469
36201,0.03942836
36202,0.037000477
36203,0.063922696
36204,0.056965664
36205,0.013501913
36206,0.051214024
36207,0.012803359
36208,0.030013623
36209,0.24097607
36210,0.026992423
36211,0.022643184
36212,0.0318251
36213,0.051635623
36214,0.05192332
36215,0.23142278
36216,0.22093341
36217,0.22367492
36218,0.052004967
36219,0.038746197
36220,0.015764022
36221,0.049761124
36222,0.04240328
36223,0.23006305
36224,0.043131076
36225,0.5772678
36226,0.06515647
36227,0.06655292
36228,0.046983358
36229,0.016892575
36230,0.052566294
36231,0.02725717
36232,0.016080314
36233,0.057654455
36234,0.041879013
36235,0.05615286
36236,0.05054414
36237,0.06309563
36238,0.23087068
36239,0.41331175
36240,0.052542556
36241,0.01982952
36242,0.058736432
36243,0.014345773
36244,0.03902172
36245,0.058374282
36246,0.050857592
36247,0.06704589
36248,0.04104729
36249,0.069632225
36250,0.038466707
36251,0.050038304
36252,0.01603162
36253,0.07202305
36254,0.009938216
36255,0.030763328
36256,0.054322924
36257,0.030990086
36258,0.022024183
36259,0.035713837
36260,0.049850915
36261,0.055703465
36262,0.06874756
36263,0.061890826
36264,0.24385978
36265,0.22492048
36266,0.22798665
36267,0.0104350075
36268,0.058939025
36269,0.046370152
36270,0.04052097
36271,0.059270907
36272,0.031243728
36273,0.01829794
36274,0.044089947
36275,0.03788918
36276,0.04697487
36277,0.058579903
36278,0.051276546
36279,0.055318445
36280,0.013178662
36281,0.03604028
36282,0.06822661
36283,0.050364908
36284,0.22800998
36285,0.5812084
36286,0.063427486
36287,0.06460185
36288,0.050970975
36289,0.05717214
36290,0.055540655
36291,0.061119042
36292,0.046452075
36293,0.009322852
36294,0.01739649
36295,0.25099078
36296,0.055927135
36297,0.059076242
36298,0.050375145
36299,0.05785974
36300,0.016440205
36301,0.026269749
36302,0.0172877
36303,0.038223993
36304,0.41499108
36305,0.052849557
36306,0.04154466
36307,0.062670946
36308,0.6691204
36309,0.060450654
36310,0.013525365
36311,0.063811876
36312,0.05137469
36313,0.24634914
36314,0.4040489
36315,0.052997615
36316,0.018292433
36317,0.043478407
36318,0.043415777
36319,0.063355304
36320,0.07769394
36321,0.039206605
36322,0.24285407
36323,0.061438613
36324,0.056090813
36325,0.01375726
36326,0.017898224
36327,0.046699762
36328,0.052786373
36329,0.014340596
36330,0.06738105
36331,0.07144277
36332,0.2307673
36333,0.05791412
36334,0.031290006
36335,0.06424027
36336,0.07402696
36337,0.08485031
36338,0.048911713
36339,0.04305212
36340,0.019447638
36341,0.052186687
36342,0.4929924
36343,0.037116427
36344,0.07796721
36345,0.2614276
36346,0.07395143
36347,0.011241388
36348,0.016503785
36349,0.008734454
36350,0.03859841
36351,0.046320368
36352,0.23565161
36353,0.39554897
36354,0.05604677
36355,0.058622316
36356,0.072092414
36357,0.23420213
36358,0.06806457
36359,0.088581115
36360,0.37452513
36361,0.05787707
36362,0.043350287
36363,0.062892064
36364,0.0462577
36365,0.25362524
36366,0.652
36367,0.04109769
36368,0.38161877
36369,0.013108733
36370,0.04261684
36371,0.083076485
36372,0.043413036
36373,0.05669146
36374,0.016107194
36375,0.03950904
36376,0.0047360607
36377,0.40064377
36378,0.04680852
36379,0.05671225
36380,0.23919773
36381,0.0713345
36382,0.08193952
36383,0.24822968
36384,0.08112022
36385,0.027019443
36386,0.24352063
36387,0.22145337
36388,0.070610546
36389,0.61143
36390,0.44824877
36391,0.42396632
36392,0.022651361
36393,0.22256663
36394,0.051554214
36395,0.026278976
36396,0.018379385
36397,0.0098144505
36398,0.009607788
36399,0.048973158
36400,0.010976206
36401,0.032480307
36402,0.048390232
36403,0.062364776
36404,0.05857734
36405,0.065265164
36406,0.06118606
36407,0.07331406
36408,0.066567115
36409,0.026599256
36410,0.06368086
36411,0.24292268
36412,0.04991524
36413,0.53799117
36414,0.5289287
36415,0.56132394
36416,0.0056293947
36417,0.026204327
36418,0.059461452
36419,0.5150238
36420,0.058740657
36421,0.015708722
36422,0.05182598
36423,0.0135192005
36424,0.00900658
36425,0.0489968
36426,0.049036052
36427,0.043404553
36428,0.40245947
36429,0.015488518
36430,0.0297657
36431,0.066929296
36432,0.063258365
36433,0.04372721
36434,0.042364758
36435,0.3819249
36436,0.059464272
36437,0.07420243
36438,0.06561763
36439,0.0675636
36440,0.6078081
36441,0.56368387
36442,0.6129361
36443,0.0142614
36444,0.05165751
36445,0.026178619
36446,0.008121933
36447,0.40679926
36448,0.059528172
36449,0.24553746
36450,0.038923558
36451,0.06069856
36452,0.016901813
36453,0.06155447
36454,0.066195235
36455,0.07604926
36456,0.07214354
36457,0.46348688
36458,0.4535299
36459,0.07026612
36460,0.07150261
36461,0.058072805
36462,0.05032844
36463,0.06426509
36464,0.039815895
36465,0.03148057
36466,0.07111099
36467,0.07835738
36468,0.051738963
36469,0.0634322
36470,0.023023339
36471,0.54033995
36472,0.56284565
36473,0.65699106
36474,0.06734075
36475,0.042669147
36476,0.23016296
36477,0.4038452
36478,0.02593864
36479,0.015055522
36480,0.015573103
36481,0.061330367
36482,0.043101236
36483,0.39154506
36484,0.5041682
36485,0.05548514
36486,0.06536239
36487,0.05959797
36488,0.07433805
36489,0.055305842
36490,0.2301318
36491,0.062972866
36492,0.03505396
36493,0.06332628
36494,0.06407221
36495,0.06497299
36496,0.041307922
36497,0.50376457
36498,0.405412
36499,0.0733236
36500,0.05652749
36501,0.06346305
36502,0.055549223
36503,0.08528801
36504,0.029033802
36505,0.039150253
36506,0.04065716
36507,0.024619263
36508,0.039217304
36509,0.039892882
36510,0.3740302
36511,0.65919054
36512,0.08741568
36513,0.0791987
36514,0.0659446
36515,0.08205949
36516,0.074168764
36517,0.45875287
36518,0.050174374
36519,0.03583555
36520,0.03156453
36521,0.073878504
36522,0.07470717
36523,0.4051818
36524,0.2634605
36525,0.2521396
36526,0.07355087
36527,0.71774524
36528,0.23054689
36529,0.016034773
36530,0.06746476
36531,0.07923428
36532,0.018714175
36533,0.048997726
36534,0.49461395
36535,0.050683036
36536,0.035790488
36537,0.034008823
36538,0.041953098
36539,0.06900441
36540,0.42235634
36541,0.25791264
36542,0.4668405
36543,0.40059894
36544,0.075244226
36545,0.07257628
36546,0.25109687
36547,0.025346741
36548,0.07386175
36549,0.055419877
36550,0.041970953
36551,0.4552551
36552,0.25062615
36553,0.049172953
36554,0.49147186
36555,0.3968999
36556,0.005818499
36557,0.058676776
36558,0.067652754
36559,0.058653105
36560,0.04322443
36561,0.010088436
36562,0.026944324
36563,0.049232222
36564,0.060972884
36565,0.05887837
36566,0.067832805
36567,0.38499174
36568,0.69354707
36569,0.40974632
36570,0.25486448
36571,0.582559
36572,0.060644783
36573,0.023842877
36574,0.054523766
36575,0.05605271
36576,0.22207354
36577,0.08177504
36578,0.05224493
36579,0.027194
36580,0.051753934
36581,0.06927283
36582,0.016416037
36583,0.041146427
36584,0.0632637
36585,0.013069266
36586,0.037426803
36587,0.011349169
36588,0.031603374
36589,0.056431603
36590,0.050177377
36591,0.05667515
36592,0.39788702
36593,0.23453125
36594,0.36801058
36595,0.6493557
36596,0.59384674
36597,0.2560485
36598,0.066192
36599,0.043035474
36600,0.017833568
36601,0.043819506
36602,0.067032166
36603,0.0135584595
36604,0.031410616
36605,0.6182978
36606,0.04338646
36607,0.016476277
36608,0.05088707
36609,0.043944325
36610,0.21901736
36611,0.03735788
36612,0.042573567
36613,0.014977525
36614,0.04196367
36615,0.0127722565
36616,0.012421714
36617,0.026278976
36618,0.058855712
36619,0.064128384
36620,0.45537853
36621,0.39524722
36622,0.22352375
36623,0.55112815
36624,0.25683504
36625,0.2513428
36626,0.07666988
36627,0.039557487
36628,0.032088295
36629,0.034503777
36630,0.044711906
36631,0.04262577
36632,0.03531468
36633,0.051368687
36634,0.43431482
36635,0.06256505
36636,0.14221309
36637,0.030259136
36638,0.063999675
36639,0.067187645
36640,0.07349493
36641,0.2410452
36642,0.04180279
36643,0.028862977
36644,0.008640519
36645,0.039408255
36646,0.07676104
36647,0.5599649
36648,0.38992274
36649,0.5637621
36650,0.38173646
36651,0.4038624
36652,0.07244708
36653,0.06092559
36654,0.04162747
36655,0.020461248
36656,0.038619883
36657,0.029358553
36658,0.0745161
36659,0.072740786
36660,0.059171014
36661,0.2534155
36662,0.025943313
36663,0.056222685
36664,0.41873297
36665,0.03927082
36666,0.009744952
36667,0.009995649
36668,0.06498759
36669,0.23187993
36670,0.029408365
36671,0.21928038
36672,0.07476369
36673,0.056117173
36674,0.06427813
36675,0.029407209
36676,0.060897216
36677,0.058359697
36678,0.03604028
36679,0.06874756
36680,0.063473076
36681,0.040070094
36682,0.0666672
36683,0.010738185
36684,0.022491077
36685,0.22025767
36686,0.031250488
36687,0.07046953
36688,0.032794654
36689,0.041473635
36690,0.038528807
36691,0.07764846
36692,0.24860758
36693,0.49902335
36694,0.065130256
36695,0.009189203
36696,0.011224278
36697,0.016406326
36698,0.016182113
36699,0.026655741
36700,0.045265757
36701,0.05323041
36702,0.2370933
36703,0.01289795
36704,0.030013623
36705,0.012587656
36706,0.030067446
36707,0.016720664
36708,0.0104340585
36709,0.023974
36710,0.056073897
36711,0.060821366
36712,0.38565886
36713,0.012980727
36714,0.014977525
36715,0.030950306
36716,0.054472674
36717,0.061780713
36718,0.46025118
36719,0.06696765
36720,0.011457323
36721,0.009393695
36722,0.23015052
36723,0.035408083
36724,0.05607594
36725,0.073108815
36726,0.015358306
36727,0.4000363
36728,0.013157784
36729,0.016253665
36730,0.024163425
36731,0.06900441
36732,0.05154624
36733,0.037893258
36734,0.015644185
36735,0.026084686
36736,0.049815353
36737,0.090198465
36738,0.028046362
36739,0.015898377
36740,0.027873304
36741,0.03944568
36742,0.049174488
36743,0.24593666
36744,0.051408675
36745,0.24348223
36746,0.06278868
36747,0.013396596
36748,0.042385552
36749,0.04348914
36750,0.050479334
36751,0.2563717
36752,0.24064192
36753,0.016864663
36754,0.058676776
36755,0.042663395
36756,0.45693818
36757,0.5841461
36758,0.06316287
36759,0.062448338
36760,0.012707078
36761,0.059212532
36762,0.04315889
36763,0.03945514
36764,0.05959412
36765,0.06139184
36766,0.065085515
36767,0.6168805
36768,0.016301092
36769,0.056641266
36770,0.057666883
36771,0.056333978
36772,0.015516179
36773,0.07126656
36774,0.44407186
36775,0.055031717
36776,0.23120007
36777,0.023987733
36778,0.05529413
36779,0.019196479
36780,0.05703258
36781,0.026972223
36782,0.023123195
36783,0.04555092
36784,0.049934465
36785,0.025499558
36786,0.016332658
36787,0.048901264
36788,0.016027348
36789,0.07794563
36790,0.039906047
36791,0.013837913
36792,0.031410508
36793,0.05820123
36794,0.06301337
36795,0.01801665
36796,0.023611452
36797,0.049197137
36798,0.6956608
36799,0.05139246
36800,0.066109695
36801,0.043163024
36802,0.036080778
36803,0.04158857
36804,0.042645976
36805,0.01545526
36806,0.5095546
36807,0.025474468
36808,0.0052002924
36809,0.0055064578
36810,0.00697924
36811,0.043131076
36812,0.21711236
36813,0.06901061
36814,0.03730041
36815,0.04280538
36816,0.25367853
36817,0.026158774
36818,0.016809158
36819,0.018281993
36820,0.040765923
36821,0.029433442
36822,0.23904797
36823,0.050977066
36824,0.01273197
36825,0.013413363
36826,0.05151454
36827,0.0770263
36828,0.061239794
36829,0.055168662
36830,0.051920306
36831,0.025936076
36832,0.04384697
36833,0.051379927
36834,0.079779185
36835,0.22916314
36836,0.007863143
36837,0.03098186
36838,0.013701754
36839,0.0110304495
36840,0.017374983
36841,0.014351038
36842,0.013396596
36843,0.021960571
36844,0.049006324
36845,0.044548277
36846,0.069191605
36847,0.020224404
36848,0.22851141
36849,0.008776975
36850,0.2490899
36851,0.024296705
36852,0.016531717
36853,0.014659949
36854,0.007693285
36855,0.014041242
36856,0.030671535
36857,0.013753614
36858,0.008055024
36859,0.050830852
36860,0.026920011
36861,0.041184932
36862,0.012869608
36863,0.041986044
36864,0.013884709
36865,0.063658856
36866,0.025430003
36867,0.043340266
36868,0.010986284
36869,0.03097327
36870,0.008668364
36871,0.014014756
36872,0.060647972
36873,0.24787264
36874,0.05069951
36875,0.052025065
36876,0.051684458
36877,0.058205266
36878,0.019582221
36879,0.057492398
36880,0.01326072
36881,0.06459625
36882,0.07222225
36883,0.015418051
36884,0.024490722
36885,0.030224878
36886,0.011041876
36887,0.014599629
36888,0.008098774
36889,0.009527568
36890,0.031084443
36891,0.010983731
36892,0.056833807
36893,0.04906088
36894,0.007807141
36895,0.07710436
36896,0.02201723
36897,0.015166541
36898,0.006243644
36899,0.009690814
36900,0.044458434
36901,0.01756168
36902,0.02507275
36903,0.031260367
36904,0.030204684
36905,0.07331305
36906,0.37833512
36907,0.016991338
36908,0.21886648
36909,0.018262457
36910,0.03990087
36911,0.03411719
36912,0.04769024
36913,0.039792866
36914,0.048680726
36915,0.040334493
36916,0.036641788
36917,0.038663544
36918,0.06011328
36919,0.0391167
36920,0.036497828
36921,0.40343073
36922,0.03973545
36923,0.056431994
36924,0.039518714
36925,0.23637012
36926,0.22896366
36927,0.02440123
36928,0.040468395
36929,0.020460147
36930,0.41185844
36931,0.056269642
36932,0.3884903
36933,0.057122808
36934,0.06904657
36935,0.05129297
36936,0.058154076
36937,0.00958254
36938,0.0115272235
36939,0.40480414
36940,0.02959394
36941,0.5085081
36942,0.23356079
36943,0.039167643
36944,0.23214479
36945,0.05075693
36946,0.010207845
36947,0.026621457
36948,0.014015485
36949,0.06299068
36950,0.23281987
36951,0.5162376
36952,0.49221075
36953,0.039582424
36954,0.06735231
36955,0.07186878
36956,0.047364417
36957,0.03980238
36958,0.05117234
36959,0.056621768
36960,0.034155697
36961,0.41231015
36962,0.06766729
36963,0.23188488
36964,0.5176549
36965,0.066356435
36966,0.47716743
36967,0.04868396
36968,0.073707335
36969,0.04591641
36970,0.041980572
36971,0.032947935
36972,0.052363727
36973,0.024047457
36974,0.059179645
36975,0.064733975
36976,0.0581958
36977,0.0307804
36978,0.036708895
36979,0.053245645
36980,0.24709524
36981,0.03974923
36982,0.029980524
36983,0.0471584
36984,0.055274732
36985,0.037996694
36986,0.024558209
36987,0.04837564
36988,0.078262165
36989,0.048175626
36990,0.24936222
36991,0.04741091
36992,0.037200976
36993,0.021801354
36994,0.00965102
36995,0.49686256
36996,0.21932009
36997,0.017848672
36998,0.054251567
36999,0.4834959
37000,0.52720416
37001,0.010133049
37002,0.053732865
37003,0.045524385
37004,0.013553211
37005,0.01941002
37006,0.035938974
37007,0.054170813
37008,0.051954325
37009,0.058392953
37010,0.24564333
37011,0.4433987
37012,0.16148597
37013,0.040078603
37014,0.029072627
37015,0.032707144
37016,0.23422717
37017,0.039366983
37018,0.0055625504
37019,0.052501388
37020,0.23416157
37021,0.4451958
37022,0.056305256
37023,0.02143778
37024,0.01814572
37025,0.038542457
37026,0.047972366
37027,0.026705861
37028,0.009045015
37029,0.06489686
37030,0.07756986
37031,0.05836471
37032,0.057577487
37033,0.048174992
37034,0.008636908
37035,0.035403706
37036,0.028193364
37037,0.027651975
37038,0.03335779
37039,0.21186206
37040,0.04596038
37041,0.055353742
37042,0.011906065
37043,0.034642752
37044,0.0247174
37045,0.012811987
37046,0.020654462
37047,0.037716914
37048,0.021370057
37049,0.053392854
37050,0.39675933
37051,0.38688567
37052,0.03923432
37053,0.036646605
37054,0.03597696
37055,0.05759648
37056,0.051741116
37057,0.012267136
37058,0.047586296
37059,0.012378399
37060,0.010761753
37061,0.028272284
37062,0.014499885
37063,0.066569686
37064,0.024300257
37065,0.021009363
37066,0.029423228
37067,0.047397606
37068,0.04864879
37069,0.07011532
37070,0.21156515
37071,0.21709852
37072,0.048177935
37073,0.036639888
37074,0.015113819
37075,0.045746315
37076,0.039707497
37077,0.22653864
37078,0.039671674
37079,0.5481341
37080,0.060227375
37081,0.061448574
37082,0.04336201
37083,0.042042222
37084,0.0151530905
37085,0.008376224
37086,0.0486108
37087,0.007516436
37088,0.014579632
37089,0.014883017
37090,0.053130094
37091,0.03893115
37092,0.05205314
37093,0.047743507
37094,0.059830636
37095,0.22980148
37096,0.3895039
37097,0.048547544
37098,0.019226806
37099,0.054126065
37100,0.037865564
37101,0.052886363
37102,0.047341675
37103,0.06238241
37104,0.037883006
37105,0.060416073
37106,0.036594313
37107,0.032705843
37108,0.015232134
37109,0.062276673
37110,0.05110421
37111,0.02913657
37112,0.020406986
37113,0.032683026
37114,0.04572225
37115,0.051006038
37116,0.06365539
37117,0.05630052
37118,0.23614715
37119,0.22155693
37120,0.06637438
37121,0.009836432
37122,0.053976405
37123,0.009026297
37124,0.042743314
37125,0.037974373
37126,0.054304235
37127,0.029745184
37128,0.04033415
37129,0.03640211
37130,0.043682054
37131,0.054674357
37132,0.030017113
37133,0.047364585
37134,0.0069890344
37135,0.050656527
37136,0.011640459
37137,0.034432277
37138,0.059724465
37139,0.046628874
37140,0.064072855
37141,0.58927923
37142,0.054869555
37143,0.06099569
37144,0.047909163
37145,0.051962893
37146,0.052063275
37147,0.054964513
37148,0.043563325
37149,0.008274304
37150,0.007948928
37151,0.016826548
37152,0.09912542
37153,0.052311808
37154,0.054109912
37155,0.046739824
37156,0.053147305
37157,0.024414407
37158,0.014771464
37159,0.017394306
37160,0.03547491
37161,0.38129655
37162,0.049377978
37163,0.038480513
37164,0.059827592
37165,0.5208947
37166,0.054432884
37167,0.059658542
37168,0.045718063
37169,0.23976947
37170,0.3795988
37171,0.04923483
37172,0.01642501
37173,0.039416317
37174,0.04074492
37175,0.057127852
37176,0.07057112
37177,0.03725944
37178,0.24253654
37179,0.054592896
37180,0.050739076
37181,0.012227442
37182,0.01682893
37183,0.042069152
37184,0.0486739
37185,0.012237081
37186,0.06607028
37187,0.065675244
37188,0.22704083
37189,0.05206702
37190,0.02860177
37191,0.060450584
37192,0.06812512
37193,0.0746691
37194,0.0460204
37195,0.04136414
37196,0.018084392
37197,0.048700795
37198,0.6475311
37199,0.035276096
37200,0.06870337
37201,0.5085956
37202,0.07092612
37203,0.013988096
37204,0.009655638
37205,0.0074633537
37206,0.036699392
37207,0.043213706
37208,0.2326211
37209,0.38701332
37210,0.05184339
37211,0.053422295
37212,0.06911032
37213,0.06820685
37214,0.06772318
37215,0.07506706
37216,0.42287368
37217,0.052944113
37218,0.016180165
37219,0.04017297
37220,0.056292705
37221,0.043241784
37222,0.2505225
37223,0.6436299
37224,0.03881739
37225,0.4204917
37226,0.011839124
37227,0.039405134
37228,0.079163924
37229,0.010356239
37230,0.040267278
37231,0.05171678
37232,0.013478665
37233,0.037385713
37234,0.40643832
37235,0.037832156
37236,0.051278103
37237,0.23535253
37238,0.06729658
37239,0.080147244
37240,0.25255543
37241,0.24984373
37242,0.024821712
37243,0.24000369
37244,0.057581283
37245,0.062349882
37246,0.6479436
37247,0.44330338
37248,0.25106573
37249,0.021283766
37250,0.067275606
37251,0.047767576
37252,0.024355264
37253,0.017195096
37254,0.04573658
37255,0.006871099
37256,0.008094027
37257,0.029468343
37258,0.044588592
37259,0.05634178
37260,0.05527052
37261,0.059216138
37262,0.054041192
37263,0.06406502
37264,0.05704488
37265,0.024852408
37266,0.05956845
37267,0.23644692
37268,0.046983138
37269,0.6602686
37270,0.64813405
37271,0.52350646
37272,0.0046451427
37273,0.02434723
37274,0.013474661
37275,0.05474846
37276,0.42695484
37277,0.05324143
37278,0.04812094
37279,0.0067813983
37280,0.007314229
37281,0.046829462
37282,0.04843383
37283,0.04039638
37284,0.009254574
37285,0.38094753
37286,0.0135036325
37287,0.027115706
37288,0.21684411
37289,0.058159046
37290,0.040343165
37291,0.039949
37292,0.22945862
37293,0.054338284
37294,0.063985676
37295,0.05649368
37296,0.05755715
37297,0.6954494
37298,0.52548635
37299,0.53509396
37300,0.010797773
37301,0.048253413
37302,0.025061937
37303,0.0065360973
37304,0.3908628
37305,0.05637108
37306,0.24253552
37307,0.036876597
37308,0.055169437
37309,0.015114313
37310,0.05502542
37311,0.05820064
37312,0.06660445
37313,0.068271875
37314,0.52740127
37315,0.5077427
37316,0.06404334
37317,0.06617875
37318,0.05291046
37319,0.04702452
37320,0.060229097
37321,0.037564695
37322,0.030363645
37323,0.06925115
37324,0.0682293
37325,0.047994927
37326,0.058610715
37327,0.021291282
37328,0.65369385
37329,0.6400279
37330,0.6283168
37331,0.039487597
37332,0.37404808
37333,0.43007225
37334,0.0232884
37335,0.007605985
37336,0.013821176
37337,0.013379235
37338,0.030773519
37339,0.055324655
37340,0.04008095
37341,0.40316394
37342,0.58826005
37343,0.05247656
37344,0.056443535
37345,0.052822314
37346,0.06900135
37347,0.051166732
37348,0.06444643
37349,0.059935
37350,0.0333573
37351,0.05523809
37352,0.05718861
37353,0.057705026
37354,0.039153323
37355,0.48668483
37356,0.42463726
37357,0.07012972
37358,0.024985338
37359,0.05811326
37360,0.05139667
37361,0.074524075
37362,0.028185979
37363,0.037268188
37364,0.03673382
37365,0.01360197
37366,0.014729188
37367,0.037186988
37368,0.037446164
37369,0.23598717
37370,0.63952243
37371,0.08168782
37372,0.07353646
37373,0.05953273
37374,0.07270765
37375,0.066272765
37376,0.5064083
37377,0.0473248
37378,0.029739086
37379,0.06901177
37380,0.071290456
37381,0.22852376
37382,0.4588862
37383,0.24684264
37384,0.070492156
37385,0.60424924
37386,0.22676562
37387,0.06276933
37388,0.078859456
37389,0.016387934
37390,0.04569961
37391,0.4598865
37392,0.048195172
37393,0.033450358
37394,0.033580802
37395,0.038692098
37396,0.06392212
37397,0.40777877
37398,0.2514514
37399,0.25740102
37400,0.24489033
37401,0.06853784
37402,0.06822192
37403,0.24425983
37404,0.01689305
37405,0.024660282
37406,0.06769348
37407,0.050902992
37408,0.04099586
37409,0.5016711
37410,0.12178247
37411,0.04642417
37412,0.46631172
37413,0.24561627
37414,0.0047924737
37415,0.05386593
37416,0.060823932
37417,0.05429708
37418,0.007280023
37419,0.04559098
37420,0.05433394
37421,0.05494064
37422,0.062571764
37423,0.39660722
37424,0.65229356
37425,0.4093704
37426,0.24644123
37427,0.5616847
37428,0.05609001
37429,0.015334267
37430,0.051955435
37431,0.051510807
37432,0.064397655
37433,0.23886268
37434,0.047104865
37435,0.024296572
37436,0.048215054
37437,0.067112654
37438,0.039152306
37439,0.05762911
37440,0.017193042
37441,0.035321504
37442,0.014793402
37443,0.009470002
37444,0.029062157
37445,0.05231516
37446,0.045604534
37447,0.05194459
37448,0.3994622
37449,0.06825605
37450,0.36378962
37451,0.5693783
37452,0.5324231
37453,0.25265107
37454,0.059798785
37455,0.039974626
37456,0.040654562
37457,0.058731936
37458,0.011830214
37459,0.028686361
37460,0.64099336
37461,0.04016261
37462,0.04735071
37463,0.04006034
37464,0.21208428
37465,0.03587982
37466,0.040030938
37467,0.03953013
37468,0.011761131
37469,0.011294827
37470,0.024681928
37471,0.054312702
37472,0.059193145
37473,0.45136404
37474,0.4024355
37475,0.2193747
37476,0.5044301
37477,0.42461377
37478,0.2568964
37479,0.06910389
37480,0.036394566
37481,0.02942226
37482,0.03251941
37483,0.038679752
37484,0.03862466
37485,0.032500997
37486,0.047888283
37487,0.49572012
37488,0.2125754
37489,0.25114018
37490,0.028231155
37491,0.057258386
37492,0.06265498
37493,0.06883523
37494,0.23740585
37495,0.040104732
37496,0.027946994
37497,0.037268188
37498,0.06722524
37499,0.57061535
37500,0.40457338
37501,0.49523354
37502,0.4069803
37503,0.24410981
37504,0.06985581
37505,0.056115586
37506,0.038542457
37507,0.010786769
37508,0.01961466
37509,0.009258637
37510,0.02818516
37511,0.06562547
37512,0.06414326
37513,0.0537999
37514,0.077103406
37515,0.02318844
37516,0.05134562
37517,0.37584868
37518,0.037116475
37519,0.008689198
37520,0.059981253
37521,0.22777435
37522,0.028009808
37523,0.05954778
37524,0.06951124
37525,0.051916465
37526,0.056533847
37527,0.055194493
37528,0.053082258
37529,0.034128767
37530,0.22051775
37531,0.059825968
37532,0.03761561
37533,0.00809686
37534,0.06244688
37535,0.05674826
37536,0.030292498
37537,0.061715312
37538,0.031755798
37539,0.042214166
37540,0.036441524
37541,0.067986354
37542,0.41968513
37543,0.5174308
37544,0.062421072
37545,0.008655836
37546,0.010533755
37547,0.015313186
37548,0.02486649
37549,0.042555153
37550,0.012304497
37551,0.049199745
37552,0.06688893
37553,0.011184632
37554,0.027838929
37555,0.012571358
37556,0.00921661
37557,0.021260558
37558,0.05126903
37559,0.054303296
37560,0.3888372
37561,0.012173219
37562,0.013827638
37563,0.029174441
37564,0.051464777
37565,0.055712864
37566,0.4235155
37567,0.061652876
37568,0.010070914
37569,0.008691577
37570,0.22637379
37571,0.013008963
37572,0.05129762
37573,0.22288571
37574,0.042169888
37575,0.00889319
37576,0.008328283
37577,0.25214526
37578,0.013718362
37579,0.022373494
37580,0.063651495
37581,0.047566697
37582,0.036727518
37583,0.024255728
37584,0.04727438
37585,0.07438143
37586,0.027823176
37587,0.01490085
37588,0.0266268
37589,0.03718235
37590,0.046737626
37591,0.23835872
37592,0.048062295
37593,0.23870908
37594,0.055536617
37595,0.02796993
37596,0.012386984
37597,0.039603997
37598,0.04050362
37599,0.02474329
37600,0.4008411
37601,0.23184137
37602,0.014380835
37603,0.054247316
37604,0.040019702
37605,0.009067692
37606,0.47695354
37607,0.56729716
37608,0.06005586
37609,0.055651944
37610,0.054203264
37611,0.039794963
37612,0.03831358
37613,0.0553719
37614,0.053319864
37615,0.05869312
37616,0.5761668
37617,0.05206661
37618,0.012520399
37619,0.053600706
37620,0.051764224
37621,0.034054983
37622,0.06655395
37623,0.48938566
37624,0.051436286
37625,0.21867028
37626,0.022205167
37627,0.013602414
37628,0.050647207
37629,0.017358692
37630,0.05192008
37631,0.025136441
37632,0.020652289
37633,0.04310142
37634,0.046842124
37635,0.023487475
37636,0.045741197
37637,0.07089361
37638,0.033077985
37639,0.037137743
37640,0.02969084
37641,0.054177478
37642,0.057716455
37643,0.016765775
37644,0.021182679
37645,0.04568834
37646,0.6044443
37647,0.048583478
37648,0.057165895
37649,0.04065663
37650,0.034107454
37651,0.039071992
37652,0.039660357
37653,0.009835395
37654,0.24994628
37655,0.023677908
37656,0.004111962
37657,0.00716082
37658,0.039727304
37659,0.3671948
37660,0.007814691
37661,0.059479482
37662,0.024047278
37663,0.004492337
37664,0.04071692
37665,0.2477648
37666,0.023329277
37667,0.015651071
37668,0.022363856
37669,0.038881604
37670,0.028522974
37671,0.06931551
37672,0.048112143
37673,0.012037709
37674,0.048571285
37675,0.22656673
37676,0.05549246
37677,0.051337644
37678,0.04790967
37679,0.024399936
37680,0.042618863
37681,0.04920912
37682,0.24514756
37683,0.06827309
37684,0.006185933
37685,0.029267587
37686,0.011968479
37687,0.009397142
37688,0.01519481
37689,0.012211916
37690,0.020107089
37691,0.04486756
37692,0.040021356
37693,0.060153387
37694,0.06426719
37695,0.0070142774
37696,0.41714647
37697,0.007437719
37698,0.015899584
37699,0.022205167
37700,0.009597833
37701,0.014016233
37702,0.014943242
37703,0.0071048145
37704,0.011031042
37705,0.02794805
37706,0.010382868
37707,0.0116855055
37708,0.006026067
37709,0.047263548
37710,0.024379378
37711,0.038516846
37712,0.039114892
37713,0.0074336464
37714,0.00697434
37715,0.057388164
37716,0.023595706
37717,0.039555755
37718,0.029160924
37719,0.009762185
37720,0.01269987
37721,0.05384981
37722,0.24280806
37723,0.047129612
37724,0.04865244
37725,0.048002705
37726,0.054143816
37727,0.01801936
37728,0.052259255
37729,0.011540852
37730,0.058808915
37731,0.06367791
37732,0.014084024
37733,0.013171545
37734,0.030003445
37735,0.02423609
37736,0.02372062
37737,0.009105591
37738,0.0291346
37739,0.053130094
37740,0.047800954
37741,0.008893286
37742,0.23409845
37743,0.014120508
37744,0.021014666
37745,0.019982254
37746,0.028085655
37747,0.040515702
37748,0.023400791
37749,0.029890066
37750,0.007435137
37751,0.008636302
37752,0.070780836
37753,0.22128235
37754,0.014602704
37755,0.055771068
37756,0.016654886
37757,0.034712065
37758,0.04752262
37759,0.040085696
37760,0.04919194
37761,0.029799717
37762,0.037522905
37763,0.041016903
37764,0.036655027
37765,0.038849443
37766,0.061731517
37767,0.04091702
37768,0.036911476
37769,0.031174187
37770,0.4200453
37771,0.04031222
37772,0.054910257
37773,0.07185917
37774,0.068897806
37775,0.024430975
37776,0.04055836
37777,0.25270885
37778,0.05439743
37779,0.41878673
37780,0.058941368
37781,0.07121748
37782,0.051034342
37783,0.058236606
37784,0.0689271
37785,0.029782057
37786,0.6618879
37787,0.069046594
37788,0.04069102
37789,0.23125014
37790,0.05074003
37791,0.010638207
37792,0.027163811
37793,0.040143777
37794,0.066100515
37795,0.070799164
37796,0.5164152
37797,0.16868167
37798,0.039488476
37799,0.06777347
37800,0.07550889
37801,0.013391737
37802,0.0476499
37803,0.03903289
37804,0.05124335
37805,0.016783223
37806,0.057206716
37807,0.034754448
37808,0.44204348
37809,0.07266301
37810,0.2334072
37811,0.44295278
37812,0.22684225
37813,0.019447308
37814,0.51814765
37815,0.014284785
37816,0.04862044
37817,0.0787017
37818,0.04571226
37819,0.043106638
37820,0.032656696
37821,0.052305944
37822,0.024777604
37823,0.058785163
37824,0.06269891
37825,0.05808206
37826,0.05317527
37827,0.41068774
37828,0.040427983
37829,0.029838499
37830,0.04730295
37831,0.04994025
37832,0.05554535
37833,0.037750967
37834,0.024622465
37835,0.048407033
37836,0.0727316
37837,0.048270416
37838,0.24792583
37839,0.047508296
37840,0.037347335
37841,0.021592472
37842,0.44372576
37843,0.4039065
37844,0.054915853
37845,0.43665013
37846,0.47595903
37847,0.0051649315
37848,0.053857222
37849,0.045646254
37850,0.035831597
37851,0.054168455
37852,0.05160223
37853,0.058764596
37854,0.07449727
37855,0.44852924
37856,0.1672844
37857,0.039731514
37858,0.029386539
37859,0.032953937
37860,0.24267969
37861,0.015598293
37862,0.03999079
37863,0.008395145
37864,0.20227616
37865,0.039937098
37866,0.23372324
37867,0.49211127
37868,0.056166288
37869,0.018157264
37870,0.038349837
37871,0.048343286
37872,0.02695342
37873,0.06281932
37874,0.07683491
37875,0.056949064
37876,0.058617096
37877,0.04851419
37878,0.03595728
37879,0.029352322
37880,0.028371425
37881,0.032626476
37882,0.21434048
37883,0.046360817
37884,0.05586543
37885,0.012018626
37886,0.033991925
37887,0.025135323
37888,0.014692261
37889,0.012422384
37890,0.02138166
37891,0.038129333
37892,0.021554345
37893,0.051223926
37894,0.39983854
37895,0.43700412
37896,0.039245397
37897,0.036702156
37898,0.057537876
37899,0.051968288
37900,0.0128683355
37901,0.04716204
37902,0.012500374
37903,0.07374433
37904,0.02491048
37905,0.021891024
37906,0.02908379
37907,0.049068008
37908,0.048898317
37909,0.06895703
37910,0.06112672
37911,0.21989293
37912,0.048665445
37913,0.036594775
37914,0.0149986
37915,0.046355978
37916,0.040056385
37917,0.0102222655
37918,0.22606786
37919,0.040118
37920,0.5087277
37921,0.06307265
37922,0.01687898
37923,0.059961054
37924,0.0429197
37925,0.042396326
37926,0.019813698
37927,0.007661649
37928,0.010256364
37929,0.04849939
37930,0.024855537
37931,0.014559202
37932,0.014347384
37933,0.053380284
37934,0.039369747
37935,0.051976826
37936,0.0474785
37937,0.06040109
37938,0.06683775
37939,0.4167877
37940,0.048665613
37941,0.019403495
37942,0.054286428
37943,0.01291541
37944,0.03730307
37945,0.006777193
37946,0.054579727
37947,0.04717475
37948,0.06317632
37949,0.038501874
37950,0.05839664
37951,0.035935666
37952,0.047187053
37953,0.032697983
37954,0.0646845
37955,0.008895503
37956,0.050269134
37957,0.030281875
37958,0.019588152
37959,0.03272966
37960,0.046935678
37961,0.05178696
37962,0.063623555
37963,0.055715244
37964,0.23870164
37965,0.22336933
37966,0.06751581
37967,0.009580981
37968,0.055329744
37969,0.009345725
37970,0.043868463
37971,0.03812994
37972,0.05428982
37973,0.029647194
37974,0.018000027
37975,0.040561926
37976,0.036668546
37977,0.043730926
37978,0.054806612
37979,0.030378109
37980,0.047467142
37981,0.0049581593
37982,0.05121872
37983,0.011333436
37984,0.034094095
37985,0.21261969
37986,0.047881205
37987,0.068409294
37988,0.63329035
37989,0.056397542
37990,0.06004692
37991,0.047283307
37992,0.05054707
37993,0.052854497
37994,0.05493294
37995,0.044410992
37996,0.008417627
37997,0.015173191
37998,0.25296724
37999,0.052127514
38000,0.054151155
38001,0.04655086
38002,0.05296768
38003,0.014289065
38004,0.024542317
38005,0.015862206
38006,0.017277952
38007,0.036030013
38008,0.41326085
38009,0.049594864
38010,0.038318053
38011,0.057215516
38012,0.61886567
38013,0.056263015
38014,0.01216833
38015,0.05824751
38016,0.047281116
38017,0.24110958
38018,0.4089183
38019,0.049392056
38020,0.016917894
38021,0.03968669
38022,0.040406678
38023,0.058762293
38024,0.06869152
38025,0.037318677
38026,0.07888062
38027,0.054661855
38028,0.05125896
38029,0.012349261
38030,0.016852874
38031,0.04225704
38032,0.049014147
38033,0.012923776
38034,0.06531571
38035,0.06854345
38036,0.22588754
38037,0.053475115
38038,0.029084185
38039,0.059187397
38040,0.06990034
38041,0.23998103
38042,0.04571801
38043,0.040595002
38044,0.018171588
38045,0.04911224
38046,0.5595535
38047,0.034920316
38048,0.07043099
38049,0.4761829
38050,0.068212114
38051,0.014357137
38052,0.0105473595
38053,0.0077394643
38054,0.03598391
38055,0.047136556
38056,0.23305005
38057,0.37332213
38058,0.050939023
38059,0.053919457
38060,0.07120111
38061,0.067198545
38062,0.06430032
38063,0.07644948
38064,0.43123427
38065,0.054454766
38066,0.040835027
38067,0.055405915
38068,0.043477394
38069,0.08044801
38070,0.6699971
38071,0.038683902
38072,0.39524305
38073,0.039586563
38074,0.07631681
38075,0.010375114
38076,0.04153403
38077,0.052191883
38078,0.012953143
38079,0.037923303
38080,0.43526027
38081,0.037293036
38082,0.052418884
38083,0.23488158
38084,0.07022689
38085,0.075328454
38086,0.24640274
38087,0.24606755
38088,0.024760818
38089,0.078620315
38090,0.060038414
38091,0.06513322
38092,0.5537251
38093,0.49224675
38094,0.25217637
38095,0.021657592
38096,0.07000705
38097,0.04853326
38098,0.022568002
38099,0.045903705
38100,0.0072608795
38101,0.008974142
38102,0.030226907
38103,0.045983225
38104,0.055882867
38105,0.05437167
38106,0.05810018
38107,0.05451079
38108,0.06560536
38109,0.05736495
38110,0.025727103
38111,0.059081223
38112,0.07390844
38113,0.014690237
38114,0.04722925
38115,0.59416187
38116,0.48161468
38117,0.56242764
38118,0.0050501176
38119,0.022271577
38120,0.0142365405
38121,0.054974716
38122,0.45271206
38123,0.05357919
38124,0.048504762
38125,0.006985881
38126,0.0077761724
38127,0.046218857
38128,0.04878735
38129,0.040189706
38130,0.0093307365
38131,0.3949602
38132,0.014253107
38133,0.027409313
38134,0.05947961
38135,0.05947298
38136,0.040266022
38137,0.040021874
38138,0.22882871
38139,0.054426312
38140,0.0642291
38141,0.056608103
38142,0.059153337
38143,0.65997535
38144,0.54736006
38145,0.6268307
38146,0.0494865
38147,0.024967715
38148,0.43324968
38149,0.054701496
38150,0.24085876
38151,0.03766298
38152,0.05503517
38153,0.015008765
38154,0.0564307
38155,0.05857523
38156,0.06893669
38157,0.07151546
38158,0.4619529
38159,0.49231777
38160,0.06819582
38161,0.06430144
38162,0.052572835
38163,0.04664727
38164,0.05856313
38165,0.037665937
38166,0.030295286
38167,0.02019412
38168,0.06721428
38169,0.07145499
38170,0.04798076
38171,0.058183223
38172,0.021977061
38173,0.6888224
38174,0.5418702
38175,0.49745458
38176,0.040002096
38177,0.22517516
38178,0.45087302
38179,0.025148517
38180,0.0072380067
38181,0.031007558
38182,0.05563046
38183,0.040288776
38184,0.13588913
38185,0.54968935
38186,0.053085722
38187,0.056904454
38188,0.053856686
38189,0.069443695
38190,0.051301368
38191,0.06435374
38192,0.057906
38193,0.034042228
38194,0.05633893
38195,0.057787035
38196,0.05759153
38197,0.040401727
38198,0.01968575
38199,0.5492837
38200,0.25058326
38201,0.067684375
38202,0.05252794
38203,0.024026636
38204,0.060355693
38205,0.0522815
38206,0.07481097
38207,0.028628565
38208,0.038297974
38209,0.038019296
38210,0.013943543
38211,0.0149156945
38212,0.037321232
38213,0.03774349
38214,0.23894595
38215,0.63436675
38216,0.07794972
38217,0.24302061
38218,0.06197698
38219,0.07243861
38220,0.069280155
38221,0.51465076
38222,0.047214225
38223,0.029749569
38224,0.06936654
38225,0.06795908
38226,0.3505956
38227,0.47811714
38228,0.24666591
38229,0.070622355
38230,0.70464915
38231,0.2273026
38232,0.06302557
38233,0.23736303
38234,0.017322421
38235,0.045934554
38236,0.42636254
38237,0.048323885
38238,0.032730468
38239,0.032701157
38240,0.039499138
38241,0.0644121
38242,0.42510885
38243,0.250975
38244,0.52577627
38245,0.25374618
38246,0.06883247
38247,0.06729073
38248,0.25325003
38249,0.0109610045
38250,0.0694797
38251,0.050972875
38252,0.040204134
38253,0.5193128
38254,0.24855638
38255,0.045333486
38256,0.5322592
38257,0.2578883
38258,0.05463363
38259,0.058572657
38260,0.05394688
38261,0.04053515
38262,0.024676463
38263,0.045376427
38264,0.054786306
38265,0.05475357
38266,0.06625675
38267,0.41474828
38268,0.6643101
38269,0.41981557
38270,0.2510503
38271,0.570696
38272,0.05654331
38273,0.014604819
38274,0.052246552
38275,0.052182782
38276,0.064397484
38277,0.2401976
38278,0.048985355
38279,0.025227698
38280,0.049037177
38281,0.063637845
38282,0.014308732
38283,0.038679503
38284,0.058415182
38285,0.01749065
38286,0.012892812
38287,0.034402244
38288,0.009326151
38289,0.029777838
38290,0.051367607
38291,0.04663245
38292,0.05318227
38293,0.23432313
38294,0.23214416
38295,0.3766421
38296,0.58405536
38297,0.6282165
38298,0.2530116
38299,0.058649134
38300,0.039733816
38301,0.016715875
38302,0.04072003
38303,0.05890924
38304,0.029167514
38305,0.5963955
38306,0.040097803
38307,0.013604582
38308,0.047138773
38309,0.040310435
38310,0.34699148
38311,0.035723995
38312,0.039252706
38313,0.018236842
38314,0.03914656
38315,0.012326135
38316,0.024839401
38317,0.055025842
38318,0.057886764
38319,0.46486816
38320,0.3888544
38321,0.22015831
38322,0.6800277
38323,0.40425274
38324,0.25029945
38325,0.06870969
38326,0.03651261
38327,0.029860742
38328,0.03300732
38329,0.039918266
38330,0.038633708
38331,0.03298412
38332,0.049035586
38333,0.4535215
38334,0.21172667
38335,0.24765417
38336,0.028209792
38337,0.21951903
38338,0.062645026
38339,0.066374764
38340,0.08002264
38341,0.039362364
38342,0.028210528
38343,0.037937995
38344,0.07047028
38345,0.63879645
38346,0.3932951
38347,0.570372
38348,0.36549535
38349,0.24872188
38350,0.0713102
38351,0.054545764
38352,0.010670038
38353,0.018240055
38354,0.008934043
38355,0.009797663
38356,0.06410913
38357,0.06484796
38358,0.054938402
38359,0.24285638
38360,0.02472387
38361,0.050560214
38362,0.24303274
38363,0.036921117
38364,0.009510332
38365,0.008544519
38366,0.058820084
38367,0.22755608
38368,0.028015437
38369,0.060298003
38370,0.06961043
38371,0.05254216
38372,0.056754526
38373,0.028191522
38374,0.05580419
38375,0.052369278
38376,0.03413277
38377,0.21831246
38378,0.058376633
38379,0.038188428
38380,0.007941623
38381,0.060489338
38382,0.00975835
38383,0.056144647
38384,0.036356315
38385,0.03027461
38386,0.06279156
38387,0.03071191
38388,0.039281145
38389,0.036695298
38390,0.07203242
38391,0.24767007
38392,0.44938082
38393,0.059221856
38394,0.009797663
38395,0.015913192
38396,0.02493213
38397,0.043065492
38398,0.012049537
38399,0.051447865
38400,0.06909832
38401,0.012245272
38402,0.028373709
38403,0.015288617
38404,0.023924429
38405,0.049799222
38406,0.054418482
38407,0.44198024
38408,0.011044481
38409,0.014146094
38410,0.02931829
38411,0.050956488
38412,0.055443842
38413,0.5035055
38414,0.0591966
38415,0.00838335
38416,0.22717518
38417,0.05178761
38418,0.06679949
38419,0.042839795
38420,0.009728919
38421,0.24747229
38422,0.022910047
38423,0.06438462
38424,0.04821086
38425,0.0359889
38426,0.0143430205
38427,0.023743268
38428,0.047508296
38429,0.24682635
38430,0.027285775
38431,0.014871108
38432,0.02658005
38433,0.037179764
38434,0.04807822
38435,0.23928647
38436,0.048245687
38437,0.07256505
38438,0.056533355
38439,0.027613513
38440,0.03990629
38441,0.025406653
38442,0.109017104
38443,0.3748957
38444,0.014885473
38445,0.05412324
38446,0.0397652
38447,0.009461348
38448,0.4674991
38449,0.6645096
38450,0.061448734
38451,0.05570551
38452,0.0117396265
38453,0.05447745
38454,0.039957635
38455,0.038955502
38456,0.05642095
38457,0.05347872
38458,0.05915334
38459,0.7192757
38460,0.05247943
38461,0.012529686
38462,0.05317527
38463,0.05236558
38464,0.01469754
38465,0.033992242
38466,0.06891685
38467,0.525964
38468,0.05159151
38469,0.22590767
38470,0.023115214
38471,0.05094039
38472,0.013779484
38473,0.017416745
38474,0.053004224
38475,0.024862316
38476,0.021897856
38477,0.0431909
38478,0.04792695
38479,0.02428116
38480,0.045920946
38481,0.010576783
38482,0.014437892
38483,0.0685091
38484,0.033768024
38485,0.03726744
38486,0.054191373
38487,0.058489442
38488,0.021380633
38489,0.04594929
38490,0.62594384
38491,0.048270267
38492,0.058190383
38493,0.040298562
38494,0.03315631
38495,0.03962999
38496,0.040154167
38497,0.0100172
38498,0.24837981
38499,0.02401075
38500,0.0070481156
38501,0.012470628
38502,0.04000683
38503,0.37598592
38504,0.016019303
38505,0.059273478
38506,0.037253413
38507,0.039961714
38508,0.37763074
38509,0.024737086
38510,0.016121693
38511,0.016818747
38512,0.038674474
38513,0.02767356
38514,0.06926062
38515,0.048029717
38516,0.012796129
38517,0.048035733
38518,0.2271849
38519,0.05619973
38520,0.05120166
38521,0.047476605
38522,0.025121098
38523,0.04283041
38524,0.013913296
38525,0.048577014
38526,0.072252035
38527,0.22554149
38528,0.0060765706
38529,0.02940532
38530,0.011811194
38531,0.009568771
38532,0.015535655
38533,0.012678778
38534,0.012435019
38535,0.020899443
38536,0.04582013
38537,0.0397746
38538,0.05969858
38539,0.06413399
38540,0.25248638
38541,0.023343373
38542,0.01008526
38543,0.014675061
38544,0.015378862
38545,0.0072323615
38546,0.011712945
38547,0.047595073
38548,0.024357073
38549,0.038763404
38550,0.03928524
38551,0.011593449
38552,0.057263665
38553,0.023888728
38554,0.040350053
38555,0.009025395
38556,0.028573805
38557,0.012685971
38558,0.05277891
38559,0.24356492
38560,0.04854255
38561,0.04882748
38562,0.04840885
38563,0.054086085
38564,0.018187344
38565,0.052402467
38566,0.0120965745
38567,0.05759153
38568,0.06432586
38569,0.014341935
38570,0.029076435
38571,0.03083596
38572,0.02513739
38573,0.024515038
38574,0.016948422
38575,0.029238805
38576,0.053384803
38577,0.047016602
38578,0.029608019
38579,0.06911924
38580,0.021390978
38581,0.03996955
38582,0.02344251
38583,0.029811367
38584,0.02711676
38585,0.06961043
38586,0.06889981
38587,0.015011877
38588,0.055824596
38589,0.0131940795
38590,0.016541837
38591,0.041112468
38592,0.017657027
38593,0.034849938
38594,0.051572464
38595,0.03185718
38596,0.037088055
38597,0.04171017
38598,0.037127625
38599,0.03956932
38600,0.06766157
38601,0.037113342
38602,0.035756238
38603,0.40549093
38604,0.041310236
38605,0.05950149
38606,0.23391734
38607,0.2282105
38608,0.025644552
38609,0.04157939
38610,0.24981883
38611,0.0604761
38612,0.40866736
38613,0.063785054
38614,0.23533827
38615,0.05300096
38616,0.013365185
38617,0.012623885
38618,0.016935717
38619,0.07377801
38620,0.754753
38621,0.23126361
38622,0.042120762
38623,0.39009115
38624,0.052278332
38625,0.027031634
38626,0.014773182
38627,0.06862486
38628,0.07817907
38629,0.50578314
38630,0.4953656
38631,0.040957134
38632,0.0601418
38633,0.22657649
38634,0.07767705
38635,0.04997321
38636,0.039823618
38637,0.053913005
38638,0.020672549
38639,0.06212411
38640,0.4515353
38641,0.22937165
38642,0.23040001
38643,0.45865786
38644,0.070621274
38645,0.020295562
38646,0.4323918
38647,0.05079607
38648,0.07812331
38649,0.04715675
38650,0.04385274
38651,0.033427145
38652,0.055291027
38653,0.06308202
38654,0.06840571
38655,0.064245865
38656,0.031618655
38657,0.057927113
38658,0.4109354
38659,0.04146504
38660,0.05056533
38661,0.052136227
38662,0.0601357
38663,0.037919883
38664,0.048615996
38665,0.077489816
38666,0.25233057
38667,0.05015629
38668,0.049992222
38669,0.03763934
38670,0.021773504
38671,0.45941454
38672,0.06821367
38673,0.05924344
38674,0.477181
38675,0.4557408
38676,0.057613034
38677,0.047205657
38678,0.015273897
38679,0.013027181
38680,0.037232295
38681,0.055776875
38682,0.065802604
38683,0.2489276
38684,0.44382027
38685,0.16170518
38686,0.041633233
38687,0.007507155
38688,0.033616614
38689,0.24204116
38690,0.016643504
38691,0.03979245
38692,0.05400981
38693,0.040420465
38694,0.025747405
38695,0.23071988
38696,0.48702866
38697,0.061341774
38698,0.017749527
38699,0.03939414
38700,0.05035124
38701,0.008179644
38702,0.021704288
38703,0.027016483
38704,0.070537396
38705,0.08196544
38706,0.06147337
38707,0.063013546
38708,0.051024076
38709,0.029850472
38710,0.033543203
38711,0.21627843
38712,0.049242944
38713,0.059410676
38714,0.013110922
38715,0.035299122
38716,0.025481526
38717,0.015081083
38718,0.012691571
38719,0.02212872
38720,0.03861535
38721,0.022252992
38722,0.055484
38723,0.4426728
38724,0.41359067
38725,0.040108994
38726,0.03755351
38727,0.035430428
38728,0.06243524
38729,0.05412281
38730,0.04963265
38731,0.012704875
38732,0.028229669
38733,0.07005702
38734,0.025145695
38735,0.021873957
38736,0.029776974
38737,0.05104838
38738,0.05114572
38739,0.07503602
38740,0.2156067
38741,0.22181772
38742,0.05017617
38743,0.036918167
38744,0.015041157
38745,0.047848627
38746,0.040222142
38747,0.015199385
38748,0.22770873
38749,0.041337147
38750,0.6827099
38751,0.06633885
38752,0.068313375
38753,0.04480564
38754,0.044307817
38755,0.05139245
38756,0.025679057
38757,0.024619997
38758,0.014847929
38759,0.015112249
38760,0.058202267
38761,0.0400056
38762,0.056249898
38763,0.050518006
38764,0.06514675
38765,0.068943806
38766,0.4370887
38767,0.051519014
38768,0.019555891
38769,0.058792118
38770,0.013573549
38771,0.037777144
38772,0.05950761
38773,0.049518026
38774,0.068494014
38775,0.03750024
38776,0.06506812
38777,0.0486347
38778,0.033262093
38779,0.015477626
38780,0.073532075
38781,0.0088740215
38782,0.02979015
38783,0.055531543
38784,0.029411973
38785,0.020366991
38786,0.033014454
38787,0.049204282
38788,0.05458554
38789,0.06827068
38790,0.06026416
38791,0.07672853
38792,0.22181761
38793,0.22668783
38794,0.010394254
38795,0.059364676
38796,0.04485073
38797,0.038796283
38798,0.059672993
38799,0.04256876
38800,0.03844621
38801,0.04533678
38802,0.059595212
38803,0.030228158
38804,0.048291314
38805,0.05269886
38806,0.012389019
38807,0.035316687
38808,0.21550694
38809,0.049998775
38810,0.06899122
38811,0.2604253
38812,0.06102587
38813,0.068163425
38814,0.050112307
38815,0.05591174
38816,0.05537646
38817,0.059862494
38818,0.04317076
38819,0.00784244
38820,0.016311571
38821,0.253214
38822,0.055787075
38823,0.059279133
38824,0.050743323
38825,0.05747596
38826,0.024890013
38827,0.017169992
38828,0.036085956
38829,0.11129659
38830,0.05311896
38831,0.04049319
38832,0.06253935
38833,0.6095837
38834,0.059359174
38835,0.012065528
38836,0.06702044
38837,0.049078695
38838,0.08610445
38839,0.41887584
38840,0.050769027
38841,0.01702766
38842,0.04092072
38843,0.041760158
38844,0.06434956
38845,0.07541147
38846,0.03784946
38847,0.07766062
38848,0.05951729
38849,0.054919723
38850,0.0127100125
38851,0.017101327
38852,0.04385516
38853,0.051685076
38854,0.012322905
38855,0.06807768
38856,0.07113636
38857,0.2277978
38858,0.057732213
38859,0.030057942
38860,0.063799575
38861,0.07306848
38862,0.083792396
38863,0.04666894
38864,0.04173436
38865,0.018766513
38866,0.011280128
38867,0.051815387
38868,0.5307395
38869,0.03729653
38870,0.073011555
38871,0.45388296
38872,0.07426166
38873,0.015121962
38874,0.0077267783
38875,0.037319124
38876,0.044781297
38877,0.36715814
38878,0.23803282
38879,0.056510895
38880,0.058570806
38881,0.071434416
38882,0.073066495
38883,0.07273948
38884,0.08807039
38885,0.38154465
38886,0.058510974
38887,0.042307477
38888,0.0599883
38889,0.044699933
38890,0.24876714
38891,0.6126341
38892,0.25397658
38893,0.012274122
38894,0.18017907
38895,0.083262555
38896,0.013321181
38897,0.01202905
38898,0.041569028
38899,0.054044954
38900,0.014525201
38901,0.038355514
38902,0.41553935
38903,0.037537016
38904,0.056006655
38905,0.23474142
38906,0.07140793
38907,0.08414094
38908,0.3952382
38909,0.08088816
38910,0.026020985
38911,0.0833069
38912,0.06424465
38913,0.07010722
38914,0.7583058
38915,0.25255507
38916,0.24480514
38917,0.021971522
38918,0.073760234
38919,0.050971486
38920,0.01697088
38921,0.009200211
38922,0.04827724
38923,0.0074344487
38924,0.008865774
38925,0.03072722
38926,0.047896907
38927,0.05765773
38928,0.060846277
38929,0.06633164
38930,0.058664043
38931,0.07118742
38932,0.06294582
38933,0.065756455
38934,0.2382179
38935,0.015153514
38936,0.049237795
38937,0.75692576
38938,0.7560573
38939,0.6416573
38940,0.013889096
38941,0.059289444
38942,0.5046743
38943,0.05841543
38944,0.051856652
38945,0.04815238
38946,0.051117297
38947,0.040059794
38948,0.009404682
38949,0.39025018
38950,0.014557597
38951,0.028131792
38952,0.06547932
38953,0.06621762
38954,0.04224056
38955,0.03992067
38956,0.22798537
38957,0.05918474
38958,0.07143146
38959,0.063426875
38960,0.06449313
38961,0.65808123
38962,0.59244937
38963,0.6521974
38964,0.051335864
38965,0.025232214
38966,0.4036934
38967,0.059639934
38968,0.24225587
38969,0.038035423
38970,0.05988729
38971,0.016031023
38972,0.06021738
38973,0.062505044
38974,0.07150729
38975,0.07189231
38976,0.52139014
38977,0.45029077
38978,0.07383895
38979,0.0687935
38980,0.057293005
38981,0.049057882
38982,0.066262364
38983,0.038289305
38984,0.030253185
38985,0.07556127
38986,0.07567489
38987,0.05093738
38988,0.06470099
38989,0.021861315
38990,0.7299072
38991,0.7929717
38992,0.76381505
38993,0.06862746
38994,0.04290576
38995,0.22698791
38996,0.009294021
38997,0.3946517
38998,0.02521039
38999,0.013863279
39000,0.03154033
39001,0.060387067
39002,0.04188674
39003,0.40613344
39004,0.7639188
39005,0.055765163
39006,0.06260436
39007,0.060596175
39008,0.0769562
39009,0.053795554
39010,0.21869421
39011,0.06394158
39012,0.034372646
39013,0.06008113
39014,0.063210644
39015,0.06329003
39016,0.040318314
39017,0.019594662
39018,0.2612326
39019,0.24946448
39020,0.07138022
39021,0.06546905
39022,0.053702075
39023,0.082103744
39024,0.02822622
39025,0.037919883
39026,0.015725594
39027,0.037785996
39028,0.038351834
39029,0.3973607
39030,0.7246327
39031,0.08264864
39032,0.07832483
39033,0.2175603
39034,0.07793108
39035,0.070956245
39036,0.47877273
39037,0.049636573
39038,0.03460906
39039,0.030857654
39040,0.072818026
39041,0.07351065
39042,0.3417758
39043,0.25712395
39044,0.08648985
39045,0.07279145
39046,0.656013
39047,0.068671994
39048,0.22202031
39049,0.07658441
39050,0.017597055
39051,0.04725416
39052,0.24718887
39053,0.05191216
39054,0.034138013
39055,0.033217665
39056,0.039695792
39057,0.07069674
39058,0.39308345
39059,0.250743
39060,0.25892136
39061,0.25104526
39062,0.07156563
39063,0.07570397
39064,0.25098756
39065,0.024980435
39066,0.0695931
39067,0.05502172
39068,0.04119556
39069,0.48326865
39070,0.23668659
39071,0.04789581
39072,0.46077678
39073,0.25378305
39074,0.05799904
39075,0.063013546
39076,0.059142135
39077,0.041895807
39078,0.025042558
39079,0.047794532
39080,0.059429757
39081,0.060147204
39082,0.07330444
39083,0.3891192
39084,0.6763588
39085,0.4397645
39086,0.37244308
39087,0.18282889
39088,0.05935643
39089,0.01525443
39090,0.054367505
39091,0.05711772
39092,0.07125093
39093,0.24233663
39094,0.051073644
39095,0.02543255
39096,0.051065456
39097,0.06951859
39098,0.03950289
39099,0.06646843
39100,0.017153077
39101,0.036204297
39102,0.016810637
39103,0.009256554
39104,0.0295506
39105,0.055229552
39106,0.047249075
39107,0.05640337
39108,0.3919499
39109,0.23222038
39110,0.39258975
39111,0.6349285
39112,0.65206355
39113,0.25233075
39114,0.0642191
39115,0.040791035
39116,0.016378138
39117,0.041554242
39118,0.0640261
39119,0.029283652
39120,0.71101266
39121,0.041591525
39122,0.014773182
39123,0.05010218
39124,0.041941546
39125,0.38046765
39126,0.03633474
39127,0.041245468
39128,0.014269771
39129,0.041064646
39130,0.012420433
39131,0.012225171
39132,0.025388662
39133,0.05925535
39134,0.0644634
39135,0.49917677
39136,0.4306915
39137,0.37683532
39138,0.79401374
39139,0.43252397
39140,0.24884906
39141,0.07310384
39142,0.030413758
39143,0.03332349
39144,0.041176084
39145,0.039550968
39146,0.032346662
39147,0.05058187
39148,0.41373464
39149,0.060683537
39150,0.25146258
39151,0.027959691
39152,0.06339483
39153,0.06854356
39154,0.069178544
39155,0.077859886
39156,0.03959082
39157,0.02791576
39158,0.0074043167
39159,0.03879037
39160,0.07024043
39161,0.63759685
39162,0.3942128
39163,0.59916526
39164,0.38239926
39165,0.25147223
39166,0.07205177
39167,0.059200272
39168,0.0103487745
39169,0.019479454
39170,0.009639667
39171,0.03736274
39172,0.07311599
39173,0.06906082
39174,0.059187837
39175,0.08752953
39176,0.025996909
39177,0.053508747
39178,0.2539165
39179,0.037871514
39180,0.0641687
39181,0.23052712
39182,0.06769588
39183,0.072119825
39184,0.055239715
39185,0.062169142
39186,0.06081974
39187,0.057046656
39188,0.034602024
39189,0.06888587
39190,0.06850733
39191,0.0077323974
39192,0.06660168
39193,0.00948144
39194,0.060815834
39195,0.037668217
39196,0.030482415
39197,0.06834886
39198,0.03199832
39199,0.040428534
39200,0.037269685
39201,0.07902794
39202,0.24968623
39203,0.410967
39204,0.06734035
39205,0.010524505
39206,0.014851305
39207,0.015596727
39208,0.025892595
39209,0.043670986
39210,0.051992673
39211,0.07085722
39212,0.029122982
39213,0.028713822
39214,0.015468756
39215,0.00952639
39216,0.026963944
39217,0.05483907
39218,0.059081465
39219,0.44115868
39220,0.011650372
39221,0.013814024
39222,0.03029524
39223,0.054978043
39224,0.06096946
39225,0.4936223
39226,0.0673745
39227,0.010055706
39228,0.2282024
39229,0.03322857
39230,0.012730584
39231,0.054568972
39232,0.06825087
39233,0.009048024
39234,0.2514992
39235,0.023302127
39236,0.07464172
39237,0.05088737
39238,0.037518386
39239,0.013793251
39240,0.02512716
39241,0.05120883
39242,0.4172035
39243,0.028468229
39244,0.015243415
39245,0.026597938
39246,0.038097482
39247,0.04994553
39248,0.07711381
39249,0.050798845
39250,0.23541507
39251,0.05996797
39252,0.02824024
39253,0.040774483
39254,0.040646493
39255,0.026179772
39256,0.24501637
39257,0.38872162
39258,0.058347646
39259,0.04134316
39260,0.42844695
39261,0.65029496
39262,0.06633325
39263,0.059720226
39264,0.011719254
39265,0.059394695
39266,0.041892428
39267,0.03936104
39268,0.061232112
39269,0.058255795
39270,0.062804505
39271,0.8536709
39272,0.056330737
39273,0.05774171
39274,0.056245264
39275,0.034817502
39276,0.07490667
39277,0.48121512
39278,0.054092705
39279,0.07464692
39280,0.02266734
39281,0.05496928
39282,0.018349452
39283,0.057366546
39284,0.025897004
39285,0.008459792
39286,0.02234719
39287,0.044236884
39288,0.04914771
39289,0.02430194
39290,0.048296932
39291,0.010597441
39292,0.014102011
39293,0.07311296
39294,0.034395166
39295,0.03804607
39296,0.030704916
39297,0.05914122
39298,0.065558754
39299,0.047598585
39300,0.7300986
39301,0.050662387
39302,0.062513925
39303,0.04114745
39304,0.034819435
39305,0.040249176
39306,0.04177602
39307,0.011068374
39308,0.0143367965
39309,0.25177842
39310,0.024798108
39311,0.0071711354
39312,0.013941527
39313,0.062016428
39314,0.016065175
39315,0.066751316
39316,0.0382874
39317,0.041298732
39318,0.40350762
39319,0.025110133
39320,0.016023904
39321,0.01697088
39322,0.039323773
39323,0.028785933
39324,0.0722711
39325,0.05094453
39326,0.0110462615
39327,0.009672938
39328,0.05068385
39329,0.22693644
39330,0.05964947
39331,0.05537569
39332,0.051857132
39333,0.024885984
39334,0.043784223
39335,0.048794325
39336,0.24451698
39337,0.06877685
39338,0.0114543615
39339,0.013084249
39340,0.009492047
39341,0.007355601
39342,0.0127100125
39343,0.012325379
39344,0.013068826
39345,0.02574627
39346,0.046484124
39347,0.040869877
39348,0.067313805
39349,0.07339876
39350,0.24673943
39351,0.016074724
39352,0.023237891
39353,0.010028761
39354,0.0140865715
39355,0.016034052
39356,0.012040945
39357,0.02808942
39358,0.009837021
39359,0.011521645
39360,0.007849457
39361,0.05018357
39362,0.039712552
39363,0.009809228
39364,0.039751176
39365,0.06286779
39366,0.041304495
39367,0.029869115
39368,0.01284169
39369,0.059371036
39370,0.008918231
39371,0.4136006
39372,0.050505515
39373,0.051974267
39374,0.05144472
39375,0.012029705
39376,0.056924574
39377,0.018448459
39378,0.0079223
39379,0.05843737
39380,0.012211324
39381,0.06361333
39382,0.07328335
39383,0.029628487
39384,0.030124152
39385,0.025247645
39386,0.01699602
39387,0.008935514
39388,0.029703861
39389,0.0069809495
39390,0.057267465
39391,0.049939282
39392,0.07765028
39393,0.021766791
39394,0.028522149
39395,0.042766348
39396,0.023125136
39397,0.013084249
39398,0.030313248
39399,0.028742015
39400,0.23269674
39401,0.22845419
39402,0.015081047
39403,0.059919745
39404,0.012844383
39405,0.016378138
39406,0.040239695
39407,0.017341955
39408,0.04833974
39409,0.040174633
39410,0.049895067
39411,0.031870916
39412,0.040476475
39413,0.036642652
39414,0.038181193
39415,0.059750836
39416,0.040773906
39417,0.03640305
39418,0.029490579
39419,0.22870082
39420,0.03971408
39421,0.055963635
39422,0.040756945
39423,0.070627704
39424,0.22564544
39425,0.024027962
39426,0.040585008
39427,0.24431106
39428,0.05550059
39429,0.24648553
39430,0.23089436
39431,0.052078366
39432,0.024986861
39433,0.005069836
39434,0.011940671
39435,0.012010497
39436,0.06476974
39437,0.029414326
39438,0.6323679
39439,0.06964764
39440,0.040978692
39441,0.22862634
39442,0.052159913
39443,0.010512541
39444,0.025837976
39445,0.062492844
39446,0.064875305
39447,0.44694152
39448,0.5124575
39449,0.041275103
39450,0.055758107
39451,0.06887203
39452,0.2325477
39453,0.007572635
39454,0.048810188
39455,0.039217595
39456,0.052159913
39457,0.057710998
39458,0.4217618
39459,0.07059507
39460,0.23181094
39461,0.52731526
39462,0.22312023
39463,0.019446682
39464,0.39759102
39465,0.048300613
39466,0.070821844
39467,0.046662625
39468,0.04330218
39469,0.033364173
39470,0.053066656
39471,0.058228955
39472,0.06201949
39473,0.05880342
39474,0.052683566
39475,0.4054933
39476,0.040263493
39477,0.02860574
39478,0.04687608
39479,0.051210362
39480,0.05534214
39481,0.037284043
39482,0.039418045
39483,0.024671651
39484,0.049281955
39485,0.07308112
39486,0.07422509
39487,0.037241764
39488,0.016136564
39489,0.50514066
39490,0.06225645
39491,0.21314037
39492,0.44044992
39493,0.45797393
39494,0.0051394687
39495,0.05422521
39496,0.04643719
39497,0.012917676
39498,0.036087736
39499,0.05510976
39500,0.053172555
39501,0.057979915
39502,0.07356489
39503,0.4385626
39504,0.0138760945
39505,0.16234809
39506,0.040375635
39507,0.032625254
39508,0.24214613
39509,0.039444666
39510,0.052506745
39511,0.04078487
39512,0.0681848
39513,0.5267395
39514,0.058160607
39515,0.015208461
39516,0.017930351
39517,0.03874863
39518,0.048631538
39519,0.014216417
39520,0.02696796
39521,0.061903805
39522,0.07128678
39523,0.057582155
39524,0.05716141
39525,0.049458325
39526,0.035675768
39527,0.029224379
39528,0.027933331
39529,0.033311184
39530,0.0579154
39531,0.047112178
39532,0.056717888
39533,0.01150349
39534,0.034252863
39535,0.024740072
39536,0.012190788
39537,0.021192284
39538,0.038065214
39539,0.021469343
39540,0.053808413
39541,0.39191583
39542,0.38175136
39543,0.039378457
39544,0.03651803
39545,0.057502054
39546,0.05270316
39547,0.012818555
39548,0.04788145
39549,0.028881218
39550,0.06642831
39551,0.025011748
39552,0.021055399
39553,0.029221397
39554,0.004657655
39555,0.0501154
39556,0.049724944
39557,0.22392076
39558,0.3800681
39559,0.22162038
39560,0.04941685
39561,0.036307566
39562,0.01396478
39563,0.046228435
39564,0.040688116
39565,0.008349402
39566,0.35673195
39567,0.040238716
39568,0.5654111
39569,0.05971308
39570,0.009963427
39571,0.060645044
39572,0.044046566
39573,0.043014307
39574,0.008015408
39575,0.049335584
39576,0.026349004
39577,0.015578383
39578,0.014322989
39579,0.014800682
39580,0.054491937
39581,0.039444666
39582,0.05332043
39583,0.04881628
39584,0.059789497
39585,0.22390209
39586,0.37848982
39587,0.04976992
39588,0.055215582
39589,0.0126253
39590,0.037281632
39591,0.05617947
39592,0.047717668
39593,0.06439962
39594,0.037596267
39595,0.058308613
39596,0.03737339
39597,0.014328165
39598,0.015257516
39599,0.064071804
39600,0.008393875
39601,0.052130442
39602,0.02922844
39603,0.022539774
39604,0.03308499
39605,0.04774437
39606,0.052513078
39607,0.06464953
39608,0.05689376
39609,0.23419292
39610,0.21861212
39611,0.06301572
39612,0.010339451
39613,0.055735018
39614,0.009108363
39615,0.045012098
39616,0.038131423
39617,0.055928
39618,0.029761767
39619,0.016742157
39620,0.041660096
39621,0.036561113
39622,0.010073397
39623,0.05591756
39624,0.047746986
39625,0.052504253
39626,0.03425277
39627,0.21482436
39628,0.048872344
39629,0.062258966
39630,0.2589869
39631,0.056993105
39632,0.05873451
39633,0.04874398
39634,0.05212851
39635,0.05519459
39636,0.05575069
39637,0.04398245
39638,0.015761245
39639,0.2432448
39640,0.05332504
39641,0.05520614
39642,0.04768893
39643,0.054299578
39644,0.024597315
39645,0.016303435
39646,0.03561024
39647,0.43232223
39648,0.049177896
39649,0.039793916
39650,0.05753963
39651,0.5172599
39652,0.055503048
39653,0.01237717
39654,0.06001442
39655,0.047566958
39656,0.23892677
39657,0.42373344
39658,0.05061132
39659,0.017272562
39660,0.040393792
39661,0.040675715
39662,0.06038101
39663,0.22401042
39664,0.037316047
39665,0.06969501
39666,0.055461682
39667,0.053211723
39668,0.01685449
39669,0.04256105
39670,0.050266244
39671,0.011571591
39672,0.06414288
39673,0.0657208
39674,0.22311373
39675,0.055061307
39676,0.028907796
39677,0.059380364
39678,0.069902904
39679,0.23926662
39680,0.04648589
39681,0.017903728
39682,0.007847666
39683,0.05020516
39684,0.571872
39685,0.035788644
39686,0.06581686
39687,0.5050222
39688,0.06743636
39689,0.010111156
39690,0.0065827696
39691,0.036905773
39692,0.044356715
39693,0.3658277
39694,0.23210599
39695,0.05264574
39696,0.05458593
39697,0.06847192
39698,0.06593095
39699,0.06311046
39700,0.07621572
39701,0.24311933
39702,0.055145014
39703,0.04095799
39704,0.056363277
39705,0.043992307
39706,0.07430965
39707,0.52328503
39708,0.03862689
39709,0.24625391
39710,0.04017357
39711,0.07599327
39712,0.010714671
39713,0.040018167
39714,0.05251667
39715,0.013467322
39716,0.037276015
39717,0.42812434
39718,0.03735895
39719,0.0521654
39720,0.23171243
39721,0.06474948
39722,0.0765295
39723,0.24459743
39724,0.07310242
39725,0.02524718
39726,0.07729172
39727,0.061654042
39728,0.06629068
39729,0.5433955
39730,0.4306552
39731,0.2512181
39732,0.0268778
39733,0.06855356
39734,0.04926699
39735,0.025485966
39736,0.016365532
39737,0.0143434815
39738,0.046458066
39739,0.006556828
39740,0.008724879
39741,0.030161561
39742,0.046492953
39743,0.056995414
39744,0.055371225
39745,0.05988144
39746,0.055464588
39747,0.06496311
39748,0.05765795
39749,0.058498755
39750,0.07127826
39751,0.014392965
39752,0.048011046
39753,0.50443625
39754,0.6545521
39755,0.6024113
39756,0.024694461
39757,0.013894097
39758,0.057249572
39759,0.4831052
39760,0.05433202
39761,0.0067302347
39762,0.0465719
39763,0.04941432
39764,0.040388487
39765,0.38527068
39766,0.013975959
39767,0.027801717
39768,0.058236487
39769,0.05928663
39770,0.04192661
39771,0.04059264
39772,0.35164544
39773,0.055792872
39774,0.062272582
39775,0.05992702
39776,0.062080868
39777,0.5919344
39778,0.55088776
39779,0.50951636
39780,0.04891595
39781,0.022568025
39782,0.0075009596
39783,0.40282294
39784,0.056078088
39785,0.077454776
39786,0.036943614
39787,0.05588982
39788,0.014522517
39789,0.05614081
39790,0.05772427
39791,0.06878097
39792,0.0666244
39793,0.48367217
39794,0.4426243
39795,0.062254097
39796,0.062419955
39797,0.053237222
39798,0.047867853
39799,0.058471583
39800,0.0383962
39801,0.02968091
39802,0.02038719
39803,0.06411496
39804,0.06607793
39805,0.05937809
39806,0.021308826
39807,0.6636297
39808,0.59458995
39809,0.65778977
39810,0.040294416
39811,0.06437111
39812,0.009735718
39813,0.406414
39814,0.024706809
39815,0.013815764
39816,0.0135723865
39817,0.03081984
39818,0.05735629
39819,0.03954662
39820,0.37684494
39821,0.6805076
39822,0.053503133
39823,0.057747636
39824,0.05625633
39825,0.06615838
39826,0.053068716
39827,0.06236811
39828,0.059402194
39829,0.034144737
39830,0.056582443
39831,0.05788631
39832,0.057459775
39833,0.2569904
39834,0.24785507
39835,0.064862765
39836,0.053150043
39837,0.058331337
39838,0.052675113
39839,0.072942264
39840,0.026874611
39841,0.0371884
39842,0.038486507
39843,0.01394503
39844,0.014897201
39845,0.037335817
39846,0.037704755
39847,0.2336583
39848,0.5730923
39849,0.08071401
39850,0.06942187
39851,0.060346644
39852,0.06921546
39853,0.06786985
39854,0.48150033
39855,0.048379917
39856,0.03466415
39857,0.06637214
39858,0.06844722
39859,0.22474366
39860,0.46666467
39861,0.09538577
39862,0.0644212
39863,0.67437774
39864,0.0666612
39865,0.014374125
39866,0.21861067
39867,0.07145596
39868,0.017010093
39869,0.43478233
39870,0.04944625
39871,0.032798987
39872,0.03330194
39873,0.038632073
39874,0.06560982
39875,0.38986558
39876,0.24538483
39877,0.25530854
39878,0.24392134
39879,0.06839775
39880,0.065117165
39881,0.24555425
39882,0.025011176
39883,0.0646872
39884,0.05220664
39885,0.040793654
39886,0.46731812
39887,0.24967565
39888,0.4835155
39889,0.24526227
39890,0.05518704
39891,0.060459852
39892,0.05558708
39893,0.04047776
39894,0.011728368
39895,0.024690697
39896,0.045285415
39897,0.05560865
39898,0.05587006
39899,0.22181192
39900,0.39135894
39901,0.64715046
39902,0.42794207
39903,0.24713199
39904,0.5571274
39905,0.055779863
39906,0.05267469
39907,0.052730557
39908,0.06509039
39909,0.23562874
39910,0.049375914
39911,0.024876282
39912,0.049282618
39913,0.06467203
39914,0.03882086
39915,0.060764242
39916,0.017341955
39917,0.008700298
39918,0.02963193
39919,0.053531546
39920,0.047391642
39921,0.053087223
39922,0.2319045
39923,0.22905248
39924,0.3758933
39925,0.62422824
39926,0.54399127
39927,0.2487626
39928,0.058626886
39929,0.03961689
39930,0.016582783
39931,0.040740162
39932,0.059083324
39933,0.029122956
39934,0.52908665
39935,0.04013359
39936,0.013493874
39937,0.048376556
39938,0.040542513
39939,0.36858678
39940,0.03587604
39941,0.040083002
39942,0.013642771
39943,0.03836671
39944,0.012026539
39945,0.011799603
39946,0.024746297
39947,0.054238204
39948,0.059787456
39949,0.5108602
39950,0.38966733
39951,0.3475402
39952,0.49011487
39953,0.37127772
39954,0.24845515
39955,0.06463854
39956,0.030244367
39957,0.032573935
39958,0.041131344
39959,0.03900074
39960,0.03261245
39961,0.048537128
39962,0.4614621
39963,0.05628182
39964,0.2466246
39965,0.02786784
39966,0.057979915
39967,0.062301233
39968,0.06414405
39969,0.07599384
39970,0.039235592
39971,0.027435558
39972,0.03781859
39973,0.064878024
39974,0.5597713
39975,0.39170507
39976,0.48012334
39977,0.39692777
39978,0.24510615
39979,0.067302
39980,0.05545257
39981,0.019572865
39982,0.03587604
39983,0.02841726
39984,0.06355646
39985,0.06553514
39986,0.07304968
39987,0.02472406
39988,0.051876485
39989,0.24622652
39990,0.03780857
39991,0.05852083
39992,0.06909453
39993,0.028013417
39994,0.060315695
39995,0.067281865
39996,0.053849764
39997,0.058668572
39998,0.027999112
39999,0.05732967
40000,0.054299578
40001,0.03425491
40002,0.06464953
40003,0.061257653
40004,0.059777956
40005,0.009322665
40006,0.056205824
40007,0.037000973
40008,0.029622938
40009,0.064425945
40010,0.030865831
40011,0.038759947
40012,0.03641122
40013,0.072485134
40014,0.25073043
40015,0.49497914
40016,0.06142299
40017,0.013947936
40018,0.0151724415
40019,0.025035057
40020,0.042254496
40021,0.05025309
40022,0.06865035
40023,0.011353787
40024,0.02789235
40025,0.023193482
40026,0.052967355
40027,0.055379417
40028,0.4122486
40029,0.011613579
40030,0.013632615
40031,0.029235804
40032,0.052648418
40033,0.057024717
40034,0.4169236
40035,0.059715763
40036,0.06475516
40037,0.033350773
40038,0.012258012
40039,0.0526197
40040,0.22269472
40041,0.042359084
40042,0.25026765
40043,0.029214898
40044,0.022935165
40045,0.06382188
40046,0.04820518
40047,0.036526974
40048,0.02457158
40049,0.04872467
40050,0.24497022
40051,0.027733684
40052,0.014862661
40053,0.026343292
40054,0.0374743
40055,0.047981404
40056,0.23591778
40057,0.049539
40058,0.0729802
40059,0.05614081
40060,0.027762389
40061,0.011267463
40062,0.040555645
40063,0.04099691
40064,0.025607381
40065,0.24890703
40066,0.23126741
40067,0.015305162
40068,0.05514332
40069,0.040706858
40070,0.008097148
40071,0.48340186
40072,0.57456416
40073,0.06317429
40074,0.05615575
40075,0.011954545
40076,0.055520013
40077,0.040344983
40078,0.038645513
40079,0.056824863
40080,0.05383022
40081,0.057569522
40082,0.7154957
40083,0.05308892
40084,0.054282766
40085,0.053390235
40086,0.013524043
40087,0.033967406
40088,0.068693444
40089,0.47247523
40090,0.05268537
40091,0.06771559
40092,0.022877458
40093,0.05214325
40094,0.017648114
40095,0.05412252
40096,0.024648463
40097,0.0048219
40098,0.02197513
40099,0.042973053
40100,0.047885112
40101,0.02378367
40102,0.014449651
40103,0.046168324
40104,0.010787622
40105,0.066790424
40106,0.03329336
40107,0.03668936
40108,0.01191155
40109,0.030161561
40110,0.05502859
40111,0.06080333
40112,0.017254798
40113,0.046441197
40114,0.5633902
40115,0.04892311
40116,0.059645012
40117,0.03455045
40118,0.039213233
40119,0.017735992
40120,0.24563694
40121,0.023985332
40122,0.004698129
40123,0.004541311
40124,0.0068424065
40125,0.058553707
40126,0.060269203
40127,0.39550972
40128,0.02469888
40129,0.017006598
40130,0.009963427
40131,0.039315987
40132,0.02867483
40133,0.070467286
40134,0.049463455
40135,0.004513171
40136,0.010672832
40137,0.049327932
40138,0.064896345
40139,0.058328036
40140,0.052192155
40141,0.049640305
40142,0.02435873
40143,0.043272853
40144,0.04938632
40145,0.06977583
40146,0.06266896
40147,0.012219031
40148,0.00936308
40149,0.009045134
40150,0.0152100185
40151,0.011506552
40152,0.011402691
40153,0.012278505
40154,0.012435022
40155,0.019959208
40156,0.046330944
40157,0.041179497
40158,0.060489934
40159,0.010575367
40160,0.066879995
40161,0.24253006
40162,0.013242945
40163,0.022485428
40164,0.008957346
40165,0.0061048497
40166,0.011697896
40167,0.02823989
40168,0.011638959
40169,0.039662577
40170,0.010347674
40171,0.039647326
40172,0.05788593
40173,0.024039255
40174,0.04026426
40175,0.009071315
40176,0.02921279
40177,0.0121512
40178,0.055685252
40179,0.37829304
40180,0.048702344
40181,0.049778152
40182,0.049105212
40183,0.055217974
40184,0.018125584
40185,0.008711084
40186,0.054375514
40187,0.012550212
40188,0.057881158
40189,0.066292934
40190,0.013478379
40191,0.02247541
40192,0.028450653
40193,0.028481174
40194,0.024637792
40195,0.009306581
40196,0.028897472
40197,0.0065807314
40198,0.054181416
40199,0.047837578
40200,0.06768448
40201,0.009329613
40202,0.02120294
40203,0.027632356
40204,0.0122899115
40205,0.040371757
40206,0.022921897
40207,0.029950624
40208,0.06670964
40209,0.22434503
40210,0.057907794
40211,0.016933924
40212,0.039095968
40213,0.017076872
40214,0.033607867
40215,0.045859184
40216,0.027322924
40217,0.03890776
40218,0.04721054
40219,0.030571753
40220,0.03559665
40221,0.038914252
40222,0.03615758
40223,0.037973944
40224,0.059677504
40225,0.039420396
40226,0.03563299
40227,0.02844717
40228,0.22823963
40229,0.039048493
40230,0.21125208
40231,0.064042374
40232,0.06383081
40233,0.03965057
40234,0.073877834
40235,0.39893353
40236,0.058097146
40237,0.06338423
40238,0.049681738
40239,0.02441355
40240,0.023338923
40241,0.011883556
40242,0.06511775
40243,0.6473202
40244,0.06402407
40245,0.040231965
40246,0.039095968
40247,0.06298881
40248,0.046327945
40249,0.026236938
40250,0.03865695
40251,0.05963185
40252,0.05934352
40253,0.43455237
40254,0.48135713
40255,0.039972216
40256,0.052672368
40257,0.06614254
40258,0.23184133
40259,0.046377335
40260,0.04969391
40261,0.05680105
40262,0.033579346
40263,0.42480958
40264,0.06265901
40265,0.05882812
40266,0.43767062
40267,0.22752553
40268,0.018979412
40269,0.46642217
40270,0.048301253
40271,0.0636028
40272,0.041888997
40273,0.032187197
40274,0.051820077
40275,0.055742268
40276,0.06004268
40277,0.05543256
40278,0.02980418
40279,0.05146187
40280,0.3884715
40281,0.03957612
40282,0.046279404
40283,0.053113308
40284,0.03537833
40285,0.02420147
40286,0.047996946
40287,0.07012869
40288,0.06964709
40289,0.037120868
40290,0.24604747
40291,0.21814178
40292,0.054114435
40293,0.48525897
40294,0.4415167
40295,0.0049401456
40296,0.050740603
40297,0.045046706
40298,0.01910721
40299,0.013188982
40300,0.010100825
40301,0.035002932
40302,0.05251872
40303,0.05104359
40304,0.055898458
40305,0.0691506
40306,0.4339334
40307,0.017459782
40308,0.039087735
40309,0.03180738
40310,0.3680791
40311,0.038440064
40312,0.05147065
40313,0.03923873
40314,0.02422062
40315,0.06546135
40316,0.44051984
40317,0.05464481
40318,0.015432044
40319,0.018017638
40320,0.037764106
40321,0.047366574
40322,0.0142381415
40323,0.061737027
40324,0.07218819
40325,0.05520511
40326,0.056360144
40327,0.04656149
40328,0.02884565
40329,0.027360845
40330,0.03227313
40331,0.05474525
40332,0.045804743
40333,0.05480768
40334,0.011692337
40335,0.033830576
40336,0.024473613
40337,0.013672034
40338,0.01149728
40339,0.021538025
40340,0.037162267
40341,0.051830698
40342,0.4087911
40343,0.40141866
40344,0.038896866
40345,0.036093365
40346,0.034919295
40347,0.056753233
40348,0.05009389
40349,0.012560914
40350,0.04577824
40351,0.027715508
40352,0.23065875
40353,0.023710655
40354,0.021065196
40355,0.028262855
40356,0.048218194
40357,0.045062404
40358,0.06479673
40359,0.21230985
40360,0.21849562
40361,0.046852216
40362,0.035869047
40363,0.0146866925
40364,0.045347683
40365,0.039006326
40366,0.22373983
40367,0.03993344
40368,0.48358586
40369,0.057478484
40370,0.058825552
40371,0.04194563
40372,0.04681249
40373,0.014773855
40374,0.05175204
40375,0.05071252
40376,0.046849385
40377,0.05464741
40378,0.22340585
40379,0.39367765
40380,0.047035404
40381,0.018971864
40382,0.05268122
40383,0.012460337
40384,0.05316414
40385,0.045716338
40386,0.059678487
40387,0.03661185
40388,0.056330975
40389,0.035536014
40390,0.044553157
40391,0.032022998
40392,0.0154048465
40393,0.06092856
40394,0.008670683
40395,0.04985902
40396,0.02852075
40397,0.019896833
40398,0.031557646
40399,0.04663116
40400,0.049942106
40401,0.06127855
40402,0.054876834
40403,0.2316671
40404,0.06156159
40405,0.059383105
40406,0.009895276
40407,0.053865213
40408,0.04235667
40409,0.03746895
40410,0.05287709
40411,0.028735029
40412,0.039248522
40413,0.035697896
40414,0.04233005
40415,0.053196393
40416,0.029996376
40417,0.04604316
40418,0.049831394
40419,0.033477154
40420,0.060632676
40421,0.047422707
40422,0.06235578
40423,0.4991208
40424,0.054490183
40425,0.058349885
40426,0.046301026
40427,0.05018075
40428,0.051050052
40429,0.053443775
40430,0.042633537
40431,0.015193939
40432,0.24406518
40433,0.05170097
40434,0.052496806
40435,0.04607138
40436,0.050965156
40437,0.022910478
40438,0.03532551
40439,0.24163099
40440,0.048233934
40441,0.038677648
40442,0.055681106
40443,0.5271463
40444,0.052733928
40445,0.011736617
40446,0.056811545
40447,0.046639368
40448,0.06771698
40449,0.24233319
40450,0.048019595
40451,0.016825859
40452,0.03909715
40453,0.040357538
40454,0.055751875
40455,0.22272234
40456,0.037453394
40457,0.06373284
40458,0.05309366
40459,0.04987919
40460,0.01240522
40461,0.01238529
40462,0.016530639
40463,0.04105878
40464,0.04744773
40465,0.011324986
40466,0.059814792
40467,0.06203851
40468,0.22370066
40469,0.05160787
40470,0.028930308
40471,0.056703106
40472,0.06192152
40473,0.23274316
40474,0.04503981
40475,0.03965057
40476,0.0075189355
40477,0.047062434
40478,0.48538685
40479,0.034939818
40480,0.06591956
40481,0.44151422
40482,0.06377181
40483,0.035937138
40484,0.042452402
40485,0.22765224
40486,0.2315399
40487,0.049801312
40488,0.05167152
40489,0.06504904
40490,0.06555417
40491,0.06327489
40492,0.068060935
40493,0.24659202
40494,0.052520536
40495,0.039519474
40496,0.05420156
40497,0.04257844
40498,0.07110692
40499,0.61278737
40500,0.03769048
40501,0.24185558
40502,0.011734512
40503,0.039069522
40504,0.067603186
40505,0.039588764
40506,0.04866162
40507,0.01339884
40508,0.03662885
40509,0.4254657
40510,0.03659576
40511,0.050414033
40512,0.06252686
40513,0.06220873
40514,0.0697584
40515,0.24192703
40516,0.06689146
40517,0.024793852
40518,0.0729559
40519,0.058023043
40520,0.06114689
40521,0.54025817
40522,0.44409445
40523,0.24245216
40524,0.02130376
40525,0.06249631
40526,0.009937406
40527,0.0469789
40528,0.01455865
40529,0.04478815
40530,0.006687221
40531,0.007849979
40532,0.029365813
40533,0.044877004
40534,0.056034807
40535,0.05366953
40536,0.057631373
40537,0.052777376
40538,0.06013628
40539,0.05795576
40540,0.024582775
40541,0.05869088
40542,0.23161778
40543,0.04684611
40544,0.63949335
40545,0.48661485
40546,0.6003286
40547,0.024413915
40548,0.052782845
40549,0.47695246
40550,0.05159592
40551,0.046920564
40552,0.0068006823
40553,0.044760007
40554,0.047644876
40555,0.038870282
40556,0.008477803
40557,0.38607803
40558,0.013933047
40559,0.027016155
40560,0.056309618
40561,0.05614577
40562,0.039462212
40563,0.039460003
40564,0.06697028
40565,0.05363756
40566,0.061935704
40567,0.05531646
40568,0.05621207
40569,0.5398566
40570,0.62955546
40571,0.5445046
40572,0.047359042
40573,0.024844259
40574,0.006232137
40575,0.39158478
40576,0.05402119
40577,0.23571748
40578,0.037525997
40579,0.053599074
40580,0.054836288
40581,0.05525833
40582,0.06308349
40583,0.05905564
40584,0.46994686
40585,0.43859318
40586,0.0636559
40587,0.06417958
40588,0.050763745
40589,0.04590433
40590,0.057885166
40591,0.03609029
40592,0.02917499
40593,0.019733224
40594,0.06369687
40595,0.06367404
40596,0.047399145
40597,0.056629915
40598,0.02105341
40599,0.5026982
40600,0.6584039
40601,0.4904555
40602,0.039141845
40603,0.061812706
40604,0.008688065
40605,0.37041023
40606,0.024211572
40607,0.013822063
40608,0.030252919
40609,0.055356644
40610,0.039043043
40611,0.41939944
40612,0.67554855
40613,0.051483136
40614,0.054942682
40615,0.05344944
40616,0.06758195
40617,0.0502134
40618,0.0642017
40619,0.056352388
40620,0.032598812
40621,0.054335177
40622,0.056673877
40623,0.055835575
40624,0.03910985
40625,0.24873754
40626,0.06969757
40627,0.06497882
40628,0.050711434
40629,0.024295539
40630,0.05630816
40631,0.05006197
40632,0.071359925
40633,0.027367145
40634,0.036978118
40635,0.03829764
40636,0.013203288
40637,0.0148173645
40638,0.036263727
40639,0.037745595
40640,0.23089786
40641,0.6218794
40642,0.07142889
40643,0.23147136
40644,0.057536736
40645,0.06316232
40646,0.0616799
40647,0.41052833
40648,0.04574753
40649,0.033431485
40650,0.02973255
40651,0.06560282
40652,0.06622897
40653,0.22634049
40654,0.50292605
40655,0.07259565
40656,0.060882337
40657,0.6543336
40658,0.059833497
40659,0.014274437
40660,0.059940405
40661,0.23128466
40662,0.017120216
40663,0.044830307
40664,0.4612658
40665,0.047882702
40666,0.030891595
40667,0.032547534
40668,0.037610173
40669,0.064794496
40670,0.3959716
40671,0.38814947
40672,0.24994032
40673,0.24057475
40674,0.06308349
40675,0.06317053
40676,0.2448323
40677,0.061893374
40678,0.05017322
40679,0.039397404
40680,0.4100384
40681,0.24116877
40682,0.04482877
40683,0.4436799
40684,0.24493043
40685,0.052799758
40686,0.05578993
40687,0.05223044
40688,0.039918635
40689,0.011925797
40690,0.024751121
40691,0.0448779
40692,0.054074857
40693,0.053243756
40694,0.06232701
40695,0.41668415
40696,0.6277814
40697,0.24132021
40698,0.24165
40699,0.5551148
40700,0.055066813
40701,0.014887852
40702,0.050450977
40703,0.050505746
40704,0.06407265
40705,0.23323548
40706,0.04703231
40707,0.02379416
40708,0.046924148
40709,0.059329145
40710,0.0389291
40711,0.056550227
40712,0.017809417
40713,0.034491237
40714,0.01577187
40715,0.016924758
40716,0.008787401
40717,0.028536897
40718,0.052169845
40719,0.045587074
40720,0.0506512
40721,0.22667857
40722,0.06510082
40723,0.35560995
40724,0.6426337
40725,0.5770527
40726,0.24175306
40727,0.057894945
40728,0.038449798
40729,0.01653364
40730,0.03953125
40731,0.05819936
40732,0.64049506
40733,0.03943785
40734,0.013956364
40735,0.04621792
40736,0.03967759
40737,0.21097326
40738,0.035104904
40739,0.03920024
40740,0.014035032
40741,0.038979504
40742,0.02437858
40743,0.053806886
40744,0.05630369
40745,0.5141256
40746,0.4064459
40747,0.3437931
40748,0.6556405
40749,0.24175674
40750,0.2450231
40751,0.06303095
40752,0.029383998
40753,0.039013498
40754,0.038148314
40755,0.032182913
40756,0.046799324
40757,0.42772502
40758,0.054015618
40759,0.24181426
40760,0.027762992
40761,0.05738126
40762,0.059589583
40763,0.06078736
40764,0.07932255
40765,0.038793083
40766,0.026757732
40767,0.036446083
40768,0.06378233
40769,0.49718535
40770,0.3755412
40771,0.5671535
40772,0.36276215
40773,0.06825898
40774,0.06248272
40775,0.05495818
40776,0.037195664
40777,0.010209318
40778,0.019680463
40779,0.009447467
40780,0.034935307
40781,0.05946221
40782,0.060178287
40783,0.054699104
40784,0.07164135
40785,0.022007817
40786,0.04914612
40787,0.23802322
40788,0.037036262
40789,0.056629837
40790,0.06524659
40791,0.027191186
40792,0.0049250345
40793,0.0575196
40794,0.06468708
40795,0.05106027
40796,0.054877512
40797,0.05485745
40798,0.050595354
40799,0.03348761
40800,0.05957911
40801,0.056273323
40802,0.036584076
40803,0.007794202
40804,0.057644513
40805,0.009313277
40806,0.053864945
40807,0.029124843
40808,0.05970306
40809,0.030642785
40810,0.03764091
40811,0.03596014
40812,0.060858097
40813,0.23855276
40814,0.4690976
40815,0.06004805
40816,0.024502758
40817,0.041716117
40818,0.0118029695
40819,0.047899354
40820,0.06636435
40821,0.010766932
40822,0.027360303
40823,0.01542107
40824,0.008984657
40825,0.023042155
40826,0.05037653
40827,0.0530686
40828,0.42680544
40829,0.0113838995
40830,0.013691323
40831,0.02894243
40832,0.05026674
40833,0.054380022
40834,0.2453846
40835,0.21202527
40836,0.009674872
40837,0.22362708
40838,0.03286421
40839,0.012190394
40840,0.050586034
40841,0.22230183
40842,0.04140178
40843,0.07094053
40844,0.022672307
40845,0.059680235
40846,0.046865217
40847,0.035713654
40848,0.014216724
40849,0.024247626
40850,0.046187222
40851,0.06935786
40852,0.027150648
40853,0.014909421
40854,0.026498016
40855,0.0374884
40856,0.04615183
40857,0.23082267
40858,0.047252424
40859,0.2314569
40860,0.055102263
40861,0.02715314
40862,0.03913906
40863,0.02453377
40864,0.23722762
40865,0.014286176
40866,0.22938515
40867,0.014272252
40868,0.05201388
40869,0.03931042
40870,0.007960986
40871,0.45713997
40872,0.6121874
40873,0.058775075
40874,0.055431265
40875,0.011436865
40876,0.05403508
40877,0.039269775
40878,0.03770582
40879,0.05415686
40880,0.051664006
40881,0.056384146
40882,0.5829509
40883,0.052094582
40884,0.012129902
40885,0.051783662
40886,0.050899636
40887,0.013602947
40888,0.034180995
40889,0.06215269
40890,0.2496699
40891,0.049806222
40892,0.061955277
40893,0.047118917
40894,0.017755121
40895,0.051792555
40896,0.024218915
40897,0.020991521
40898,0.041916233
40899,0.045507662
40900,0.023037016
40901,0.044781744
40902,0.010054225
40903,0.22730136
40904,0.032224886
40905,0.03716832
40906,0.011922723
40907,0.028806377
40908,0.052234493
40909,0.055880137
40910,0.016752327
40911,0.04483813
40912,0.52506864
40913,0.04687903
40914,0.0568064
40915,0.038696773
40916,0.03452026
40917,0.039197914
40918,0.039238323
40919,0.01023563
40920,0.013428453
40921,0.24398382
40922,0.023925254
40923,0.0050229253
40924,0.0060548955
40925,0.05606333
40926,0.015501531
40927,0.05711367
40928,0.03648249
40929,0.039731275
40930,0.24706905
40931,0.02426943
40932,0.016027417
40933,0.01576727
40934,0.03886237
40935,0.02767854
40936,0.06554706
40937,0.04712777
40938,0.010128999
40939,0.012085635
40940,0.044478044
40941,0.065822184
40942,0.054335177
40943,0.05002627
40944,0.04680836
40945,0.02411471
40946,0.041723907
40947,0.013624277
40948,0.047225133
40949,0.064075805
40950,0.06414163
40951,0.007820284
40952,0.019961078
40953,0.04438822
40954,0.03941434
40955,0.05733796
40956,0.010368638
40957,0.062229905
40958,0.24363425
40959,0.01564118
40960,0.022626318
40961,0.014243927
40962,0.027717764
40963,0.044946864
40964,0.023781044
40965,0.037771214
40966,0.010363955
40967,0.03879295
40968,0.05599635
40969,0.02384556
40970,0.039021872
40971,0.006637492
40972,0.02887912
40973,0.053245705
40974,0.24475063
40975,0.046206925
40976,0.046940714
40977,0.047744695
40978,0.052442823
40979,0.017993536
40980,0.008393181
40981,0.05159317
40982,0.012120121
40983,0.05642489
40984,0.0072486396
40985,0.0639939
40986,0.013546049
40987,0.028875718
40988,0.008845133
40989,0.007729341
40990,0.028088914
40991,0.05258915
40992,0.046194684
40993,0.06063578
40994,0.021328906
40995,0.039261505
40996,0.02345265
40997,0.029397694
40998,0.22846021
40999,0.22479722
41000,0.054679595
41001,0.039116494
41002,0.02462121
41003,0.039628156
41004,0.04731438
41005,0.030206222
41006,0.039636012
41007,0.03968879
41008,0.06536915
41009,0.038954604
41010,0.053542808
41011,0.06522766
41012,0.06404024
41013,0.024044616
41014,0.0399322
41015,0.0688244
41016,0.07565164
41017,0.059615217
41018,0.066510074
41019,0.049817957
41020,0.0119453
41021,0.0645169
41022,0.03195475
41023,0.6338946
41024,0.063912384
41025,0.22700287
41026,0.048931126
41027,0.039661612
41028,0.03327321
41029,0.013798611
41030,0.062049285
41031,0.50447935
41032,0.4759339
41033,0.039177608
41034,0.053152423
41035,0.024718858
41036,0.06517956
41037,0.06396714
41038,0.045973394
41039,0.038385727
41040,0.050211567
41041,0.054739393
41042,0.24790429
41043,0.063210845
41044,0.058726266
41045,0.4896102
41046,0.22332297
41047,0.49349418
41048,0.047005016
41049,0.067921914
41050,0.044535894
41051,0.03271054
41052,0.050427113
41053,0.057153545
41054,0.06345332
41055,0.056216173
41056,0.030553645
41057,0.03606487
41058,0.05230117
41059,0.24144845
41060,0.03867466
41061,0.028273325
41062,0.0463607
41063,0.05462591
41064,0.036508825
41065,0.047884833
41066,0.065844715
41067,0.070748344
41068,0.03707588
41069,0.012219283
41070,0.06766239
41071,0.059968885
41072,0.052203983
41073,0.441484
41074,0.47639197
41075,0.051480353
41076,0.045068644
41077,0.012341693
41078,0.03532239
41079,0.050585564
41080,0.058111954
41081,0.06857499
41082,0.49947912
41083,0.017173646
41084,0.03909682
41085,0.028473563
41086,0.022888696
41087,0.032390833
41088,0.065714814
41089,0.03861823
41090,0.050288755
41091,0.039024994
41092,0.064335406
41093,0.43622255
41094,0.05509066
41095,0.015577486
41096,0.016910912
41097,0.038080405
41098,0.046181694
41099,0.05984369
41100,0.072021395
41101,0.05526826
41102,0.056065988
41103,0.0464633
41104,0.035733268
41105,0.028459875
41106,0.027525779
41107,0.03221808
41108,0.055432368
41109,0.0459739
41110,0.054097325
41111,0.012159291
41112,0.03397788
41113,0.024235817
41114,0.0135464035
41115,0.012678315
41116,0.021063713
41117,0.037686333
41118,0.020995744
41119,0.050476015
41120,0.43565243
41121,0.39550525
41122,0.03866647
41123,0.036460895
41124,0.05625239
41125,0.049297117
41126,0.012190093
41127,0.045028213
41128,0.012722589
41129,0.027555132
41130,0.22770792
41131,0.023988698
41132,0.020948304
41133,0.028537119
41134,0.046833746
41135,0.04715479
41136,0.063496456
41137,0.21287589
41138,0.21954395
41139,0.045700792
41140,0.033852816
41141,0.014808415
41142,0.04503721
41143,0.039669015
41144,0.40405583
41145,0.038874187
41146,0.6425654
41147,0.060340215
41148,0.05989199
41149,0.0430756
41150,0.04131876
41151,0.047270153
41152,0.015473247
41153,0.014585408
41154,0.051404033
41155,0.03858096
41156,0.050503794
41157,0.046144597
41158,0.056396414
41159,0.06325573
41160,0.39448848
41161,0.047109015
41162,0.018872619
41163,0.052298933
41164,0.012534837
41165,0.03626331
41166,0.05305221
41167,0.045314807
41168,0.060229786
41169,0.036900103
41170,0.05689577
41171,0.035915677
41172,0.0458847
41173,0.0152701195
41174,0.061374452
41175,0.049872257
41176,0.028413808
41177,0.019120386
41178,0.031483013
41179,0.04631373
41180,0.05057928
41181,0.059686657
41182,0.055638652
41183,0.23237576
41184,0.059824232
41185,0.22311375
41186,0.009841106
41187,0.052621905
41188,0.04263773
41189,0.037895504
41190,0.05418183
41191,0.029975649
41192,0.017354358
41193,0.040017895
41194,0.04222209
41195,0.028843619
41196,0.04630883
41197,0.0073980032
41198,0.050058946
41199,0.033658914
41200,0.05797837
41201,0.04649292
41202,0.063584186
41203,0.5574264
41204,0.054618668
41205,0.05874925
41206,0.04648374
41207,0.049786534
41208,0.05090933
41209,0.052785657
41210,0.042725634
41211,0.00829821
41212,0.24512069
41213,0.051316608
41214,0.052306417
41215,0.045555834
41216,0.05179116
41217,0.023565266
41218,0.035133958
41219,0.07378656
41220,0.047964275
41221,0.038662266
41222,0.056567866
41223,0.60536337
41224,0.05288536
41225,0.012409482
41226,0.058773626
41227,0.046027724
41228,0.0697497
41229,0.24475971
41230,0.047806896
41231,0.0167008
41232,0.039721128
41233,0.040017363
41234,0.05862779
41235,0.06644117
41236,0.036508825
41237,0.23107389
41238,0.053129993
41239,0.049802825
41240,0.012825294
41241,0.01625992
41242,0.041238785
41243,0.047420073
41244,0.011782898
41245,0.06004109
41246,0.06347521
41247,0.06267591
41248,0.051341068
41249,0.02887846
41250,0.05895369
41251,0.06339401
41252,0.23409061
41253,0.045039665
41254,0.039583307
41255,0.007892467
41256,0.04713146
41257,0.4927731
41258,0.23070696
41259,0.4692652
41260,0.06430873
41261,0.010661342
41262,0.009737815
41263,0.036028255
41264,0.042944882
41265,0.38262203
41266,0.23252772
41267,0.05006529
41268,0.051880024
41269,0.06237424
41270,0.066056855
41271,0.062276233
41272,0.06795246
41273,0.24963386
41274,0.05226645
41275,0.039693866
41276,0.05411649
41277,0.042316746
41278,0.07292553
41279,0.549515
41280,0.04047225
41281,0.43232933
41282,0.03902187
41283,0.070815206
41284,0.010454294
41285,0.039653778
41286,0.051341154
41287,0.013087628
41288,0.037025303
41289,0.4022629
41290,0.036810666
41291,0.050496504
41292,0.061436545
41293,0.06439187
41294,0.07158279
41295,0.24498631
41296,0.07280373
41297,0.02464009
41298,0.23294954
41299,0.058168557
41300,0.06015102
41301,0.49114865
41302,0.43036944
41303,0.2449696
41304,0.020906938
41305,0.21497391
41306,0.047010206
41307,0.024226427
41308,0.044582915
41309,0.029975649
41310,0.044818085
41311,0.053061154
41312,0.05436548
41313,0.05640274
41314,0.05303821
41315,0.06034136
41316,0.05556671
41317,0.024886979
41318,0.05680541
41319,0.3882716
41320,0.013747489
41321,0.046537764
41322,0.5764284
41323,0.5501791
41324,0.61729956
41325,0.053505164
41326,0.47294846
41327,0.051951036
41328,0.04678429
41329,0.04502173
41330,0.04660369
41331,0.039017934
41332,0.00879105
41333,0.39480025
41334,0.014387365
41335,0.027093621
41336,0.055748306
41337,0.056755517
41338,0.040497314
41339,0.039017934
41340,0.06740491
41341,0.05365332
41342,0.022091204
41343,0.05959031
41344,0.055583064
41345,0.056968905
41346,0.50823236
41347,0.5515743
41348,0.5626452
41349,0.0467491
41350,0.023364633
41351,0.007497569
41352,0.40515804
41353,0.052958716
41354,0.23685883
41355,0.036941603
41356,0.0534757
41357,0.014148215
41358,0.05552359
41359,0.057050686
41360,0.062199596
41361,0.059993304
41362,0.44320974
41363,0.4523077
41364,0.060244404
41365,0.060530156
41366,0.049518548
41367,0.045875616
41368,0.057435848
41369,0.037358608
41370,0.028870357
41371,0.019555721
41372,0.06432878
41373,0.064559594
41374,0.04638614
41375,0.05627288
41376,0.020496946
41377,0.5110679
41378,0.5328324
41379,0.50049293
41380,0.03871738
41381,0.05999903
41382,0.39962494
41383,0.013882968
41384,0.013336992
41385,0.030126452
41386,0.054695807
41387,0.040285256
41388,0.4002141
41389,0.67064476
41390,0.051079266
41391,0.056384932
41392,0.05281898
41393,0.06364067
41394,0.04985357
41395,0.060537808
41396,0.059301794
41397,0.03330257
41398,0.054151047
41399,0.056600884
41400,0.056185853
41401,0.038773544
41402,0.25331277
41403,0.2426987
41404,0.062572815
41405,0.05082921
41406,0.056452166
41407,0.04984343
41408,0.23992926
41409,0.027266102
41410,0.036573634
41411,0.037253927
41412,0.01257634
41413,0.014453866
41414,0.03661046
41415,0.03675164
41416,0.23052633
41417,0.5622525
41418,0.070601255
41419,0.06504366
41420,0.057535116
41421,0.06663713
41422,0.06201082
41423,0.4643454
41424,0.04578281
41425,0.028958565
41426,0.06487555
41427,0.061776023
41428,0.22586402
41429,0.51222134
41430,0.24809156
41431,0.06632944
41432,0.54317087
41433,0.060364064
41434,0.01443483
41435,0.05990085
41436,0.06947056
41437,0.01677536
41438,0.044515546
41439,0.46622467
41440,0.04823497
41441,0.03238076
41442,0.0320628
41443,0.03836964
41444,0.062165823
41445,0.4046846
41446,0.24248023
41447,0.25184476
41448,0.24215928
41449,0.06250385
41450,0.06721585
41451,0.24528348
41452,0.023833584
41453,0.0652463
41454,0.048435934
41455,0.0393102
41456,0.4931283
41457,0.24166597
41458,0.044626456
41459,0.25610876
41460,0.41274795
41461,0.051342893
41462,0.05564687
41463,0.052295063
41464,0.011937843
41465,0.024889942
41466,0.04513124
41467,0.052734192
41468,0.05250466
41469,0.061971527
41470,0.4003385
41471,0.6330437
41472,0.38864982
41473,0.06850097
41474,0.55328715
41475,0.05351381
41476,0.015136098
41477,0.049874257
41478,0.0502689
41479,0.06029784
41480,0.23340295
41481,0.04701162
41482,0.023607355
41483,0.04688341
41484,0.060494646
41485,0.037695523
41486,0.05847939
41487,0.016481197
41488,0.012807684
41489,0.03576597
41490,0.016134797
41491,0.016686037
41492,0.009434
41493,0.028504413
41494,0.05110472
41495,0.045078717
41496,0.05068001
41497,0.22744648
41498,0.062971465
41499,0.34817305
41500,0.67482567
41501,0.50913435
41502,0.075785704
41503,0.056638997
41504,0.039497383
41505,0.056655504
41506,0.012250102
41507,0.02826629
41508,0.6413947
41509,0.039262697
41510,0.046372745
41511,0.039425824
41512,0.21414685
41513,0.03943285
41514,0.012907577
41515,0.038758516
41516,0.011505939
41517,0.024204938
41518,0.052731056
41519,0.056743577
41520,0.5079786
41521,0.40462053
41522,0.22022359
41523,0.6036354
41524,0.24121167
41525,0.24041331
41526,0.06594025
41527,0.03580676
41528,0.029148154
41529,0.0330593
41530,0.040224582
41531,0.03823489
41532,0.04650176
41533,0.50596297
41534,0.054615024
41535,0.39667293
41536,0.027504176
41537,0.058687046
41538,0.06443996
41539,0.060799688
41540,0.06926919
41541,0.038548287
41542,0.03659211
41543,0.06278906
41544,0.52299213
41545,0.40153295
41546,0.49225444
41547,0.39646998
41548,0.074133225
41549,0.066133976
41550,0.053488668
41551,0.037857413
41552,0.018153774
41553,0.00963542
41554,0.034929562
41555,0.06352163
41556,0.060510766
41557,0.053300112
41558,0.06943341
41559,0.049044147
41560,0.24480489
41561,0.036419034
41562,0.008822761
41563,0.056968845
41564,0.0634016
41565,0.026026523
41566,0.004845208
41567,0.21296763
41568,0.0638723
41569,0.051013798
41570,0.056375504
41571,0.054258924
41572,0.051332895
41573,0.033881992
41574,0.06175714
41575,0.056252804
41576,0.03663902
41577,0.008248092
41578,0.060281944
41579,0.008731071
41580,0.0546969
41581,0.029732466
41582,0.059893303
41583,0.030869003
41584,0.03789571
41585,0.012834908
41586,0.0361485
41587,0.06523028
41588,0.24315788
41589,0.5152078
41590,0.05932618
41591,0.014523457
41592,0.025195321
41593,0.041634668
41594,0.011714862
41595,0.04800548
41596,0.06723646
41597,0.011695381
41598,0.027645973
41599,0.014870759
41600,0.009062862
41601,0.022872394
41602,0.050148547
41603,0.05270231
41604,0.40503067
41605,0.012152954
41606,0.013420209
41607,0.027719706
41608,0.05025398
41609,0.054155115
41610,0.4405541
41611,0.21303453
41612,0.009797047
41613,0.22321503
41614,0.032673944
41615,0.012755886
41616,0.050020784
41617,0.059623677
41618,0.041508004
41619,0.07213182
41620,0.011935858
41621,0.013046734
41622,0.022611802
41623,0.060672026
41624,0.046957564
41625,0.036251873
41626,0.014290269
41627,0.024084082
41628,0.04626015
41629,0.24224581
41630,0.027163813
41631,0.016058892
41632,0.0148849
41633,0.026082842
41634,0.046093144
41635,0.2324271
41636,0.046950825
41637,0.23173009
41638,0.05481161
41639,0.011521288
41640,0.039170597
41641,0.03957223
41642,0.024237268
41643,0.36587438
41644,0.23167212
41645,0.014257418
41646,0.05226645
41647,0.039421923
41648,0.008699241
41649,0.24268521
41650,0.6178842
41651,0.05804084
41652,0.054181173
41653,0.01133948
41654,0.053488668
41655,0.038828183
41656,0.037897937
41657,0.053059902
41658,0.05122432
41659,0.0568541
41660,0.5340386
41661,0.050786868
41662,0.051463757
41663,0.050701205
41664,0.062691815
41665,0.24723351
41666,0.050272
41667,0.07399176
41668,0.049506437
41669,0.017723115
41670,0.051642183
41671,0.024734167
41672,0.021314068
41673,0.042368814
41674,0.046488173
41675,0.023397868
41676,0.04474731
41677,0.010173358
41678,0.22856385
41679,0.032531645
41680,0.036824007
41681,0.0118920775
41682,0.029364744
41683,0.052189894
41684,0.055806104
41685,0.044946242
41686,0.6660123
41687,0.04648303
41688,0.055294063
41689,0.039309446
41690,0.033877183
41691,0.038633056
41692,0.03901203
41693,0.010590127
41694,0.013914056
41695,0.24614601
41696,0.023233578
41697,0.009118182
41698,0.05637567
41699,0.059260752
41700,0.036400408
41701,0.039678853
41702,0.2452204
41703,0.037921812
41704,0.028481772
41705,0.22668116
41706,0.048061382
41707,0.011933956
41708,0.012298432
41709,0.046843845
41710,0.06255564
41711,0.05443575
41712,0.04732836
41713,0.046515755
41714,0.04277764
41715,0.06622282
41716,0.22078858
41717,0.011615803
41718,0.00875333
41719,0.009120323
41720,0.014364294
41721,0.012850454
41722,0.0080305915
41723,0.011750227
41724,0.019981198
41725,0.044498604
41726,0.039287325
41727,0.058253236
41728,0.060560554
41729,0.24007963
41730,0.015497942
41731,0.008760438
41732,0.0142501835
41733,0.0149948085
41734,0.01161681
41735,0.027909923
41736,0.0075532547
41737,0.011404127
41738,0.0076214666
41739,0.0462129
41740,0.024018638
41741,0.0385722
41742,0.011674746
41743,0.055789202
41744,0.039462373
41745,0.027759701
41746,0.05294947
41747,0.008826968
41748,0.23971045
41749,0.045994412
41750,0.046885993
41751,0.047041215
41752,0.052231573
41753,0.017980056
41754,0.051450003
41755,0.012155782
41756,0.05790096
41757,0.06034791
41758,0.013558465
41759,0.015458561
41760,0.028355785
41761,0.028166326
41762,0.011658722
41763,0.02408333
41764,0.023938585
41765,0.05096386
41766,0.045909587
41767,0.028050467
41768,0.061536208
41769,0.020630322
41770,0.028087229
41771,0.0396122
41772,0.029485896
41773,0.22735964
41774,0.06386732
41775,0.014473125
41776,0.054055315
41777,0.01659585
