Index,demand
0,0.053704355
1,0.02729886
2,0.032728184
3,0.034559306
4,0.062272225
5,0.014200524
6,0.036490157
7,0.11495245
8,0.04697116
9,0.0666645
10,0.040476743
11,0.24615358
12,0.25333592
13,0.038061265
14,0.08700108
15,0.035371166
16,0.09673326
17,0.049090613
18,0.10690522
19,0.065405905
20,0.014195435
21,0.02514694
22,0.11190449
23,0.047827207
24,0.4283172
25,0.10282726
26,0.04215428
27,0.14118326
28,0.03949712
29,0.010858733
30,0.02541523
31,0.043870047
32,0.03017957
33,0.051188063
34,0.23820662
35,0.43526345
36,0.039915927
37,0.039852154
38,0.11046072
39,0.08856743
40,0.010870832
41,0.0073947962
42,0.0303179
43,0.06425323
44,0.029895287
45,0.05708941
46,0.06943057
47,0.4498032
48,0.0732784
49,0.06734812
50,0.25973034
51,0.07727631
52,0.017839149
53,0.1933163
54,0.015389035
55,0.061079167
56,0.12219199
57,0.043597203
58,0.043573935
59,0.036103316
60,0.030582393
61,0.047682837
62,0.105238706
63,0.048870727
64,0.03694689
65,0.3834194
66,0.023330672
67,0.0433903
68,0.036888395
69,0.03694604
70,0.027311651
71,0.03663735
72,0.008604681
73,0.06915486
74,0.0413122
75,0.029657178
76,0.056277554
77,0.116155736
78,0.13488579
79,0.04086226
80,0.04080497
81,0.012241723
82,0.014594427
83,0.08595488
84,0.07985395
85,0.045087967
86,0.14065465
87,0.39848283
88,0.06872627
89,0.051709354
90,0.015234337
91,0.028689587
92,0.080446795
93,0.106845304
94,0.16960767
95,0.023289088
96,0.06747672
97,0.045665514
98,0.01269677
99,0.008112814
100,0.023427933
101,0.037779987
102,0.029966103
103,0.14403637
104,0.042568784
105,0.037644643
106,0.03169542
107,0.087880254
108,0.42950037
109,0.04089609
110,0.026061462
111,0.042259865
112,0.055808987
113,0.05344647
114,0.022781959
115,0.114048086
116,0.15108941
117,0.087038845
118,0.08292676
119,0.042333003
120,0.025764825
121,0.027179373
122,0.028810553
123,0.028812807
124,0.006656368
125,0.05924857
126,0.065116815
127,0.24837387
128,0.037366793
129,0.065174006
130,0.032406326
131,0.021454183
132,0.015214742
133,0.029366737
134,0.04319832
135,0.03146011
136,0.08466532
137,0.1636681
138,0.2518402
139,0.039928485
140,0.050036296
141,0.09446243
142,0.05533115
143,0.01708425
144,0.06978555
145,0.014678337
146,0.013089977
147,0.020690449
148,0.07917193
149,0.023861244
150,0.020847386
151,0.021623978
152,0.06418574
153,0.06165906
154,0.14464013
155,0.15975678
156,0.24369495
157,0.06057842
158,0.041827835
159,0.018774433
160,0.048551187
161,0.03721299
162,0.09234424
163,0.048628755
164,0.6071289
165,0.13210544
166,0.02139388
167,0.120195664
168,0.05151207
169,0.047484394
170,0.030833554
171,0.015711745
172,0.009427895
173,0.057673603
174,0.014702588
175,0.026050797
176,0.07517163
177,0.0367517
178,0.084632285
179,0.05843264
180,0.11464778
181,0.2425708
182,0.381138
183,0.07983395
184,0.030441828
185,0.07544314
186,0.015857458
187,0.027834719
188,0.009176716
189,0.07837335
190,0.059578765
191,0.13673438
192,0.06308548
193,0.08810504
194,0.064571425
195,0.064814836
196,0.020371152
197,0.021444807
198,0.111865245
199,0.03137384
200,0.04061194
201,0.024593208
202,0.009675778
203,0.020997329
204,0.03659778
205,0.06046319
206,0.07605797
207,0.1202087
208,0.10170761
209,0.1855378
210,0.10909687
211,0.13107476
212,0.013908897
213,0.0900806
214,0.051565297
215,0.009382202
216,0.044754777
217,0.11126195
218,0.027991893
219,0.027843274
220,0.053313993
221,0.038785737
222,0.019112887
223,0.04635936
224,0.07025216
225,0.034400992
226,0.0758378
227,0.01853677
228,0.02071195
229,0.055248965
230,0.040633477
231,0.0398882
232,0.061813854
233,0.13206929
234,0.2819786
235,0.12680379
236,0.13008095
237,0.07192402
238,0.08206358
239,0.07913643
240,0.08856326
241,0.05921147
242,0.029903745
243,0.30282745
244,0.07047109
245,0.07535552
246,0.053887106
247,0.07930533
248,0.016979963
249,0.028960815
250,0.010851816
251,0.016459167
252,0.022825498
253,0.047039367
254,0.1143508
255,0.059984077
256,0.044006027
257,0.12687336
258,0.48761714
259,0.10026532
260,0.017026262
261,0.24322592
262,0.06443472
263,0.3729876
264,0.13973707
265,0.0823062
266,0.017502783
267,0.049307678
268,0.04100661
269,0.084730424
270,0.24554399
271,0.07076982
272,0.37297884
273,0.09930104
274,0.058060225
275,0.016321776
276,0.017871184
277,0.054062624
278,0.05111994
279,0.019228667
280,0.14825149
281,0.24361876
282,0.14292106
283,0.08832607
284,0.033050146
285,0.09162742
286,0.17835288
287,0.24533713
288,0.054724198
289,0.06756979
290,0.021665918
291,0.08332473
292,0.51568675
293,0.028601926
294,0.06506735
295,0.3046051
296,0.27111158
297,0.010763833
298,0.0147666
299,0.029539846
300,0.05622241
301,0.14748913
302,0.2416074
303,0.10277746
304,0.10347968
305,0.26500896
306,0.24775492
307,0.13890393
308,0.24746136
309,0.37739465
310,0.0921485
311,0.023826601
312,0.04121985
313,0.067877695
314,0.059761845
315,0.1915026
316,0.81598085
317,0.0073369397
318,0.07872469
319,0.4099752
320,0.013414409
321,0.048240285
322,0.2554372
323,0.011515976
324,0.038833283
325,0.074013755
326,0.02414673
327,0.032959465
328,0.17323944
329,0.07117164
330,0.082066186
331,0.17926317
332,0.16693707
333,0.24504067
334,0.26857677
335,0.1397744
336,0.032988954
337,0.28734425
338,0.24125838
339,0.15017861
340,0.87717044
341,0.37375468
342,0.2600091
343,0.02875857
344,0.111728586
345,0.070347585
346,0.022766992
347,0.010999684
348,0.016048409
349,0.039032683
350,0.0075808056
351,0.010558438
352,0.02227006
353,0.07613506
354,0.11838785
355,0.09367867
356,0.099817336
357,0.08636106
358,0.15886281
359,0.10420225
360,0.021462735
361,0.12877934
362,0.24687909
363,0.02487124
364,0.073726445
365,0.66572195
366,0.8104968
367,0.41328526
368,0.0060212696
369,0.028665664
370,0.01608021
371,0.04122748
372,0.2655413
373,0.07836018
374,0.014857647
375,0.060199846
376,0.021321297
377,0.062051147
378,0.05355916
379,0.050438087
380,0.013155811
381,0.25476953
382,0.0202523
383,0.038351398
384,0.11628916
385,0.103301026
386,0.05786526
387,0.055467874
388,0.09974793
389,0.108515546
390,0.027821813
391,0.12725157
392,0.090105936
393,0.13907996
394,0.76131535
395,0.8590638
396,0.416339
397,0.14657839
398,0.020715201
399,0.1323477
400,0.08088942
401,0.24969105
402,0.053577844
403,0.05507125
404,0.01824755
405,0.059706155
406,0.13202842
407,0.24879818
408,0.0889855
409,0.62136066
410,0.260976
411,0.15686768
412,0.15836932
413,0.09432869
414,0.057753757
415,0.13189411
416,0.04080265
417,0.041007202
418,0.019497134
419,0.10675576
420,0.09483484
421,0.036339566
422,0.10106817
423,0.022763256
424,0.7652912
425,0.9728494
426,0.83723134
427,0.04907072
428,0.037868608
429,0.24209026
430,0.12979032
431,0.021873958
432,0.010723327
433,0.018552298
434,0.019043712
435,0.042828586
436,0.10448771
437,0.052210532
438,0.41722634
439,0.48270175
440,0.07278446
441,0.10142074
442,0.15066569
443,0.24574539
444,0.06447073
445,0.2589108
446,0.10465627
447,0.023937693
448,0.053835433
449,0.09958663
450,0.08521597
451,0.039179437
452,0.026069583
453,0.29165363
454,0.3876347
455,0.16273801
456,0.06610312
457,0.032769322
458,0.25288212
459,0.07558748
460,0.308542
461,0.023610117
462,0.0345708
463,0.036149822
464,0.01660382
465,0.01735568
466,0.04826203
467,0.0451817
468,0.26710787
469,0.7613086
470,0.3907622
471,0.3761652
472,0.0911903
473,0.1854312
474,0.24407071
475,0.39489558
476,0.12972564
477,0.025805043
478,0.028474443
479,0.028844457
480,0.24277021
481,0.1141366
482,0.0507791
483,0.25559068
484,0.2863235
485,0.2709668
486,1.0017205
487,0.11624252
488,0.018756485
489,0.16049165
490,0.24666366
491,0.028550904
492,0.07233802
493,0.44306883
494,0.0057719145
495,0.075099014
496,0.03636396
497,0.0471772
498,0.053195138
499,0.24331014
500,0.39035016
501,0.37234682
502,0.4978328
503,0.38083497
504,0.16689444
505,0.16771396
506,0.25817642
507,0.014739773
508,0.021851437
509,0.14004534
510,0.09368713
511,0.056334108
512,0.17369646
513,0.17309077
514,0.4885914
515,0.19150889
516,0.006919939
517,0.082642615
518,0.12492296
519,0.085506134
520,0.054083627
521,0.008844834
522,0.010340855
523,0.01191279
524,0.031717468
525,0.059434623
526,0.09936829
527,0.108183846
528,0.13132857
529,0.372252
530,0.7659931
531,0.38639542
532,0.4179077
533,0.6925545
534,0.10336653
535,0.019788632
536,0.035801567
537,0.06300814
538,0.13153742
539,0.18186957
540,0.07024149
541,0.022088215
542,0.06585718
543,0.15405664
544,0.019598534
545,0.006278429
546,0.04716226
547,0.13123362
548,0.023781322
549,0.013698375
550,0.041656353
551,0.028040133
552,0.010080773
553,0.036018264
554,0.08165468
555,0.052734043
556,0.08785746
557,0.26764742
558,0.37574768
559,0.3744813
560,0.9487113
561,0.60077816
562,0.37716195
563,0.08009372
564,0.038621403
565,0.02094545
566,0.057453
567,0.11631368
568,0.019261483
569,0.038415216
570,0.42535266
571,0.05967528
572,0.018118614
573,0.07203435
574,0.044381745
575,0.08469781
576,0.063212685
577,0.056844026
578,0.015677504
579,0.05363725
580,0.012877731
581,0.014422057
582,0.023637237
583,0.0825727
584,0.11564396
585,0.5817571
586,0.39904723
587,0.24400382
588,0.9877645
589,0.37862948
590,0.4394847
591,0.12187261
592,0.041715827
593,0.021308465
594,0.038423683
595,0.048452597
596,0.036679894
597,0.029652078
598,0.063324854
599,0.43266988
600,0.11546651
601,0.25805458
602,0.05225666
603,0.09242006
604,0.14256871
605,0.12863213
606,0.24534713
607,0.037722062
608,0.025416
609,0.042791657
610,0.16579367
611,0.5108917
612,0.37903327
613,0.29833284
614,0.14620508
615,0.40105134
616,0.14300497
617,0.09314886
618,0.027784703
619,0.0526972
620,0.038600333
621,0.08408365
622,0.2730793
623,0.074083
624,0.25863442
625,0.03153282
626,0.06923048
627,0.17402443
628,0.042180136
629,0.011435848
630,0.11618459
631,0.1659824
632,0.03358784
633,0.2402496
634,0.2466132
635,0.08067212
636,0.08114812
637,0.02425248
638,0.094492845
639,0.10473592
640,0.053819906
641,0.10610371
642,0.23809001
643,0.03184433
644,0.029532017
645,0.014011133
646,0.13058877
647,0.011208968
648,0.016687501
649,0.109606326
650,0.03183608
651,0.027840236
652,0.13118978
653,0.043741517
654,0.05881593
655,0.0070954286
656,0.07949013
657,0.16244732
658,0.3761561
659,0.38922954
660,0.033210408
661,0.016442066
662,0.020093368
663,0.023254553
664,0.07984645
665,0.017092898
666,0.06307593
667,0.12113281
668,0.013545603
669,0.035269294
670,0.021470448
671,0.014504559
672,0.07697087
673,0.102937266
674,0.2892582
675,0.012563043
676,0.0152432835
677,0.06884417
678,0.06177258
679,0.09224496
680,0.25813732
681,0.038309466
682,0.011260348
683,0.010162411
684,0.10538604
685,0.025484605
686,0.01982317
687,0.078482844
688,0.12658843
689,0.048310563
690,0.021946797
691,0.00941649
692,0.25512734
693,0.012599664
694,0.025636155
695,0.24059562
696,0.07122092
697,0.048405513
698,0.016317947
699,0.03300598
700,0.07256832
701,0.36941063
702,0.032344744
703,0.019249393
704,0.020775236
705,0.053764664
706,0.059939433
707,0.16386728
708,0.08366898
709,0.17548326
710,0.087058224
711,0.03147801
712,0.0346481
713,0.041587535
714,0.025593689
715,0.15983205
716,0.015899418
717,0.019153373
718,0.08694797
719,0.019959979
720,0.11625112
721,0.049819645
722,0.0143119255
723,0.26715776
724,0.46283534
725,0.24008326
726,0.03991975
727,0.0818558
728,0.03236895
729,0.097437896
730,0.07112737
731,0.06382698
732,0.54149336
733,0.08280176
734,0.019703638
735,0.096733324
736,0.08654461
737,0.035269983
738,0.13033451
739,0.43531725
740,0.07869528
741,0.122627765
742,0.034453616
743,0.03226259
744,0.020061916
745,0.09751568
746,0.023864226
747,0.0058432305
748,0.021911422
749,0.05079204
750,0.039045785
751,0.017116982
752,0.04889031
753,0.013827254
754,0.10193279
755,0.024978219
756,0.032549113
757,0.012988869
758,0.036846243
759,0.08317598
760,0.10831251
761,0.026994022
762,0.054725476
763,0.47749165
764,0.06630094
765,0.082259625
766,0.031788193
767,0.034019228
768,0.050822545
769,0.16651022
770,0.0323808
771,0.016976383
772,0.0112693515
773,0.048407245
774,0.11962538
775,0.020294446
776,0.24118324
777,0.052727506
778,0.019570358
779,0.057700813
780,0.29261258
781,0.024315216
782,0.02675883
783,0.019209974
784,0.0461116
785,0.047225896
786,0.24805288
787,0.06557736
788,0.005774657
789,0.015366136
790,0.07287074
791,0.15375388
792,0.08407415
793,0.073005214
794,0.061779857
795,0.024203278
796,0.04890619
797,0.09423039
798,0.25866863
799,0.08832242
800,0.008637382
801,0.023099594
802,0.02379652
803,0.010624777
804,0.018863015
805,0.012943383
806,0.021012519
807,0.009937927
808,0.013642736
809,0.017185902
810,0.021212071
811,0.027859837
812,0.055304263
813,0.05021241
814,0.12367151
815,0.006675796
816,0.0096266195
817,0.115915515
818,0.11124689
819,0.0484779
820,0.021393824
821,0.009308142
822,0.015226175
823,0.025060205
824,0.008192764
825,0.019176327
826,0.006213484
827,0.014388513
828,0.008997562
829,0.006254886
830,0.06983766
831,0.03360438
832,0.011676724
833,0.012509887
834,0.01158904
835,0.011076811
836,0.010347649
837,0.06912927
838,0.02965217
839,0.043698274
840,0.008112341
841,0.026149223
842,0.012942575
843,0.09590897
844,0.011783281
845,0.010597576
846,0.012982667
847,0.11648938
848,0.06333148
849,0.059834305
850,0.061279934
851,0.006372007
852,0.080107234
853,0.01855978
854,0.011497086
855,0.060215823
856,0.03937678
857,0.12134097
858,0.02220328
859,0.03468867
860,0.028076721
861,0.02713043
862,0.010794388
863,0.009485139
864,0.012916726
865,0.009548183
866,0.024715899
867,0.011383874
868,0.033968776
869,0.06235684
870,0.027183415
871,0.11598078
872,0.01958613
873,0.021470731
874,0.014068385
875,0.012880708
876,0.020659652
877,0.052542757
878,0.02100395
879,0.014636135
880,0.021445066
881,0.009737236
882,0.009199543
883,0.05783198
884,0.13140994
885,0.017301304
886,0.089972526
887,0.026277538
888,0.04722631
889,0.03677174
890,0.036700744
891,0.024962923
892,0.05548694
893,0.020857424
894,0.027294036
895,0.03756834
896,0.028923737
897,0.08977938
898,0.041729216
899,0.049073115
900,0.06323499
901,0.09719235
902,0.22712332
903,0.025361175
904,0.043121316
905,0.08512774
906,0.056007598
907,0.38593042
908,0.058953125
909,0.095362276
910,0.06274625
911,0.010359341
912,0.01975664
913,0.2380848
914,0.03803365
915,0.5316069
916,0.06862877
917,0.04249889
918,0.09129429
919,0.053564303
920,0.03241066
921,0.044484206
922,0.016153214
923,0.014940702
924,0.06824224
925,0.06486563
926,0.10372464
927,0.4868339
928,0.0440397
929,0.055122577
930,0.028242499
931,0.084899105
932,0.08335744
933,0.026165096
934,0.057456788
935,0.038386818
936,0.05861636
937,0.07125378
938,0.43911108
939,0.064180546
940,0.06920193
941,0.26118395
942,0.07038393
943,0.45884126
944,0.017673844
945,0.059082042
946,0.09817163
947,0.048556685
948,0.04698197
949,0.036797784
950,0.050639365
951,0.059669755
952,0.08426787
953,0.05887296
954,0.038592823
955,0.0374082
956,0.2559329
957,0.035199653
958,0.03175667
959,0.05031259
960,0.050677277
961,0.056720506
962,0.032727294
963,0.04041775
964,0.047835805
965,0.06030867
966,0.029919067
967,0.052032918
968,0.1010875
969,0.10518903
970,0.01955361
971,0.0052275984
972,0.020140767
973,0.078440025
974,0.22044854
975,0.02256637
976,0.054016437
977,0.10324899
978,0.24877061
979,0.06280935
980,0.04957325
981,0.02188551
982,0.02314655
983,0.007965471
984,0.03830313
985,0.010938645
986,0.072331965
987,0.25233707
988,0.2607586
989,0.027712077
990,0.045051448
991,0.014590345
992,0.013439372
993,0.029768752
994,0.03566951
995,0.10524709
996,0.016219942
997,0.042570274
998,0.040935412
999,0.027159896
1000,0.06590874
1001,0.46753478
1002,0.0074190544
1003,0.055124667
1004,0.02451835
1005,0.026191957
1006,0.04502538
1007,0.054977003
1008,0.031239579
1009,0.095009364
1010,0.107523926
1011,0.073499836
1012,0.06960281
1013,0.051153205
1014,0.009392006
1015,0.032815862
1016,0.032777514
1017,0.03566956
1018,0.0054859775
1019,0.061991964
1020,0.054816756
1021,0.21294412
1022,0.019063886
1023,0.041832883
1024,0.032199312
1025,0.022375967
1026,0.020218285
1027,0.02814158
1028,0.041572846
1029,0.029304584
1030,0.06409677
1031,0.10384368
1032,0.12087149
1033,0.042845335
1034,0.04423266
1035,0.04671172
1036,0.07126333
1037,0.05797611
1038,0.020480609
1039,0.05744564
1040,0.020385083
1041,0.028694209
1042,0.06904083
1043,0.03048321
1044,0.029029664
1045,0.03108614
1046,0.05776788
1047,0.056869738
1048,0.22207496
1049,0.21236245
1050,0.22704332
1051,0.052433696
1052,0.04011808
1053,0.025308736
1054,0.048458785
1055,0.04348159
1056,0.06973314
1057,0.04586708
1058,0.56100106
1059,0.082122505
1060,0.012580539
1061,0.089548275
1062,0.04897666
1063,0.04843954
1064,0.023292523
1065,0.020780703
1066,0.014726708
1067,0.055872586
1068,0.028115561
1069,0.015954023
1070,0.02165286
1071,0.024401851
1072,0.066900685
1073,0.04219457
1074,0.068447776
1075,0.053813357
1076,0.08456635
1077,0.08671409
1078,0.38614005
1079,0.061061468
1080,0.027324537
1081,0.06823603
1082,0.020969851
1083,0.039301105
1084,0.019412141
1085,0.064147525
1086,0.052210025
1087,0.082755074
1088,0.0469951
1089,0.07324756
1090,0.046366546
1091,0.05495226
1092,0.032863393
1093,0.022351496
1094,0.023872092
1095,0.082152285
1096,0.0118238535
1097,0.0340614
1098,0.05209668
1099,0.032014955
1100,0.01562972
1101,0.014026608
1102,0.02775087
1103,0.036782436
1104,0.054410253
1105,0.06254281
1106,0.09425271
1107,0.075178705
1108,0.09602847
1109,0.0895512
1110,0.09371532
1111,0.019333826
1112,0.073839754
1113,0.010314662
1114,0.049185194
1115,0.011840095
1116,0.041520815
1117,0.078598484
1118,0.033049658
1119,0.026278686
1120,0.048249044
1121,0.038514417
1122,0.017532514
1123,0.047119938
1124,0.064185925
1125,0.034268405
1126,0.057301793
1127,0.03062238
1128,0.030966915
1129,0.057545442
1130,0.011878531
1131,0.03967156
1132,0.06121334
1133,0.0572877
1134,0.09746819
1135,0.51967067
1136,0.072189584
1137,0.08337723
1138,0.057073873
1139,0.06819161
1140,0.06475429
1141,0.072574355
1142,0.05201668
1143,0.011036348
1144,0.024573412
1145,0.25332385
1146,0.06209508
1147,0.06783907
1148,0.052805167
1149,0.06742162
1150,0.022885285
1151,0.029982297
1152,0.015590044
1153,0.02541361
1154,0.04093019
1155,0.08954956
1156,0.055999357
1157,0.042064153
1158,0.081186965
1159,0.5915111
1160,0.074144796
1161,0.024675254
1162,0.22394675
1163,0.054856505
1164,0.2477593
1165,0.25123608
1166,0.062424835
1167,0.047173157
1168,0.042407162
1169,0.06898104
1170,0.23052225
1171,0.04691044
1172,0.23084621
1173,0.07432963
1174,0.057778355
1175,0.019136064
1176,0.010695091
1177,0.023133717
1178,0.024246134
1179,0.049731527
1180,0.054893073
1181,0.01950513
1182,0.07482531
1183,0.09580059
1184,0.08812205
1185,0.068954125
1186,0.032754734
1187,0.07251166
1188,0.23049693
1189,0.23881474
1190,0.050645057
1191,0.010674676
1192,0.049508266
1193,0.026542027
1194,0.062275935
1195,0.5541408
1196,0.03759259
1197,0.06554288
1198,0.25961062
1199,0.23080745
1200,0.021765567
1201,0.009133054
1202,0.039238866
1203,0.052253176
1204,0.089973144
1205,0.10493334
1206,0.07217272
1207,0.067323305
1208,0.2287767
1209,0.22305442
1210,0.08262963
1211,0.24029179
1212,0.40473643
1213,0.07177148
1214,0.02403091
1215,0.04307887
1216,0.06025535
1217,0.052199855
1218,0.10716118
1219,0.50323
1220,0.011054739
1221,0.050379615
1222,0.41500756
1223,0.016823659
1224,0.045319125
1225,0.25185424
1226,0.014706421
1227,0.017104631
1228,0.043791007
1229,0.06430687
1230,0.022971595
1231,0.04003053
1232,0.0060692383
1233,0.109145224
1234,0.04514176
1235,0.0658885
1236,0.093599044
1237,0.09238003
1238,0.24833556
1239,0.42452854
1240,0.2496872
1241,0.032434687
1242,0.2440111
1243,0.21906435
1244,0.0883707
1245,0.5148625
1246,0.43523455
1247,0.2551013
1248,0.0068680095
1249,0.027661938
1250,0.08989745
1251,0.058775898
1252,0.029572213
1253,0.020759523
1254,0.01559517
1255,0.048372164
1256,0.01396661
1257,0.027849015
1258,0.05531302
1259,0.07717979
1260,0.07409074
1261,0.07676779
1262,0.07167128
1263,0.09029493
1264,0.07663183
1265,0.029239235
1266,0.08020637
1267,0.24114771
1268,0.02303501
1269,0.05675717
1270,0.6140292
1271,0.5373475
1272,0.63817334
1273,0.008461307
1274,0.030401433
1275,0.023504976
1276,0.057514872
1277,0.25332054
1278,0.06927961
1279,0.02056251
1280,0.057417423
1281,0.009618967
1282,0.052999888
1283,0.052085258
1284,0.045503035
1285,0.016327925
1286,0.24696642
1287,0.022748644
1288,0.03344038
1289,0.08377049
1290,0.082093485
1291,0.048102856
1292,0.047330033
1293,0.079085134
1294,0.0787495
1295,0.02966042
1296,0.08851044
1297,0.0698634
1298,0.07540802
1299,0.4936231
1300,0.5147855
1301,0.5572168
1302,0.014984966
1303,0.06309666
1304,0.033130843
1305,0.25370765
1306,0.06719631
1307,0.10077436
1308,0.044836793
1309,0.056853563
1310,0.024865894
1311,0.062285677
1312,0.07667631
1313,0.22877917
1314,0.07528616
1315,0.4953898
1316,0.25482702
1317,0.0884238
1318,0.092751116
1319,0.07257245
1320,0.05313126
1321,0.08214275
1322,0.041055426
1323,0.035469327
1324,0.027227802
1325,0.07941922
1326,0.07636052
1327,0.049793243
1328,0.07492565
1329,0.029835252
1330,0.50292426
1331,0.52440786
1332,0.5693018
1333,0.041267313
1334,0.21768233
1335,0.25470504
1336,0.030698242
1337,0.023382671
1338,0.022604339
1339,0.03860982
1340,0.07643011
1341,0.04739901
1342,0.41745183
1343,0.4843795
1344,0.06449023
1345,0.075567305
1346,0.07154805
1347,0.09992496
1348,0.058548246
1349,0.36857074
1350,0.082197085
1351,0.035585992
1352,0.056460854
1353,0.07620717
1354,0.068056665
1355,0.042656973
1356,0.51451993
1357,0.4119716
1358,0.0926765
1359,0.059899397
1360,0.029973205
1361,0.073173106
1362,0.013617957
1363,0.06402272
1364,0.09262766
1365,0.031396378
1366,0.03943126
1367,0.040548187
1368,0.022979759
1369,0.023338294
1370,0.042312384
1371,0.042942077
1372,0.37092537
1373,0.6657884
1374,0.4298497
1375,0.24502276
1376,0.07539679
1377,0.09283278
1378,0.22078146
1379,0.46702826
1380,0.057909958
1381,0.031819098
1382,0.036538284
1383,0.033258624
1384,0.09311939
1385,0.23782764
1386,0.055431608
1387,0.26962432
1388,0.2508231
1389,0.22080524
1390,0.50395566
1391,0.08870208
1392,0.023406127
1393,0.083095424
1394,0.1033896
1395,0.025436243
1396,0.05350167
1397,0.50709105
1398,0.0595956
1399,0.036980644
1400,0.03853911
1401,0.04556363
1402,0.087150335
1403,0.40878966
1404,0.24966101
1405,0.48332533
1406,0.41155928
1407,0.0911732
1408,0.22439668
1409,0.2516606
1410,0.030351782
1411,0.10225789
1412,0.0700287
1413,0.048063733
1414,0.2587476
1415,0.25043324
1416,0.04912787
1417,0.48018253
1418,0.24753603
1419,0.01333902
1420,0.07179388
1421,0.08428194
1422,0.07038722
1423,0.047028992
1424,0.014450766
1425,0.014330985
1426,0.01961223
1427,0.03132516
1428,0.053533234
1429,0.07477783
1430,0.07895166
1431,0.087456934
1432,0.38320985
1433,0.574119
1434,0.41270086
1435,0.3893299
1436,0.5874113
1437,0.07863505
1438,0.024849346
1439,0.05390608
1440,0.057468086
1441,0.08751312
1442,0.09929491
1443,0.059066955
1444,0.028378772
1445,0.05765123
1446,0.08894208
1447,0.023242507
1448,0.041892394
1449,0.07749527
1450,0.01994686
1451,0.039383277
1452,0.024771323
1453,0.019815536
1454,0.014574747
1455,0.035563078
1456,0.06466048
1457,0.050740212
1458,0.06847127
1459,0.23004739
1460,0.23171613
1461,0.3854279
1462,0.6526906
1463,0.5793559
1464,0.41764042
1465,0.071622305
1466,0.044757493
1467,0.025257103
1468,0.049036667
1469,0.0792067
1470,0.020223903
1471,0.03541357
1472,0.4903885
1473,0.048450045
1474,0.02198773
1475,0.0579506
1476,0.04667192
1477,0.07048749
1478,0.042105433
1479,0.04845217
1480,0.018663311
1481,0.04703065
1482,0.030341739
1483,0.070734285
1484,0.08633896
1485,0.49937952
1486,0.4163928
1487,0.23604248
1488,0.5049781
1489,0.405464
1490,0.5370291
1491,0.088259205
1492,0.040244643
1493,0.028932048
1494,0.03661977
1495,0.045886103
1496,0.040229294
1497,0.03468687
1498,0.059355125
1499,0.47770658
1500,0.07800109
1501,0.4041252
1502,0.03670337
1503,0.06718625
1504,0.08461033
1505,0.091089964
1506,0.09740144
1507,0.042695366
1508,0.04291474
1509,0.22762693
1510,0.59494925
1511,0.40638196
1512,0.5948754
1513,0.10737754
1514,0.3841048
1515,0.10259936
1516,0.07382395
1517,0.026708027
1518,0.041484784
1519,0.03319262
1520,0.07449267
1521,0.2271
1522,0.06730729
1523,0.24498838
1524,0.031747654
1525,0.05932093
1526,0.1050877
1527,0.0407759
1528,0.01423651
1529,0.08764546
1530,0.090884715
1531,0.03274151
1532,0.21883066
1533,0.09240094
1534,0.06485473
1535,0.06638687
1536,0.031646088
1537,0.07279041
1538,0.07323903
1539,0.04116357
1540,0.078036144
1541,0.22212876
1542,0.0363308
1543,0.029767582
1544,0.084784836
1545,0.015294981
1546,0.013894736
1547,0.0794105
1548,0.040705252
1549,0.033496253
1550,0.092271715
1551,0.037716076
1552,0.047429148
1553,0.011115758
1554,0.049235713
1555,0.090962216
1556,0.4301255
1557,0.2655235
1558,0.05662498
1559,0.02358911
1560,0.05762388
1561,0.019474378
1562,0.05764228
1563,0.092137866
1564,0.019173054
1565,0.033324096
1566,0.020021798
1567,0.02415099
1568,0.026728762
1569,0.06355581
1570,0.07420569
1571,0.25711274
1572,0.018244281
1573,0.0191497
1574,0.034096085
1575,0.05760054
1576,0.06840159
1577,0.25468665
1578,0.06131229
1579,0.012138429
1580,0.014268785
1581,0.083354875
1582,0.034561574
1583,0.020024909
1584,0.06281111
1585,0.09552041
1586,0.045935746
1587,0.0123069035
1588,0.011604066
1589,0.101857156
1590,0.009900722
1591,0.01683905
1592,0.028835248
1593,0.08740288
1594,0.058557883
1595,0.041522507
1596,0.021313777
1597,0.032148745
1598,0.057515655
1599,0.2548157
1600,0.031721026
1601,0.021382872
1602,0.031049859
1603,0.04423251
1604,0.05285512
1605,0.09681686
1606,0.061064545
1607,0.097120136
1608,0.06836556
1609,0.032640506
1610,0.013511017
1611,0.04295974
1612,0.043220777
1613,0.24695446
1614,0.021550804
1615,0.023497017
1616,0.0809346
1617,0.022605507
1618,0.07142215
1619,0.046859775
1620,0.009832929
1621,0.016742818
1622,0.25188553
1623,0.6115844
1624,0.07785321
1625,0.056785896
1626,0.067158826
1627,0.04215685
1628,0.030192072
1629,0.07761574
1630,0.06480444
1631,0.0630866
1632,0.6338139
1633,0.065663785
1634,0.020140357
1635,0.07645558
1636,0.06795012
1637,0.037931614
1638,0.09001073
1639,0.5431067
1640,0.06345182
1641,0.09118242
1642,0.03010523
1643,0.017297173
1644,0.050704163
1645,0.028008929
1646,0.075185165
1647,0.031110466
1648,0.028517028
1649,0.048540752
1650,0.04909614
1651,0.026693499
1652,0.04931788
1653,0.01459067
1654,0.020058585
1655,0.0880471
1656,0.039935064
1657,0.015759867
1658,0.03554241
1659,0.06609889
1660,0.076882884
1661,0.025794614
1662,0.04828875
1663,0.4668213
1664,0.05854218
1665,0.070367046
1666,0.03661626
1667,0.041769482
1668,0.0464358
1669,0.011829934
1670,0.0145665845
1671,0.26275644
1672,0.031447086
1673,0.022869403
1674,0.045323867
1675,0.07536295
1676,0.025154086
1677,0.01118644
1678,0.22950837
1679,0.04428568
1680,0.030004475
1681,0.048233286
1682,0.4064422
1683,0.025242593
1684,0.009789185
1685,0.025815045
1686,0.012442592
1687,0.04414915
1688,0.00791027
1689,0.035497803
1690,0.09398541
1691,0.057474535
1692,0.0090750605
1693,0.0197582
1694,0.019474674
1695,0.05926671
1696,0.22819269
1697,0.06756624
1698,0.061709724
1699,0.05494757
1700,0.030447863
1701,0.04675748
1702,0.016380781
1703,0.05744991
1704,0.24015525
1705,0.07541731
1706,0.011947066
1707,0.03339158
1708,0.01901755
1709,0.015942743
1710,0.02069068
1711,0.017632533
1712,0.02579202
1713,0.013609687
1714,0.020806853
1715,0.027146744
1716,0.051164992
1717,0.044632632
1718,0.07949305
1719,0.009145123
1720,0.010604319
1721,0.09204954
1722,0.009794746
1723,0.09837638
1724,0.008889992
1725,0.0307698
1726,0.01916967
1727,0.021849593
1728,0.013448123
1729,0.01947886
1730,0.018680153
1731,0.010008641
1732,0.009088226
1733,0.056821123
1734,0.041192677
1735,0.018431807
1736,0.053411666
1737,0.018485261
1738,0.0101085985
1739,0.013176592
1740,0.014732367
1741,0.06380465
1742,0.032315068
1743,0.044121876
1744,0.013718727
1745,0.010327286
1746,0.032971732
1747,0.011344568
1748,0.016446624
1749,0.014729247
1750,0.07659025
1751,0.017249929
1752,0.014639751
1753,0.015799774
1754,0.09463226
1755,0.057794403
1756,0.05184446
1757,0.054707475
1758,0.0056534843
1759,0.06881822
1760,0.022717606
1761,0.014757702
1762,0.059727136
1763,0.015073149
1764,0.059304822
1765,0.09200705
1766,0.019170893
1767,0.03146618
1768,0.033698224
1769,0.029745972
1770,0.03017302
1771,0.0066859582
1772,0.015097545
1773,0.018277008
1774,0.007731151
1775,0.014073876
1776,0.033690743
1777,0.01374001
1778,0.010089636
1779,0.055766553
1780,0.054447692
1781,0.033580005
1782,0.008274743
1783,0.084216334
1784,0.02894052
1785,0.019591331
1786,0.021921223
1787,0.0053549525
1788,0.019810056
1789,0.048331656
1790,0.023071185
1791,0.019716373
1792,0.029581798
1793,0.021649802
1794,0.011233777
1795,0.04250455
1796,0.064002335
1797,0.09027613
1798,0.009976385
1799,0.022276063
1800,0.069356024
1801,0.016553622
1802,0.042077776
1803,0.035712097
1804,0.02578498
1805,0.039155353
1806,0.05180299
1807,0.013831424
1808,0.036096238
1809,0.042451236
1810,0.035125453
1811,0.06709345
1812,0.059547886
1813,0.028810153
1814,0.060631398
1815,0.042029984
1816,0.22983691
1817,0.22185317
1818,0.082872495
1819,0.061443046
1820,0.081596516
1821,0.06282758
1822,0.07993618
1823,0.05579615
1824,0.019209923
1825,0.034015197
1826,0.06698973
1827,0.03178938
1828,0.6303761
1829,0.064110816
1830,0.042937223
1831,0.068478376
1832,0.055106882
1833,0.0056099184
1834,0.0067511126
1835,0.028909542
1836,0.041921552
1837,0.03700928
1838,0.022072826
1839,0.021166442
1840,0.068511285
1841,0.0696902
1842,0.25326043
1843,0.4771386
1844,0.038826056
1845,0.070837714
1846,0.079252936
1847,0.015672984
1848,0.011953281
1849,0.049688525
1850,0.055777617
1851,0.061835106
1852,0.48600304
1853,0.06809457
1854,0.07264734
1855,0.4299047
1856,0.0687969
1857,0.5269485
1858,0.01757132
1859,0.051355463
1860,0.083025865
1861,0.047249682
1862,0.045258928
1863,0.034994964
1864,0.059321333
1865,0.027274283
1866,0.06503386
1867,0.071472555
1868,0.0631007
1869,0.054345977
1870,0.24192615
1871,0.042560276
1872,0.049582653
1873,0.052439604
1874,0.061577898
1875,0.03148417
1876,0.037238136
1877,0.041298285
1878,0.027564716
1879,0.07413792
1880,0.031868346
1881,0.08036639
1882,0.04955589
1883,0.040766925
1884,0.014709769
1885,0.07760989
1886,0.06853024
1887,0.06105688
1888,0.08827082
1889,0.5371439
1890,0.005977358
1891,0.060102273
1892,0.047464468
1893,0.022154788
1894,0.015619601
1895,0.037356935
1896,0.006548428
1897,0.077953056
1898,0.06692733
1899,0.07839482
1900,0.2479177
1901,0.02120599
1902,0.021820625
1903,0.041979834
1904,0.026629642
1905,0.034864895
1906,0.07431751
1907,0.024746193
1908,0.04152991
1909,0.05198688
1910,0.041965052
1911,0.06742867
1912,0.5201307
1913,0.060562532
1914,0.018904634
1915,0.02125237
1916,0.040238142
1917,0.05253633
1918,0.028909542
1919,0.06879747
1920,0.08584683
1921,0.06358195
1922,0.06495218
1923,0.048767634
1924,0.0062425174
1925,0.03188796
1926,0.02957776
1927,0.03503125
1928,0.05920564
1929,0.048830274
1930,0.21166919
1931,0.013678807
1932,0.036032487
1933,0.028274532
1934,0.017531782
1935,0.019011661
1936,0.02417493
1937,0.03992858
1938,0.024259679
1939,0.05407224
1940,0.08084404
1941,0.3883581
1942,0.041390035
1943,0.03948526
1944,0.040996026
1945,0.06300942
1946,0.05602255
1947,0.014848956
1948,0.049124993
1949,0.014975339
1950,0.030424293
1951,0.06995499
1952,0.027268408
1953,0.024100706
1954,0.031444635
1955,0.05173537
1956,0.051568
1957,0.22302778
1958,0.06669746
1959,0.06824696
1960,0.05084016
1961,0.038840838
1962,0.017760184
1963,0.047575533
1964,0.041925166
1965,0.07130597
1966,0.041987475
1967,0.6074087
1968,0.22009476
1969,0.026333932
1970,0.06411435
1971,0.046400152
1972,0.04544154
1973,0.01942069
1974,0.016337976
1975,0.011145974
1976,0.05165073
1977,0.02819487
1978,0.017318554
1979,0.017343588
1980,0.059905425
1981,0.041548736
1982,0.058048863
1983,0.050068557
1984,0.06426966
1985,0.22399059
1986,0.2537123
1987,0.052584227
1988,0.022446545
1989,0.06204607
1990,0.014955033
1991,0.008236752
1992,0.03212739
1993,0.06259969
1994,0.048867397
1995,0.06785752
1996,0.039294995
1997,0.06437481
1998,0.038736954
1999,0.04880002
2000,0.036000308
2001,0.017104805
2002,0.01858948
2003,0.06886215
2004,0.013634415
2005,0.05574614
2006,0.03206583
2007,0.010897852
2008,0.02258871
2009,0.035239134
2010,0.048724405
2011,0.05483408
2012,0.07079469
2013,0.0601074
2014,0.237994
2015,0.06827966
2016,0.069407165
2017,0.012326557
2018,0.06221553
2019,0.010667535
2020,0.046496734
2021,0.039832454
2022,0.06152287
2023,0.031908568
2024,0.020844314
2025,0.041662455
2026,0.037967127
2027,0.013045444
2028,0.046523992
2029,0.061948404
2030,0.03174209
2031,0.048803266
2032,0.022581631
2033,0.03154238
2034,0.05508502
2035,0.018001545
2036,0.036500588
2037,0.06667228
2038,0.050484575
2039,0.07099619
2040,0.53882027
2041,0.0613145
2042,0.06678672
2043,0.050735246
2044,0.05691011
2045,0.05615948
2046,0.062595375
2047,0.0466077
2048,0.009318951
2049,0.019191096
2050,0.40779895
2051,0.052912995
2052,0.061350238
2053,0.049769048
2054,0.05903329
2055,0.01794992
2056,0.025324464
2057,0.02144822
2058,0.037269052
2059,0.079837635
2060,0.052194104
2061,0.041477803
2062,0.06520696
2063,0.64168817
2064,0.0573098
2065,0.015044761
2066,0.07039881
2067,0.04849269
2068,0.24054337
2069,0.24929817
2070,0.052574117
2071,0.042977173
2072,0.04242525
2073,0.06342961
2074,0.0784491
2075,0.039018888
2076,0.23900028
2077,0.062006358
2078,0.05594044
2079,0.020082131
2080,0.015523819
2081,0.019552527
2082,0.046275433
2083,0.05275907
2084,0.01465262
2085,0.06874116
2086,0.073880374
2087,0.069792636
2088,0.06067709
2089,0.032293096
2090,0.066301465
2091,0.06888675
2092,0.2364937
2093,0.047393136
2094,0.013806786
2095,0.042586096
2096,0.021606013
2097,0.05239271
2098,0.5833913
2099,0.03645009
2100,0.06785058
2101,0.25318286
2102,0.2298034
2103,0.017628696
2104,0.011315069
2105,0.014873279
2106,0.038505513
2107,0.04487056
2108,0.061974216
2109,0.08118004
2110,0.05896287
2111,0.061122816
2112,0.23064165
2113,0.0717947
2114,0.0687595
2115,0.084418274
2116,0.23771523
2117,0.06062385
2118,0.04329075
2119,0.060954448
2120,0.047195293
2121,0.07843685
2122,0.5041195
2123,0.0090895025
2124,0.007061358
2125,0.04023381
2126,0.40235272
2127,0.042087696
2128,0.23896784
2129,0.012974801
2130,0.042551428
2131,0.057395834
2132,0.0160493
2133,0.03920238
2134,0.08287652
2135,0.03894769
2136,0.058708053
2137,0.23150453
2138,0.06902336
2139,0.07816711
2140,0.37667367
2141,0.079986475
2142,0.028178181
2143,0.2400749
2144,0.064225525
2145,0.067998506
2146,0.5089547
2147,0.5016964
2148,0.25015074
2149,0.006510314
2150,0.024627076
2151,0.07114558
2152,0.019194083
2153,0.05154118
2154,0.027423782
2155,0.02567806
2156,0.01176038
2157,0.047191262
2158,0.0077417265
2159,0.011193295
2160,0.03198052
2161,0.047315028
2162,0.061056204
2163,0.061996218
2164,0.063994505
2165,0.061734952
2166,0.2219432
2167,0.21773846
2168,0.027908666
2169,0.06627141
2170,0.23470804
2171,0.017896617
2172,0.048689358
2173,0.49594158
2174,0.4925704
2175,0.6659734
2176,0.006750732
2177,0.027011365
2178,0.016938223
2179,0.06216804
2180,0.24675912
2181,0.06213726
2182,0.016455833
2183,0.013240643
2184,0.04707068
2185,0.051361058
2186,0.042332966
2187,0.011619385
2188,0.25050992
2189,0.01695962
2190,0.029266898
2191,0.06443241
2192,0.064327635
2193,0.044233862
2194,0.040863834
2195,0.068767905
2196,0.06185288
2197,0.026053267
2198,0.07121202
2199,0.063698076
2200,0.06472036
2201,0.53842103
2202,0.65596414
2203,0.6213944
2204,0.020839522
2205,0.051634826
2206,0.027002752
2207,0.007826838
2208,0.076437324
2209,0.061379287
2210,0.078436725
2211,0.0394813
2212,0.060932178
2213,0.01839219
2214,0.060944244
2215,0.06410837
2216,0.22221799
2217,0.07341266
2218,0.5221264
2219,0.2456343
2220,0.22512676
2221,0.07222897
2222,0.060158998
2223,0.048974004
2224,0.06845887
2225,0.039266683
2226,0.03223027
2227,0.021910623
2228,0.072044976
2229,0.06849485
2230,0.051346555
2231,0.06778399
2232,0.024245743
2233,0.4983582
2234,0.65907747
2235,0.53263754
2236,0.056482874
2237,0.042108614
2238,0.22530188
2239,0.084877096
2240,0.027490625
2241,0.014229388
2242,0.016750326
2243,0.016868534
2244,0.033465996
2245,0.060412608
2246,0.04102231
2247,0.40275952
2248,0.49802893
2249,0.055474553
2250,0.062386878
2251,0.061604917
2252,0.081091546
2253,0.056076985
2254,0.39338085
2255,0.06437335
2256,0.03615988
2257,0.058840945
2258,0.065961495
2259,0.06328954
2260,0.04137363
2261,0.025822062
2262,0.25651017
2263,0.40366885
2264,0.22833005
2265,0.058099117
2266,0.028067354
2267,0.06723897
2268,0.01651846
2269,0.055958174
2270,0.07885117
2271,0.02983804
2272,0.039018888
2273,0.04056434
2274,0.01639771
2275,0.01802915
2276,0.039089184
2277,0.039350998
2278,0.23024909
2279,0.6136418
2280,0.2395891
2281,0.24034338
2282,0.067546405
2283,0.22846244
2284,0.077121474
2285,0.5165184
2286,0.049494423
2287,0.027434338
2288,0.03628001
2289,0.03191935
2290,0.073218495
2291,0.06314773
2292,0.06277706
2293,0.09263929
2294,0.44317478
2295,0.2327473
2296,0.58681846
2297,0.07303489
2298,0.01700901
2299,0.06811369
2300,0.08276418
2301,0.047270928
2302,0.51416415
2303,0.052439474
2304,0.034942213
2305,0.03535843
2306,0.04135603
2307,0.070192814
2308,0.4099643
2309,0.3720662
2310,0.52476156
2311,0.3997543
2312,0.07615844
2313,0.07351311
2314,0.24372363
2315,0.02781858
2316,0.076675415
2317,0.057364758
2318,0.042516965
2319,0.2400631
2320,0.2531018
2321,0.047308993
2322,0.21563332
2323,0.23906942
2324,0.06186669
2325,0.06493237
2326,0.062119927
2327,0.042510133
2328,0.0121867675
2329,0.009879049
2330,0.014236925
2331,0.028507434
2332,0.04742546
2333,0.062218733
2334,0.06266046
2335,0.071203634
2336,0.40211025
2337,0.68433493
2338,0.42065737
2339,0.2427336
2340,0.54048526
2341,0.06077074
2342,0.055969242
2343,0.057423532
2344,0.06859626
2345,0.07362311
2346,0.051197704
2347,0.027158557
2348,0.0051887464
2349,0.05174584
2350,0.069040835
2351,0.04098243
2352,0.061387923
2353,0.014561662
2354,0.036417276
2355,0.018608162
2356,0.026031349
2357,0.01156758
2358,0.03175054
2359,0.056169525
2360,0.04764521
2361,0.05809497
2362,0.23278178
2363,0.22704871
2364,0.3634394
2365,0.6760771
2366,0.6807239
2367,0.37349322
2368,0.0676339
2369,0.04174443
2370,0.019670153
2371,0.042586654
2372,0.068232834
2373,0.014652959
2374,0.009354506
2375,0.031388808
2376,0.506164
2377,0.04238127
2378,0.016767953
2379,0.051237684
2380,0.042856436
2381,0.063846886
2382,0.035077587
2383,0.043087907
2384,0.041299175
2385,0.017005192
2386,0.020432731
2387,0.02734288
2388,0.060561586
2389,0.06524444
2390,0.5235364
2391,0.41831756
2392,0.07037322
2393,0.4601548
2394,0.40441647
2395,0.47271103
2396,0.062702164
2397,0.038006116
2398,0.03269242
2399,0.042819083
2400,0.040114965
2401,0.05105436
2402,0.5190229
2403,0.061157893
2404,0.24913405
2405,0.03042206
2406,0.06701793
2407,0.07020123
2408,0.07097434
2409,0.08210538
2410,0.041742247
2411,0.031395756
2412,0.039201055
2413,0.07122359
2414,0.52494717
2415,0.37652665
2416,0.5867182
2417,0.2342073
2418,0.443748
2419,0.07655968
2420,0.06222526
2421,0.039284006
2422,0.011116729
2423,0.027080296
2424,0.01230252
2425,0.03801156
2426,0.029814254
2427,0.07180389
2428,0.07053857
2429,0.06197903
2430,0.2457042
2431,0.027222233
2432,0.055175476
2433,0.23639624
2434,0.039089184
2435,0.010784922
2436,0.010690932
2437,0.07068507
2438,0.07154461
2439,0.029455274
2440,0.21256709
2441,0.068012856
2442,0.056148954
2443,0.06169684
2444,0.060611505
2445,0.059147906
2446,0.036038112
2447,0.068731576
2448,0.066125095
2449,0.03960962
2450,0.026744343
2451,0.019357448
2452,0.06520619
2453,0.011957115
2454,0.017354477
2455,0.05889037
2456,0.0072380905
2457,0.038732346
2458,0.03208049
2459,0.06830397
2460,0.033750262
2461,0.040834032
2462,0.009654984
2463,0.03877684
2464,0.070547156
2465,0.3691225
2466,0.41949368
2467,0.06469528
2468,0.045594666
2469,0.013913739
2470,0.052140035
2471,0.07433639
2472,0.013758407
2473,0.03037342
2474,0.014769129
2475,0.03155287
2476,0.021468887
2477,0.013910075
2478,0.029101303
2479,0.056005623
2480,0.062067896
2481,0.41163695
2482,0.014007697
2483,0.031300884
2484,0.056807645
2485,0.060289834
2486,0.24191827
2487,0.065071024
2488,0.013063519
2489,0.07056513
2490,0.014949178
2491,0.056562968
2492,0.22235547
2493,0.04496762
2494,0.015728204
2495,0.022165613
2496,0.012216265
2497,0.24724405
2498,0.026026824
2499,0.014871695
2500,0.02602518
2501,0.07117023
2502,0.05202189
2503,0.037410885
2504,0.016695768
2505,0.027593499
2506,0.05080289
2507,0.08366185
2508,0.029610956
2509,0.018108716
2510,0.029251916
2511,0.039489184
2512,0.049248014
2513,0.07784668
2514,0.050006263
2515,0.22966386
2516,0.06250829
2517,0.029375758
2518,0.041974355
2519,0.041675817
2520,0.031295396
2521,0.076124065
2522,0.017052764
2523,0.017027432
2524,0.06500803
2525,0.01665464
2526,0.06280193
2527,0.042308915
2528,0.011044304
2529,0.24990466
2530,0.6231941
2531,0.06503627
2532,0.060440354
2533,0.010636839
2534,0.06335804
2535,0.04220141
2536,0.040835544
2537,0.06236785
2538,0.060751602
2539,0.062423967
2540,0.67071414
2541,0.057850063
2542,0.014876292
2543,0.060887855
2544,0.057925377
2545,0.015492606
2546,0.035926722
2547,0.077745594
2548,0.51844007
2549,0.056621127
2550,0.075419314
2551,0.025955904
2552,0.056906745
2553,0.02121141
2554,0.059063118
2555,0.028793883
2556,0.02403742
2557,0.005514027
2558,0.045544673
2559,0.048525408
2560,0.047926556
2561,0.016772563
2562,0.070755
2563,0.032708403
2564,0.039550215
2565,0.014808255
2566,0.031676114
2567,0.062633246
2568,0.067126736
2569,0.021266187
2570,0.0467104
2571,0.49195164
2572,0.052390184
2573,0.062275644
2574,0.03554597
2575,0.036278825
2576,0.04224251
2577,0.04279362
2578,0.017794522
2579,0.022559442
2580,0.10563366
2581,0.026751623
2582,0.015816888
2583,0.042554304
2584,0.062037457
2585,0.0192501
2586,0.014554644
2587,0.064954795
2588,0.039561752
2589,0.026467253
2590,0.041942444
2591,0.40045625
2592,0.019226456
2593,0.010102902
2594,0.019516436
2595,0.015911661
2596,0.040366102
2597,0.013063726
2598,0.030690087
2599,0.07677274
2600,0.050895885
2601,0.01487155
2602,0.051857047
2603,0.071553804
2604,0.060646005
2605,0.056585293
2606,0.051468175
2607,0.045300584
2608,0.02205809
2609,0.051127523
2610,0.24020448
2611,0.06821002
2612,0.011108939
2613,0.031807914
2614,0.013575623
2615,0.012306234
2616,0.015307224
2617,0.011389506
2618,0.019196745
2619,0.010275821
2620,0.014766948
2621,0.020290392
2622,0.022386977
2623,0.04696204
2624,0.042042714
2625,0.06720833
2626,0.009717604
2627,0.011394122
2628,0.06773464
2629,0.014791829
2630,0.079361856
2631,0.016342083
2632,0.011893392
2633,0.026196087
2634,0.016970858
2635,0.01832615
2636,0.009064762
2637,0.026798595
2638,0.011749704
2639,0.014188495
2640,0.009105344
2641,0.050023425
2642,0.02393256
2643,0.040056787
2644,0.013002017
2645,0.045788817
2646,0.013818671
2647,0.012674733
2648,0.010732863
2649,0.06240994
2650,0.026492199
2651,0.04074789
2652,0.009282257
2653,0.015707169
2654,0.03174878
2655,0.06308002
2656,0.012452456
2657,0.011139689
2658,0.07860652
2659,0.051254876
2660,0.050465908
2661,0.019788768
2662,0.0070613064
2663,0.061814796
2664,0.021029925
2665,0.011190609
2666,0.060102273
2667,0.020103352
2668,0.06413139
2669,0.06821753
2670,0.022740949
2671,0.03246833
2672,0.031290162
2673,0.031578656
2674,0.027590113
2675,0.027306287
2676,0.0077147987
2677,0.011410055
2678,0.0115592955
2679,0.012172317
2680,0.011386744
2681,0.031515718
2682,0.010989724
2683,0.014672483
2684,0.04989116
2685,0.06985929
2686,0.01405327
2687,0.043024562
2688,0.018546581
2689,0.013699656
2690,0.026492199
2691,0.028338296
2692,0.020971056
2693,0.035667527
2694,0.06789802
2695,0.06998161
2696,0.017513275
2697,0.060707543
2698,0.043616697
2699,0.021613952
2700,0.036842786
2701,0.04346436
2702,0.05565111
2703,0.044126812
2704,0.07951752
2705,0.050151337
2706,0.06928332
2707,0.043295704
2708,0.06851889
2709,0.10796095
2710,0.3775316
2711,0.020920953
2712,0.025726754
2713,0.044107165
2714,0.110222206
2715,0.115338705
2716,0.076753184
2717,0.09376531
2718,0.05949071
2719,0.029094778
2720,0.048998825
2721,0.01394495
2722,0.011557967
2723,0.2289989
2724,0.03183538
2725,0.6440323
2726,0.07986722
2727,0.044211984
2728,0.23307577
2729,0.05903526
2730,0.00859082
2731,0.029756168
2732,0.044413555
2733,0.03694302
2734,0.016933551
2735,0.01368812
2736,0.08567841
2737,0.08872756
2738,0.4773431
2739,0.5395727
2740,0.04374788
2741,0.067085
2742,0.08952647
2743,0.09713891
2744,0.009447614
2745,0.052140366
2746,0.041441735
2747,0.05958431
2748,0.028473197
2749,0.27080166
2750,0.08609604
2751,0.41571853
2752,0.43957832
2753,0.08827052
2754,0.2680758
2755,0.0077050924
2756,0.016988767
2757,0.05385266
2758,0.10579244
2759,0.04935093
2760,0.04751907
2761,0.03543321
2762,0.06338436
2763,0.006993207
2764,0.075678565
2765,0.089356594
2766,0.0743436
2767,0.03851311
2768,0.064645395
2769,0.39379618
2770,0.04348835
2771,0.03155734
2772,0.056156974
2773,0.06625573
2774,0.040359117
2775,0.04296831
2776,0.051216245
2777,0.10215747
2778,0.050216448
2779,0.27050087
2780,0.037882287
2781,0.018311776
2782,0.011060596
2783,0.51479846
2784,0.08567324
2785,0.067177966
2786,0.26910958
2787,0.2680827
2788,0.06493467
2789,0.04965312
2790,0.013540841
2791,0.022440191
2792,0.021834679
2793,0.015703136
2794,0.007784361
2795,0.03741706
2796,0.0097766
2797,0.07127175
2798,0.06971134
2799,0.07599594
2800,0.2663917
2801,0.26806527
2802,0.021294478
2803,0.043880954
2804,0.026885197
2805,0.03563957
2806,0.10433374
2807,0.040953644
2808,0.060031243
2809,0.043220226
2810,0.083486535
2811,0.5318623
2812,0.06817539
2813,0.020164767
2814,0.021294376
2815,0.04104753
2816,0.05417134
2817,0.02919509
2818,0.011214297
2819,0.08938451
2820,0.09963292
2821,0.075158216
2822,0.08034345
2823,0.054082077
2824,0.03228472
2825,0.029690485
2826,0.03575893
2827,0.067995675
2828,0.0487481
2829,0.06837434
2830,0.014006562
2831,0.036544364
2832,0.027948605
2833,0.01713784
2834,0.01573141
2835,0.024107367
2836,0.040291622
2837,0.01711441
2838,0.056621652
2839,0.26375064
2840,0.26434943
2841,0.042982
2842,0.039991092
2843,0.037305895
2844,0.07344781
2845,0.05844865
2846,0.015580203
2847,0.051756036
2848,0.0147417635
2849,0.031326503
2850,0.08682472
2851,0.027219525
2852,0.024432769
2853,0.03271279
2854,0.0075068115
2855,0.05407277
2856,0.053916164
2857,0.23238218
2858,0.07976731
2859,0.23563254
2860,0.05252928
2861,0.040227775
2862,0.017169805
2863,0.049689118
2864,0.043273732
2865,0.08498162
2866,0.04396452
2867,0.53374076
2868,0.079713374
2869,0.0119895665
2870,0.07899512
2871,0.048425607
2872,0.046912335
2873,0.019189488
2874,0.053355005
2875,0.028431676
2876,0.0112667745
2877,0.017289363
2878,0.018431311
2879,0.06473376
2880,0.04399252
2881,0.062707044
2882,0.05279256
2883,0.07482486
2884,0.23491055
2885,0.4361309
2886,0.053711757
2887,0.02237966
2888,0.06644904
2889,0.015171932
2890,0.039564744
2891,0.010544589
2892,0.024805443
2893,0.06820963
2894,0.051793464
2895,0.08508006
2896,0.039884247
2897,0.07815896
2898,0.03921999
2899,0.05073439
2900,0.03385221
2901,0.017362071
2902,0.018815074
2903,0.08750842
2904,0.010929768
2905,0.031732127
2906,0.059969105
2907,0.032237098
2908,0.011582322
2909,0.022035845
2910,0.0369042
2911,0.05160082
2912,0.059330296
2913,0.08550124
2914,0.068434514
2915,0.24654819
2916,0.08927776
2917,0.08831073
2918,0.012223306
2919,0.06937154
2920,0.04816498
2921,0.040443312
2922,0.06675202
2923,0.033129435
2924,0.044140358
2925,0.03803585
2926,0.048291642
2927,0.06606092
2928,0.032469522
2929,0.05163015
2930,0.022679184
2931,0.03162302
2932,0.01730806
2933,0.058847543
2934,0.01292944
2935,0.037340663
2936,0.081956156
2937,0.052835766
2938,0.08570774
2939,0.58701295
2940,0.06827316
2941,0.22872812
2942,0.053061415
2943,0.060748536
2944,0.059339635
2945,0.06837445
2946,0.048728444
2947,0.013599274
2948,0.016616333
2949,0.019402305
2950,0.26856554
2951,0.060563605
2952,0.06356137
2953,0.051601548
2954,0.06369009
2955,0.017744
2956,0.027482752
2957,0.010051932
2958,0.021388218
2959,0.037312772
2960,0.111061916
2961,0.055107478
2962,0.042455643
2963,0.0776681
2964,0.70831895
2965,0.06624242
2966,0.014535645
2967,0.07786916
2968,0.050768297
2969,0.26097494
2970,0.107659526
2971,0.055054616
2972,0.024348954
2973,0.043659918
2974,0.074633226
2975,0.24381252
2976,0.040153705
2977,0.2438907
2978,0.06769617
2979,0.06014484
2980,0.014922871
2981,0.013593717
2982,0.0145892305
2983,0.01977435
2984,0.048103884
2985,0.055645164
2986,0.014614035
2987,0.08421807
2988,0.24161242
2989,0.08833667
2990,0.06536932
2991,0.031809337
2992,0.07673361
2993,0.08743357
2994,0.2544991
2995,0.048386056
2996,0.0106804315
2997,0.044047743
2998,0.02124776
2999,0.056758124
3000,0.68980724
3001,0.037515357
3002,0.07799861
3003,0.519819
3004,0.23814708
3005,0.013102962
3006,0.0149701
3007,0.011280778
3008,0.03964535
3009,0.04927582
3010,0.07504529
3011,0.24993089
3012,0.06226031
3013,0.065064244
3014,0.2424527
3015,0.2363546
3016,0.085733086
3017,0.105128
3018,0.4237743
3019,0.06706108
3020,0.0050964043
3021,0.019199945
3022,0.04373583
3023,0.067030504
3024,0.048286017
3025,0.11031395
3026,0.6969816
3027,0.006331195
3028,0.04028453
3029,0.3805547
3030,0.015047497
3031,0.043674316
3032,0.25781536
3033,0.01315505
3034,0.04426161
3035,0.05911719
3036,0.01633098
3037,0.04039021
3038,0.11214004
3039,0.03969497
3040,0.062291853
3041,0.0896781
3042,0.08681771
3043,0.109610535
3044,0.41943657
3045,0.10566882
3046,0.029133148
3047,0.25244802
3048,0.22100413
3049,0.08936726
3050,0.68131036
3051,0.47927055
3052,0.26788387
3053,0.006798547
3054,0.024623467
3055,0.087548286
3056,0.016544562
3057,0.05395946
3058,0.019335464
3059,0.009618523
3060,0.049518954
3061,0.0088414885
3062,0.010893926
3063,0.031992376
3064,0.049588528
3065,0.07064564
3066,0.06851548
3067,0.07531752
3068,0.067755535
3069,0.23736359
3070,0.076695584
3071,0.028390652
3072,0.079238325
3073,0.09060234
3074,0.017877042
3075,0.050798543
3076,0.76532924
3077,0.7980156
3078,0.6493043
3079,0.0070674545
3080,0.02751146
3081,0.06844864
3082,0.26770744
3083,0.06840387
3084,0.053745728
3085,0.010031752
3086,0.04890513
3087,0.054660358
3088,0.043240543
3089,0.011413773
3090,0.26641503
3091,0.016847586
3092,0.02949414
3093,0.074807845
3094,0.07603708
3095,0.044034936
3096,0.044744264
3097,0.09302585
3098,0.2178455
3099,0.026498828
3100,0.08489478
3101,0.07479695
3102,0.07475872
3103,0.62942827
3104,0.7954954
3105,0.6854178
3106,0.0146031715
3107,0.19454584
3108,0.0109727215
3109,0.11058541
3110,0.07016029
3111,0.25890064
3112,0.040719096
3113,0.06868466
3114,0.018594565
3115,0.06892055
3116,0.07521187
3117,0.24075896
3118,0.088338606
3119,0.47393468
3120,0.266731
3121,0.09031674
3122,0.09144923
3123,0.06499463
3124,0.05160458
3125,0.08117518
3126,0.0402826
3127,0.032588817
3128,0.087223575
3129,0.08837715
3130,0.054081198
3131,0.07599012
3132,0.67175627
3133,0.7158092
3134,0.8152902
3135,0.0848192
3136,0.043927785
3137,0.08957094
3138,0.0116983075
3139,0.11391026
3140,0.027853167
3141,0.017079577
3142,0.016833834
3143,0.034785993
3144,0.068254285
3145,0.04346956
3146,0.42667577
3147,0.5253346
3148,0.060265824
3149,0.06987619
3150,0.06863058
3151,0.09268214
3152,0.05843281
3153,0.23420216
3154,0.074853525
3155,0.035717636
3156,0.06884323
3157,0.075399876
3158,0.07658634
3159,0.04300232
3160,0.2600483
3161,0.3983439
3162,0.24296243
3163,0.059234377
3164,0.026736462
3165,0.08190027
3166,0.011676997
3167,0.060099617
3168,0.10567848
3169,0.030147841
3170,0.040616903
3171,0.04027295
3172,0.0164261
3173,0.017949274
3174,0.03780759
3175,0.04018023
3176,0.24309708
3177,0.72759265
3178,0.2681175
3179,0.2572682
3180,0.08181605
3181,0.095557146
3182,0.09721049
3183,0.5494157
3184,0.05149534
3185,0.029321272
3186,0.036603715
3187,0.032151215
3188,0.09043631
3189,0.0798383
3190,0.081966065
3191,0.12542842
3192,0.39988735
3193,0.24281314
3194,0.6917516
3195,0.24312711
3196,0.015706372
3197,0.08490893
3198,0.09726983
3199,0.020927586
3200,0.049142007
3201,0.26346076
3202,0.053802505
3203,0.03346298
3204,0.03441729
3205,0.04128667
3206,0.23556131
3207,0.42759803
3208,0.27297723
3209,0.549048
3210,0.26661068
3211,0.0957326
3212,0.088140525
3213,0.2733822
3214,0.01991726
3215,0.027635345
3216,0.09338189
3217,0.061052926
3218,0.044020243
3219,0.11084209
3220,0.27588242
3221,0.047613725
3222,0.48050845
3223,0.266411
3224,0.06799127
3225,0.0775985
3226,0.06825915
3227,0.04424015
3228,0.009637213
3229,0.02853921
3230,0.048855864
3231,0.0688238
3232,0.06782329
3233,0.085757576
3234,0.2718909
3235,0.61529535
3236,0.41962275
3237,0.39484996
3238,0.5172526
3239,0.068712756
3240,0.05908508
3241,0.06300434
3242,0.08581567
3243,0.25599852
3244,0.05445023
3245,0.02844797
3246,0.054935995
3247,0.091083586
3248,0.07547073
3249,0.025341757
3250,0.014758903
3251,0.037815623
3252,0.019607404
3253,0.02092659
3254,0.011965203
3255,0.031961527
3256,0.054699022
3257,0.049204223
3258,0.06274779
3259,0.091711424
3260,0.23889858
3261,0.37225115
3262,0.70898956
3263,0.6110983
3264,0.2666247
3265,0.07868545
3266,0.04274896
3267,0.019806677
3268,0.044399597
3269,0.078656845
3270,0.015523942
3271,0.011175136
3272,0.0316828
3273,0.6391441
3274,0.04336024
3275,0.017392047
3276,0.05309085
3277,0.04417787
3278,0.07589245
3279,0.037983812
3280,0.043648962
3281,0.016715404
3282,0.04336781
3283,0.013388766
3284,0.0145081375
3285,0.027837269
3286,0.06712711
3287,0.07541452
3288,0.4800031
3289,0.42489904
3290,0.088893384
3291,0.6183682
3292,0.41727212
3293,0.4801866
3294,0.08081734
3295,0.037995417
3296,0.035156287
3297,0.04347188
3298,0.04129364
3299,0.034992505
3300,0.0550094
3301,0.472142
3302,0.068181545
3303,0.26893082
3304,0.029746654
3305,0.0757738
3306,0.08721008
3307,0.08997881
3308,0.1033342
3309,0.0425518
3310,0.029721268
3311,0.008152736
3312,0.040810958
3313,0.087818265
3314,0.5346745
3315,0.41863772
3316,0.5771071
3317,0.09963292
3318,0.4002232
3319,0.094264135
3320,0.06790776
3321,0.040894598
3322,0.013335222
3323,0.02256249
3324,0.016253052
3325,0.03751607
3326,0.08484003
3327,0.08911642
3328,0.0676554
3329,0.1099517
3330,0.028027613
3331,0.0598843
3332,0.26122615
3333,0.03996838
3334,0.013843776
3335,0.010943957
3336,0.0809162
3337,0.08799418
3338,0.029704316
3339,0.07931951
3340,0.2372181
3341,0.059351895
3342,0.06957045
3343,0.029672392
3344,0.067917354
3345,0.06420587
3346,0.03624803
3347,0.08833772
3348,0.07947646
3349,0.038294937
3350,0.026816184
3351,0.0101035405
3352,0.0790159
3353,0.011935203
3354,0.064602986
3355,0.039240308
3356,0.03298371
3357,0.23670873
3358,0.03386158
3359,0.040923063
3360,0.03929181
3361,0.08727735
3362,0.40444812
3363,0.43010053
3364,0.07978377
3365,0.010747022
3366,0.01590528
3367,0.029614149
3368,0.048225004
3369,0.055144176
3370,0.08942604
3371,0.013549123
3372,0.030625716
3373,0.015405809
3374,0.030997222
3375,0.018224591
3376,0.02683211
3377,0.0591141
3378,0.06860345
3379,0.41260612
3380,0.013534024
3381,0.016659543
3382,0.031560708
3383,0.05991786
3384,0.06720865
3385,0.27479622
3386,0.07938316
3387,0.012420958
3388,0.011409728
3389,0.08605724
3390,0.03557038
3391,0.014875443
3392,0.058624372
3393,0.091252096
3394,0.046427816
3395,0.017526396
3396,0.010873491
3397,0.26904127
3398,0.014549172
3399,0.026053853
3400,0.08930077
3401,0.054375283
3402,0.03848477
3403,0.016734803
3404,0.02751599
3405,0.051668584
3406,0.26686433
3407,0.030678764
3408,0.018680947
3409,0.029176416
3410,0.03989865
3411,0.051862147
3412,0.09341424
3413,0.05424738
3414,0.09416682
3415,0.06851634
3416,0.030192377
3417,0.019173158
3418,0.043866955
3419,0.043696508
3420,0.028585827
3421,0.10860564
3422,0.017231893
3423,0.08318113
3424,0.017231893
3425,0.06792001
3426,0.043572005
3427,0.015168344
3428,0.010524718
3429,0.2673435
3430,0.7373952
3431,0.22617207
3432,0.06823191
3433,0.06813549
3434,0.043352902
3435,0.04176822
3436,0.07051666
3437,0.06475057
3438,0.0763598
3439,0.81399566
3440,0.06250975
3441,0.064909905
3442,0.06247565
3443,0.036461398
3444,0.09531507
3445,0.5156299
3446,0.060304366
3447,0.09361271
3448,0.025613802
3449,0.02171574
3450,0.063809164
3451,0.028569033
3452,0.024272608
3453,0.0053704525
3454,0.04730889
3455,0.04984894
3456,0.0492775
3457,0.020545937
3458,0.016684437
3459,0.08766466
3460,0.035959464
3461,0.040468186
3462,0.031979386
3463,0.068299964
3464,0.07804924
3465,0.021571757
3466,0.049079046
3467,0.551249
3468,0.054073703
3469,0.07532425
3470,0.043730464
3471,0.036053862
3472,0.043017525
3473,0.044020858
3474,0.013061124
3475,0.27326143
3476,0.02646673
3477,0.006653033
3478,0.006704801
3479,0.015198575
3480,0.043880954
3481,0.07719696
3482,0.019381715
3483,0.07589536
3484,0.03986423
3485,0.04356347
3486,0.27253395
3487,0.029741697
3488,0.019943718
3489,0.04144709
3490,0.009673984
3491,0.030542292
3492,0.094768554
3493,0.053327404
3494,0.006382625
3495,0.019867513
3496,0.015237377
3497,0.007837229
3498,0.054116104
3499,0.09051282
3500,0.06850356
3501,0.061909467
3502,0.054189302
3503,0.027667549
3504,0.047351412
3505,0.016683558
3506,0.053608812
3507,0.10321225
3508,0.08566368
3509,0.010735902
3510,0.031671397
3511,0.014511985
3512,0.015836705
3513,0.011167039
3514,0.018472305
3515,0.009834083
3516,0.01079501
3517,0.014485263
3518,0.014393717
3519,0.022642797
3520,0.04906696
3521,0.043805316
3522,0.081748515
3523,0.0923711
3524,0.10796348
3525,0.012687999
3526,0.026215756
3527,0.011963536
3528,0.01661067
3529,0.018162372
3530,0.008113025
3531,0.01387847
3532,0.032289352
3533,0.01103234
3534,0.013478996
3535,0.052643947
3536,0.031549726
3537,0.040954165
3538,0.043296047
3539,0.0143662905
3540,0.012086835
3541,0.076457925
3542,0.027055277
3543,0.043421574
3544,0.0106429
3545,0.032193802
3546,0.011347263
3547,0.018948648
3548,0.06878386
3549,0.012035082
3550,0.0053740866
3551,0.011078883
3552,0.11079837
3553,0.05205591
3554,0.05346556
3555,0.054157052
3556,0.018448992
3557,0.06861627
3558,0.02116851
3559,0.010484542
3560,0.005287103
3561,0.06536612
3562,0.014770932
3563,0.073803864
3564,0.019227024
3565,0.085530795
3566,0.016566616
3567,0.032010715
3568,0.026715845
3569,0.027635112
3570,0.012876694
3571,0.011950864
3572,0.011401331
3573,0.010541956
3574,0.010484186
3575,0.031645533
3576,0.010625703
3577,0.06492206
3578,0.05103565
3579,0.08681684
3580,0.023019554
3581,0.024851
3582,0.015769321
3583,0.014924912
3584,0.042197112
3585,0.019212598
3586,0.0132177165
3587,0.027401451
3588,0.015831081
3589,0.033031616
3590,0.08255065
3591,0.08774622
3592,0.01818844
3593,0.06726267
3594,0.010129622
3595,0.042792242
3596,0.036419094
3597,0.042823397
3598,0.05467628
3599,0.033633124
3600,0.044192094
3601,0.04140294
3602,0.06893237
3603,0.04400528
3604,0.013057703
3605,0.038188353
3606,0.067144625
3607,0.037079062
3608,0.06238812
3609,0.39044273
3610,0.36143777
3611,0.0205543
3612,0.04440597
3613,0.4164318
3614,0.064668685
3615,0.2448937
3616,0.064847484
3617,0.22996911
3618,0.057988115
3619,0.02793673
3620,0.06206345
3621,0.014476313
3622,0.011442705
3623,0.22280355
3624,0.03128403
3625,0.52926785
3626,0.06544016
3627,0.06815624
3628,0.057462238
3629,0.028527146
3630,0.04311729
3631,0.03611608
3632,0.016782483
3633,0.013402018
3634,0.0720164
3635,0.07805325
3636,0.45495662
3637,0.56059813
3638,0.041355185
3639,0.06567304
3640,0.072805725
3641,0.22946262
3642,0.008800612
3643,0.052655075
3644,0.04166883
3645,0.057719734
3646,0.064722106
3647,0.4271122
3648,0.07244592
3649,0.3736641
3650,0.5012876
3651,0.07328273
3652,0.47051173
3653,0.012583571
3654,0.052565306
3655,0.23785503
3656,0.04873284
3657,0.046511494
3658,0.03510189
3659,0.0599442
3660,0.027096378
3661,0.067518465
3662,0.075909175
3663,0.06726822
3664,0.032316912
3665,0.062260553
3666,0.24485797
3667,0.042953946
3668,0.03133001
3669,0.052342605
3670,0.054167427
3671,0.062631264
3672,0.030975262
3673,0.039689656
3674,0.04059295
3675,0.06987955
3676,0.027585905
3677,0.053255536
3678,0.08503382
3679,0.053346872
3680,0.24372496
3681,0.040166955
3682,0.010675052
3683,0.014882883
3684,0.01868736
3685,0.48253915
3686,0.07534097
3687,0.06407295
3688,0.09139087
3689,0.48482823
3690,0.009661545
3691,0.06243875
3692,0.049620982
3693,0.01313449
3694,0.02289502
3695,0.021857629
3696,0.015647857
3697,0.0077926973
3698,0.037265684
3699,0.0057034125
3700,0.065929264
3701,0.060332786
3702,0.0682898
3703,0.24344009
3704,0.24479355
3705,0.021259265
3706,0.04270372
3707,0.0315743
3708,0.026712885
3709,0.035599057
3710,0.080629215
3711,0.01879248
3712,0.042405367
3713,0.05793039
3714,0.07150238
3715,0.4809338
3716,0.06412988
3717,0.021150367
3718,0.037888553
3719,0.051866744
3720,0.029306758
3721,0.07245218
3722,0.088218115
3723,0.067085855
3724,0.070410326
3725,0.0532886
3726,0.03802322
3727,0.031492364
3728,0.029615996
3729,0.03636158
3730,0.06311255
3731,0.04987279
3732,0.21216097
3733,0.013675126
3734,0.03637197
3735,0.028159227
3736,0.016777018
3737,0.014060961
3738,0.024289252
3739,0.04048028
3740,0.025970526
3741,0.054840952
3742,0.0905593
3743,0.24414468
3744,0.043042265
3745,0.038868837
3746,0.035129163
3747,0.06848217
3748,0.057328146
3749,0.01542529
3750,0.05073116
3751,0.014855886
3752,0.03020308
3753,0.07580656
3754,0.027193211
3755,0.023982158
3756,0.03151911
3757,0.054287106
3758,0.05277736
3759,0.073474556
3760,0.06974082
3761,0.07190387
3762,0.05453421
3763,0.038891736
3764,0.017733216
3765,0.048853707
3766,0.042832818
3767,0.07407107
3768,0.04437752
3769,0.52126074
3770,0.07067359
3771,0.021083787
3772,0.012443105
3773,0.069659926
3774,0.047505446
3775,0.04657932
3776,0.019423567
3777,0.01639818
3778,0.053057346
3779,0.0116695855
3780,0.017743211
3781,0.017886207
3782,0.061932255
3783,0.044342514
3784,0.05962592
3785,0.05285174
3786,0.06610943
3787,0.2199647
3788,0.39809716
3789,0.053147677
3790,0.022163412
3791,0.06393482
3792,0.015399526
3793,0.040428832
3794,0.06563866
3795,0.050013497
3796,0.07676804
3797,0.039794274
3798,0.06767374
3799,0.03831361
3800,0.050623145
3801,0.017065302
3802,0.018353293
3803,0.07478133
3804,0.008327446
3805,0.03215835
3806,0.05872361
3807,0.010732815
3808,0.022156017
3809,0.03445485
3810,0.050190907
3811,0.057732504
3812,0.07375382
3813,0.06379708
3814,0.23061281
3815,0.072256155
3816,0.0755723
3817,0.01237251
3818,0.06402494
3819,0.04750903
3820,0.040562943
3821,0.06455716
3822,0.031540718
3823,0.020978734
3824,0.043620005
3825,0.03862903
3826,0.012213097
3827,0.047427755
3828,0.06240532
3829,0.031891122
3830,0.049646832
3831,0.022175789
3832,0.03161773
3833,0.057062503
3834,0.013432988
3835,0.03633809
3836,0.06882031
3837,0.051951207
3838,0.07233784
3839,0.5945009
3840,0.06368064
3841,0.069109835
3842,0.0519645
3843,0.058870226
3844,0.057976928
3845,0.06558776
3846,0.04502101
3847,0.010526209
3848,0.010003215
3849,0.01896899
3850,0.24055369
3851,0.058446843
3852,0.064144745
3853,0.05147413
3854,0.061244637
3855,0.017528681
3856,0.026971228
3857,0.009830523
3858,0.020764789
3859,0.03732636
3860,0.090722315
3861,0.054436423
3862,0.04270909
3863,0.0687072
3864,0.6120787
3865,0.06381458
3866,0.014532002
3867,0.21440606
3868,0.049679007
3869,0.08919211
3870,0.105260834
3871,0.054436576
3872,0.018786388
3873,0.04299751
3874,0.043397944
3875,0.067150906
3876,0.08468734
3877,0.03980594
3878,0.23287804
3879,0.0647585
3880,0.058854975
3881,0.014747645
3882,0.010211923
3883,0.019618232
3884,0.046661906
3885,0.054838136
3886,0.01458159
3887,0.07315203
3888,0.07830188
3889,0.07972966
3890,0.062291075
3891,0.031369634
3892,0.06767842
3893,0.07200195
3894,0.23439778
3895,0.04835537
3896,0.043626558
3897,0.05514025
3898,0.56956106
3899,0.037191972
3900,0.072293125
3901,0.25008485
3902,0.22243552
3903,0.018749047
3904,0.017123869
3905,0.015480918
3906,0.03908993
3907,0.047325812
3908,0.069909275
3909,0.23444514
3910,0.060178302
3911,0.06179439
3912,0.23152792
3913,0.073891945
3914,0.07562513
3915,0.08395174
3916,0.4004141
3917,0.064372696
3918,0.01948522
3919,0.043382518
3920,0.062462896
3921,0.048322175
3922,0.2541269
3923,0.5245021
3924,0.006568954
3925,0.04071407
3926,0.36326945
3927,0.014612839
3928,0.04216157
3929,0.24529184
3930,0.0129974885
3931,0.043648865
3932,0.05683583
3933,0.014576784
3934,0.039412223
3935,0.009545257
3936,0.24044207
3937,0.03960352
3938,0.059995122
3939,0.07720333
3940,0.072270915
3941,0.24024633
3942,0.4167013
3943,0.08785776
3944,0.027322967
3945,0.23525697
3946,0.06758313
3947,0.072679594
3948,0.5987666
3949,0.50983346
3950,0.25421345
3951,0.006556191
3952,0.022884546
3953,0.079315744
3954,0.053159367
3955,0.027239721
3956,0.01212204
3957,0.016937638
3958,0.013908238
3959,0.0495979
3960,0.010809826
3961,0.031949747
3962,0.049363177
3963,0.066246144
3964,0.0657775
3965,0.067065366
3966,0.065353975
3967,0.21928272
3968,0.21540937
3969,0.028278345
3970,0.072022825
3971,0.22744173
3972,0.017750429
3973,0.050196882
3974,0.62332475
3975,0.5240065
3976,0.6226708
3977,0.028600521
3978,0.06505142
3979,0.24509244
3980,0.06456366
3981,0.05369853
3982,0.010130254
3983,0.049406007
3984,0.053171027
3985,0.042731266
3986,0.011316578
3987,0.24420287
3988,0.016653214
3989,0.029285425
3990,0.06800705
3991,0.06682313
3992,0.043441948
3993,0.04206722
3994,0.07283621
3995,0.2130165
3996,0.025872929
3997,0.07535597
3998,0.06587409
3999,0.06389691
4000,0.51127857
4001,0.58037335
4002,0.55950296
4003,0.014574865
4004,0.19543009
4005,0.02754326
4006,0.09061559
4007,0.06450848
4008,0.23572707
4009,0.039802227
4010,0.062232908
4011,0.018754093
4012,0.06392733
4013,0.06768127
4014,0.22672406
4015,0.07367912
4016,0.45225224
4017,0.2467031
4018,0.076697424
4019,0.07230113
4020,0.06328699
4021,0.050290737
4022,0.06983504
4023,0.039833292
4024,0.031986654
4025,0.022370132
4026,0.07228453
4027,0.22025928
4028,0.053829413
4029,0.06822255
4030,0.024250172
4031,0.50878626
4032,0.6561521
4033,0.48723972
4034,0.07226655
4035,0.04298427
4036,0.07254111
4037,0.014627797
4038,0.08890907
4039,0.02785863
4040,0.017070571
4041,0.016362652
4042,0.03380996
4043,0.06373759
4044,0.043209095
4045,0.38661402
4046,0.48894367
4047,0.058335513
4048,0.06468382
4049,0.06442949
4050,0.23184955
4051,0.053581014
4052,0.22246876
4053,0.06538396
4054,0.03565242
4055,0.06377575
4056,0.068719305
4057,0.06585661
4058,0.042304903
4059,0.52326894
4060,0.3637049
4061,0.080490164
4062,0.060288385
4063,0.02784696
4064,0.06964419
4065,0.058137346
4066,0.08559153
4067,0.030405559
4068,0.039860815
4069,0.040345352
4070,0.017839476
4071,0.039435774
4072,0.04006372
4073,0.23039049
4074,0.6043142
4075,0.24375184
4076,0.23729241
4077,0.07469427
4078,0.082338385
4079,0.22275864
4080,0.51969844
4081,0.051486224
4082,0.029176604
4083,0.036389448
4084,0.03183288
4085,0.075089894
4086,0.06662594
4087,0.06989192
4088,0.2566814
4089,0.2466732
4090,0.08701321
4091,0.64508986
4092,0.072989255
4093,0.017652363
4094,0.075474754
4095,0.08762074
4096,0.020224432
4097,0.04864778
4098,0.07826947
4099,0.05355479
4100,0.035676233
4101,0.0350335
4102,0.041258726
4103,0.07553935
4104,0.38656455
4105,0.24298255
4106,0.4672946
4107,0.412667
4108,0.08236061
4109,0.07375925
4110,0.388211
4111,0.013178602
4112,0.027956255
4113,0.08227022
4114,0.059096977
4115,0.043099962
4116,0.24865681
4117,0.2371583
4118,0.04824764
4119,0.5247242
4120,0.24601817
4121,0.06415347
4122,0.068160556
4123,0.06526826
4124,0.043312233
4125,0.010997373
4126,0.009777092
4127,0.013665579
4128,0.03153606
4129,0.048515085
4130,0.065903835
4131,0.06508842
4132,0.07201619
4133,0.42218673
4134,0.5270672
4135,0.4003967
4136,0.23825526
4137,0.58294564
4138,0.06397251
4139,0.05795196
4140,0.05901268
4141,0.074413106
4142,0.08073719
4143,0.053676307
4144,0.027267808
4145,0.053106647
4146,0.07318721
4147,0.017065302
4148,0.041072324
4149,0.0674095
4150,0.02129452
4151,0.03739932
4152,0.018859632
4153,0.011287973
4154,0.03167856
4155,0.05879973
4156,0.048645865
4157,0.059845123
4158,0.07450663
4159,0.07731623
4160,0.3502216
4161,0.5805978
4162,0.6211517
4163,0.39228374
4164,0.06958285
4165,0.009383255
4166,0.042316053
4167,0.019370677
4168,0.043905683
4169,0.069334954
4170,0.009801449
4171,0.032578368
4172,0.6245517
4173,0.043084063
4174,0.01712938
4175,0.051994715
4176,0.043279164
4177,0.06568991
4178,0.037367653
4179,0.043804433
4180,0.013913262
4181,0.028233213
4182,0.06407588
4183,0.06712559
4184,0.5018751
4185,0.4130382
4186,0.07146376
4187,0.5031097
4188,0.4120155
4189,0.4649599
4190,0.07083367
4191,0.03902304
4192,0.03326698
4193,0.035316132
4194,0.042961452
4195,0.04167726
4196,0.03438125
4197,0.053313795
4198,0.5141627
4199,0.06375543
4200,0.36606783
4201,0.029716413
4202,0.07018587
4203,0.07671466
4204,0.07330305
4205,0.085401304
4206,0.041253567
4207,0.02935036
4208,0.009705118
4209,0.039635725
4210,0.07523729
4211,0.6000501
4212,0.38246664
4213,0.5824653
4214,0.08978499
4215,0.39734104
4216,0.08010742
4217,0.06445898
4218,0.04079014
4219,0.011776205
4220,0.021238495
4221,0.015865
4222,0.03817355
4223,0.07546116
4224,0.07247624
4225,0.064185165
4226,0.088840134
4227,0.027404869
4228,0.058135908
4229,0.24031343
4230,0.03919663
4231,0.010811966
4232,0.010603308
4233,0.069670394
4234,0.07701788
4235,0.029821778
4236,0.07156028
4237,0.22335209
4238,0.058081288
4239,0.06519084
4240,0.029283749
4241,0.06400592
4242,0.0611184
4243,0.036626883
4244,0.07585107
4245,0.07139669
4246,0.039779764
4247,0.026801322
4248,0.010395105
4249,0.071403466
4250,0.010346505
4251,0.06396399
4252,0.03884031
4253,0.03201089
4254,0.071996085
4255,0.033821017
4256,0.040717654
4257,0.014364141
4258,0.039267156
4259,0.07408493
4260,0.3911154
4261,0.5080714
4262,0.07342609
4263,0.013299288
4264,0.02249437
4265,0.018117502
4266,0.028069165
4267,0.046579048
4268,0.014328452
4269,0.054315355
4270,0.077746876
4271,0.013519197
4272,0.030047333
4273,0.014552415
4274,0.030685956
4275,0.018559106
4276,0.05790535
4277,0.06509397
4278,0.24765617
4279,0.013401529
4280,0.01716838
4281,0.0317575
4282,0.057279684
4283,0.063285016
4284,0.24736768
4285,0.06945463
4286,0.01209218
4287,0.072356306
4288,0.035745256
4289,0.014562917
4290,0.057621904
4291,0.07284156
4292,0.045461934
4293,0.011309844
4294,0.016890801
4295,0.010611542
4296,0.24192606
4297,0.025993517
4298,0.0781032
4299,0.053507023
4300,0.03774791
4301,0.016284345
4302,0.027668178
4303,0.051862832
4304,0.2451057
4305,0.029884355
4306,0.017976085
4307,0.029819593
4308,0.040020816
4309,0.05118497
4310,0.23152597
4311,0.0534909
4312,0.23093519
4313,0.06372517
4314,0.029785905
4315,0.04226022
4316,0.042425454
4317,0.029412482
4318,0.24168669
4319,0.017058555
4320,0.07457686
4321,0.017025664
4322,0.065258235
4323,0.043518037
4324,0.010016164
4325,0.24673375
4326,0.29303977
4327,0.069265775
4328,0.06366639
4329,0.06639578
4330,0.04287283
4331,0.04123465
4332,0.065637805
4333,0.06216697
4334,0.06671754
4335,0.5702257
4336,0.05715032
4337,0.062316306
4338,0.058676794
4339,0.036177684
4340,0.07884711
4341,0.46882877
4342,0.058016483
4343,0.078649774
4344,0.025816996
4345,0.05825206
4346,0.00877586
4347,0.020996401
4348,0.06120705
4349,0.028439306
4350,0.02394625
4351,0.044461146
4352,0.05037573
4353,0.02344092
4354,0.04945463
4355,0.016382996
4356,0.07372249
4357,0.03533478
4358,0.03203604
4359,0.06497215
4360,0.06851844
4361,0.021043677
4362,0.048619073
4363,0.5974217
4364,0.053289924
4365,0.068297386
4366,0.043203488
4367,0.036451057
4368,0.04292794
4369,0.04182125
4370,0.016265532
4371,0.5214227
4372,0.027036231
4373,0.0056949765
4374,0.015309997
4375,0.042848285
4376,0.06890351
4377,0.018807204
4378,0.071056105
4379,0.039635297
4380,0.026996749
4381,0.0070758318
4382,0.042956468
4383,0.42070296
4384,0.027463
4385,0.019579405
4386,0.014624396
4387,0.01943327
4388,0.041825086
4389,0.010304331
4390,0.030711351
4391,0.086507775
4392,0.052792095
4393,0.011500726
4394,0.014030176
4395,0.014665923
4396,0.053493537
4397,0.072580084
4398,0.06313287
4399,0.059731983
4400,0.05359596
4401,0.027327443
4402,0.04671987
4403,0.016713388
4404,0.052716624
4405,0.080943346
4406,0.07509518
4407,0.01119794
4408,0.00964364
4409,0.03188635
4410,0.013474054
4411,0.015362856
4412,0.018726004
4413,0.009618132
4414,0.016485974
4415,0.014621223
4416,0.014057757
4417,0.022308301
4418,0.049381096
4419,0.044357207
4420,0.07257524
4421,0.07222935
4422,0.090490066
4423,0.010153172
4424,0.026506133
4425,0.017626444
4426,0.015962886
4427,0.0177383
4428,0.013410836
4429,0.012210651
4430,0.013601957
4431,0.008953175
4432,0.053187102
4433,0.04103575
4434,0.04339048
4435,0.013655808
4436,0.012464208
4437,0.009825785
4438,0.06748451
4439,0.026657464
4440,0.04308592
4441,0.008795803
4442,0.010809173
4443,0.031629007
4444,0.015380572
4445,0.0652297
4446,0.010597449
4447,0.010603308
4448,0.08603777
4449,0.051945828
4450,0.05264885
4451,0.053216457
4452,0.0653763
4453,0.02163021
4454,0.01085379
4455,0.006868486
4456,0.062303692
4457,0.014437628
4458,0.0689948
4459,0.008967208
4460,0.07268291
4461,0.016403312
4462,0.027541356
4463,0.027045583
4464,0.008857235
4465,0.011493211
4466,0.031808387
4467,0.0106964465
4468,0.0109183155
4469,0.062064663
4470,0.049917966
4471,0.03088356
4472,0.078291446
4473,0.017303439
4474,0.02375012
4475,0.0077163465
4476,0.014420969
4477,0.042608913
4478,0.018385645
4479,0.013277776
4480,0.027351273
4481,0.032820147
4482,0.016660307
4483,0.010783389
4484,0.0152887525
4485,0.029568931
4486,0.07124087
4487,0.0784239
4488,0.018271906
4489,0.06534432
4490,0.02120629
4491,0.019121096
4492,0.04291245
4493,0.022267241
4494,0.03656982
4495,0.04344142
4496,0.055074282
4497,0.0139189325
4498,0.033905532
4499,0.04380146
4500,0.041211847
4501,0.07095182
4502,0.04418096
4503,0.03819412
4504,0.043105595
4505,0.0651139
4506,0.043720502
4507,0.2367228
4508,0.37378272
4509,0.026435144
4510,0.044319484
4511,0.24645203
4512,0.064443186
4513,0.09197321
4514,0.068196036
4515,0.10185929
4516,0.05837497
4517,0.06941882
4518,0.013911446
4519,0.04066418
4520,0.22372548
4521,0.030614989
4522,0.54446393
4523,0.074526906
4524,0.06829574
4525,0.057816066
4526,0.029501831
4527,0.0430703
4528,0.037075996
4529,0.017845295
4530,0.014563786
4531,0.22910513
4532,0.076576084
4533,0.4664642
4534,0.43536684
4535,0.04418567
4536,0.06485369
4537,0.07850176
4538,0.082813
4539,0.052060433
4540,0.041197058
4541,0.05758225
4542,0.06654164
4543,0.4895814
4544,0.22200319
4545,0.07644628
4546,0.49900284
4547,0.23088388
4548,0.51259774
4549,0.052825443
4550,0.24719322
4551,0.048752222
4552,0.046739448
4553,0.035171505
4554,0.060716655
4555,0.02732588
4556,0.21847849
4557,0.07404783
4558,0.067701586
4559,0.03949861
4560,0.0626216
4561,0.09027047
4562,0.031954266
4563,0.052720044
4564,0.05541216
4565,0.063167214
4566,0.03278355
4567,0.041157775
4568,0.042681545
4569,0.072409436
4570,0.028042065
4571,0.052950606
4572,0.23081766
4573,0.053445492
4574,0.24885258
4575,0.04614786
4576,0.025411056
4577,0.01031094
4578,0.013769286
4579,0.45425767
4580,0.0750358
4581,0.017134517
4582,0.06388824
4583,0.08671813
4584,0.4637105
4585,0.0069695306
4586,0.063635536
4587,0.04885691
4588,0.014294123
4589,0.015769452
4590,0.03756038
4591,0.006391148
4592,0.063464105
4593,0.060834218
4594,0.06919752
4595,0.2426875
4596,0.5191857
4597,0.017056674
4598,0.0215331
4599,0.043972794
4600,0.011502912
4601,0.010657825
4602,0.02747445
4603,0.03559863
4604,0.08620558
4605,0.019506274
4606,0.043092616
4607,0.05849516
4608,0.027858192
4609,0.068027735
4610,0.46672994
4611,0.064130075
4612,0.019389765
4613,0.02124397
4614,0.041889597
4615,0.05308803
4616,0.020302365
4617,0.030126438
4618,0.0159115
4619,0.074410886
4620,0.23733537
4621,0.069259115
4622,0.07480879
4623,0.053290308
4624,0.03814259
4625,0.031828534
4626,0.029897425
4627,0.03569679
4628,0.06508052
4629,0.050722845
4630,0.22169939
4631,0.014207563
4632,0.035851326
4633,0.027969025
4634,0.017844366
4635,0.01635496
4636,0.024524566
4637,0.040917426
4638,0.025038518
4639,0.05811303
4640,0.08541838
4641,0.24062172
4642,0.042687014
4643,0.039329115
4644,0.038971204
4645,0.0691315
4646,0.058370523
4647,0.015168454
4648,0.051472444
4649,0.015094422
4650,0.03078475
4651,0.011007486
4652,0.0751409
4653,0.027388448
4654,0.025200559
4655,0.03169132
4656,0.05362097
4657,0.053476628
4658,0.22228548
4659,0.070506334
4660,0.22186288
4661,0.053394746
4662,0.040087465
4663,0.018097805
4664,0.04904767
4665,0.042509876
4666,0.07405017
4667,0.04309416
4668,0.5808907
4669,0.21855831
4670,0.022163969
4671,0.07016607
4672,0.048070394
4673,0.047037456
4674,0.01977885
4675,0.016628796
4676,0.010485153
4677,0.053710777
4678,0.012566229
4679,0.017494317
4680,0.018434742
4681,0.063072525
4682,0.04264458
4683,0.060398858
4684,0.052090034
4685,0.06923269
4686,0.22649963
4687,0.42501464
4688,0.05317609
4689,0.022338081
4690,0.063797735
4691,0.01549972
4692,0.039635684
4693,0.06478092
4694,0.050595
4695,0.07776209
4696,0.039976813
4697,0.07127816
4698,0.040024634
4699,0.05078235
4700,0.017203556
4701,0.018844651
4702,0.07700294
4703,0.011688644
4704,0.033003755
4705,0.057694953
4706,0.03307466
4707,0.011222174
4708,0.023223273
4709,0.03561951
4710,0.05090059
4711,0.058550343
4712,0.07436261
4713,0.06030335
4714,0.23865089
4715,0.073639564
4716,0.073753774
4717,0.012507495
4718,0.065338835
4719,0.012478412
4720,0.047808558
4721,0.040466767
4722,0.064125136
4723,0.03259891
4724,0.021575244
4725,0.043785967
4726,0.038133692
4727,0.013445402
4728,0.048185837
4729,0.06529181
4730,0.032678694
4731,0.05108019
4732,0.008087759
4733,0.02319611
4734,0.032488484
4735,0.058100544
4736,0.014104531
4737,0.036492754
4738,0.0744097
4739,0.051879603
4740,0.07444538
4741,0.60433424
4742,0.0648781
4743,0.071251735
4744,0.05248233
4745,0.05980944
4746,0.058066685
4747,0.06512098
4748,0.0476637
4749,0.01148373
4750,0.019910514
4751,0.2478209
4752,0.057694953
4753,0.06426179
4754,0.051133238
4755,0.061667524
4756,0.018197669
4757,0.026023943
4758,0.011222722
4759,0.024907043
4760,0.021303311
4761,0.03791905
4762,0.08382138
4763,0.054849204
4764,0.043768547
4765,0.069134206
4766,0.6566262
4767,0.06436263
4768,0.21835558
4769,0.04933846
4770,0.24161828
4771,0.083589144
4772,0.053921066
4773,0.044953655
4774,0.043823805
4775,0.068966776
4776,0.23534942
4777,0.04025112
4778,0.08024498
4779,0.0656639
4780,0.058114205
4781,0.015379676
4782,0.020394977
4783,0.04667145
4784,0.05506772
4785,0.014823963
4786,0.07629714
4787,0.07889504
4788,0.076552756
4789,0.06304135
4790,0.0324148
4791,0.07039405
4792,0.07524609
4793,0.23177885
4794,0.049990788
4795,0.043505296
4796,0.02207732
4797,0.011110768
4798,0.055316523
4799,0.53965914
4800,0.03653836
4801,0.07185599
4802,0.48663542
4803,0.22913928
4804,0.013407594
4805,0.018281823
4806,0.039037902
4807,0.048557658
4808,0.065358795
4809,0.23256725
4810,0.059414603
4811,0.06248211
4812,0.23629971
4813,0.07842104
4814,0.07428521
4815,0.08321786
4816,0.24841411
4817,0.06361253
4818,0.04431847
4819,0.06489143
4820,0.048609097
4821,0.24874608
4822,0.5131669
4823,0.0069954726
4824,0.041208446
4825,0.42510584
4826,0.015223289
4827,0.043119904
4828,0.24196298
4829,0.015892692
4830,0.013418966
4831,0.04415171
4832,0.059046116
4833,0.01705019
4834,0.039800078
4835,0.24667297
4836,0.03955617
4837,0.059676163
4838,0.07565184
4839,0.074021354
4840,0.081644386
4841,0.38938886
4842,0.2445834
4843,0.088585936
4844,0.22230616
4845,0.073244624
4846,0.52143615
4847,0.4542602
4848,0.25488523
4849,0.0070346985
4850,0.024684267
4851,0.07965071
4852,0.05433765
4853,0.007275386
4854,0.0119736185
4855,0.011688644
4856,0.047548242
4857,0.011769853
4858,0.032490466
4859,0.04925502
4860,0.0647344
4861,0.065882325
4862,0.06908815
4863,0.06638981
4864,0.22847104
4865,0.06957667
4866,0.028041411
4867,0.071058065
4868,0.07891071
4869,0.018102286
4870,0.04836098
4871,0.6647015
4872,0.60928315
4873,0.64198303
4874,0.0068594725
4875,0.028203566
4876,0.06560125
4877,0.25435475
4878,0.06519251
4879,0.052966986
4880,0.010187715
4881,0.048522152
4882,0.05310455
4883,0.04358771
4884,0.011897527
4885,0.240388
4886,0.017242594
4887,0.030048281
4888,0.06936138
4889,0.069456376
4890,0.043853432
4891,0.043343846
4892,0.0780795
4893,0.21266209
4894,0.026479475
4895,0.07693792
4896,0.07002716
4897,0.06894655
4898,0.5451035
4899,0.5155848
4900,0.6637895
4901,0.014936319
4902,0.0534744
4903,0.027677156
4904,0.010282668
4905,0.09001166
4906,0.064675786
4907,0.23973691
4908,0.03982791
4909,0.06502883
4910,0.01896132
4911,0.06544596
4912,0.07168692
4913,0.08137459
4914,0.07598661
4915,0.5038288
4916,0.24513692
4917,0.07407099
4918,0.07499982
4919,0.06359082
4920,0.05113393
4921,0.07391206
4922,0.040405016
4923,0.032309677
4924,0.07692173
4925,0.07644336
4926,0.053412594
4927,0.06959047
4928,0.024440683
4929,0.630823
4930,0.51817954
4931,0.48642918
4932,0.07571932
4933,0.043762423
4934,0.22878744
4935,0.09450384
4936,0.027931187
4937,0.017423727
4938,0.017298656
4939,0.034140337
4940,0.06453608
4941,0.04331995
4942,0.40057367
4943,0.62558764
4944,0.057512756
4945,0.066890836
4946,0.06479161
4947,0.082553335
4948,0.057932753
4949,0.22773948
4950,0.21681958
4951,0.03601999
4952,0.0648506
4953,0.07058994
4954,0.07138823
4955,0.04302136
4956,0.022596424
4957,0.5260756
4958,0.40067783
4959,0.23078509
4960,0.060142547
4961,0.027806083
4962,0.07307437
4963,0.012346809
4964,0.05795323
4965,0.08398465
4966,0.030302258
4967,0.039981376
4968,0.04075226
4969,0.016373178
4970,0.01839412
4971,0.039525516
4972,0.040691
4973,0.374795
4974,0.7107671
4975,0.25068665
4976,0.23957483
4977,0.07193502
4978,0.08310778
4979,0.07829712
4980,0.4751663
4981,0.0511082
4982,0.029438267
4983,0.036344513
4984,0.03054881
4985,0.07640425
4986,0.22210585
4987,0.069802016
4988,0.097566694
4989,0.24702972
4990,0.08204815
4991,0.58937645
4992,0.07453256
4993,0.017429816
4994,0.07459739
4995,0.08543437
4996,0.020646907
4997,0.04887484
4998,0.074847005
4999,0.053526532
5000,0.0351168
5001,0.035567682
5002,0.041455075
5003,0.07956138
5004,0.3939573
5005,0.25560564
5006,0.45302373
5007,0.24040502
5008,0.079566225
5009,0.07713038
5010,0.24644314
5011,0.027388448
5012,0.084607825
5013,0.060076445
5014,0.044257063
5015,0.24367264
5016,0.24728051
5017,0.049074527
5018,0.47297445
5019,0.2543706
5020,0.06461243
5021,0.07132257
5022,0.06516727
5023,0.043108027
5024,0.010347601
5025,0.014102876
5026,0.029804904
5027,0.048704423
5028,0.06522037
5029,0.0649071
5030,0.07348695
5031,0.101959765
5032,0.5351842
5033,0.43456104
5034,0.2454791
5035,0.6018115
5036,0.06493642
5037,0.019164663
5038,0.05892099
5039,0.060271766
5040,0.22165635
5041,0.08343203
5042,0.054526776
5043,0.027652785
5044,0.054364707
5045,0.07811798
5046,0.017489135
5047,0.041193176
5048,0.070237264
5049,0.02211364
5050,0.037972324
5051,0.019771062
5052,0.0119736185
5053,0.032032233
5054,0.05821926
5055,0.049042884
5056,0.056688227
5057,0.23059674
5058,0.0739139
5059,0.40294033
5060,0.67741704
5061,0.5799555
5062,0.3979588
5063,0.07390066
5064,0.0077352775
5065,0.042409908
5066,0.02008975
5067,0.04359511
5068,0.071912244
5069,0.010427898
5070,0.032116
5071,0.49919403
5072,0.04325459
5073,0.017658275
5074,0.05149876
5075,0.043511465
5076,0.068652436
5077,0.037319344
5078,0.04302174
5079,0.016950248
5080,0.014222472
5081,0.014739565
5082,0.027930245
5083,0.0634413
5084,0.06871373
5085,0.5344867
5086,0.39264464
5087,0.078370266
5088,0.48578048
5089,0.40860185
5090,0.5044523
5091,0.072745875
5092,0.032546647
5093,0.035761803
5094,0.043432266
5095,0.04148019
5096,0.053609222
5097,0.52360266
5098,0.21376526
5099,0.24882053
5100,0.028686535
5101,0.072194226
5102,0.07682622
5103,0.074741825
5104,0.084909216
5105,0.04255078
5106,0.030144414
5107,0.010451156
5108,0.040393353
5109,0.08020752
5110,0.61079097
5111,0.38254184
5112,0.51323575
5113,0.24277401
5114,0.24645203
5115,0.08059994
5116,0.062863156
5117,0.040954225
5118,0.013195088
5119,0.022815721
5120,0.03788363
5121,0.03015471
5122,0.078810595
5123,0.07711984
5124,0.065380305
5125,0.087883875
5126,0.027756503
5127,0.057781603
5128,0.3972059
5129,0.039574612
5130,0.011164067
5131,0.010849797
5132,0.07238255
5133,0.07787479
5134,0.03050208
5135,0.21750185
5136,0.07267639
5137,0.05837497
5138,0.06791183
5139,0.03019372
5140,0.064566135
5141,0.06260093
5142,0.03649556
5143,0.0742782
5144,0.07364243
5145,0.039686248
5146,0.027530339
5147,0.011414843
5148,0.21742238
5149,0.011611359
5150,0.02052542
5151,0.064691246
5152,0.039099697
5153,0.032625612
5154,0.074169524
5155,0.034517653
5156,0.041371785
5157,0.009755452
5158,0.039692327
5159,0.08165907
5160,0.11798312
5161,0.47992086
5162,0.0704766
5163,0.027955784
5164,0.046907313
5165,0.050143145
5166,0.07824063
5167,0.013815316
5168,0.030718373
5169,0.01491799
5170,0.031429995
5171,0.018806342
5172,0.017360969
5173,0.05816425
5174,0.06528287
5175,0.3946469
5176,0.013074403
5177,0.01683619
5178,0.032308534
5179,0.057739228
5180,0.064666145
5181,0.505738
5182,0.06977017
5183,0.010580368
5184,0.07591021
5185,0.036745943
5186,0.015810868
5187,0.057970494
5188,0.0744225
5189,0.047166523
5190,0.017302029
5191,0.08896023
5192,0.034107476
5193,0.01499893
5194,0.026122907
5195,0.07819485
5196,0.053363476
5197,0.036125433
5198,0.0170417
5199,0.0276164
5200,0.052066058
5201,0.24729398
5202,0.030472245
5203,0.018273363
5204,0.029867958
5205,0.039808344
5206,0.05174146
5207,0.2357534
5208,0.0537344
5209,0.07700599
5210,0.06603364
5211,0.029886574
5212,0.043565925
5213,0.04410359
5214,0.02897086
5215,0.08851183
5216,0.016878044
5217,0.017540386
5218,0.07538242
5219,0.017569453
5220,0.065242454
5221,0.043799546
5222,0.010724758
5223,0.011218665
5224,0.24029264
5225,0.6339577
5226,0.07090867
5227,0.06468647
5228,0.014156836
5229,0.06490826
5230,0.04365562
5231,0.04098459
5232,0.06606818
5233,0.062515594
5234,0.06804595
5235,0.5143078
5236,0.016309807
5237,0.06081474
5238,0.016670376
5239,0.06254223
5240,0.061504774
5241,0.023500107
5242,0.036849245
5243,0.07901415
5244,0.46576333
5245,0.058758374
5246,0.0824115
5247,0.017238894
5248,0.05974525
5249,0.021388117
5250,0.06112972
5251,0.027150312
5252,0.024413478
5253,0.047466535
5254,0.050367314
5255,0.027226886
5256,0.018811304
5257,0.049485084
5258,0.017220793
5259,0.07426178
5260,0.03596519
5261,0.015311708
5262,0.032341264
5263,0.064836286
5264,0.07077729
5265,0.020776853
5266,0.050138693
5267,0.56852055
5268,0.0525359
5269,0.069475174
5270,0.042495508
5271,0.04344142
5272,0.016807498
5273,0.5053934
5274,0.0255986
5275,0.01576328
5276,0.043164995
5277,0.069536604
5278,0.019903118
5279,0.06988294
5280,0.040489454
5281,0.027013421
5282,0.043796796
5283,0.40420625
5284,0.019556744
5285,0.0075796093
5286,0.019927802
5287,0.013334842
5288,0.04107642
5289,0.013976248
5290,0.03164621
5291,0.08551143
5292,0.0532615
5293,0.015281385
5294,0.015623155
5295,0.05312895
5296,0.07365776
5297,0.06262699
5298,0.05959609
5299,0.053960405
5300,0.027384888
5301,0.046806585
5302,0.016663156
5303,0.054062415
5304,0.23382801
5305,0.07357289
5306,0.007834679
5307,0.03243264
5308,0.013738776
5309,0.012754065
5310,0.01561148
5311,0.012100547
5312,0.018528283
5313,0.009704857
5314,0.010034892
5315,0.01508924
5316,0.014973461
5317,0.022690421
5318,0.04892889
5319,0.043945227
5320,0.07298816
5321,0.0072279037
5322,0.01569263
5323,0.01114875
5324,0.076921895
5325,0.010145233
5326,0.089656025
5327,0.0117071215
5328,0.02433454
5329,0.026362097
5330,0.012156965
5331,0.013741862
5332,0.01687358
5333,0.018539634
5334,0.03125061
5335,0.013160116
5336,0.01465139
5337,0.052721355
5338,0.027852083
5339,0.04098555
5340,0.043083962
5341,0.014061378
5342,0.01012656
5343,0.07108998
5344,0.027796451
5345,0.04333861
5346,0.03282985
5347,0.015285848
5348,0.0648355
5349,0.011379871
5350,0.0112915505
5351,0.08215621
5352,0.052720044
5353,0.053625505
5354,0.05288421
5355,0.014389752
5356,0.06456685
5357,0.022014473
5358,0.011194882
5359,0.06393225
5360,0.015300058
5361,0.07217925
5362,0.0778221
5363,0.017034402
5364,0.026966805
5365,0.032783296
5366,0.027589524
5367,0.02782657
5368,0.011916237
5369,0.011846684
5370,0.01105418
5371,0.0321392
5372,0.011155162
5373,0.011947171
5374,0.06270499
5375,0.050796103
5376,0.032194477
5377,0.008215789
5378,0.0071796332
5379,0.07419627
5380,0.017538138
5381,0.014613862
5382,0.01496979
5383,0.044002447
5384,0.019297738
5385,0.013824617
5386,0.02719244
5387,0.016319312
5388,0.033195302
5389,0.011272367
5390,0.015583322
5391,0.02990305
5392,0.06998631
5393,0.07635644
5394,0.018487627
5395,0.06527099
5396,0.013768521
5397,0.019927802
5398,0.011125151
5399,0.021904647
5400,0.05064641
5401,0.028003924
5402,0.043500572
5403,0.051774617
5404,0.014180687
5405,0.031853333
5406,0.044538114
5407,0.04119466
5408,0.071298085
5409,0.04438173
5410,0.06473835
5411,0.04313348
5412,0.06459974
5413,0.38972136
5414,0.3718909
5415,0.027681943
5416,0.044014286
5417,0.2557681
5418,0.059676457
5419,0.24680588
5420,0.06912205
5421,0.08374101
5422,0.057776794
5423,0.07155103
5424,0.014308003
5425,0.03992865
5426,0.02471724
5427,0.012111339
5428,0.22077209
5429,0.032759514
5430,0.55571103
5431,0.07476777
5432,0.043370645
5433,0.22643882
5434,0.05519567
5435,0.02980204
5436,0.022756765
5437,0.043620847
5438,0.037098378
5439,0.014423282
5440,0.22815424
5441,0.0783686
5442,0.48311093
5443,0.47828615
5444,0.065482356
5445,0.07281287
5446,0.07789548
5447,0.010611079
5448,0.009962139
5449,0.052926853
5450,0.041870255
5451,0.05735154
5452,0.066486165
5453,0.4342941
5454,0.07338657
5455,0.23167111
5456,0.5394063
5457,0.22690487
5458,0.027395386
5459,0.48225018
5460,0.053348865
5461,0.24555014
5462,0.04918378
5463,0.04621449
5464,0.035433114
5465,0.058248326
5466,0.070314825
5467,0.07459952
5468,0.039288707
5469,0.063085414
5470,0.35347742
5471,0.04327188
5472,0.03191074
5473,0.052216273
5474,0.05427865
5475,0.06432948
5476,0.03227915
5477,0.039862297
5478,0.04258975
5479,0.07122653
5480,0.027991468
5481,0.05309043
5482,0.23093863
5483,0.052859318
5484,0.24667615
5485,0.052393503
5486,0.04026314
5487,0.024942292
5488,0.01556226
5489,0.024828471
5490,0.45584598
5491,0.06499632
5492,0.094577804
5493,0.2454318
5494,0.007327484
5495,0.06269996
5496,0.049171455
5497,0.02232255
5498,0.01530986
5499,0.009363296
5500,0.037492312
5501,0.006102542
5502,0.06361293
5503,0.0607721
5504,0.070719756
5505,0.23999703
5506,0.25136256
5507,0.017549196
5508,0.021029212
5509,0.04407864
5510,0.010468141
5511,0.03193306
5512,0.026874723
5513,0.03561456
5514,0.23866968
5515,0.018982463
5516,0.04280182
5517,0.011425743
5518,0.058098864
5519,0.04327983
5520,0.22574118
5521,0.46770436
5522,0.065840214
5523,0.01994999
5524,0.02199856
5525,0.03974004
5526,0.05332998
5527,0.023646006
5528,0.02995943
5529,0.012671034
5530,0.07413026
5531,0.24710861
5532,0.06957378
5533,0.07153575
5534,0.053217553
5535,0.037610576
5536,0.032017946
5537,0.030140258
5538,0.03495478
5539,0.06530881
5540,0.05047605
5541,0.21626635
5542,0.014943995
5543,0.036659867
5544,0.02745168
5545,0.017467057
5546,0.015463456
5547,0.029144788
5548,0.040654957
5549,0.021600937
5550,0.022073349
5551,0.058049653
5552,0.091852255
5553,0.089654
5554,0.042925812
5555,0.039393894
5556,0.038572833
5557,0.06979713
5558,0.057750978
5559,0.015126936
5560,0.05163959
5561,0.030760434
5562,0.010427484
5563,0.07280165
5564,0.027678397
5565,0.02473096
5566,0.032598697
5567,0.05402834
5568,0.05310471
5569,0.07411795
5570,0.07452335
5571,0.22743231
5572,0.053478558
5573,0.03960774
5574,0.018309947
5575,0.04924432
5576,0.043031372
5577,0.075656906
5578,0.042981364
5579,0.6101114
5580,0.07288179
5581,0.06963128
5582,0.048823
5583,0.046598393
5584,0.019704308
5585,0.016940938
5586,0.011122101
5587,0.013350788
5588,0.052753367
5589,0.019010711
5590,0.012292078
5591,0.017738134
5592,0.01876845
5593,0.06342639
5594,0.042851895
5595,0.06027397
5596,0.05222235
5597,0.06969209
5598,0.22909957
5599,0.4069935
5600,0.053024232
5601,0.021884957
5602,0.06449151
5603,0.015875496
5604,0.03976988
5605,0.06558308
5606,0.05052355
5607,0.07461977
5608,0.04061561
5609,0.06942479
5610,0.039429072
5611,0.05083962
5612,0.035298232
5613,0.017620891
5614,0.073474854
5615,0.0109313
5616,0.03231262
5617,0.057858087
5618,0.032461148
5619,0.011200751
5620,0.02329312
5621,0.03566316
5622,0.05047536
5623,0.05741062
5624,0.07765535
5625,0.06486219
5626,0.23422301
5627,0.07312654
5628,0.07518175
5629,0.013040752
5630,0.065142095
5631,0.012026095
5632,0.048192028
5633,0.040702816
5634,0.06461695
5635,0.032753345
5636,0.021393463
5637,0.04404573
5638,0.03826646
5639,0.048041303
5640,0.065443136
5641,0.0505279
5642,0.012667097
5643,0.0229456
5644,0.031926442
5645,0.05662994
5646,0.03640108
5647,0.07290037
5648,0.05217278
5649,0.074546605
5650,0.557416
5651,0.06448093
5652,0.07444355
5653,0.05260417
5654,0.20377588
5655,0.058106657
5656,0.06569933
5657,0.048335165
5658,0.011526587
5659,0.019764272
5660,0.25299844
5661,0.058066364
5662,0.063800834
5663,0.051402368
5664,0.061831243
5665,0.018543337
5666,0.027920324
5667,0.009922284
5668,0.019635363
5669,0.020867854
5670,0.037392966
5671,0.08309917
5672,0.054525156
5673,0.04225238
5674,0.07054903
5675,0.5448256
5676,0.058383618
5677,0.015223548
5678,0.22634324
5679,0.050317593
5680,0.23265252
5681,0.09075579
5682,0.054051444
5683,0.020822147
5684,0.044253167
5685,0.06956711
5686,0.08590915
5687,0.04019756
5688,0.081181146
5689,0.067261465
5690,0.05882667
5691,0.015404654
5692,0.01998071
5693,0.046611894
5694,0.054544963
5695,0.015787132
5696,0.07545617
5697,0.07750318
5698,0.074955
5699,0.06320086
5700,0.03172598
5701,0.07134042
5702,0.070529066
5703,0.2306535
5704,0.049066976
5705,0.04378332
5706,0.021510977
5707,0.05468871
5708,0.6249563
5709,0.037907787
5710,0.0657606
5711,0.4802226
5712,0.22116065
5713,0.013288715
5714,0.010374663
5715,0.039558925
5716,0.04824327
5717,0.06481053
5718,0.23985025
5719,0.05978644
5720,0.06369686
5721,0.23487459
5722,0.07599185
5723,0.07332352
5724,0.08318731
5725,0.24013765
5726,0.06430194
5727,0.044153135
5728,0.0658775
5729,0.047810942
5730,0.24738376
5731,0.4880137
5732,0.0070259264
5733,0.041047446
5734,0.42723197
5735,0.015088212
5736,0.043443616
5737,0.24046919
5738,0.015501314
5739,0.04404573
5740,0.05855979
5741,0.017089764
5742,0.040802646
5743,0.0073656756
5744,0.2485099
5745,0.040581096
5746,0.05997314
5747,0.07382756
5748,0.07589364
5749,0.0813634
5750,0.4207804
5751,0.24551323
5752,0.027893404
5753,0.24406764
5754,0.38615835
5755,0.22177923
5756,0.6180245
5757,0.46899188
5758,0.47398806
5759,0.024662085
5760,0.0744683
5761,0.054305565
5762,0.020288657
5763,0.011543856
5764,0.011919071
5765,0.017828485
5766,0.011369874
5767,0.049772702
5768,0.010100947
5769,0.011357496
5770,0.032432277
5771,0.049379457
5772,0.06540956
5773,0.065682545
5774,0.070171535
5775,0.06509067
5776,0.22851981
5777,0.07144101
5778,0.028454656
5779,0.07444355
5780,0.22831598
5781,0.19279863
5782,0.62376124
5783,0.5131538
5784,0.6644051
5785,0.0067804805
5786,0.027766585
5787,0.016671028
5788,0.06544082
5789,0.23971674
5790,0.06481931
5791,0.053506453
5792,0.010493332
5793,0.049024247
5794,0.052726474
5795,0.04325949
5796,0.012190629
5797,0.24009515
5798,0.01786054
5799,0.029844629
5800,0.06871028
5801,0.069100335
5802,0.042606853
5803,0.042962484
5804,0.07275289
5805,0.059487607
5806,0.026544614
5807,0.07337082
5808,0.070342556
5809,0.06910561
5810,0.55708903
5811,0.65083694
5812,0.70935327
5813,0.014936263
5814,0.19971402
5815,0.028308833
5816,0.08269741
5817,0.06722137
5818,0.24407513
5819,0.065343335
5820,0.01884982
5821,0.06573834
5822,0.069265425
5823,0.22938901
5824,0.072862126
5825,0.4340218
5826,0.24091214
5827,0.07369653
5828,0.07351645
5829,0.06336971
5830,0.05177351
5831,0.07202988
5832,0.040909674
5833,0.03225987
5834,0.072971165
5835,0.07331136
5836,0.053322885
5837,0.072005466
5838,0.024397925
5839,0.58911663
5840,0.6589845
5841,0.4951135
5842,0.07423868
5843,0.04342389
5844,0.38097364
5845,0.08771579
5846,0.02704791
5847,0.016899016
5848,0.01751046
5849,0.03452609
5850,0.064900905
5851,0.04371666
5852,0.37149748
5853,0.58370554
5854,0.057872094
5855,0.06597041
5856,0.064858064
5857,0.08217093
5858,0.05815844
5859,0.22701094
5860,0.06902821
5861,0.03542842
5862,0.06500381
5863,0.0711605
5864,0.070004135
5865,0.041066572
5866,0.46363956
5867,0.39493647
5868,0.23564757
5869,0.060289115
5870,0.026198603
5871,0.07159897
5872,0.058538858
5873,0.08153093
5874,0.03026781
5875,0.04011101
5876,0.03967415
5877,0.016306207
5878,0.018415885
5879,0.040047217
5880,0.040156107
5881,0.23534837
5882,0.5832249
5883,0.41101593
5884,0.23253217
5885,0.073492534
5886,0.0803568
5887,0.23029679
5888,0.42656195
5889,0.19615819
5890,0.029649073
5891,0.03669839
5892,0.032382235
5893,0.07601503
5894,0.21906166
5895,0.069894336
5896,0.08988292
5897,0.24960612
5898,0.081589825
5899,0.583245
5900,0.07453562
5901,0.017434722
5902,0.07381742
5903,0.090741344
5904,0.02109541
5905,0.049260575
5906,0.08905833
5907,0.05395153
5908,0.03511828
5909,0.035562553
5910,0.042301703
5911,0.07454954
5912,0.40170103
5913,0.24685381
5914,0.50529945
5915,0.37975487
5916,0.07763329
5917,0.074975096
5918,0.24600573
5919,0.08250704
5920,0.059446845
5921,0.043899298
5922,0.5157577
5923,0.39173165
5924,0.04901973
5925,0.47870773
5926,0.43649834
5927,0.064548545
5928,0.07048437
5929,0.06570325
5930,0.043779477
5931,0.010300356
5932,0.01415619
5933,0.028893093
5934,0.048618592
5935,0.06526735
5936,0.06503793
5937,0.072978005
5938,0.24779315
5939,0.6120793
5940,0.39004177
5941,0.39831135
5942,0.5153171
5943,0.065046266
5944,0.058477968
5945,0.060133748
5946,0.0765572
5947,0.2306535
5948,0.0530257
5949,0.028547997
5950,0.00741683
5951,0.05338682
5952,0.073341124
5953,0.018282153
5954,0.041875415
5955,0.069588214
5956,0.021680849
5957,0.037549097
5958,0.019918319
5959,0.012095249
5960,0.032539528
5961,0.05834616
5962,0.0495503
5963,0.06143079
5964,0.2258886
5965,0.22650163
5966,0.39746186
5967,0.60447824
5968,0.6682343
5969,0.24234389
5970,0.07234343
5971,0.007097326
5972,0.042847984
5973,0.020410748
5974,0.04426584
5975,0.07290849
5976,0.0104908
5977,0.03263078
5978,0.64879864
5979,0.18050098
5980,0.017382411
5981,0.052001238
5982,0.043905035
5983,0.06914366
5984,0.037726138
5985,0.043406095
5986,0.017318536
5987,0.042124193
5988,0.014143469
5989,0.014127723
5990,0.027557952
5991,0.0634904
5992,0.06951733
5993,0.51518524
5994,0.3992842
5995,0.07277109
5996,0.6463127
5997,0.4249234
5998,0.4802738
5999,0.22347242
6000,0.038284168
6001,0.0327099
6002,0.03547468
6003,0.043267768
6004,0.041206736
6005,0.035320554
6006,0.051751096
6007,0.51267797
6008,0.21720019
6009,0.25106063
6010,0.030100577
6011,0.07060136
6012,0.07515745
6013,0.075292386
6014,0.08601326
6015,0.042089064
6016,0.029657135
6017,0.03993753
6018,0.07663233
6019,0.6392499
6020,0.38360825
6021,0.6026283
6022,0.09003993
6023,0.24744187
6024,0.08208251
6025,0.06529282
6026,0.037688952
6027,0.0298509
6028,0.07480423
6029,0.0728863
6030,0.066512875
6031,0.24568997
6032,0.025967715
6033,0.054114923
6034,0.24603795
6035,0.039515566
6036,0.011378823
6037,0.07288955
6038,0.07779
6039,0.030829621
6040,0.0054469183
6041,0.22256543
6042,0.07011035
6043,0.056541964
6044,0.06651937
6045,0.029993981
6046,0.06239601
6047,0.06264194
6048,0.0366795
6049,0.075105645
6050,0.071778074
6051,0.0402333
6052,0.027113654
6053,0.010818467
6054,0.3777824
6055,0.012276777
6056,0.014422647
6057,0.06440232
6058,0.040185787
6059,0.03244356
6060,0.073449306
6061,0.035141066
6062,0.04144108
6063,0.014379554
6064,0.03963953
6065,0.07342657
6066,0.40806222
6067,0.45926997
6068,0.07144721
6069,0.01831037
6070,0.028303895
6071,0.047158416
6072,0.01461223
6073,0.05364423
6074,0.07613075
6075,0.013448493
6076,0.030770225
6077,0.015063715
6078,0.030788168
6079,0.018436655
6080,0.05879737
6081,0.06569549
6082,0.40691882
6083,0.014344103
6084,0.016335942
6085,0.031967826
6086,0.05766999
6087,0.06486994
6088,0.43297827
6089,0.07027553
6090,0.07369089
6091,0.035875965
6092,0.015193281
6093,0.057935875
6094,0.077763185
6095,0.0468546
6096,0.017559508
6097,0.010760829
6098,0.24958271
6099,0.03228258
6100,0.01509177
6101,0.02648969
6102,0.07516495
6103,0.053166147
6104,0.03822921
6105,0.017363086
6106,0.027600791
6107,0.05220689
6108,0.36544275
6109,0.030121397
6110,0.005358389
6111,0.018849462
6112,0.030059744
6113,0.040309794
6114,0.052161735
6115,0.22957073
6116,0.0535959
6117,0.23353975
6118,0.065512404
6119,0.02998919
6120,0.044075552
6121,0.04407435
6122,0.028566973
6123,0.24300985
6124,0.06960732
6125,0.017842226
6126,0.06470736
6127,0.04413369
6128,0.010230251
6129,0.011840969
6130,0.24987757
6131,0.7183226
6132,0.0724068
6133,0.064899005
6134,0.06567333
6135,0.043086607
6136,0.041108962
6137,0.06446931
6138,0.063011274
6139,0.071400836
6140,0.7062576
6141,0.060710385
6142,0.015515743
6143,0.060888942
6144,0.061542206
6145,0.017404508
6146,0.036928218
6147,0.08015277
6148,0.46004468
6149,0.058448687
6150,0.08211379
6151,0.06006128
6152,0.013653934
6153,0.021453086
6154,0.061893053
6155,0.02642832
6156,0.025358304
6157,0.047108714
6158,0.049970467
6159,0.025283756
6160,0.018597
6161,0.04895297
6162,0.017517254
6163,0.078782395
6164,0.036166005
6165,0.041307103
6166,0.014943358
6167,0.033044655
6168,0.0651765
6169,0.07063031
6170,0.021835467
6171,0.048394337
6172,0.45664638
6173,0.053519003
6174,0.06896054
6175,0.043481663
6176,0.043215707
6177,0.017206386
6178,0.507359
6179,0.027891377
6180,0.010507285
6181,0.009241866
6182,0.011551867
6183,0.04330203
6184,0.06948568
6185,0.019669488
6186,0.011493479
6187,0.07009785
6188,0.04004132
6189,0.0435777
6190,0.40545818
6191,0.02763923
6192,0.02031176
6193,0.020360896
6194,0.012298784
6195,0.042239312
6196,0.010570003
6197,0.03162576
6198,0.085814126
6199,0.05328314
6200,0.015173921
6201,0.014820983
6202,0.05404954
6203,0.07308635
6204,0.06387017
6205,0.059058037
6206,0.054458447
6207,0.026804201
6208,0.047704205
6209,0.017379325
6210,0.053550877
6211,0.23403654
6212,0.073035955
6213,0.03207332
6214,0.014349727
6215,0.012233888
6216,0.015920023
6217,0.011476403
6218,0.019463472
6219,0.009801808
6220,0.020046024
6221,0.010800994
6222,0.01515479
6223,0.023035945
6224,0.04886671
6225,0.04385826
6226,0.07380085
6227,0.0060746674
6228,0.0105318725
6229,0.07375438
6230,0.01023876
6231,0.082721286
6232,0.016442979
6233,0.02649294
6234,0.012242261
6235,0.011402243
6236,0.017606607
6237,0.019092288
6238,0.0144597925
6239,0.030918382
6240,0.014441463
6241,0.04925522
6242,0.027803767
6243,0.040275633
6244,0.013639454
6245,0.042780973
6246,0.014127723
6247,0.014825512
6248,0.013102696
6249,0.07064059
6250,0.026486063
6251,0.04368563
6252,0.009468732
6253,0.0059139472
6254,0.011774797
6255,0.031998985
6256,0.01157921
6257,0.011810506
6258,0.015514685
6259,0.06512883
6260,0.013127724
6261,0.011253337
6262,0.081187695
6263,0.05218663
6264,0.053522244
6265,0.05311183
6266,0.014430266
6267,0.065193646
6268,0.021488883
6269,0.011748443
6270,0.06297473
6271,0.015196757
6272,0.070302024
6273,0.07753585
6274,0.017009834
6275,0.012737334
6276,0.027301457
6277,0.03208719
6278,0.027240373
6279,0.02770957
6280,0.013069353
6281,0.008485205
6282,0.012458303
6283,0.01203726
6284,0.00862879
6285,0.01150015
6286,0.032288667
6287,0.0112828445
6288,0.06289007
6289,0.050171424
6290,0.07437297
6291,0.0245608
6292,0.030772302
6293,0.0152013535
6294,0.044059135
6295,0.019069731
6296,0.013533742
6297,0.027600765
6298,0.016675536
6299,0.03154326
6300,0.011174919
6301,0.0111340415
6302,0.029857872
6303,0.069570094
6304,0.07384411
6305,0.019557385
6306,0.065183364
6307,0.020091048
6308,0.037465923
6309,0.054175727
6310,0.04444994
6311,0.057609513
6312,0.014449293
6313,0.034843773
6314,0.04604093
6315,0.040214833
6316,0.04067418
6317,0.08430504
6318,0.04589693
6319,0.010613886
6320,0.0828446
6321,0.044865392
6322,0.07188975
6323,0.044580016
6324,0.40053916
6325,0.3859213
6326,0.045444567
6327,0.393888
6328,0.06794714
6329,0.26265016
6330,0.2220549
6331,0.09869603
6332,0.061515644
6333,0.07902891
6334,0.013682529
6335,0.04095592
6336,0.014740902
6337,0.23487216
6338,0.032619566
6339,0.6806909
6340,0.083262056
6341,0.08545823
6342,0.06149173
6343,0.030059738
6344,0.023461772
6345,0.04483246
6346,0.0142982
6347,0.04160596
6348,0.09395536
6349,0.0910085
6350,0.5190775
6351,0.5393659
6352,0.045026418
6353,0.069892704
6354,0.09463471
6355,0.09201917
6356,0.010251682
6357,0.009970921
6358,0.021046516
6359,0.053899605
6360,0.042655982
6361,0.061842717
6362,0.07360767
6363,0.03977284
6364,0.5093099
6365,0.09315875
6366,0.24240439
6367,0.45485488
6368,0.094180524
6369,0.02256721
6370,0.46215355
6371,0.017390603
6372,0.05564482
6373,0.26028153
6374,0.05099851
6375,0.04842016
6376,0.036030166
6377,0.064066894
6378,0.028648902
6379,0.23074828
6380,0.090835616
6381,0.036766384
6382,0.067241475
6383,0.4009741
6384,0.04497263
6385,0.032913055
6386,0.053763635
6387,0.05743282
6388,0.069913514
6389,0.032961715
6390,0.044343296
6391,0.07973333
6392,0.027789015
6393,0.055029888
6394,0.104242526
6395,0.42084458
6396,0.054204166
6397,0.040711645
6398,0.012921295
6399,0.015143589
6400,0.006888617
6401,0.01942063
6402,0.4373481
6403,0.0930724
6404,0.06494665
6405,0.27310008
6406,0.4649324
6407,0.06664463
6408,0.050420906
6409,0.022446426
6410,0.015929868
6411,0.008324623
6412,0.038365386
6413,0.014211492
6414,0.068829216
6415,0.064289555
6416,0.080570996
6417,0.40788537
6418,0.46492982
6419,0.017316055
6420,0.38176274
6421,0.04452442
6422,0.009312474
6423,0.027449045
6424,0.036632597
6425,0.2592941
6426,0.01938654
6427,0.0437788
6428,0.011783247
6429,0.04472979
6430,0.028289935
6431,0.08050317
6432,0.482837
6433,0.01089891
6434,0.040025704
6435,0.069949046
6436,0.041922286
6437,0.05599944
6438,0.030509397
6439,0.012287143
6440,0.090333536
6441,0.102446
6442,0.07816058
6443,0.080683224
6444,0.05621915
6445,0.036445595
6446,0.032825593
6447,0.030463897
6448,0.03641953
6449,0.070650734
6450,0.051863413
6451,0.22021711
6452,0.014702765
6453,0.0374232
6454,0.02886286
6455,0.01763978
6456,0.015369001
6457,0.024606708
6458,0.041640725
6459,0.007810615
6460,0.051021237
6461,0.02187334
6462,0.025104193
6463,0.061037198
6464,0.111170314
6465,0.1104376
6466,0.043836385
6467,0.039936624
6468,0.038098358
6469,0.07729341
6470,0.060944773
6471,0.015913568
6472,0.05317764
6473,0.015149907
6474,0.021916397
6475,0.031648356
6476,0.086426936
6477,0.027936952
6478,0.02425718
6479,0.032424167
6480,0.055156935
6481,0.05371476
6482,0.24264774
6483,0.22066212
6484,0.09084025
6485,0.055550117
6486,0.04006169
6487,0.01804288
6488,0.05086454
6489,0.04457294
6490,0.00908385
6491,0.012344946
6492,0.08944649
6493,0.044906586
6494,0.6170588
6495,0.08585645
6496,0.02140504
6497,0.013052212
6498,0.08814299
6499,0.050260402
6500,0.047990922
6501,0.01947404
6502,0.01740027
6503,0.009820329
6504,0.054919224
6505,0.012216888
6506,0.017920986
6507,0.01803375
6508,0.067538016
6509,0.04398412
6510,0.06378756
6511,0.053989578
6512,0.07952353
6513,0.2374309
6514,0.4024243
6515,0.055270564
6516,0.022534987
6517,0.064747505
6518,0.016556945
6519,0.040442966
6520,0.07049416
6521,0.052595258
6522,0.08950868
6523,0.04113308
6524,0.07928978
6525,0.040096864
6526,0.052024
6527,0.036323957
6528,0.017852347
6529,0.018954288
6530,0.09043487
6531,0.011334135
6532,0.03295576
6533,0.06153904
6534,0.032909308
6535,0.009789618
6536,0.02309917
6537,0.036047433
6538,0.052301
6539,0.061952677
6540,0.095237866
6541,0.07107742
6542,0.37654597
6543,0.08890701
6544,0.08870552
6545,0.01283634
6546,0.069937095
6547,0.011213983
6548,0.049544167
6549,0.039666932
6550,0.0680574
6551,0.032872003
6552,0.022138463
6553,0.044764195
6554,0.03886692
6555,0.049642824
6556,0.07020771
6557,0.032854766
6558,0.051690497
6559,0.009574391
6560,0.032805808
6561,0.061335396
6562,0.0142846955
6563,0.037528343
6564,0.08196119
6565,0.054014992
6566,0.091860585
6567,0.54119927
6568,0.0711254
6569,0.080482624
6570,0.054432664
6571,0.05942462
6572,0.061234627
6573,0.06941198
6574,0.049674805
6575,0.011724285
6576,0.019915618
6577,0.2646066
6578,0.061368916
6579,0.065671034
6580,0.054493703
6581,0.06610913
6582,0.018060075
6583,0.021567585
6584,0.038236693
6585,0.112798974
6586,0.056363635
6587,0.04354853
6588,0.07975264
6589,0.6024074
6590,0.070260495
6591,0.015230839
6592,0.38232848
6593,0.05220329
6594,0.25930837
6595,0.27415478
6596,0.056663718
6597,0.04490202
6598,0.078958236
6599,0.10312024
6600,0.040760666
6601,0.09261866
6602,0.069123395
6603,0.0085096415
6604,0.062015153
6605,0.0156134525
6606,0.020751325
6607,0.048173793
6608,0.057449043
6609,0.01517699
6610,0.09110809
6611,0.10015563
6612,0.09717748
6613,0.066988654
6614,0.032825593
6615,0.080189414
6616,0.08948676
6617,0.25480598
6618,0.050924305
6619,0.011326828
6620,0.045112025
6621,0.021296026
6622,0.010332878
6623,0.05745745
6624,0.50436324
6625,0.038226046
6626,0.08514289
6627,0.46552014
6628,0.23894455
6629,0.016140325
6630,0.013139404
6631,0.010951612
6632,0.04087961
6633,0.049752623
6634,0.23148048
6635,0.24734539
6636,0.063442856
6637,0.06762197
6638,0.24538375
6639,0.095834926
6640,0.089383535
6641,0.107963756
6642,0.38598976
6643,0.06854024
6644,0.019698143
6645,0.04524713
6646,0.07147779
6647,0.04908603
6648,0.40640962
6649,0.70385015
6650,0.0069588
6651,0.042217094
6652,0.3806973
6653,0.014935871
6654,0.04447548
6655,0.25316823
6656,0.013222785
6657,0.04511908
6658,0.06147151
6659,0.016693275
6660,0.0420944
6661,0.37960854
6662,0.0404022
6663,0.06329348
6664,0.24450707
6665,0.092622295
6666,0.26354983
6667,0.40630162
6668,0.2705913
6669,0.10815369
6670,0.37157232
6671,0.23691171
6672,0.6125701
6673,0.44049567
6674,0.43683118
6675,0.0066908454
6676,0.024383957
6677,0.09116216
6678,0.05479515
6679,0.027983075
6680,0.021109767
6681,0.011918601
6682,0.050399214
6683,0.009741495
6684,0.011431833
6685,0.032892108
6686,0.050651457
6687,0.0711826
6688,0.07161406
6689,0.07839971
6690,0.06989612
6691,0.2384866
6692,0.07835665
6693,0.02991728
6694,0.08220786
6695,0.0957076
6696,0.018508265
6697,0.1871888
6698,0.6134013
6699,0.6100681
6700,0.5748879
6701,0.007608959
6702,0.027692385
6703,0.01702076
6704,0.07068132
6705,0.27695334
6706,0.07054868
6707,0.017412348
6708,0.057168756
6709,0.010460994
6710,0.04947655
6711,0.055917
6712,0.04436788
6713,0.012038676
6714,0.2635402
6715,0.017274393
6716,0.031275593
6717,0.078554206
6718,0.07808703
6719,0.045029003
6720,0.04427499
6721,0.08999296
6722,0.21858713
6723,0.0071769627
6724,0.026604481
6725,0.08873785
6726,0.07821753
6727,0.2264333
6728,0.7433017
6729,0.79094344
6730,0.6846717
6731,0.015357034
6732,0.19712381
6733,0.028261056
6734,0.26487276
6735,0.07283493
6736,0.26259696
6737,0.040805012
6738,0.07166783
6739,0.018823808
6740,0.071152605
6741,0.07735872
6742,0.24322547
6743,0.08779836
6744,0.5345802
6745,0.26948795
6746,0.09531189
6747,0.094987854
6748,0.06697515
6749,0.05183289
6750,0.08220786
6751,0.040937595
6752,0.03296506
6753,0.09594497
6754,0.089890145
6755,0.055969685
6756,0.082334705
6757,0.025532374
6758,0.7455723
6759,0.6848119
6760,0.84496176
6761,0.09233433
6762,0.044816207
6763,0.23836681
6764,0.012091345
6765,0.11018192
6766,0.027926989
6767,0.010645663
6768,0.017401252
6769,0.017124787
6770,0.03498551
6771,0.07263513
6772,0.042953428
6773,0.42972872
6774,0.6486813
6775,0.06249713
6776,0.07356613
6777,0.070680745
6778,0.0964861
6779,0.061050866
6780,0.40577063
6781,0.07778059
6782,0.03621955
6783,0.071737945
6784,0.078683876
6785,0.07882771
6786,0.043228894
6787,0.022597993
6788,0.47944346
6789,0.40515673
6790,0.24630094
6791,0.0636013
6792,0.027839802
6793,0.08261473
6794,0.06199054
6795,0.2626677
6796,0.030173715
6797,0.04169933
6798,0.041416563
6799,0.018760288
6800,0.04024079
6801,0.041549392
6802,0.2514453
6803,0.6821778
6804,0.3911243
6805,0.26419127
6806,0.083215974
6807,0.097965404
6808,0.24193957
6809,0.47999552
6810,0.18967815
6811,0.029728979
6812,0.037047498
6813,0.033389017
6814,0.09736599
6815,0.08038789
6816,0.08632965
6817,0.2712969
6818,0.2787054
6819,0.10103485
6820,0.74387634
6821,0.23913883
6822,0.017310876
6823,0.23543113
6824,0.09939937
6825,0.021547833
6826,0.05148121
6827,0.11336234
6828,0.055173162
6829,0.035587523
6830,0.036630645
6831,0.04325853
6832,0.092186734
6833,0.3870853
6834,0.26808247
6835,0.43378356
6836,0.4314025
6837,0.105899125
6838,0.09413328
6839,0.25327328
6840,0.10078238
6841,0.06262714
6842,0.04479791
6843,0.49539202
6844,0.2646327
6845,0.049943037
6846,0.49116036
6847,0.42036352
6848,0.007907606
6849,0.06978957
6850,0.0809858
6851,0.07017584
6852,0.04490955
6853,0.010124201
6854,0.01448948
6855,0.029223373
6856,0.050236702
6857,0.07134321
6858,0.06801014
6859,0.09099608
6860,0.4398004
6861,0.59784096
6862,0.39158508
6863,0.36735326
6864,0.6255738
6865,0.071214564
6866,0.062621154
6867,0.06263945
6868,0.09034534
6869,0.107211046
6870,0.05487089
6871,0.028009962
6872,0.055928104
6873,0.09176726
6874,0.01772353
6875,0.04246264
6876,0.078379706
6877,0.015309841
6878,0.03857034
6879,0.019706806
6880,0.011993533
6881,0.032552745
6882,0.061234627
6883,0.050583657
6884,0.06433963
6885,0.23776524
6886,0.23434097
6887,0.37289092
6888,0.7041811
6889,0.713531
6890,0.40954483
6891,0.08548503
6892,0.0069136624
6893,0.043850224
6894,0.020419708
6895,0.044970512
6896,0.082861
6897,0.015439426
6898,0.5738456
6899,0.1824618
6900,0.01745086
6901,0.05446324
6902,0.045047194
6903,0.07847587
6904,0.038573902
6905,0.04467673
6906,0.04387279
6907,0.014071861
6908,0.014101829
6909,0.02824864
6910,0.06855212
6911,0.078387246
6912,0.48814481
6913,0.4196018
6914,0.08874664
6915,0.61972874
6916,0.42897472
6917,0.4512495
6918,0.092238665
6919,0.039129294
6920,0.03355512
6921,0.035568953
6922,0.04460991
6923,0.042038947
6924,0.03631503
6925,0.05269665
6926,0.50926524
6927,0.22094537
6928,0.38586637
6929,0.02963016
6930,0.08008122
6931,0.09277151
6932,0.096337326
6933,0.099443205
6934,0.043846164
6935,0.02845623
6936,0.040905196
6937,0.23370242
6938,0.58374316
6939,0.4149303
6940,0.618663
6941,0.25338122
6942,0.4043325
6943,0.09439299
6944,0.07058037
6945,0.042446114
6946,0.022946611
6947,0.03822537
6948,0.03030835
6949,0.091854036
6950,0.09105327
6951,0.07276985
6952,0.4147982
6953,0.0278166
6954,0.060988955
6955,0.39193577
6956,0.040729657
6957,0.0056618876
6958,0.011090873
6959,0.08598481
6960,0.23472747
6961,0.030250313
6962,0.22926344
6963,0.24060507
6964,0.060839508
6965,0.07254298
6966,0.0326542
6967,0.07284222
6968,0.065458804
6969,0.036822513
6970,0.08970959
6971,0.083340816
6972,0.04089492
6973,0.027536975
6974,0.010539108
6975,0.22838467
6976,0.012621481
6977,0.07136792
6978,0.039947357
6979,0.03252771
6980,0.09191182
6981,0.03456023
6982,0.042066664
6983,0.010748083
6984,0.041922305
6985,0.09463449
6986,0.41180965
6987,0.48378944
6988,0.081754416
6989,0.011740102
6990,0.028697263
6991,0.04846133
6992,0.014204799
6993,0.05733789
6994,0.09204062
6995,0.014276285
6996,0.03161895
6997,0.015046461
6998,0.01933055
6999,0.011855064
7000,0.061676584
7001,0.069913365
7002,0.3995214
7003,0.014353319
7004,0.032832902
7005,0.061541144
7006,0.07093176
7007,0.46472973
7008,0.0820072
7009,0.012528151
7010,0.0109512955
7011,0.09346415
7012,0.036421467
7013,0.015397204
7014,0.060498416
7015,0.2436549
7016,0.048097353
7017,0.0179873
7018,0.011159975
7019,0.27487147
7020,0.015137328
7021,0.026902338
7022,0.09552064
7023,0.05503981
7024,0.038844243
7025,0.01693138
7026,0.02821967
7027,0.054164603
7028,0.2647624
7029,0.030844495
7030,0.008503663
7031,0.018641055
7032,0.031100826
7033,0.041397534
7034,0.05294173
7035,0.25156692
7036,0.055287868
7037,0.24443014
7038,0.072611615
7039,0.030656803
7040,0.045325827
7041,0.045226324
7042,0.029354963
7043,0.26951188
7044,0.017446846
7045,0.08482044
7046,0.01835496
7047,0.07035661
7048,0.044938304
7049,0.010996977
7050,0.011418586
7051,0.26469865
7052,0.6976992
7053,0.22856696
7054,0.07144232
7055,0.013914396
7056,0.06997137
7057,0.044878487
7058,0.041318465
7059,0.070491046
7060,0.06695947
7061,0.07722434
7062,0.7276715
7063,0.063866295
7064,0.015260066
7065,0.06709113
7066,0.06506272
7067,0.017385125
7068,0.037303206
7069,0.09856271
7070,0.43829614
7071,0.06190805
7072,0.09948544
7073,0.06303801
7074,0.010764926
7075,0.02193623
7076,0.0654016
7077,0.029452577
7078,0.02504691
7079,0.0484009
7080,0.04966595
7081,0.028377326
7082,0.018715575
7083,0.050143547
7084,0.017182415
7085,0.08966164
7086,0.036415044
7087,0.041289687
7088,0.015562719
7089,0.033279095
7090,0.06952756
7091,0.08084522
7092,0.02169958
7093,0.050074566
7094,0.6407548
7095,0.056034908
7096,0.07731937
7097,0.037104566
7098,0.043186985
7099,0.04460252
7100,0.013337325
7101,0.26623547
7102,0.027484717
7103,0.00933347
7104,0.01605657
7105,0.044645105
7106,0.07906046
7107,0.01951555
7108,0.08409879
7109,0.0410348
7110,0.027680987
7111,0.044555563
7112,0.41106182
7113,0.028365325
7114,0.019655598
7115,0.020384949
7116,0.012915862
7117,0.041841064
7118,0.031233503
7119,0.007302374
7120,0.0985296
7121,0.054846384
7122,0.015350227
7123,0.055966888
7124,0.090056285
7125,0.070910804
7126,0.062859125
7127,0.056089927
7128,0.02798989
7129,0.048710544
7130,0.016984858
7131,0.19546889
7132,0.2556502
7133,0.09183987
7134,0.012704232
7135,0.011160492
7136,0.03247517
7137,0.014067671
7138,0.01261385
7139,0.016559795
7140,0.019151075
7141,0.010708976
7142,0.015318008
7143,0.010427445
7144,0.015438387
7145,0.014999889
7146,0.022976432
7147,0.05045243
7148,0.045379374
7149,0.08373505
7150,0.010198716
7151,0.09280272
7152,0.11019405
7153,0.011352159
7154,0.026641801
7155,0.012141524
7156,0.011860656
7157,0.016825726
7158,0.018768733
7159,0.014488005
7160,0.031555038
7161,0.012901281
7162,0.0148600135
7163,0.010464909
7164,0.009631788
7165,0.051988695
7166,0.027659673
7167,0.041508548
7168,0.013325422
7169,0.012992463
7170,0.043938994
7171,0.014772736
7172,0.010677666
7173,0.07670919
7174,0.02789229
7175,0.04480713
7176,0.009760993
7177,0.009852336
7178,0.012078497
7179,0.033743963
7180,0.0113558
7181,0.015666137
7182,0.06929468
7183,0.018237066
7184,0.005707336
7185,0.011616006
7186,0.11020193
7187,0.054324288
7188,0.05691263
7189,0.05467267
7190,0.06963605
7191,0.021676369
7192,0.011285581
7193,0.0068633584
7194,0.067876264
7195,0.015391822
7196,0.078288384
7197,0.015618838
7198,0.089374475
7199,0.017199079
7200,0.012628663
7201,0.027547011
7202,0.032203846
7203,0.032608114
7204,0.027711337
7205,0.02816206
7206,0.011959133
7207,0.010808089
7208,0.008762438
7209,0.011257354
7210,0.03278885
7211,0.011280366
7212,0.011317836
7213,0.009477852
7214,0.067360744
7215,0.051084433
7216,0.032401055
7217,0.00817278
7218,0.09502901
7219,0.024857782
7220,0.030422242
7221,0.006859484
7222,0.011094028
7223,0.0152027765
7224,0.04732537
7225,0.019280558
7226,0.027264284
7227,0.033708017
7228,0.011462288
7229,0.011641925
7230,0.016020646
7231,0.030603928
7232,0.08987855
7233,0.090598315
7234,0.07255563
7235,0.020291155
7236,0.02166954
7237,0.036677375
7238,0.0532898
7239,0.027959347
7240,0.044622395
7241,0.05634746
7242,0.014338007
7243,0.0351492
7244,0.044407856
7245,0.039978668
7246,0.041400887
7247,0.07898071
7248,0.045133647
7249,0.009921408
7250,0.03906191
7251,0.035695933
7252,0.07146131
7253,0.06944114
7254,0.043822385
7255,0.23567325
7256,0.38089094
7257,0.021544473
7258,0.044392027
7259,0.25609237
7260,0.06822502
7261,0.3678197
7262,0.07523824
7263,0.09117813
7264,0.05952955
7265,0.02813325
7266,0.077489965
7267,0.040946994
7268,0.014839115
7269,0.011860309
7270,0.07744143
7271,0.03256008
7272,0.6364358
7273,0.07380935
7274,0.04425448
7275,0.045254942
7276,0.075908646
7277,0.0585172
7278,0.030497998
7279,0.022832584
7280,0.043583885
7281,0.036838785
7282,0.017314894
7283,0.014583917
7284,0.041105483
7285,0.07981682
7286,0.08493149
7287,0.4486968
7288,0.49335065
7289,0.043937907
7290,0.068277866
7291,0.22807887
7292,0.08419581
7293,0.021160865
7294,0.053228006
7295,0.042001314
7296,0.05978088
7297,0.07118334
7298,0.43772677
7299,0.081459016
7300,0.3758374
7301,0.53984195
7302,0.080088824
7303,0.022672255
7304,0.47161406
7305,0.054962765
7306,0.24605559
7307,0.049654275
7308,0.048068002
7309,0.035506308
7310,0.06228293
7311,0.22538953
7312,0.07960895
7313,0.0736762
7314,0.03941506
7315,0.06514849
7316,0.42751232
7317,0.043717027
7318,0.03220286
7319,0.053018477
7320,0.05633608
7321,0.06985895
7322,0.040601138
7323,0.04316974
7324,0.07436437
7325,0.028091444
7326,0.054301396
7327,0.23591995
7328,0.09899547
7329,0.05332062
7330,0.04061559
7331,0.0058050007
7332,0.01471791
7333,0.43112978
7334,0.08323768
7335,0.06967355
7336,0.47978535
7337,0.47381952
7338,0.065422915
7339,0.049906615
7340,0.018144673
7341,0.015189864
7342,0.038020704
7343,0.014347948
7344,0.06691141
7345,0.06222625
7346,0.014543663
7347,0.0740269
7348,0.24888761
7349,0.53166425
7350,0.012601748
7351,0.016843379
7352,0.020287074
7353,0.043267857
7354,0.009893311
7355,0.03212425
7356,0.026860537
7357,0.035338968
7358,0.23766758
7359,0.019832717
7360,0.043542538
7361,0.010626567
7362,0.05989716
7363,0.04381939
7364,0.027669756
7365,0.07545986
7366,0.46807277
7367,0.04703667
7368,0.06886816
7369,0.018690394
7370,0.021534815
7371,0.042348884
7372,0.05678141
7373,0.01099522
7374,0.030124215
7375,0.012514858
7376,0.08133234
7377,0.09326344
7378,0.07379242
7379,0.077293634
7380,0.05516413
7381,0.03868717
7382,0.031918228
7383,0.030323338
7384,0.036003657
7385,0.06990471
7386,0.05089484
7387,0.21565132
7388,0.01413731
7389,0.03694405
7390,0.028670965
7391,0.016685644
7392,0.015865983
7393,0.02459153
7394,0.04031128
7395,0.021722244
7396,0.024540734
7397,0.059537746
7398,0.09514651
7399,0.2473028
7400,0.04319465
7401,0.03945406
7402,0.037719417
7403,0.07602937
7404,0.059703946
7405,0.014927133
7406,0.05252836
7407,0.014918964
7408,0.013156209
7409,0.031168519
7410,0.07973036
7411,0.027265871
7412,0.024480361
7413,0.032632608
7414,0.054680597
7415,0.055178806
7416,0.08007721
7417,0.07647014
7418,0.22680941
7419,0.05497703
7420,0.04013427
7421,0.017852336
7422,0.049728107
7423,0.041486543
7424,0.016808754
7425,0.0815296
7426,0.043935604
7427,0.52098507
7428,0.077187054
7429,0.021826532
7430,0.07583808
7431,0.04891523
7432,0.04817263
7433,0.019585589
7434,0.016927026
7435,0.010858663
7436,0.054695968
7437,0.019654013
7438,0.011299584
7439,0.017238695
7440,0.01823408
7441,0.06446238
7442,0.043090228
7443,0.20119198
7444,0.05318435
7445,0.07112341
7446,0.395584
7447,0.42788884
7448,0.054844227
7449,0.022242356
7450,0.06667538
7451,0.015188958
7452,0.040078714
7453,0.008443042
7454,0.06845029
7455,0.05022493
7456,0.08095618
7457,0.04040084
7458,0.07549101
7459,0.039612263
7460,0.05140155
7461,0.035487987
7462,0.017803201
7463,0.018727751
7464,0.08062767
7465,0.0088819
7466,0.03226313
7467,0.059669953
7468,0.032068335
7469,0.012568252
7470,0.023652436
7471,0.03534713
7472,0.0516587
7473,0.059496675
7474,0.08243127
7475,0.069693245
7476,0.23491745
7477,0.08178906
7478,0.08176517
7479,0.012482568
7480,0.06853712
7481,0.048954047
7482,0.04158878
7483,0.062932216
7484,0.033092286
7485,0.04451549
7486,0.038671028
7487,0.04718524
7488,0.06861291
7489,0.032818686
7490,0.05116907
7491,0.009617697
7492,0.022103162
7493,0.03133512
7494,0.024357487
7495,0.059326142
7496,0.014045327
7497,0.036891647
7498,0.075920954
7499,0.05375842
7500,0.08000161
7501,0.61215305
7502,0.06956006
7503,0.078111224
7504,0.054416552
7505,0.060781173
7506,0.059233986
7507,0.068803996
7508,0.048513647
7509,0.018866135
7510,0.25333875
7511,0.058822155
7512,0.0661694
7513,0.052801937
7514,0.06353643
7515,0.018073281
7516,0.019365242
7517,0.021679986
7518,0.03819424
7519,0.09394701
7520,0.056182735
7521,0.04319651
7522,0.07436004
7523,0.6761211
7524,0.0684475
7525,0.014609449
7526,0.38460377
7527,0.05092176
7528,0.23991182
7529,0.25725907
7530,0.056750156
7531,0.044214007
7532,0.044596434
7533,0.07341989
7534,0.08790138
7535,0.04064641
7536,0.08566567
7537,0.070085384
7538,0.06011876
7539,0.015366948
7540,0.015528563
7541,0.04683881
7542,0.055802062
7543,0.01545658
7544,0.08002202
7545,0.08415346
7546,0.08226306
7547,0.063487984
7548,0.03200988
7549,0.076199874
7550,0.081996925
7551,0.2366253
7552,0.049644593
7553,0.010831803
7554,0.044392027
7555,0.021313868
7556,0.056715924
7557,0.61861885
7558,0.037783124
7559,0.070905305
7560,0.4857611
7561,0.22878617
7562,0.012984514
7563,0.017894186
7564,0.010892408
7565,0.013450693
7566,0.040080994
7567,0.0482294
7568,0.070905305
7569,0.092879206
7570,0.20274572
7571,0.061105896
7572,0.2301813
7573,0.22884169
7574,0.08106639
7575,0.24034953
7576,0.40336835
7577,0.066422984
7578,0.044983543
7579,0.066980585
7580,0.048503138
7581,0.24981946
7582,0.5366158
7583,0.006902654
7584,0.041517574
7585,0.40104368
7586,0.015254822
7587,0.04378948
7588,0.25337362
7589,0.014836717
7590,0.013044158
7591,0.044577233
7592,0.059760198
7593,0.016700665
7594,0.041283578
7595,0.24899387
7596,0.039955042
7597,0.058900394
7598,0.2318692
7599,0.08289877
7600,0.089119025
7601,0.36591223
7602,0.096891984
7603,0.028977048
7604,0.23762816
7605,0.34866852
7606,0.227416
7607,0.5506465
7608,0.45305976
7609,0.2517923
7610,0.0068970304
7611,0.028792039
7612,0.08222053
7613,0.054546233
7614,0.020251164
7615,0.010868136
7616,0.0068190335
7617,0.048703976
7618,0.011019151
7619,0.0326026
7620,0.048972726
7621,0.071441345
7622,0.06650617
7623,0.071554944
7624,0.066488765
7625,0.22858872
7626,0.07383099
7627,0.028090112
7628,0.07743716
7629,0.23438999
7630,0.01853271
7631,0.18702522
7632,0.5257419
7633,0.665631
7634,0.7023543
7635,0.007501241
7636,0.027657317
7637,0.068670735
7638,0.24526232
7639,0.06839364
7640,0.054549754
7641,0.049189787
7642,0.051649597
7643,0.04360405
7644,0.011997818
7645,0.4037343
7646,0.016421659
7647,0.03029364
7648,0.075680576
7649,0.0736674
7650,0.045297153
7651,0.044678014
7652,0.22430655
7653,0.21457112
7654,0.012132662
7655,0.026710603
7656,0.22687891
7657,0.07359427
7658,0.07370715
7659,0.6264492
7660,0.5881668
7661,0.6969455
7662,0.010487503
7663,0.015637381
7664,0.19279443
7665,0.028139727
7666,0.09257308
7667,0.06929495
7668,0.24162427
7669,0.04022184
7670,0.07116867
7671,0.018718971
7672,0.0694724
7673,0.07490185
7674,0.089218356
7675,0.084860116
7676,0.46301574
7677,0.24829727
7678,0.22481301
7679,0.08007482
7680,0.06523548
7681,0.051994976
7682,0.078214444
7683,0.040883984
7684,0.03289928
7685,0.022667343
7686,0.08026727
7687,0.08142885
7688,0.05489069
7689,0.07466733
7690,0.021932902
7691,0.5218167
7692,0.61782694
7693,0.5226773
7694,0.07919521
7695,0.044719614
7696,0.34789655
7697,0.011984255
7698,0.09284446
7699,0.027867993
7700,0.016727932
7701,0.01662245
7702,0.034327623
7703,0.06923543
7704,0.04367963
7705,0.3972366
7706,0.51415443
7707,0.059472486
7708,0.07170999
7709,0.068272
7710,0.23583725
7711,0.059586827
7712,0.37304243
7713,0.07553851
7714,0.03638206
7715,0.07018106
7716,0.0738976
7717,0.07296405
7718,0.04293863
7719,0.022428865
7720,0.45571092
7721,0.36664364
7722,0.23379636
7723,0.06259533
7724,0.02744881
7725,0.07651108
7726,0.05984758
7727,0.24690467
7728,0.029803785
7729,0.040611237
7730,0.039563674
7731,0.016449776
7732,0.018550333
7733,0.038430642
7734,0.04083113
7735,0.24042746
7736,0.62953043
7737,0.4180457
7738,0.23828898
7739,0.07787668
7740,0.09042503
7741,0.23157573
7742,0.43450162
7743,0.052227553
7744,0.030224051
7745,0.03706247
7746,0.03241979
7747,0.0823129
7748,0.07600113
7749,0.08039956
7750,0.5501402
7751,0.24498661
7752,0.087673694
7753,0.6814142
7754,0.08196105
7755,0.01699143
7756,0.08405371
7757,0.09549844
7758,0.021517921
7759,0.049928825
7760,0.24636704
7761,0.054536555
7762,0.03552949
7763,0.03551395
7764,0.04232322
7765,0.2242701
7766,0.41766727
7767,0.2520362
7768,0.50891286
7769,0.39134166
7770,0.08476065
7771,0.08058868
7772,0.4058113
7773,0.027614903
7774,0.08867337
7775,0.06067872
7776,0.044604585
7777,0.50815314
7778,0.37720543
7779,0.04910854
7780,0.4734406
7781,0.43759945
7782,0.067954876
7783,0.07750721
7784,0.06874883
7785,0.042343266
7786,0.009576353
7787,0.014124143
7788,0.029103208
7789,0.049704105
7790,0.06990975
7791,0.06844209
7792,0.085106894
7793,0.42057624
7794,0.5814044
7795,0.43324462
7796,0.38648206
7797,0.5149511
7798,0.0700046
7799,0.018424412
7800,0.059230942
7801,0.06135849
7802,0.08124883
7803,0.23020138
7804,0.054140534
7805,0.02616453
7806,0.054574654
7807,0.07988843
7808,0.017983919
7809,0.042296518
7810,0.07357658
7811,0.015304437
7812,0.037940044
7813,0.019410238
7814,0.0121154105
7815,0.032265823
7816,0.05953355
7817,0.049436413
7818,0.06256242
7819,0.22690001
7820,0.22651821
7821,0.3783924
7822,0.6247137
7823,0.59583455
7824,0.24963103
7825,0.080273144
7826,0.007103878
7827,0.042928245
7828,0.019925686
7829,0.044472788
7830,0.07656455
7831,0.01497417
7832,0.0103585785
7833,0.03211992
7834,0.5403438
7835,0.17704992
7836,0.017960114
7837,0.053066693
7838,0.043681413
7839,0.07398097
7840,0.038113084
7841,0.04348979
7842,0.01697273
7843,0.0427442
7844,0.014382338
7845,0.02736924
7846,0.06985895
7847,0.07370334
7848,0.48247528
7849,0.40468723
7850,0.2260349
7851,0.50854975
7852,0.397807
7853,0.5310456
7854,0.07674873
7855,0.03849531
7856,0.03219196
7857,0.03578946
7858,0.043740988
7859,0.041877124
7860,0.035275355
7861,0.054984104
7862,0.45466504
7863,0.21686977
7864,0.40332562
7865,0.030073859
7866,0.07509632
7867,0.08026126
7868,0.08224472
7869,0.10323854
7870,0.043055236
7871,0.030014468
7872,0.041486822
7873,0.22565666
7874,0.57822317
7875,0.38975826
7876,0.57495844
7877,0.09564145
7878,0.39238957
7879,0.08792021
7880,0.06827703
7881,0.039459027
7882,0.012737249
7883,0.011987563
7884,0.019186443
7885,0.037553433
7886,0.030674333
7887,0.08197854
7888,0.08008341
7889,0.068892926
7890,0.09180356
7891,0.028046697
7892,0.058668382
7893,0.38744938
7894,0.04098703
7895,0.006164624
7896,0.01089648
7897,0.011316054
7898,0.0760344
7899,0.22445089
7900,0.030622058
7901,0.37495187
7902,0.23029499
7903,0.059242003
7904,0.07148386
7905,0.029856658
7906,0.06921472
7907,0.06340758
7908,0.037132904
7909,0.08014249
7910,0.07650882
7911,0.040398534
7912,0.010690696
7913,0.37627718
7914,0.012064626
7915,0.06924938
7916,0.008261744
7917,0.039881542
7918,0.032686662
7919,0.07917095
7920,0.03425112
7921,0.041766617
7922,0.009856929
7923,0.039890062
7924,0.083217785
7925,0.43406698
7926,0.47026458
7927,0.0766203
7928,0.011394779
7929,0.018182583
7930,0.028639266
7931,0.047617227
7932,0.055973206
7933,0.086350165
7934,0.01386311
7935,0.030211272
7936,0.014713747
7937,0.030671693
7938,0.01849182
7939,0.011815291
7940,0.02704073
7941,0.06018801
7942,0.068575546
7943,0.40172765
7944,0.013964228
7945,0.016840838
7946,0.031959582
7947,0.059703097
7948,0.06668268
7949,0.48563528
7950,0.076381885
7951,0.012180275
7952,0.07915048
7953,0.034497432
7954,0.059888672
7955,0.22887428
7956,0.047372736
7957,0.018018302
7958,0.010985758
7959,0.097536504
7960,0.014685811
7961,0.026402818
7962,0.082976095
7963,0.054842524
7964,0.038790006
7965,0.016841989
7966,0.027724056
7967,0.053284515
7968,0.2486068
7969,0.029750058
7970,0.018675182
7971,0.02938877
7972,0.040921573
7973,0.052321903
7974,0.23712185
7975,0.05473238
7976,0.08269976
7977,0.0700684
7978,0.030185435
7979,0.043955635
7980,0.044502623
7981,0.028814452
7982,0.09265525
7983,0.017314894
7984,0.07825323
7985,0.018014874
7986,0.06826356
7987,0.044259403
7988,0.01050086
7989,0.011447657
7990,0.25314242
7991,0.7297182
7992,0.21984163
7993,0.06899258
7994,0.013648102
7995,0.07080894
7996,0.043911375
7997,0.042017866
7998,0.066489615
7999,0.062046528
8000,0.07621653
8001,0.4990752
8002,0.01872881
8003,0.062382616
8004,0.015245442
8005,0.06545673
8006,0.06262403
8007,0.016964557
8008,0.037344407
8009,0.08493152
8010,0.5013186
8011,0.059846148
8012,0.08391153
8013,0.026474759
8014,0.059597287
8015,0.010109794
8016,0.021300044
8017,0.06429894
8018,0.02893963
8019,0.02473189
8020,0.047809843
8021,0.051745992
8022,0.027026607
8023,0.050836608
8024,0.016878974
8025,0.07860983
8026,0.03583251
8027,0.041283578
8028,0.014627935
8029,0.032303136
8030,0.068505146
8031,0.07657875
8032,0.021620877
8033,0.018640734
8034,0.04957287
8035,0.6187649
8036,0.054909475
8037,0.07263071
8038,0.043929692
8039,0.037415136
8040,0.043990392
8041,0.04378948
8042,0.45411196
8043,0.027170429
8044,0.015253064
8045,0.04434288
8046,0.07354988
8047,0.019355781
8048,0.07645195
8049,0.04101426
8050,0.026991364
8051,0.045003153
8052,0.389276
8053,0.027648594
8054,0.01951695
8055,0.007310768
8056,0.01994013
8057,0.042587303
8058,0.009984164
8059,0.03089818
8060,0.23675397
8061,0.05444953
8062,0.054587904
8063,0.082819134
8064,0.070862085
8065,0.06065701
8066,0.054663856
8067,0.048550136
8068,0.19505389
8069,0.23892966
8070,0.07950778
8071,0.008296886
8072,0.005111556
8073,0.03183989
8074,0.0138148945
8075,0.012095739
8076,0.015690314
8077,0.009551628
8078,0.018815672
8079,0.009921625
8080,0.01470347
8081,0.009932236
8082,0.015443239
8083,0.009462094
8084,0.023158003
8085,0.04942005
8086,0.044412807
8087,0.074187815
8088,0.07927383
8089,0.09242184
8090,0.011026048
8091,0.0109145595
8092,0.026400838
8093,0.0115185445
8094,0.011309227
8095,0.018587084
8096,0.014151967
8097,0.030794421
8098,0.012904589
8099,0.010031687
8100,0.009748293
8101,0.05415442
8102,0.041571695
8103,0.013453397
8104,0.04328389
8105,0.014269694
8106,0.012795131
8107,0.010189485
8108,0.073411204
8109,0.027075237
8110,0.043855593
8111,0.009486278
8112,0.00618489
8113,0.011409
8114,0.0321318
8115,0.01086864
8116,0.06770093
8117,0.006018924
8118,0.0880202
8119,0.05331643
8120,0.05447719
8121,0.05514364
8122,0.009588214
8123,0.06818592
8124,0.021343943
8125,0.0088819
8126,0.06492243
8127,0.01838519
8128,0.07243424
8129,0.00938974
8130,0.08376725
8131,0.016807185
8132,0.032123756
8133,0.032780517
8134,0.027630717
8135,0.011838094
8136,0.01171431
8137,0.01110839
8138,0.03280122
8139,0.01095325
8140,0.010889718
8141,0.06500143
8142,0.05074477
8143,0.032303832
8144,0.08182461
8145,0.024154745
8146,0.0061858725
8147,0.0110825235
8148,0.014203409
8149,0.044172496
8150,0.018944308
8151,0.013846986
8152,0.027229242
8153,0.03258733
8154,0.010941756
8155,0.08104103
8156,0.0817869
8157,0.010063019
8158,0.018297875
8159,0.06946217
8160,0.013676132
8161,0.020015985
8162,0.043276463
8163,0.05560117
8164,0.034163162
8165,0.038347017
8166,0.073409684
8167,0.043531783
8168,0.038508292
8169,0.06988171
8170,0.042372104
8171,0.067378625
8172,0.044150442
8173,0.2389429
8174,0.36145067
8175,0.2533195
8176,0.065694965
8177,0.25459903
8178,0.21766572
8179,0.23641518
8180,0.057646453
8181,0.02823861
8182,0.02482967
8183,0.07417471
8184,0.013949027
8185,0.0400942
8186,0.015008604
8187,0.2259938
8188,0.032113776
8189,0.5586557
8190,0.22858174
8191,0.041552685
8192,0.045389336
8193,0.2299895
8194,0.058369752
8195,0.029591773
8196,0.04276822
8197,0.03668106
8198,0.017276483
8199,0.014221436
8200,0.040385958
8201,0.077012375
8202,0.07952939
8203,0.4686698
8204,0.47508308
8205,0.043274134
8206,0.06645249
8207,0.22403522
8208,0.2322758
8209,0.010477428
8210,0.05256193
8211,0.041517463
8212,0.058648724
8213,0.0692245
8214,0.036291547
8215,0.5047702
8216,0.078139864
8217,0.07605997
8218,0.46337873
8219,0.07756973
8220,0.02225424
8221,0.4594349
8222,0.05340626
8223,0.4530978
8224,0.048348337
8225,0.047000624
8226,0.035257924
8227,0.061318222
8228,0.027893493
8229,0.073574096
8230,0.07730723
8231,0.07347184
8232,0.03453943
8233,0.039425455
8234,0.063669175
8235,0.39468563
8236,0.043285105
8237,0.05201486
8238,0.055396527
8239,0.0649942
8240,0.032424495
8241,0.040045906
8242,0.041629437
8243,0.073227234
8244,0.027437136
8245,0.053575307
8246,0.08292805
8247,0.40442777
8248,0.052290265
8249,0.0404252
8250,0.006306008
8251,0.014013723
8252,0.5322821
8253,0.07990276
8254,0.06567839
8255,0.46467853
8256,0.10883925
8257,0.01081614
8258,0.007226894
8259,0.06437118
8260,0.049791813
8261,0.01822851
8262,0.020513415
8263,0.015681993
8264,0.03739913
8265,0.06514589
8266,0.06146453
8267,0.0729052
8268,0.08543403
8269,0.46200174
8270,0.017044859
8271,0.021522343
8272,0.010853907
8273,0.03197859
8274,0.026922645
8275,0.035343405
8276,0.24149893
8277,0.019375844
8278,0.043014165
8279,0.011126578
8280,0.05902872
8281,0.043296523
8282,0.027568389
8283,0.075525664
8284,0.48237127
8285,0.051237743
8286,0.068915956
8287,0.019441301
8288,0.021965655
8289,0.041792292
8290,0.052749664
8291,0.010259848
8292,0.02925291
8293,0.012170402
8294,0.07969301
8295,0.09439664
8296,0.072593346
8297,0.07494313
8298,0.053180877
8299,0.037803676
8300,0.032001216
8301,0.029981114
8302,0.035819538
8303,0.066157706
8304,0.050241526
8305,0.2184118
8306,0.014202467
8307,0.03684693
8308,0.028090455
8309,0.017322246
8310,0.015125603
8311,0.024234759
8312,0.040840313
8313,0.0245717
8314,0.058250662
8315,0.09414821
8316,0.08637123
8317,0.042166147
8318,0.039709833
8319,0.037675638
8320,0.07274433
8321,0.05920425
8322,0.015109538
8323,0.050912622
8324,0.015412815
8325,0.012374783
8326,0.030731224
8327,0.07590442
8328,0.027235312
8329,0.0245106
8330,0.03113284
8331,0.052597724
8332,0.05364722
8333,0.23121803
8334,0.21961868
8335,0.23054786
8336,0.05376395
8337,0.039611857
8338,0.01754998
8339,0.04914481
8340,0.04404291
8341,0.011962259
8342,0.079852425
8343,0.043055676
8344,0.5477774
8345,0.07550973
8346,0.021250859
8347,0.07302695
8348,0.047697894
8349,0.046885073
8350,0.02018537
8351,0.010792573
8352,0.012128703
8353,0.053414963
8354,0.009970911
8355,0.016345818
8356,0.018111054
8357,0.0640474
8358,0.042588893
8359,0.06070929
8360,0.05208222
8361,0.071835384
8362,0.34481534
8363,0.42370462
8364,0.053344388
8365,0.022299228
8366,0.06429929
8367,0.016148519
8368,0.039811306
8369,0.02665554
8370,0.013368267
8371,0.06696859
8372,0.05030906
8373,0.07752093
8374,0.03983155
8375,0.07626686
8376,0.040211562
8377,0.05054084
8378,0.017361239
8379,0.01838204
8380,0.078959785
8381,0.011226622
8382,0.03206424
8383,0.058109876
8384,0.010942271
8385,0.02704525
8386,0.036071595
8387,0.050850596
8388,0.057739645
8389,0.23028466
8390,0.069418624
8391,0.23851614
8392,0.07758528
8393,0.080817595
8394,0.012651262
8395,0.06656395
8396,0.012735207
8397,0.0481207
8398,0.011479426
8399,0.040391285
8400,0.06735901
8401,0.032178875
8402,0.021290246
8403,0.044834264
8404,0.03837581
8405,0.046679392
8406,0.066966824
8407,0.032401852
8408,0.050983958
8409,0.00924977
8410,0.03141558
8411,0.05794605
8412,0.03631022
8413,0.072980426
8414,0.052023023
8415,0.077134684
8416,0.5799625
8417,0.06910492
8418,0.07474206
8419,0.052176263
8420,0.20504397
8421,0.05779728
8422,0.0676424
8423,0.048026506
8424,0.019453209
8425,0.24179745
8426,0.057855286
8427,0.06513328
8428,0.050961744
8429,0.06327167
8430,0.018468812
8431,0.027743716
8432,0.019336853
8433,0.021354496
8434,0.037434444
8435,0.08683935
8436,0.054655325
8437,0.042555716
8438,0.072593346
8439,0.5885699
8440,0.06712141
8441,0.0149611775
8442,0.22244057
8443,0.049126253
8444,0.23666762
8445,0.24759953
8446,0.054253288
8447,0.019858254
8448,0.04365968
8449,0.04322697
8450,0.07179939
8451,0.08726279
8452,0.040067174
8453,0.08291584
8454,0.067174666
8455,0.05856521
8456,0.015488573
8457,0.020452255
8458,0.046824664
8459,0.055353157
8460,0.0150651885
8461,0.07724028
8462,0.08523039
8463,0.07850082
8464,0.06377908
8465,0.031858906
8466,0.07359564
8467,0.07997645
8468,0.24115497
8469,0.049094845
8470,0.009665807
8471,0.043527864
8472,0.054995123
8473,0.50945514
8474,0.03746932
8475,0.0746042
8476,0.47236896
8477,0.2302428
8478,0.013011617
8479,0.018183367
8480,0.012084946
8481,0.039286636
8482,0.04823068
8483,0.06846414
8484,0.23608384
8485,0.010960474
8486,0.06115957
8487,0.06374468
8488,0.2395904
8489,0.07863542
8490,0.07887926
8491,0.23569791
8492,0.40037167
8493,0.06522346
8494,0.0439932
8495,0.06760166
8496,0.048324816
8497,0.23484188
8498,0.53215706
8499,0.006889567
8500,0.04130036
8501,0.4189423
8502,0.014911033
8503,0.043255027
8504,0.39950737
8505,0.013007124
8506,0.044182364
8507,0.059039965
8508,0.016621657
8509,0.040428404
8510,0.4224238
8511,0.03998842
8512,0.06074861
8513,0.23600276
8514,0.08403735
8515,0.23899858
8516,0.41479144
8517,0.24896389
8518,0.02901572
8519,0.24737428
8520,0.22391425
8521,0.07982736
8522,0.5431529
8523,0.45266512
8524,0.43556526
8525,0.006971137
8526,0.024396127
8527,0.076939106
8528,0.01752684
8529,0.054375287
8530,0.02765529
8531,0.020465972
8532,0.01181557
8533,0.011375016
8534,0.008342532
8535,0.048732154
8536,0.012604191
8537,0.032228462
8538,0.04902705
8539,0.06828955
8540,0.066913545
8541,0.07184904
8542,0.06684823
8543,0.2300885
8544,0.22902557
8545,0.028283542
8546,0.0748028
8547,0.08218877
8548,0.017509913
8549,0.19573122
8550,0.6611558
8551,0.6538411
8552,0.6600041
8553,0.0075564645
8554,0.027498316
8555,0.015144238
8556,0.0667229
8557,0.4622683
8558,0.06654789
8559,0.017347094
8560,0.05311125
8561,0.010402128
8562,0.049145207
8563,0.053620003
8564,0.043949433
8565,0.011848743
8566,0.3781504
8567,0.016824944
8568,0.029934352
8569,0.07160604
8570,0.07207167
8571,0.043777958
8572,0.04329508
8573,0.23023851
8574,0.21780589
8575,0.025544887
8576,0.2300579
8577,0.07167882
8578,0.22517693
8579,0.5762452
8580,0.55178785
8581,0.59555644
8582,0.014964158
8583,0.1978335
8584,0.027365675
8585,0.08575797
8586,0.06715799
8587,0.24176215
8588,0.039938368
8589,0.06770465
8590,0.01866597
8591,0.06731679
8592,0.073581785
8593,0.082512245
8594,0.07966203
8595,0.4605654
8596,0.4349307
8597,0.231412
8598,0.07944067
8599,0.06406389
8600,0.047818597
8601,0.074864306
8602,0.040012788
8603,0.032296516
8604,0.0814321
8605,0.079406686
8606,0.053617984
8607,0.07524984
8608,0.02493798
8609,0.6218923
8610,0.6180488
8611,0.6243693
8612,0.07670492
8613,0.043445382
8614,0.36810338
8615,0.25067022
8616,0.016933465
8617,0.016621657
8618,0.03415116
8619,0.068071865
8620,0.04344576
8621,0.42065454
8622,0.49363604
8623,0.058284048
8624,0.06943435
8625,0.066684
8626,0.08481934
8627,0.058049694
8628,0.38247305
8629,0.21949367
8630,0.03581809
8631,0.06760601
8632,0.07188378
8633,0.07243361
8634,0.04247269
8635,0.02162488
8636,0.5354885
8637,0.25678566
8638,0.23745026
8639,0.061177276
8640,0.027343016
8641,0.07576364
8642,0.058353435
8643,0.097649895
8644,0.029779427
8645,0.04005424
8646,0.040370997
8647,0.01738011
8648,0.018807163
8649,0.03978791
8650,0.039832138
8651,0.23603703
8652,0.70156676
8653,0.38478902
8654,0.24190624
8655,0.07715738
8656,0.083619714
8657,0.0860383
8658,0.5334341
8659,0.04986527
8660,0.029294457
8661,0.032360174
8662,0.08204659
8663,0.07043713
8664,0.07676503
8665,0.25700167
8666,0.25003743
8667,0.23194571
8668,0.7494875
8669,0.08101151
8670,0.017354358
8671,0.076750524
8672,0.23475155
8673,0.021849958
8674,0.049310636
8675,0.24734822
8676,0.05344339
8677,0.035370857
8678,0.03504516
8679,0.041541107
8680,0.22512175
8681,0.40078226
8682,0.38867432
8683,0.52895314
8684,0.3991619
8685,0.083581634
8686,0.0812852
8687,0.24185653
8688,0.014688235
8689,0.027181521
8690,0.08331267
8691,0.060223375
8692,0.04372743
8693,0.2543704
8694,0.3746575
8695,0.048707478
8696,0.5476762
8697,0.40395072
8698,0.009587123
8699,0.06577749
8700,0.074881904
8701,0.06609036
8702,0.043719664
8703,0.014065987
8704,0.029691895
8705,0.047330733
8706,0.0663357
8707,0.06628807
8708,0.07665562
8709,0.40820113
8710,0.62346715
8711,0.4369803
8712,0.37390128
8713,0.5224732
8714,0.067381494
8715,0.018510802
8716,0.058554024
8717,0.06049921
8718,0.076893695
8719,0.24115132
8720,0.05356713
8721,0.02752045
8722,0.052688606
8723,0.22993079
8724,0.017576095
8725,0.009208664
8726,0.040602196
8727,0.071924835
8728,0.015184912
8729,0.038301397
8730,0.020562762
8731,0.011664425
8732,0.030378487
8733,0.0580323
8734,0.049109012
8735,0.06180719
8736,0.22667539
8737,0.23268148
8738,0.3756689
8739,0.7264973
8740,0.5775775
8741,0.37908375
8742,0.07490847
8743,0.007211122
8744,0.04252574
8745,0.020457879
8746,0.04397819
8747,0.076969124
8748,0.0151839275
8749,0.01081819
8750,0.032224596
8751,0.59806263
8752,0.18343946
8753,0.016937993
8754,0.05189384
8755,0.043890394
8756,0.22001675
8757,0.037959248
8758,0.043302845
8759,0.016196346
8760,0.042540662
8761,0.014000952
8762,0.013699238
8763,0.027467826
8764,0.06574783
8765,0.07194459
8766,0.51969844
8767,0.41701537
8768,0.23064765
8769,0.61676925
8770,0.43566146
8771,0.46190414
8772,0.08261567
8773,0.038213797
8774,0.033089425
8775,0.03534818
8776,0.04280709
8777,0.041366328
8778,0.021459047
8779,0.03606445
8780,0.051293574
8781,0.49230498
8782,0.22239722
8783,0.40273368
8784,0.02988054
8785,0.07361532
8786,0.07910547
8787,0.07601465
8788,0.08767545
8789,0.042399835
8790,0.029622061
8791,0.040067174
8792,0.083609045
8793,0.6439509
8794,0.40582073
8795,0.5667764
8796,0.24621391
8797,0.24368012
8798,0.08334187
8799,0.066826016
8800,0.040963892
8801,0.022286551
8802,0.01212154
8803,0.037592128
8804,0.03000644
8805,0.07835381
8806,0.07900279
8807,0.06732287
8808,0.25357112
8809,0.027379008
8810,0.057700433
8811,0.37424693
8812,0.039798606
8813,0.006307883
8814,0.0111743715
8815,0.011206411
8816,0.07587058
8817,0.22959834
8818,0.029932298
8819,0.22178045
8820,0.23426656
8821,0.058524355
8822,0.06905867
8823,0.029930418
8824,0.067365564
8825,0.06276487
8826,0.036609817
8827,0.08058784
8828,0.07536825
8829,0.04054424
8830,0.0105625745
8831,0.3991071
8832,0.011870447
8833,0.014692591
8834,0.06568198
8835,0.008838973
8836,0.037667114
8837,0.032452505
8838,0.07692116
8839,0.034425486
8840,0.039624844
8841,0.010275516
8842,0.04028975
8843,0.08005838
8844,0.4072077
8845,0.48374537
8846,0.07328811
8847,0.011137769
8848,0.017745972
8849,0.018551657
8850,0.0287863
8851,0.04714379
8852,0.014041991
8853,0.054972157
8854,0.08315162
8855,0.013744692
8856,0.03109055
8857,0.015006163
8858,0.031008761
8859,0.018799586
8860,0.011826626
8861,0.026678191
8862,0.058249664
8863,0.06651938
8864,0.37296
8865,0.013658858
8866,0.016920568
8867,0.031870432
8868,0.057847023
8869,0.06730843
8870,0.47544122
8871,0.07004255
8872,0.0126532735
8873,0.23260953
8874,0.035822693
8875,0.015155891
8876,0.058436465
8877,0.07751224
8878,0.04657511
8879,0.012116199
8880,0.017355802
8881,0.010927827
8882,0.08446847
8883,0.014987627
8884,0.02644864
8885,0.082567945
8886,0.053378668
8887,0.03800191
8888,0.01670678
8889,0.027600301
8890,0.05218189
8891,0.36936986
8892,0.030263152
8893,0.006477777
8894,0.018510796
8895,0.02959611
8896,0.04011725
8897,0.05102724
8898,0.23324127
8899,0.053842638
8900,0.2375489
8901,0.064769246
8902,0.02962712
8903,0.043171763
8904,0.043665916
8905,0.028833453
8906,0.08700228
8907,0.017850569
8908,0.072925776
8909,0.018464131
8910,0.06593259
8911,0.04330645
8912,0.010607034
8913,0.011183681
8914,0.25310364
8915,0.650148
8916,0.22303097
8917,0.067939624
8918,0.06644806
8919,0.043482922
8920,0.041365806
8921,0.067543834
8922,0.06382851
8923,0.07261802
8924,0.72617596
8925,0.018209968
8926,0.058226332
8927,0.015884439
8928,0.06356921
8929,0.06135029
8930,0.017295366
8931,0.036850635
8932,0.085514985
8933,0.5031881
8934,0.0583153
8935,0.23127188
8936,0.026208809
8937,0.017589385
8938,0.06039013
8939,0.010424863
8940,0.021766024
8941,0.062419403
8942,0.02851253
8943,0.024383057
8944,0.006804593
8945,0.0471247
8946,0.049579438
8947,0.026342306
8948,0.018237567
8949,0.049403757
8950,0.01695828
8951,0.08217872
8952,0.03570913
8953,0.040091127
8954,0.014986384
8955,0.03256735
8956,0.066380434
8957,0.07563142
8958,0.021304544
8959,0.027991004
8960,0.049254056
8961,0.49363604
8962,0.054507878
8963,0.071177885
8964,0.04346755
8965,0.036486942
8966,0.043266118
8967,0.04299426
8968,0.017368164
8969,0.42813468
8970,0.026739396
8971,0.006110303
8972,0.009362913
8973,0.01522748
8974,0.04442443
8975,0.07456583
8976,0.019480951
8977,0.07288388
8978,0.040191837
8979,0.026952824
8980,0.007068821
8981,0.043282088
8982,0.36388814
8983,0.027467962
8984,0.019324454
8985,0.007021854
8986,0.020170063
8987,0.012458771
8988,0.04117803
8989,0.0098479455
8990,0.030815108
8991,0.009557084
8992,0.23377684
8993,0.05371635
8994,0.015258441
8995,0.01516417
8996,0.015210474
8997,0.009535971
8998,0.052302204
8999,0.07762028
9000,0.067662194
9001,0.059717756
9002,0.053157333
9003,0.027302722
9004,0.04728955
9005,0.0167647
9006,0.053344388
9007,0.24188484
9008,0.07701598
9009,0.008357404
9010,0.0054260725
9011,0.032298896
9012,0.013507299
9013,0.011913703
9014,0.016081259
9015,0.0119750295
9016,0.017381579
9017,0.009508285
9018,0.016064232
9019,0.010426722
9020,0.015200869
9021,0.023487583
9022,0.048008475
9023,0.043343075
9024,0.07586567
9025,0.007354298
9026,0.077831686
9027,0.24937223
9028,0.019486815
9029,0.01072359
9030,0.016092688
9031,0.010876059
9032,0.016153311
9033,0.018237429
9034,0.01414135
9035,0.030859487
9036,0.010270774
9037,0.009468236
9038,0.0521734
9039,0.041189704
9040,0.0130987335
9041,0.042765174
9042,0.014131134
9043,0.012949517
9044,0.010180796
9045,0.074584775
9046,0.02696761
9047,0.04308861
9048,0.006384063
9049,0.011283449
9050,0.030332122
9051,0.011054924
9052,0.066745244
9053,0.006535816
9054,0.012297176
9055,0.08530451
9056,0.052058388
9057,0.053399898
9058,0.0531998
9059,0.06591987
9060,0.021513168
9061,0.0111439265
9062,0.063641034
9063,0.01420214
9064,0.0739696
9065,0.009095524
9066,0.07923586
9067,0.017003942
9068,0.026848322
9069,0.03227955
9070,0.027877688
9071,0.027560782
9072,0.013229851
9073,0.011823553
9074,0.010671542
9075,0.007382954
9076,0.010960474
9077,0.03234389
9078,0.0111547625
9079,0.010787964
9080,0.06439917
9081,0.05053949
9082,0.03297599
9083,0.0062103444
9084,0.082413204
9085,0.017613778
9086,0.024648001
9087,0.030294303
9088,0.006403908
9089,0.011124908
9090,0.014879215
9091,0.043866474
9092,0.018141516
9093,0.02702193
9094,0.032165002
9095,0.015678307
9096,0.030541243
9097,0.079384536
9098,0.07816282
9099,0.009817743
9100,0.066605054
9101,0.037255097
9102,0.042937476
9103,0.05554401
9104,0.03485403
9105,0.039402433
9106,0.045071173
9107,0.008865469
9108,0.07706828
9109,0.045213558
9110,0.004173189
9111,0.0690846
9112,0.04469383
9113,0.06827971
9114,0.043841146
9115,0.2327958
9116,0.36646724
9117,0.014704398
9118,0.25953344
9119,0.06595164
9120,0.08718015
9121,0.073077254
9122,0.08827583
9123,0.059190053
9124,0.020109165
9125,0.07514668
9126,0.014729709
9127,0.040619303
9128,0.015388542
9129,0.012048184
9130,0.07350523
9131,0.0326596
9132,0.56411296
9133,0.07453446
9134,0.045213558
9135,0.04367622
9136,0.07176892
9137,0.058389895
9138,0.03020664
9139,0.04407067
9140,0.018405473
9141,0.0146920215
9142,0.04110132
9143,0.0791131
9144,0.07996503
9145,0.5004638
9146,0.53323084
9147,0.044199783
9148,0.0673524
9149,0.38876858
9150,0.08377004
9151,0.05304195
9152,0.042342667
9153,0.058666054
9154,0.070674576
9155,0.036822014
9156,0.5069934
9157,0.07933182
9158,0.23602542
9159,0.15421097
9160,0.07951303
9161,0.022581277
9162,0.519081
9163,0.0096343355
9164,0.054067157
9165,0.24112423
9166,0.04980535
9167,0.047812782
9168,0.03582831
9169,0.062230967
9170,0.01032877
9171,0.02810325
9172,0.07433577
9173,0.08054794
9174,0.034868926
9175,0.03987368
9176,0.41492748
9177,0.41522744
9178,0.043962765
9179,0.032701228
9180,0.052901063
9181,0.055780068
9182,0.06772164
9183,0.032565102
9184,0.040319704
9185,0.04330562
9186,0.07483634
9187,0.05403434
9188,0.08683
9189,0.051689796
9190,0.40610176
9191,0.05337725
9192,0.04034426
9193,0.02491194
9194,0.015430081
9195,0.01322979
9196,0.015601064
9197,0.014498936
9198,0.016609669
9199,0.4547467
9200,0.078711994
9201,0.066716895
9202,0.46200442
9203,0.25156185
9204,0.06394986
9205,0.049482983
9206,0.014341951
9207,0.022740718
9208,0.016512506
9209,0.038241077
9210,0.006931745
9211,0.06583172
9212,0.061487753
9213,0.074375995
9214,0.41695577
9215,0.42577177
9216,0.017376482
9217,0.021687934
9218,0.044005767
9219,0.010878318
9220,0.007793586
9221,0.032139827
9222,0.027083125
9223,0.03609952
9224,0.085099526
9225,0.019970873
9226,0.04311156
9227,0.011789548
9228,0.05957624
9229,0.07453446
9230,0.46098945
9231,0.054715
9232,0.06911355
9233,0.019851493
9234,0.022510557
9235,0.041944936
9236,0.05362775
9237,0.018218752
9238,0.030095695
9239,0.08060269
9240,0.095255084
9241,0.07470019
9242,0.22592014
9243,0.054527223
9244,0.038083192
9245,0.033029843
9246,0.030559871
9247,0.035980355
9248,0.06815378
9249,0.051252373
9250,0.22556165
9251,0.014490817
9252,0.037935644
9253,0.028868986
9254,0.018073471
9255,0.016098183
9256,0.02540858
9257,0.041037843
9258,0.050951507
9259,0.022726705
9260,0.025209956
9261,0.059511583
9262,0.09133706
9263,0.088900894
9264,0.0437916
9265,0.040746253
9266,0.03795695
9267,0.07217336
9268,0.058588274
9269,0.015657607
9270,0.0136094745
9271,0.031173881
9272,0.07770082
9273,0.028100329
9274,0.024299236
9275,0.032349866
9276,0.0545846
9277,0.05420532
9278,0.22725654
9279,0.07408722
9280,0.22773111
9281,0.053746656
9282,0.03989812
9283,0.018486243
9284,0.050502356
9285,0.0444235
9286,0.080347486
9287,0.044065095
9288,0.20788689
9289,0.076619215
9290,0.021554898
9291,0.013465208
9292,0.07552849
9293,0.04878264
9294,0.047707222
9295,0.018969359
9296,0.011633578
9297,0.05391802
9298,0.012527583
9299,0.018385023
9300,0.018985653
9301,0.06400755
9302,0.043559436
9303,0.061076485
9304,0.053255
9305,0.07149947
9306,0.23027487
9307,0.41838062
9308,0.053828787
9309,0.023203917
9310,0.06550549
9311,0.016414857
9312,0.040916752
9313,0.027465051
9314,0.06714845
9315,0.050209794
9316,0.079078116
9317,0.04118496
9318,0.07385157
9319,0.040048376
9320,0.051510256
9321,0.035801496
9322,0.017812828
9323,0.019091154
9324,0.078959085
9325,0.032668
9326,0.0589473
9327,0.0118094245
9328,0.023078833
9329,0.035538718
9330,0.051675647
9331,0.05823048
9332,0.22746243
9333,0.06893172
9334,0.08420187
9335,0.08037027
9336,0.08294003
9337,0.013343184
9338,0.06853552
9339,0.012370414
9340,0.048931226
9341,0.041095354
9342,0.06699662
9343,0.03302464
9344,0.021717554
9345,0.043636173
9346,0.039025772
9347,0.04865835
9348,0.067021154
9349,0.033007827
9350,0.051603183
9351,0.023597162
9352,0.03292048
9353,0.01477042
9354,0.0592881
9355,0.014579673
9356,0.037188277
9357,0.07751386
9358,0.05307155
9359,0.07864918
9360,0.63451
9361,0.06998795
9362,0.07484286
9363,0.053070493
9364,0.05985701
9365,0.058187798
9366,0.06681122
9367,0.048758082
9368,0.01224765
9369,0.019855622
9370,0.25353768
9371,0.05880426
9372,0.06544721
9373,0.051563665
9374,0.06268789
9375,0.018582545
9376,0.02791028
9377,0.020962482
9378,0.038276684
9379,0.086574316
9380,0.055922788
9381,0.04289654
9382,0.07315949
9383,0.6443531
9384,0.0653909
9385,0.015206758
9386,0.23059633
9387,0.05057056
9388,0.23632291
9389,0.2432825
9390,0.056060933
9391,0.02108685
9392,0.0441645
9393,0.07269625
9394,0.08752246
9395,0.040621813
9396,0.24237086
9397,0.06716216
9398,0.059000142
9399,0.015833553
9400,0.020787304
9401,0.047312357
9402,0.05524239
9403,0.015516614
9404,0.079083845
9405,0.08337126
9406,0.080276385
9407,0.064496204
9408,0.032368645
9409,0.07523963
9410,0.22596096
9411,0.2346476
9412,0.049771648
9413,0.011909125
9414,0.044963345
9415,0.021064632
9416,0.009822671
9417,0.054839436
9418,0.55228037
9419,0.03786623
9420,0.07365488
9421,0.47898293
9422,0.07881628
9423,0.01465224
9424,0.018664258
9425,0.010337578
9426,0.013443241
9427,0.040084198
9428,0.04884971
9429,0.07040876
9430,0.23754881
9431,0.061191913
9432,0.06435138
9433,0.2394951
9434,0.23439254
9435,0.078375295
9436,0.242933
9437,0.41656798
9438,0.0652678
9439,0.02008836
9440,0.044383824
9441,0.06993728
9442,0.04830795
9443,0.25845596
9444,0.68236566
9445,0.007449294
9446,0.042020716
9447,0.4256445
9448,0.015595033
9449,0.044905107
9450,0.2381227
9451,0.013792201
9452,0.0446895
9453,0.058530618
9454,0.017228898
9455,0.040818885
9456,0.0075732837
9457,0.2505512
9458,0.040552393
9459,0.060662225
9460,0.23564409
9461,0.07962775
9462,0.25231555
9463,0.37619582
9464,0.25176388
9465,0.029456342
9466,0.092224725
9467,0.22286862
9468,0.23101175
9469,0.6150234
9470,0.46774048
9471,0.24288055
9472,0.025252335
9473,0.07985468
9474,0.01740695
9475,0.05395125
9476,0.02878267
9477,0.019851595
9478,0.012443501
9479,0.011460526
9480,0.04966564
9481,0.010653837
9482,0.011495242
9483,0.032956276
9484,0.05065313
9485,0.068588436
9486,0.067549355
9487,0.0732726
9488,0.06710008
9489,0.07915917
9490,0.22885919
9491,0.028705154
9492,0.07650301
9493,0.23965245
9494,0.018647237
9495,0.05074617
9496,0.5107843
9497,0.56909937
9498,0.5736814
9499,0.007271912
9500,0.028019028
9501,0.017805701
9502,0.06763591
9503,0.5237863
9504,0.066960804
9505,0.018076569
9506,0.054926403
9507,0.01151607
9508,0.049794283
9509,0.054000646
9510,0.043889575
9511,0.012926568
9512,0.41491678
9513,0.01826838
9514,0.03090272
9515,0.07232342
9516,0.07380416
9517,0.04429895
9518,0.0438611
9519,0.23316239
9520,0.21489544
9521,0.3923459
9522,0.072635606
9523,0.07284903
9524,0.6265154
9525,0.6470712
9526,0.5825378
9527,0.014286025
9528,0.053887032
9529,0.027888486
9530,0.010568609
9531,0.24279739
9532,0.06875713
9533,0.24243312
9534,0.040790804
9535,0.06897124
9536,0.01768821
9537,0.068124354
9538,0.0736547
9539,0.08607352
9540,0.0776181
9541,0.50283504
9542,0.25449762
9543,0.08200016
9544,0.080275
9545,0.06493487
9546,0.051868815
9547,0.07680786
9548,0.040839203
9549,0.033303283
9550,0.023245005
9551,0.08110797
9552,0.22916822
9553,0.054178942
9554,0.07479105
9555,0.024583207
9556,0.6034218
9557,0.5669986
9558,0.59908164
9559,0.08348202
9560,0.043971844
9561,0.23027487
9562,0.012712885
9563,0.24498351
9564,0.028093467
9565,0.011109793
9566,0.017394777
9567,0.017733775
9568,0.03469341
9569,0.06911355
9570,0.04333007
9571,0.3998521
9572,0.63167375
9573,0.05420317
9574,0.07031195
9575,0.06693228
9576,0.08657437
9577,0.0589473
9578,0.37923437
9579,0.07279088
9580,0.036159046
9581,0.06885993
9582,0.07373535
9583,0.07213562
9584,0.043397617
9585,0.022920588
9586,0.47503784
9587,0.39355424
9588,0.24156135
9589,0.06219747
9590,0.02819878
9591,0.07756461
9592,0.05884574
9593,0.2428534
9594,0.030715376
9595,0.04038328
9596,0.040878855
9597,0.01733808
9598,0.018565472
9599,0.039890453
9600,0.040310174
9601,0.37677088
9602,0.72543633
9603,0.40978193
9604,0.24198745
9605,0.07665646
9606,0.08326023
9607,0.23405135
9608,0.49601611
9609,0.052016545
9610,0.029952614
9611,0.037224952
9612,0.03348657
9613,0.23447952
9614,0.07493365
9615,0.07565145
9616,0.25686765
9617,0.09366849
9618,0.24073383
9619,0.6838742
9620,0.078993954
9621,0.23426951
9622,0.24567324
9623,0.021315524
9624,0.049627252
9625,0.47215015
9626,0.054258585
9627,0.036220387
9628,0.03580387
9629,0.0419992
9630,0.22809678
9631,0.41655785
9632,0.24843785
9633,0.5456727
9634,0.39486426
9635,0.08520735
9636,0.22521164
9637,0.38079962
9638,0.014196208
9639,0.028126976
9640,0.24059518
9641,0.060162187
9642,0.045191843
9643,0.4555491
9644,0.2507305
9645,0.0492167
9646,0.5342768
9647,0.42361674
9648,0.007534264
9649,0.06726465
9650,0.07687687
9651,0.06701358
9652,0.044475432
9653,0.011821617
9654,0.015090519
9655,0.029684687
9656,0.04914581
9657,0.067665994
9658,0.0667166
9659,0.079592325
9660,0.40927246
9661,0.5454552
9662,0.43259677
9663,0.38042554
9664,0.50368094
9665,0.07032567
9666,0.018983081
9667,0.05908277
9668,0.060975213
9669,0.23046033
9670,0.2457444
9671,0.053206515
9672,0.027947957
9673,0.054079164
9674,0.22983654
9675,0.022218022
9676,0.0070311655
9677,0.042008046
9678,0.07376031
9679,0.022075692
9680,0.016289795
9681,0.037998796
9682,0.02017441
9683,0.012596097
9684,0.032495376
9685,0.058664687
9686,0.049825568
9687,0.061475962
9688,0.22992887
9689,0.22798209
9690,0.40363565
9691,0.6908013
9692,0.64755034
9693,0.4058405
9694,0.07707093
9695,0.04343044
9696,0.02034626
9697,0.045071173
9698,0.07532987
9699,0.015984135
9700,0.032742053
9701,0.50971806
9702,0.043971844
9703,0.017812593
9704,0.19497037
9705,0.04444025
9706,0.22861332
9707,0.04358662
9708,0.01762096
9709,0.0420311
9710,0.014169479
9711,0.015079156
9712,0.028507
9713,0.066829756
9714,0.07350159
9715,0.5294494
9716,0.40815994
9717,0.23364742
9718,0.5387654
9719,0.40636727
9720,0.48197877
9721,0.07504989
9722,0.038782574
9723,0.036531746
9724,0.044628672
9725,0.04227414
9726,0.01633113
9727,0.0358066
9728,0.054375708
9729,0.53992635
9730,0.22165944
9731,0.40862772
9732,0.030052679
9733,0.076162264
9734,0.07873031
9735,0.08158107
9736,0.0906226
9737,0.04263536
9738,0.03015053
9739,0.040801946
9740,0.08289337
9741,0.66013366
9742,0.36971894
9743,0.5399298
9744,0.24900664
9745,0.41339704
9746,0.086888574
9747,0.06688133
9748,0.041721474
9749,0.022560127
9750,0.012754817
9751,0.013740025
9752,0.037724994
9753,0.030601256
9754,0.08144132
9755,0.07918901
9756,0.0688172
9757,0.24726899
9758,0.028049408
9759,0.05436882
9760,0.012093083
9761,0.25327814
9762,0.040552393
9763,0.01188519
9764,0.011448257
9765,0.07532987
9766,0.07949911
9767,0.03154146
9768,0.0066169174
9769,0.22529587
9770,0.23508012
9771,0.05856631
9772,0.07032662
9773,0.06816558
9774,0.0626435
9775,0.03614816
9776,0.08248727
9777,0.075819366
9778,0.04068886
9779,0.011118203
9780,0.22454101
9781,0.011338929
9782,0.011713255
9783,0.0156158395
9784,0.06730504
9785,0.038077082
9786,0.032801382
9787,0.08163151
9788,0.03506405
9789,0.04171278
9790,0.010827563
9791,0.03995869
9792,0.23829962
9793,0.4411708
9794,0.48729837
9795,0.07418117
9796,0.011830891
9797,0.019431356
9798,0.019107569
9799,0.028843798
9800,0.048213452
9801,0.014543711
9802,0.055298124
9803,0.08121778
9804,0.018877495
9805,0.031111402
9806,0.015627528
9807,0.0321289
9808,0.018995093
9809,0.012809049
9810,0.027645718
9811,0.058614146
9812,0.067182735
9813,0.41316557
9814,0.014222373
9815,0.017590137
9816,0.03287764
9817,0.058279335
9818,0.06816518
9819,0.24489428
9820,0.07473955
9821,0.013562594
9822,0.23001441
9823,0.036383264
9824,0.058573805
9825,0.07971574
9826,0.046584826
9827,0.012550977
9828,0.01780782
9829,0.011865017
9830,0.08858612
9831,0.015688233
9832,0.027379015
9833,0.08573979
9834,0.054329053
9835,0.03866906
9836,0.01779958
9837,0.028191369
9838,0.052373867
9839,0.3979185
9840,0.031326357
9841,0.006718595
9842,0.029728482
9843,0.040511247
9844,0.052020755
9845,0.2401559
9846,0.053930998
9847,0.23574612
9848,0.06887279
9849,0.030047335
9850,0.043888014
9851,0.044662196
9852,0.029519545
9853,0.25084195
9854,0.017611446
9855,0.07707738
9856,0.018299693
9857,0.06696676
9858,0.043792963
9859,0.0112098595
9860,0.011760897
9861,0.4468344
9862,0.7923971
9863,0.22867914
9864,0.06998795
9865,0.014225738
9866,0.06886464
9867,0.044913035
9868,0.04147444
9869,0.068859555
9870,0.064951636
9871,0.07309002
9872,0.7143758
9873,0.018731972
9874,0.061427694
9875,0.065016516
9876,0.06170475
9877,0.01843877
9878,0.037430286
9879,0.08431986
9880,0.26456898
9881,0.0591968
9882,0.2341691
9883,0.02660877
9884,0.060198635
9885,0.01104267
9886,0.022361573
9887,0.0627451
9888,0.029443571
9889,0.024907669
9890,0.047747195
9891,0.051093798
9892,0.01907391
9893,0.05003812
9894,0.018164322
9895,0.07599344
9896,0.036676478
9897,0.04150196
9898,0.0141224805
9899,0.03299232
9900,0.0638112
9901,0.075218074
9902,0.05019637
9903,0.63388336
9904,0.05391052
9905,0.07449454
9906,0.04397453
9907,0.043394156
9908,0.043733563
9909,0.017774168
9910,0.50993955
9911,0.02807499
9912,0.008109296
9913,0.007078955
9914,0.044094972
9915,0.07480272
9916,0.020079557
9917,0.011041949
9918,0.07430213
9919,0.040496796
9920,0.027530387
9921,0.043659687
9922,0.39975414
9923,0.027942168
9924,0.019760828
9925,0.020387288
9926,0.012351698
9927,0.041575078
9928,0.0316022
9929,0.006285066
9930,0.23632662
9931,0.05377284
9932,0.013741411
9933,0.01956635
9934,0.016528532
9935,0.053796068
9936,0.083565645
9937,0.06816558
9938,0.060120713
9939,0.054059938
9940,0.028011343
9941,0.047623698
9942,0.054070756
9943,0.24261051
9944,0.07997551
9945,0.010762341
9946,0.03264414
9947,0.014247047
9948,0.016846238
9949,0.011909382
9950,0.02000841
9951,0.01076858
9952,0.010477322
9953,0.015197893
9954,0.012300398
9955,0.023592966
9956,0.049360514
9957,0.044934668
9958,0.07646713
9959,0.012407197
9960,0.011249796
9961,0.23279758
9962,0.09107879
9963,0.011919917
9964,0.01389244
9965,0.020264706
9966,0.0266616
9967,0.012700053
9968,0.011450043
9969,0.017201332
9970,0.019270448
9971,0.014785972
9972,0.031564564
9973,0.01290223
9974,0.011000068
9975,0.009813319
9976,0.028050762
9977,0.041870605
9978,0.04352504
9979,0.014169559
9980,0.010601568
9981,0.07254432
9982,0.027355734
9983,0.044341702
9984,0.03221382
9985,0.011649541
9986,0.06746369
9987,0.012946208
9988,0.011451755
9989,0.08651132
9990,0.053083982
9991,0.054522265
9992,0.0546381
9993,0.0148738315
9994,0.065964855
9995,0.02125108
9996,0.011847244
9997,0.0063465056
9998,0.06426917
9999,0.07297774
10000,0.0101220235
10001,0.07893569
10002,0.01759501
10003,0.032771766
10004,0.032826986
10005,0.028433671
10006,0.02857766
10007,0.01237254
10008,0.010126171
10009,0.01157568
10010,0.032394193
10011,0.0118839545
10012,0.011756089
10013,0.064304
10014,0.05191888
10015,0.032527436
10016,0.079940766
10017,0.018454522
10018,0.02484266
10019,0.0065568485
10020,0.01178844
10021,0.015823321
10022,0.045466136
10023,0.019824948
10024,0.014438254
10025,0.027719282
10026,0.016439624
10027,0.011267175
10028,0.029982304
10029,0.07416495
10030,0.08105832
10031,0.06918378
10032,0.02015299
10033,0.044847276
10034,0.03763986
10035,0.1770629
10036,0.054113533
10037,0.034421485
10038,0.03926071
10039,0.045810174
10040,0.042692017
10041,0.08429756
10042,0.04561529
10043,0.039224144
10044,0.03277104
10045,0.082549654
10046,0.071918055
10047,0.04471523
10048,0.38218644
10049,0.3868019
10050,0.02115323
10051,0.02817784
10052,0.045390513
10053,0.0141830025
10054,0.26820868
10055,0.069629
10056,0.2697505
10057,0.07915308
10058,0.2486998
10059,0.061759267
10060,0.019957386
10061,0.08533077
10062,0.043013256
10063,0.015453792
10064,0.07862073
10065,0.03347771
10066,0.6843653
10067,0.2332825
10068,0.045841865
10069,0.04466549
10070,0.23532896
10071,0.06153066
10072,0.011528306
10073,0.045826163
10074,0.03838974
10075,0.014659982
10076,0.041866977
10077,0.09633332
10078,0.24538378
10079,0.51221234
10080,0.5100171
10081,0.07063691
10082,0.0962926
10083,0.25040653
10084,0.010802482
10085,0.021672223
10086,0.054435577
10087,0.06160276
10088,0.014484743
10089,0.073721685
10090,0.47103402
10091,0.0930283
10092,0.24186319
10093,0.4908004
10094,0.09534907
10095,0.022971073
10096,0.49181822
10097,0.055693507
10098,0.2638093
10099,0.050585542
10100,0.049103078
10101,0.03589512
10102,0.06473944
10103,0.028426886
10104,0.23326068
10105,0.089812815
10106,0.07787848
10107,0.035529036
10108,0.22102423
10109,0.26689374
10110,0.044970494
10111,0.033016607
10112,0.05475204
10113,0.057658624
10114,0.07031661
10115,0.033241294
10116,0.04130436
10117,0.044126395
10118,0.08115992
10119,0.028483853
10120,0.055519324
10121,0.10945621
10122,0.056028597
10123,0.26574785
10124,0.02520987
10125,0.05441091
10126,0.041357514
10127,0.024549764
10128,0.01508695
10129,0.01588663
10130,0.016237041
10131,0.5293103
10132,0.09583175
10133,0.06833713
10134,0.46536782
10135,0.26565632
10136,0.067453176
10137,0.050597988
10138,0.014160726
10139,0.018539613
10140,0.023426149
10141,0.009237266
10142,0.038354713
10143,0.0069886027
10144,0.019007655
10145,0.06907445
10146,0.064946234
10147,0.079354726
10148,0.26533774
10149,0.49497876
10150,0.017408596
10151,0.02202386
10152,0.04499149
10153,0.011616456
10154,0.010736842
10155,0.033016607
10156,0.02798778
10157,0.036739767
10158,0.2570877
10159,0.020234117
10160,0.044308126
10161,0.0614528
10162,0.028442416
10163,0.0855429
10164,0.48711035
10165,0.055574093
10166,0.07330262
10167,0.019457929
10168,0.022074336
10169,0.04269314
10170,0.05569426
10171,0.011706494
10172,0.030374192
10173,0.012586238
10174,0.09181103
10175,0.10586784
10176,0.08166874
10177,0.08761536
10178,0.055942833
10179,0.03837287
10180,0.033037633
10181,0.030852163
10182,0.036968213
10183,0.07170141
10184,0.052672505
10185,0.2213103
10186,0.015356324
10187,0.038074017
10188,0.029326698
10189,0.018098457
10190,0.015456049
10191,0.029758245
10192,0.041723102
10193,0.008953375
10194,0.051966432
10195,0.025140626
10196,0.061934967
10197,0.26451364
10198,0.26652053
10199,0.04415083
10200,0.041217122
10201,0.039237764
10202,0.07901494
10203,0.06161189
10204,0.015662905
10205,0.031809665
10206,0.09298358
10207,0.02869389
10208,0.025441261
10209,0.03284622
10210,0.055618264
10211,0.055287227
10212,0.23995574
10213,0.23078807
10214,0.23788635
10215,0.05584938
10216,0.040561277
10217,0.018720193
10218,0.050978966
10219,0.04484712
10220,0.09415401
10221,0.04513544
10222,0.5243258
10223,0.08588692
10224,0.021393433
10225,0.0843829
10226,0.049819607
10227,0.047434323
10228,0.0117215905
10229,0.05569301
10230,0.020005006
10231,0.0128165735
10232,0.017592369
10233,0.019211631
10234,0.06682593
10235,0.04464827
10236,0.063812494
10237,0.054550078
10238,0.07929345
10239,0.37391746
10240,0.42528638
10241,0.056658752
10242,0.022628248
10243,0.06959284
10244,0.016228393
10245,0.04103563
10246,0.0088717975
10247,0.010578678
10248,0.07067432
10249,0.05142222
10250,0.0929919
10251,0.04181436
10252,0.081481636
10253,0.04100824
10254,0.05241473
10255,0.036280725
10256,0.018513108
10257,0.019218208
10258,0.09104898
10259,0.011361793
10260,0.033331707
10261,0.06125133
10262,0.011606646
10263,0.011649053
10264,0.036511004
10265,0.05294676
10266,0.061828688
10267,0.09392713
10268,0.07203223
10269,0.09200629
10270,0.09345639
10271,0.09472679
10272,0.013184714
10273,0.07197731
10274,0.012258479
10275,0.04968088
10276,0.011413813
10277,0.042087015
10278,0.06936105
10279,0.033313368
10280,0.022064254
10281,0.046094567
10282,0.040418584
10283,0.013475184
10284,0.04960137
10285,0.0706654
10286,0.03308019
10287,0.0524662
10288,0.009456647
10289,0.023507752
10290,0.033764265
10291,0.061212804
10292,0.014515036
10293,0.037376683
10294,0.08468743
10295,0.054570924
10296,0.09260432
10297,0.6462359
10298,0.07058542
10299,0.0854025
10300,0.054661628
10301,0.063016586
10302,0.06152008
10303,0.070332386
10304,0.050468795
10305,0.019856865
10306,0.41735658
10307,0.06214291
10308,0.06984895
10309,0.053016584
10310,0.06594164
10311,0.018575143
10312,0.028069448
10313,0.010697775
10314,0.02145521
10315,0.038636047
10316,0.26537332
10317,0.057595823
10318,0.044468842
10319,0.0788574
10320,0.2947123
10321,0.07000501
10322,0.01605037
10323,0.08297535
10324,0.052086413
10325,0.26300657
10326,0.27466407
10327,0.057549942
10328,0.020161388
10329,0.044810776
10330,0.078914545
10331,0.242784
10332,0.04103315
10333,0.09592616
10334,0.07020112
10335,0.061662797
10336,0.012119783
10337,0.015860723
10338,0.02039068
10339,0.04660537
10340,0.057137296
10341,0.015931295
10342,0.08999053
10343,0.09469309
10344,0.09588127
10345,0.06697833
10346,0.0331412
10347,0.0819231
10348,0.23802547
10349,0.25519103
10350,0.051164974
10351,0.011643093
10352,0.045657344
10353,0.022262808
10354,0.01099221
10355,0.057837255
10356,0.5873272
10357,0.0394486
10358,0.080551066
10359,0.480203
10360,0.23786446
10361,0.018740641
10362,0.011823488
10363,0.04067847
10364,0.049744006
10365,0.083041854
10366,0.25155705
10367,0.06395535
10368,0.06785986
10369,0.24446222
10370,0.09666586
10371,0.09211195
10372,0.25762627
10373,0.41677403
10374,0.06907694
10375,0.009618714
10376,0.01834026
10377,0.045207042
10378,0.072102256
10379,0.05185835
10380,0.11162561
10381,0.7200155
10382,0.0073087625
10383,0.042584028
10384,0.40721315
10385,0.015620246
10386,0.045996565
10387,0.27350855
10388,0.016204266
10389,0.013640187
10390,0.046289105
10391,0.062081523
10392,0.017125737
10393,0.042272184
10394,0.40269306
10395,0.04071556
10396,0.06455071
10397,0.24116433
10398,0.09685385
10399,0.26906642
10400,0.42392004
10401,0.27085
10402,0.030660527
10403,0.40444443
10404,0.22874717
10405,0.24019383
10406,0.7673543
10407,0.27014655
10408,0.44959867
10409,0.025396638
10410,0.09618014
10411,0.016973188
10412,0.055580996
10413,0.020856874
10414,0.017832737
10415,0.011774554
10416,0.050917614
10417,0.009562472
10418,0.011630188
10419,0.033524375
10420,0.050875366
10421,0.07346787
10422,0.070848286
10423,0.07863081
10424,0.07003312
10425,0.23671575
10426,0.07908219
10427,0.02900448
10428,0.084410265
10429,0.24327075
10430,0.018740509
10431,0.052106865
10432,0.63533413
10433,0.76042
10434,0.7199835
10435,0.007315015
10436,0.028099643
10437,0.01726245
10438,0.07110572
10439,0.5261159
10440,0.06985217
10441,0.055969182
10442,0.0108771715
10443,0.050690204
10444,0.05650462
10445,0.045169897
10446,0.011450807
10447,0.41954798
10448,0.017758416
10449,0.034891315
10450,0.07845209
10451,0.07842169
10452,0.04561544
10453,0.04542587
10454,0.23716287
10455,0.21593252
10456,0.008369347
10457,0.02762183
10458,0.4072951
10459,0.08033057
10460,0.07942979
10461,0.643887
10462,0.71144295
10463,0.69641966
10464,0.015708085
10465,0.055754956
10466,0.028586784
10467,0.10832226
10468,0.07172472
10469,0.26160273
10470,0.04033873
10471,0.07373143
10472,0.019195285
10473,0.07195495
10474,0.07814774
10475,0.09524261
10476,0.09145328
10477,0.5142032
10478,0.55283487
10479,0.23891465
10480,0.09603546
10481,0.06811986
10482,0.05241473
10483,0.084438115
10484,0.041581802
10485,0.034077123
10486,0.09040758
10487,0.23736824
10488,0.05640288
10489,0.081774086
10490,0.025404673
10491,0.7167191
10492,0.91722727
10493,0.6525786
10494,0.09103496
10495,0.04546224
10496,0.24209486
10497,0.2681168
10498,0.028209217
10499,0.017643737
10500,0.017622946
10501,0.03525109
10502,0.07182308
10503,0.04525471
10504,0.3970329
10505,0.5862966
10506,0.061461568
10507,0.074869655
10508,0.06722954
10509,0.09768098
10510,0.06223625
10511,0.39317968
10512,0.080322064
10513,0.037084453
10514,0.07245507
10515,0.07970462
10516,0.07840061
10517,0.044255406
10518,0.022441247
10519,0.46672747
10520,0.42634848
10521,0.24471958
10522,0.064459324
10523,0.028190516
10524,0.08722489
10525,0.062012292
10526,0.37733707
10527,0.03133361
10528,0.041603606
10529,0.0421597
10530,0.01930039
10531,0.040729623
10532,0.041188356
10533,0.39647144
10534,0.7904465
10535,0.40313417
10536,0.2544408
10537,0.084893376
10538,0.24637271
10539,0.09805261
10540,0.5076587
10541,0.053833302
10542,0.029997876
10543,0.037282918
10544,0.033218086
10545,0.09679464
10546,0.08665773
10547,0.09231912
10548,0.27627584
10549,0.39967427
10550,0.24450088
10551,0.7299041
10552,0.2404145
10553,0.23758037
10554,0.24731183
10555,0.050417416
10556,0.26111928
10557,0.055652305
10558,0.036191907
10559,0.03667182
10560,0.043168377
10561,0.24173841
10562,0.43262887
10563,0.4153887
10564,0.46978378
10565,0.41606024
10566,0.097458236
10567,0.2376913
10568,0.26934364
10569,0.014547737
10570,0.096605435
10571,0.06286091
10572,0.04587967
10573,0.5140967
10574,0.10890562
10575,0.050601907
10576,0.506814
10577,0.38025543
10578,0.011457764
10579,0.06982371
10580,0.082927
10581,0.069953
10582,0.014560375
10583,0.030261863
10584,0.05077983
10585,0.07195141
10586,0.07125062
10587,0.23869361
10588,0.42817247
10589,0.72170347
10590,0.4422569
10591,0.408449
10592,0.6004089
10593,0.0723444
10594,0.019513106
10595,0.06178277
10596,0.063692816
10597,0.095495045
10598,0.25775093
10599,0.056773134
10600,0.028190516
10601,0.05565434
10602,0.09104709
10603,0.018107241
10604,0.04265721
10605,0.07893028
10606,0.021819165
10607,0.015027044
10608,0.039484896
10609,0.019891094
10610,0.01210381
10611,0.032876763
10612,0.06198743
10613,0.0510333
10614,0.06468379
10615,0.3983233
10616,0.23846099
10617,0.38108775
10618,0.63928044
10619,0.6360521
10620,0.38613102
10621,0.08338416
10622,0.0076082638
10623,0.0206515
10624,0.046080705
10625,0.08348334
10626,0.014656372
10627,0.011550768
10628,0.0336718
10629,0.6961044
10630,0.044747498
10631,0.017511545
10632,0.19716018
10633,0.0455986
10634,0.0791321
10635,0.039181005
10636,0.04503598
10637,0.017151905
10638,0.043921508
10639,0.014238176
10640,0.014529673
10641,0.028154632
10642,0.06962369
10643,0.07872989
10644,0.48369125
10645,0.40406233
10646,0.09500586
10647,0.74353474
10648,0.4079171
10649,0.48522514
10650,0.24027647
10651,0.039651807
10652,0.03312707
10653,0.03620579
10654,0.042848036
10655,0.04272121
10656,0.035972662
10657,0.055866905
10658,0.52949685
10659,0.071743
10660,0.4196098
10661,0.16662957
10662,0.08019782
10663,0.092129655
10664,0.09142984
10665,0.10313747
10666,0.043882743
10667,0.030367028
10668,0.041379586
10669,0.09145866
10670,0.732437
10671,0.3994864
10672,0.6100385
10673,0.41145754
10674,0.26505622
10675,0.0957301
10676,0.070879124
10677,0.042136636
10678,0.022710942
10679,0.038826372
10680,0.03097033
10681,0.09163531
10682,0.09286036
10683,0.072132476
10684,0.39675337
10685,0.028046276
10686,0.060916323
10687,0.01608087
10688,0.26236394
10689,0.041125808
10690,0.082457066
10691,0.09535321
10692,0.030667132
10693,0.23396234
10694,0.24051853
10695,0.06125133
10696,0.07426317
10697,0.03176621
10698,0.07241073
10699,0.06533585
10700,0.03785313
10701,0.091148145
10702,0.08297535
10703,0.040908206
10704,0.009863674
10705,0.23387782
10706,0.0125326
10707,0.015798168
10708,0.015401021
10709,0.07202735
10710,0.009202315
10711,0.04055914
10712,0.033973597
10713,0.09460349
10714,0.03503189
10715,0.04218866
10716,0.010011284
10717,0.040213767
10718,0.09196734
10719,0.43195185
10720,0.49678606
10721,0.082356475
10722,0.011526496
10723,0.017208887
10724,0.019114278
10725,0.029256638
10726,0.048943337
10727,0.014690326
10728,0.05691897
10729,0.09216048
10730,0.015256489
10731,0.031615257
10732,0.015325863
10733,0.031828
10734,0.018880583
10735,0.028006151
10736,0.062148836
10737,0.070700586
10738,0.41985923
10739,0.013427926
10740,0.017668713
10741,0.17315985
10742,0.062119666
10743,0.07249952
10744,0.47028416
10745,0.08295073
10746,0.013046536
10747,0.094698876
10748,0.036530808
10749,0.015607829
10750,0.060670324
10751,0.09485637
10752,0.048877966
10753,0.0123945745
10754,0.012111072
10755,0.018682605
10756,0.011685904
10757,0.11078405
10758,0.015707834
10759,0.02689439
10760,0.09753067
10761,0.056020565
10762,0.039023135
10763,0.017771587
10764,0.027923426
10765,0.055561066
10766,0.27098677
10767,0.031721286
10768,0.006578235
10769,0.018714169
10770,0.030388687
10771,0.041256785
10772,0.053532936
10773,0.24646471
10774,0.056242693
10775,0.2441736
10776,0.07211487
10777,0.03062917
10778,0.04463503
10779,0.045947023
10780,0.029577587
10781,0.379538
10782,0.0854232
10783,0.017685752
10784,0.07064844
10785,0.0452351
10786,0.010579384
10787,0.011729488
10788,0.46357286
10789,0.79299444
10790,0.22563888
10791,0.074046135
10792,0.070444725
10793,0.045270126
10794,0.042105544
10795,0.07199965
10796,0.0670048
10797,0.07855408
10798,0.84608865
10799,0.018961092
10800,0.06450077
10801,0.06768052
10802,0.06466838
10803,0.01696556
10804,0.03746849
10805,0.09622343
10806,0.50961727
10807,0.062273778
10808,0.0979594
10809,0.026876377
10810,0.06296835
10811,0.02221096
10812,0.06595148
10813,0.02980296
10814,0.025462603
10815,0.048884496
10816,0.05221364
10817,0.050955005
10818,0.017218867
10819,0.08666083
10820,0.037424777
10821,0.041256785
10822,0.015271908
10823,0.033510868
10824,0.07048863
10825,0.08191878
10826,0.021819165
10827,0.025665756
10828,0.05078991
10829,0.70829046
10830,0.056553796
10831,0.08096742
10832,0.045121826
10833,0.03783884
10834,0.04396796
10835,0.045115463
10836,0.017596839
10837,0.015895346
10838,0.49133977
10839,0.027672919
10840,0.0068295556
10841,0.045805845
10842,0.07811798
10843,0.08314278
10844,0.04151027
10845,0.02771923
10846,0.04484712
10847,0.41447985
10848,0.028214175
10849,0.020660423
10850,0.013339585
10851,0.042584028
10852,0.03182881
10853,0.006719744
10854,0.09682371
10855,0.055754956
10856,0.0065102386
10857,0.015271908
10858,0.05650415
10859,0.095018625
10860,0.0719379
10861,0.06388814
10862,0.05568637
10863,0.028254375
10864,0.05007486
10865,0.056007072
10866,0.10540492
10867,0.09312563
10868,0.009369042
10869,0.011936876
10870,0.014399341
10871,0.012919201
10872,0.01612709
10873,0.012191546
10874,0.01899819
10875,0.010906449
10876,0.011477023
10877,0.015900074
10878,0.015385782
10879,0.011267248
10880,0.023423947
10881,0.050400622
10882,0.046654154
10883,0.08563302
10884,0.007260215
10885,0.015946368
10886,0.0939056
10887,0.26471508
10888,0.020158906
10889,0.0112291435
10890,0.026973907
10891,0.013083107
10892,0.01159225
10893,0.017390193
10894,0.01905181
10895,0.010221533
10896,0.0146320965
10897,0.03145331
10898,0.018406775
10899,0.011216093
10900,0.009565773
10901,0.05485839
10902,0.028516
10903,0.039578073
10904,0.044094283
10905,0.01074197
10906,0.07803738
10907,0.026687263
10908,0.045158118
10909,0.009817548
10910,0.0069406694
10911,0.032805827
10912,0.012221369
10913,0.070938535
10914,0.014227021
10915,0.008411306
10916,0.013500224
10917,0.012299901
10918,0.011752377
10919,0.2677022
10920,0.05463642
10921,0.055589195
10922,0.055776704
10923,0.01477099
10924,0.01034866
10925,0.0075146076
10926,0.07069507
10927,0.022641595
10928,0.010160366
10929,0.06712333
10930,0.015787303
10931,0.0809906
10932,0.010940682
10933,0.23753645
10934,0.017237974
10935,0.033692118
10936,0.028376175
10937,0.02802536
10938,0.009369042
10939,0.012300884
10940,0.012482668
10941,0.009236272
10942,0.011648402
10943,0.032621916
10944,0.011676981
10945,0.06764789
10946,0.05166028
10947,0.032524858
10948,0.23456363
10949,0.016667038
10950,0.025261275
10951,0.0073510865
10952,0.011713964
10953,0.015466623
10954,0.045433845
10955,0.018832233
10956,0.027650941
10957,0.015934547
10958,0.011497144
10959,0.01182714
10960,0.016232923
10961,0.031910527
10962,0.08801942
10963,0.09071462
10964,0.069699794
10965,0.026267607
10966,0.053904466
10967,0.044081025
10968,0.05657288
10969,0.034616444
10970,0.038239885
10971,0.044852965
10972,0.05100973
10973,0.04239369
10974,0.07671959
10975,0.04492067
10976,0.039172027
10977,0.03336301
10978,0.076788455
10979,0.07011812
10980,0.044210773
10981,0.23414037
10982,0.34782404
10983,0.021593487
10984,0.045226835
10985,0.014121681
10986,0.2574088
10987,0.06771949
10988,0.09690112
10989,0.074360214
10990,0.09026739
10991,0.059887264
10992,0.029103154
10993,0.019709988
10994,0.040824667
10995,0.07656282
10996,0.032773133
10997,0.65177125
10998,0.22716239
10999,0.044253744
11000,0.22866946
11001,0.05877257
11002,0.029367147
11003,0.022721475
11004,0.043853384
11005,0.03737942
11006,0.01733413
11007,0.014392288
11008,0.041378282
11009,0.081419334
11010,0.0833434
11011,0.5352266
11012,0.49557793
11013,0.04420672
11014,0.06801016
11015,0.029293522
11016,0.2268239
11017,0.083842106
11018,0.010828727
11019,0.05372738
11020,0.042214025
11021,0.059116762
11022,0.07124449
11023,0.4734618
11024,0.08168743
11025,0.22997698
11026,0.5138459
11027,0.08354705
11028,0.47472632
11029,0.05471409
11030,0.5068331
11031,0.049981825
11032,0.048159
11033,0.03564724
11034,0.06261873
11035,0.028259974
11036,0.07491344
11037,0.08067636
11038,0.073472954
11039,0.066151336
11040,0.25209033
11041,0.043458983
11042,0.03242724
11043,0.05363382
11044,0.06726907
11045,0.03260913
11046,0.041004635
11047,0.008340336
11048,0.043717843
11049,0.077143505
11050,0.027666125
11051,0.05486066
11052,0.24084243
11053,0.09860877
11054,0.024994679
11055,0.053748358
11056,0.051177137
11057,0.041070092
11058,0.02581153
11059,0.015347695
11060,0.49128917
11061,0.08369294
11062,0.06787039
11063,0.25080478
11064,0.48869
11065,0.0655331
11066,0.049994
11067,0.018401977
11068,0.02234867
11069,0.008570192
11070,0.03846496
11071,0.012073246
11072,0.06139139
11073,0.062898904
11074,0.07506216
11075,0.09687377
11076,0.4460246
11077,0.00684076
11078,0.15564375
11079,0.04204653
11080,0.011588
11081,0.010950128
11082,0.032493502
11083,0.027713703
11084,0.035751328
11085,0.23952119
11086,0.019855928
11087,0.043045275
11088,0.0110357385
11089,0.011481479
11090,0.044093795
11091,0.028291196
11092,0.079991035
11093,0.47589496
11094,0.054534394
11095,0.071306
11096,0.019886376
11097,0.02162706
11098,0.042075947
11099,0.053894017
11100,0.010998876
11101,0.015800722
11102,0.02972236
11103,0.012392084
11104,0.08183351
11105,0.09469196
11106,0.07602755
11107,0.07606575
11108,0.054571874
11109,0.038420502
11110,0.03226337
11111,0.030750487
11112,0.0366237
11113,0.069799386
11114,0.051463414
11115,0.06707465
11116,0.014661075
11117,0.03731725
11118,0.028573459
11119,0.01787866
11120,0.024995824
11121,0.04192699
11122,0.024394877
11123,0.059824612
11124,0.097362466
11125,0.2501571
11126,0.04333367
11127,0.03997557
11128,0.038530882
11129,0.07371416
11130,0.060063057
11131,0.0151909795
11132,0.052759193
11133,0.031583842
11134,0.22849707
11135,0.027993446
11136,0.024658082
11137,0.03252712
11138,0.054845296
11139,0.054922894
11140,0.23104608
11141,0.2211014
11142,0.22566901
11143,0.054820023
11144,0.040292196
11145,0.018086107
11146,0.0498729
11147,0.044314492
11148,0.011670851
11149,0.08345825
11150,0.043957837
11151,0.5347797
11152,0.0790584
11153,0.021491142
11154,0.01274836
11155,0.07823266
11156,0.04915786
11157,0.047796853
11158,0.019540394
11159,0.011388624
11160,0.05499199
11161,0.012236762
11162,0.017154014
11163,0.0188713
11164,0.06517555
11165,0.04373373
11166,0.062439702
11167,0.05338665
11168,0.074434005
11169,0.22704655
11170,0.37211668
11171,0.054661337
11172,0.022996891
11173,0.06628865
11174,0.016106928
11175,0.040735893
11176,0.008412107
11177,0.010559262
11178,0.069251455
11179,0.048858967
11180,0.081703395
11181,0.041652337
11182,0.07589049
11183,0.041221283
11184,0.051900927
11185,0.035844672
11186,0.01871766
11187,0.08131256
11188,0.011446226
11189,0.032379586
11190,0.059595186
11191,0.011406279
11192,0.023174336
11193,0.03663231
11194,0.051867325
11195,0.059625085
11196,0.08128288
11197,0.071526095
11198,0.23489147
11199,0.08357748
11200,0.084314585
11201,0.013265326
11202,0.065971345
11203,0.01219237
11204,0.048733614
11205,0.011198865
11206,0.041233316
11207,0.06813434
11208,0.033401947
11209,0.02155932
11210,0.04492067
11211,0.03853979
11212,0.049007516
11213,0.06872095
11214,0.032679897
11215,0.051256288
11216,0.022963924
11217,0.032769464
11218,0.059858706
11219,0.0139117325
11220,0.036917523
11221,0.07726879
11222,0.053602897
11223,0.085061684
11224,0.29714182
11225,0.070428275
11226,0.07834687
11227,0.054100975
11228,0.06114345
11229,0.059717298
11230,0.06910546
11231,0.04715731
11232,0.011594742
11233,0.01045574
11234,0.020160744
11235,0.410057
11236,0.059718255
11237,0.06735641
11238,0.05314418
11239,0.06361939
11240,0.01673055
11241,0.027802812
11242,0.021557834
11243,0.0374788
11244,0.24920607
11245,0.05646163
11246,0.04359621
11247,0.07540256
11248,0.6447503
11249,0.067083605
11250,0.014911449
11251,0.22083838
11252,0.052663825
11253,0.24147636
11254,0.24668507
11255,0.056258753
11256,0.02052768
11257,0.043995723
11258,0.0455599
11259,0.075726986
11260,0.091292664
11261,0.041399952
11262,0.08819508
11263,0.06878375
11264,0.060352173
11265,0.015465985
11266,0.011510063
11267,0.015722226
11268,0.02007463
11269,0.048388943
11270,0.056725822
11271,0.015281401
11272,0.083487205
11273,0.08751296
11274,0.08558713
11275,0.064489864
11276,0.033168662
11277,0.07516953
11278,0.22645764
11279,0.23816068
11280,0.049945664
11281,0.011388624
11282,0.045010593
11283,0.022025501
11284,0.05667476
11285,0.5799082
11286,0.03855374
11287,0.079527676
11288,0.50661546
11289,0.22703196
11290,0.01337134
11291,0.040266074
11292,0.048881643
11293,0.071039
11294,0.23805442
11295,0.011329293
11296,0.060863197
11297,0.06555613
11298,0.08715947
11299,0.08397193
11300,0.08246506
11301,0.09072422
11302,0.3795742
11303,0.067041345
11304,0.045187708
11305,0.06965509
11306,0.049975187
11307,0.24930364
11308,0.5377208
11309,0.00758855
11310,0.04214468
11311,0.40100607
11312,0.0151574435
11313,0.044225458
11314,0.25308368
11315,0.013279193
11316,0.044815592
11317,0.060410336
11318,0.017076183
11319,0.040747747
11320,0.0072346125
11321,0.4108297
11322,0.040188134
11323,0.0619517
11324,0.22506039
11325,0.08193577
11326,0.25021523
11327,0.3996359
11328,0.24620517
11329,0.029248018
11330,0.09501919
11331,0.22806059
11332,0.22763918
11333,0.51216096
11334,0.2545677
11335,0.5228661
11336,0.02508952
11337,0.081402615
11338,0.055859186
11339,0.028086387
11340,0.020095343
11341,0.011765151
11342,0.011296317
11343,0.047153737
11344,0.009877194
11345,0.0113352975
11346,0.033041567
11347,0.050178945
11348,0.06985113
11349,0.07026848
11350,0.07182524
11351,0.069364175
11352,0.08615582
11353,0.22980827
11354,0.028288754
11355,0.07674359
11356,0.23456067
11357,0.018397627
11358,0.049893767
11359,0.67467874
11360,0.5894528
11361,0.6856081
11362,0.0073579466
11363,0.027778784
11364,0.07031074
11365,0.42694607
11366,0.06762232
11367,0.05475613
11368,0.04946221
11369,0.05550635
11370,0.044278063
11371,0.012478134
11372,0.37926003
11373,0.01752727
11374,0.030337814
11375,0.074991584
11376,0.07419921
11377,0.04484563
11378,0.044456463
11379,0.22830422
11380,0.22374895
11381,0.026618874
11382,0.0815028
11383,0.07368068
11384,0.07374623
11385,0.49877062
11386,0.5639792
11387,0.5839686
11388,0.015183104
11389,0.054637138
11390,0.02803895
11391,0.24971484
11392,0.070301265
11393,0.24038823
11394,0.04128006
11395,0.070175014
11396,0.018383699
11397,0.07003216
11398,0.07488341
11399,0.085489064
11400,0.081312925
11401,0.45070913
11402,0.46026042
11403,0.22834027
11404,0.0828691
11405,0.06535669
11406,0.05211039
11407,0.078065775
11408,0.041059554
11409,0.0333083
11410,0.023357015
11411,0.080776244
11412,0.08236635
11413,0.055571202
11414,0.07517399
11415,0.025483284
11416,0.539764
11417,0.59819967
11418,0.6527468
11419,0.081657186
11420,0.044590265
11421,0.22723702
11422,0.25089568
11423,0.02764609
11424,0.017607754
11425,0.016940081
11426,0.03520743
11427,0.072109886
11428,0.045172606
11429,0.39897785
11430,0.55615413
11431,0.05977979
11432,0.07163598
11433,0.0682517
11434,0.08879568
11435,0.05950706
11436,0.3507402
11437,0.07440104
11438,0.03618573
11439,0.07012874
11440,0.076444715
11441,0.07368956
11442,0.041685477
11443,0.022534573
11444,0.2594826
11445,0.38100788
11446,0.09039737
11447,0.06318547
11448,0.028082937
11449,0.07774464
11450,0.060981505
11451,0.25017416
11452,0.030346911
11453,0.037596025
11454,0.041651044
11455,0.017627107
11456,0.018342812
11457,0.040236067
11458,0.040746782
11459,0.41417533
11460,0.6323175
11461,0.38433746
11462,0.08667503
11463,0.07950898
11464,0.08821935
11465,0.0863509
11466,0.5433797
11467,0.0526967
11468,0.030661352
11469,0.03767162
11470,0.032707334
11471,0.08401432
11472,0.07701927
11473,0.07775273
11474,0.49338257
11475,0.3808389
11476,0.23673138
11477,0.5343157
11478,0.22814354
11479,0.01797311
11480,0.0816546
11481,0.09990387
11482,0.020752002
11483,0.050159547
11484,0.09790025
11485,0.055085104
11486,0.035924744
11487,0.035926733
11488,0.043046404
11489,0.086278915
11490,0.40790933
11491,0.39875895
11492,0.53600484
11493,0.41436738
11494,0.08512504
11495,0.22514416
11496,0.25573447
11497,0.013795732
11498,0.027312042
11499,0.091874324
11500,0.061113685
11501,0.47450015
11502,0.098601006
11503,0.049924
11504,0.52587694
11505,0.36023074
11506,0.006930298
11507,0.06794074
11508,0.07623712
11509,0.06910241
11510,0.04467302
11511,0.014448187
11512,0.029431261
11513,0.049708627
11514,0.065971345
11515,0.068574145
11516,0.2314129
11517,0.4194324
11518,0.5342095
11519,0.43209445
11520,0.393168
11521,0.54120994
11522,0.06912988
11523,0.059787203
11524,0.061964694
11525,0.08081152
11526,0.093398094
11527,0.054330867
11528,0.02807713
11529,0.054767728
11530,0.08087893
11531,0.017968433
11532,0.0064941808
11533,0.0403625
11534,0.07394975
11535,0.02169171
11536,0.03829167
11537,0.012123692
11538,0.032229986
11539,0.055206772
11540,0.05017127
11541,0.0618407
11542,0.23056002
11543,0.23082514
11544,0.3914095
11545,0.7012351
11546,0.61101186
11547,0.4260833
11548,0.0740802
11549,0.020106262
11550,0.04502106
11551,0.07852752
11552,0.015059311
11553,0.01110311
11554,0.032437023
11555,0.62729275
11556,0.044621192
11557,0.017385377
11558,0.05305224
11559,0.044851188
11560,0.07479433
11561,0.037967
11562,0.04423078
11563,0.013981623
11564,0.014741213
11565,0.028424352
11566,0.06740062
11567,0.07420635
11568,0.5561673
11569,0.408215
11570,0.081844606
11571,0.5111108
11572,0.41021657
11573,0.49591985
11574,0.078762546
11575,0.038856544
11576,0.03251581
11577,0.036717318
11578,0.044582006
11579,0.04289553
11580,0.035941638
11581,0.055624664
11582,0.526286
11583,0.22469853
11584,0.4017721
11585,0.030448915
11586,0.076821215
11587,0.07972747
11588,0.08325605
11589,0.23971662
11590,0.04334131
11591,0.030077228
11592,0.00958285
11593,0.040379528
11594,0.08179369
11595,0.5677146
11596,0.41637254
11597,0.599812
11598,0.24292901
11599,0.40243593
11600,0.086744025
11601,0.06843881
11602,0.041730933
11603,0.022399873
11604,0.012999786
11605,0.03803002
11606,0.030888965
11607,0.0830126
11608,0.081988096
11609,0.068953775
11610,0.10331702
11611,0.028171284
11612,0.059490215
11613,0.25032145
11614,0.040450975
11615,0.01163456
11616,0.078193255
11617,0.22634993
11618,0.030646166
11619,0.22601824
11620,0.076004535
11621,0.05949833
11622,0.071925834
11623,0.06983149
11624,0.06416554
11625,0.03731473
11626,0.08227057
11627,0.07727441
11628,0.04077218
11629,0.009853485
11630,0.22215314
11631,0.011797262
11632,0.015455449
11633,0.07039105
11634,0.03323247
11635,0.08130705
11636,0.035432827
11637,0.041864295
11638,0.039740946
11639,0.08095723
11640,0.40253672
11641,0.47806212
11642,0.07722054
11643,0.011492408
11644,0.017691446
11645,0.02889969
11646,0.04837176
11647,0.014853912
11648,0.056311168
11649,0.0852334
11650,0.0315424
11651,0.01525326
11652,0.031310003
11653,0.018835582
11654,0.012069357
11655,0.02739834
11656,0.059743185
11657,0.06872421
11658,0.40425467
11659,0.013830866
11660,0.017238472
11661,0.03263599
11662,0.059865907
11663,0.06941469
11664,0.45085967
11665,0.072249226
11666,0.0134052
11667,0.08354061
11668,0.013231711
11669,0.03629419
11670,0.060289554
11671,0.08328888
11672,0.048151385
11673,0.011295738
11674,0.012322602
11675,0.017674664
11676,0.011352537
11677,0.09635154
11678,0.015261665
11679,0.02654314
11680,0.08554381
11681,0.055021558
11682,0.038999777
11683,0.017373016
11684,0.027815288
11685,0.053711414
11686,0.387957
11687,0.030600218
11688,0.006510149
11689,0.010983746
11690,0.018242924
11691,0.029720688
11692,0.041859884
11693,0.052558266
11694,0.23801558
11695,0.05513277
11696,0.23473868
11697,0.070136845
11698,0.030843679
11699,0.01567808
11700,0.044259284
11701,0.04502563
11702,0.028961582
11703,0.3911303
11704,0.07562719
11705,0.017699728
11706,0.06796818
11707,0.04443983
11708,0.009920817
11709,0.011490844
11710,0.4383577
11711,0.7279238
11712,0.07710294
11713,0.06941469
11714,0.07000601
11715,0.044561073
11716,0.04215501
11717,0.07007985
11718,0.06500108
11719,0.073195234
11720,0.50312865
11721,0.06238391
11722,0.06524093
11723,0.06273789
11724,0.017419137
11725,0.037266687
11726,0.089996725
11727,0.50271916
11728,0.060085665
11729,0.08648876
11730,0.026766896
11731,0.06110985
11732,0.022393687
11733,0.06390125
11734,0.029325044
11735,0.02476843
11736,0.0062567764
11737,0.049888566
11738,0.051140435
11739,0.030818528
11740,0.0188469
11741,0.05050647
11742,0.08051621
11743,0.039834555
11744,0.015261524
11745,0.03276653
11746,0.068072475
11747,0.07749747
11748,0.020978885
11749,0.04998111
11750,0.54716855
11751,0.055518232
11752,0.07511433
11753,0.0069827163
11754,0.044291552
11755,0.03770798
11756,0.04444487
11757,0.043872435
11758,0.01376475
11759,0.015858691
11760,0.2534288
11761,0.02745414
11762,0.044522956
11763,0.07488341
11764,0.019573377
11765,0.22363977
11766,0.040668875
11767,0.027935112
11768,0.04449597
11769,0.39936203
11770,0.027925605
11771,0.019593567
11772,0.0071984176
11773,0.020661093
11774,0.013291153
11775,0.042363334
11776,0.010235169
11777,0.031543456
11778,0.09009442
11779,0.054572448
11780,0.013263955
11781,0.015164459
11782,0.055465806
11783,0.08071244
11784,0.0698569
11785,0.061003096
11786,0.054621924
11787,0.028404925
11788,0.048195645
11789,0.20329534
11790,0.08684783
11791,0.081988096
11792,0.008804426
11793,0.010897363
11794,0.03253654
11795,0.012981316
11796,0.012456801
11797,0.015871769
11798,0.012118935
11799,0.010386243
11800,0.010754631
11801,0.015553542
11802,0.015453616
11803,0.0104410155
11804,0.02121297
11805,0.04972167
11806,0.045233835
11807,0.07849717
11808,0.013001902
11809,0.07987243
11810,0.01034817
11811,0.0914441
11812,0.01136177
11813,0.020240009
11814,0.02673594
11815,0.011231499
11816,0.011294124
11817,0.016993502
11818,0.018625366
11819,0.00991435
11820,0.014890128
11821,0.03195205
11822,0.014439621
11823,0.009539443
11824,0.05433642
11825,0.028276334
11826,0.04235959
11827,0.013297724
11828,0.043842755
11829,0.014950635
11830,0.013075476
11831,0.010723537
11832,0.07477818
11833,0.027495816
11834,0.045110185
11835,0.009267349
11836,0.0070979735
11837,0.011746133
11838,0.032236014
11839,0.011724306
11840,0.015566666
11841,0.064846165
11842,0.014148654
11843,0.25467876
11844,0.05335454
11845,0.054624226
11846,0.05559886
11847,0.0071302336
11848,0.06303008
11849,0.021928187
11850,0.011438206
11851,0.005940143
11852,0.065733254
11853,0.015362598
11854,0.074601345
11855,0.081228584
11856,0.016956113
11857,0.032552507
11858,0.027559303
11859,0.02788268
11860,0.013019131
11861,0.012350923
11862,0.012111383
11863,0.008573284
11864,0.032527976
11865,0.011156264
11866,0.06499979
11867,0.051577035
11868,0.03475244
11869,0.0065468266
11870,0.23085584
11871,0.024921067
11872,0.015248518
11873,0.03051521
11874,0.0057005878
11875,0.0152950715
11876,0.045295984
11877,0.018484086
11878,0.014192675
11879,0.02687945
11880,0.011716327
11881,0.010547847
11882,0.031150043
11883,0.075636946
11884,0.22568497
11885,0.018474655
11886,0.07017301
11887,0.019711087
11888,0.036872804
11889,0.052145567
11890,0.043470006
11891,0.05450338
11892,0.038742717
11893,0.04538851
11894,0.039637774
11895,0.04175542
11896,0.07510448
11897,0.04404893
11898,0.03861403
11899,0.028218562
11900,0.031497207
11901,0.07436198
11902,0.040289354
11903,0.06815083
11904,0.0808202
11905,0.38245654
11906,0.050069448
11907,0.04400264
11908,0.413546
11909,0.06604778
11910,0.2560222
11911,0.0726021
11912,0.23496443
11913,0.058745995
11914,0.018904647
11915,0.040045008
11916,0.06748822
11917,0.03254811
11918,0.6685776
11919,0.22466734
11920,0.043845035
11921,0.23117965
11922,0.058138765
11923,0.022957439
11924,0.04347
11925,0.03662738
11926,0.017782774
11927,0.013996235
11928,0.040824372
11929,0.08030004
11930,0.08022637
11931,0.44713795
11932,0.5221689
11933,0.043629836
11934,0.06675457
11935,0.028788136
11936,0.22948836
11937,0.23995677
11938,0.010384526
11939,0.021415398
11940,0.05197649
11941,0.0414928
11942,0.058411967
11943,0.0695067
11944,0.44239253
11945,0.08101548
11946,0.23414132
11947,0.5107229
11948,0.07787697
11949,0.022334125
11950,0.45220736
11951,0.05320282
11952,0.4682823
11953,0.049273595
11954,0.047104076
11955,0.03611964
11956,0.06252786
11957,0.027445698
11958,0.07364342
11959,0.08059242
11960,0.039381888
11961,0.064126216
11962,0.39849076
11963,0.043336775
11964,0.03237502
11965,0.05246442
11966,0.066413715
11967,0.032343805
11968,0.04029492
11969,0.008369422
11970,0.042577643
11971,0.07374766
11972,0.05291289
11973,0.08837938
11974,0.05403765
11975,0.25373
11976,0.024633357
11977,0.052412614
11978,0.039964486
11979,0.024718806
11980,0.015725866
11981,0.5209138
11982,0.0798223
11983,0.066707544
11984,0.26333514
11985,0.5223999
11986,0.007325748
11987,0.06472862
11988,0.049202263
11989,0.01365408
11990,0.01821957
11991,0.022034626
11992,0.015608714
11993,0.008271412
11994,0.037766792
11995,0.01143272
11996,0.012078484
11997,0.060788263
11998,0.06128343
11999,0.07382646
12000,0.0881368
12001,0.43816566
12002,0.016697293
12003,0.020600399
12004,0.043341137
12005,0.011235069
12006,0.010897999
12007,0.03232145
12008,0.027005251
12009,0.036118302
12010,0.24158476
12011,0.019475603
12012,0.043013327
12013,0.011294305
12014,0.059329845
12015,0.043262456
12016,0.07038572
12017,0.50100124
12018,0.008337966
12019,0.053791553
12020,0.06813346
12021,0.019475255
12022,0.021848703
12023,0.04157619
12024,0.053639166
12025,0.010993018
12026,0.029374946
12027,0.011977845
12028,0.07893272
12029,0.09418542
12030,0.074921355
12031,0.075714625
12032,0.054201916
12033,0.037748184
12034,0.03277632
12035,0.030115718
12036,0.035561893
12037,0.068294376
12038,0.05049857
12039,0.22237329
12040,0.014069039
12041,0.036503755
12042,0.028527489
12043,0.017975552
12044,0.02462513
12045,0.04078677
12046,0.020834414
12047,0.0246012
12048,0.057400007
12049,0.09550293
12050,0.24996334
12051,0.042767145
12052,0.039535027
12053,0.038421083
12054,0.0729846
12055,0.058218375
12056,0.015310794
12057,0.05115207
12058,0.014971167
12059,0.030877842
12060,0.08132626
12061,0.027648041
12062,0.024601093
12063,0.03228735
12064,0.05354696
12065,0.054050174
12066,0.23197812
12067,0.22812836
12068,0.23307225
12069,0.053979587
12070,0.039865114
12071,0.01790948
12072,0.048849963
12073,0.04323273
12074,0.07742481
12075,0.04316149
12076,0.60404867
12077,0.07956435
12078,0.02153651
12079,0.07501091
12080,0.048135277
12081,0.047383808
12082,0.019388355
12083,0.016932994
12084,0.053444795
12085,0.011906074
12086,0.018083636
12087,0.01854858
12088,0.06334994
12089,0.042767983
12090,0.060909487
12091,0.052485008
12092,0.07229352
12093,0.2302071
12094,0.38758066
12095,0.053313255
12096,0.022506196
12097,0.0659202
12098,0.015856888
12099,0.039865308
12100,0.026845075
12101,0.0107356785
12102,0.06693829
12103,0.050346702
12104,0.08029743
12105,0.040427994
12106,0.0742981
12107,0.039255407
12108,0.051124696
12109,0.035532042
12110,0.080649555
12111,0.011481783
12112,0.032487195
12113,0.057757117
12114,0.032248486
12115,0.011253203
12116,0.0103184795
12117,0.022952875
12118,0.03545681
12119,0.050931774
12120,0.058623005
12121,0.07729099
12122,0.06928795
12123,0.2321234
12124,0.22699505
12125,0.07916369
12126,0.016720952
12127,0.06734003
12128,0.0121382335
12129,0.048771273
12130,0.040635727
12131,0.06620937
12132,0.03264425
12133,0.02159438
12134,0.045005735
12135,0.038056284
12136,0.012442659
12137,0.047605168
12138,0.06685993
12139,0.032339916
12140,0.050503135
12141,0.058557432
12142,0.013834001
12143,0.036703195
12144,0.07505891
12145,0.052812055
12146,0.07739956
12147,0.2859901
12148,0.06775583
12149,0.07654038
12150,0.052051827
12151,0.060073704
12152,0.057804298
12153,0.06674185
12154,0.0481565
12155,0.019566333
12156,0.36808756
12157,0.057498872
12158,0.064908475
12159,0.05115207
12160,0.06253632
12161,0.0184739
12162,0.027602432
12163,0.021159515
12164,0.037539568
12165,0.25018245
12166,0.054826703
12167,0.04228451
12168,0.073555924
12169,0.5822524
12170,0.06526149
12171,0.014776385
12172,0.22415806
12173,0.050069448
12174,0.09324713
12175,0.25053528
12176,0.055029627
12177,0.020157576
12178,0.043880854
12179,0.073910914
12180,0.08730251
12181,0.03796019
12182,0.08135096
12183,0.06727796
12184,0.058507033
12185,0.014908985
12186,0.015457784
12187,0.020426849
12188,0.0470266
12189,0.054648235
12190,0.015453329
12191,0.07897786
12192,0.082698606
12193,0.07864687
12194,0.064717546
12195,0.032405913
12196,0.07472673
12197,0.08085283
12198,0.23966129
12199,0.048870087
12200,0.04397574
12201,0.021660974
12202,0.055042487
12203,0.59648705
12204,0.03755069
12205,0.06777365
12206,0.52340317
12207,0.22509018
12208,0.013019278
12209,0.04038059
12210,0.048243176
12211,0.2192214
12212,0.24159376
12213,0.060673904
12214,0.06391092
12215,0.23858239
12216,0.23441042
12217,0.076928884
12218,0.08744955
12219,0.40130436
12220,0.064977616
12221,0.043867726
12222,0.06854806
12223,0.04799638
12224,0.25230932
12225,0.5076596
12226,0.0067438306
12227,0.04113415
12228,0.40106687
12229,0.015111701
12230,0.043251492
12231,0.24656773
12232,0.013440842
12233,0.044227403
12234,0.059344493
12235,0.016695369
12236,0.04041015
12237,0.007029992
12238,0.37319887
12239,0.04000643
12240,0.06036195
12241,0.23405741
12242,0.07776021
12243,0.24183239
12244,0.38772726
12245,0.24819416
12246,0.029063534
12247,0.24124917
12248,0.07213775
12249,0.23348197
12250,0.6787582
12251,0.52546245
12252,0.24836907
12253,0.024706036
12254,0.22446866
12255,0.030470166
12256,0.020192396
12257,0.011874339
12258,0.048982102
12259,0.008575586
12260,0.011297255
12261,0.03225462
12262,0.049512457
12263,0.06916334
12264,0.067077786
12265,0.07283809
12266,0.06635651
12267,0.22842242
12268,0.22913134
12269,0.028323648
12270,0.076565035
12271,0.08541704
12272,0.05126778
12273,0.631138
12274,0.6286919
12275,0.6399826
12276,0.02739048
12277,0.017061388
12278,0.066782385
12279,0.43618718
12280,0.06646671
12281,0.053791944
12282,0.010333248
12283,0.049041037
12284,0.05351198
12285,0.043413173
12286,0.012151511
12287,0.40129644
12288,0.017402362
12289,0.029967468
12290,0.07195062
12291,0.072606765
12292,0.043961525
12293,0.043552756
12294,0.2251435
12295,0.21752337
12296,0.026198348
12297,0.23340261
12298,0.07149411
12299,0.07234227
12300,0.52424055
12301,0.5605157
12302,0.64712363
12303,0.053322956
12304,0.027562933
12305,0.010069984
12306,0.3977877
12307,0.06785663
12308,0.357296
12309,0.040399265
12310,0.06940027
12311,0.018716956
12312,0.06755932
12313,0.07212873
12314,0.08063415
12315,0.07573951
12316,0.5109185
12317,0.4373227
12318,0.23237053
12319,0.22933768
12320,0.0638111
12321,0.05057089
12322,0.07748118
12323,0.04036048
12324,0.03324516
12325,0.02324768
12326,0.076582834
12327,0.08217605
12328,0.054291677
12329,0.073998004
12330,0.024989381
12331,0.6173178
12332,0.62423486
12333,0.63869834
12334,0.07827819
12335,0.04356689
12336,0.38062927
12337,0.012475139
12338,0.25452074
12339,0.027488772
12340,0.009861516
12341,0.015998611
12342,0.03431366
12343,0.067676894
12344,0.04344403
12345,0.36400774
12346,0.55742645
12347,0.05803281
12348,0.07008664
12349,0.06688349
12350,0.08491798
12351,0.058236208
12352,0.38824886
12353,0.07343431
12354,0.036175918
12355,0.06778926
12356,0.07274344
12357,0.07367305
12358,0.04364805
12359,0.022365937
12360,0.47059
12361,0.2570771
12362,0.23356718
12363,0.0613291
12364,0.076617464
12365,0.058589187
12366,0.24812925
12367,0.030855646
12368,0.04038902
12369,0.040556215
12370,0.018741617
12371,0.04017406
12372,0.04026658
12373,0.39359337
12374,0.77312315
12375,0.40261692
12376,0.24212238
12377,0.076761164
12378,0.24051481
12379,0.22697896
12380,0.51883847
12381,0.05229701
12382,0.0295427
12383,0.036600817
12384,0.03412929
12385,0.08103775
12386,0.07638479
12387,0.23081183
12388,0.263744
12389,0.25783688
12390,0.23675932
12391,0.58132803
12392,0.2252978
12393,0.017621297
12394,0.23176928
12395,0.24159376
12396,0.048902664
12397,0.086135715
12398,0.05337776
12399,0.035958044
12400,0.03523679
12401,0.04165331
12402,0.23011947
12403,0.3856772
12404,0.24254636
12405,0.46934065
12406,0.25195444
12407,0.08145412
12408,0.081452236
12409,0.37663308
12410,0.013479894
12411,0.08831701
12412,0.05997849
12413,0.043876775
12414,0.47895858
12415,0.24414445
12416,0.050754853
12417,0.5257133
12418,0.40567648
12419,0.06662137
12420,0.0710234
12421,0.06663971
12422,0.044177484
12423,0.011257197
12424,0.014084207
12425,0.029104447
12426,0.049745146
12427,0.06705551
12428,0.066890635
12429,0.07810527
12430,0.40962848
12431,0.54448205
12432,0.43571886
12433,0.40011847
12434,0.546626
12435,0.069057465
12436,0.058294605
12437,0.061397508
12438,0.08099954
12439,0.086760044
12440,0.0509401
12441,0.027981032
12442,0.053446602
12443,0.08064357
12444,0.0065638213
12445,0.041815933
12446,0.07257343
12447,0.021422697
12448,0.03858887
12449,0.019608703
12450,0.021343092
12451,0.010215363
12452,0.012517051
12453,0.0321085
12454,0.0577196
12455,0.04908702
12456,0.06255277
12457,0.22757873
12458,0.23117903
12459,0.39996168
12460,0.6868518
12461,0.6723683
12462,0.42798156
12463,0.075533055
12464,0.042865656
12465,0.020363556
12466,0.04391589
12467,0.07555595
12468,0.015134386
12469,0.03209417
12470,0.62696826
12471,0.043620422
12472,0.05192487
12473,0.043964442
12474,0.07098332
12475,0.038184263
12476,0.04348457
12477,0.017083272
12478,0.041929822
12479,0.014052423
12480,0.014558296
12481,0.027726209
12482,0.06723583
12483,0.072458655
12484,0.48253354
12485,0.4213511
12486,0.078972735
12487,0.6278265
12488,0.43348318
12489,0.510184
12490,0.07448605
12491,0.0073691863
12492,0.038388208
12493,0.032472104
12494,0.036321387
12495,0.04479783
12496,0.041119143
12497,0.03512091
12498,0.05351198
12499,0.46666595
12500,0.22446749
12501,0.4012757
12502,0.030757146
12503,0.07515224
12504,0.07753726
12505,0.077649936
12506,0.08859942
12507,0.04280461
12508,0.027851928
12509,0.01021681
12510,0.039885752
12511,0.08346773
12512,0.7057237
12513,0.0863608
12514,0.5998518
12515,0.3977397
12516,0.40000895
12517,0.2333976
12518,0.06735696
12519,0.041081287
12520,0.022134133
12521,0.012244106
12522,0.03774434
12523,0.030167388
12524,0.07832655
12525,0.07666945
12526,0.067077786
12527,0.40382743
12528,0.027522044
12529,0.05847229
12530,0.38198304
12531,0.037694264
12532,0.010593949
12533,0.011278265
12534,0.011089621
12535,0.075533055
12536,0.077694066
12537,0.030097656
12538,0.22506934
12539,0.23215039
12540,0.058061548
12541,0.07027392
12542,0.030034475
12543,0.0686062
12544,0.062448345
12545,0.03692697
12546,0.07837621
12547,0.07460288
12548,0.040261593
12549,0.027265621
12550,0.010609831
12551,0.22400908
12552,0.014871892
12553,0.069450065
12554,0.039306834
12555,0.032547347
12556,0.07853713
12557,0.033993647
12558,0.04103964
12559,0.01011742
12560,0.039624263
12561,0.23394115
12562,0.4126182
12563,0.48446032
12564,0.07471451
12565,0.018864583
12566,0.026923364
12567,0.04684123
12568,0.055137552
12569,0.08125017
12570,0.030943252
12571,0.015073005
12572,0.031153262
12573,0.01954438
12574,0.011876307
12575,0.059079602
12576,0.06833865
12577,0.38593936
12578,0.01380854
12579,0.017567843
12580,0.032097705
12581,0.057922885
12582,0.067624465
12583,0.45656523
12584,0.07584273
12585,0.0131221805
12586,0.077218056
12587,0.03622489
12588,0.014654165
12589,0.057940498
12590,0.07838245
12591,0.046751674
12592,0.0124089
12593,0.010884045
12594,0.016470006
12595,0.011121634
12596,0.093315735
12597,0.0153406495
12598,0.026218586
12599,0.0823705
12600,0.054122496
12601,0.038526464
12602,0.017063113
12603,0.027457837
12604,0.05198956
12605,0.35547936
12606,0.030374087
12607,0.0063242447
12608,0.018202338
12609,0.029223094
12610,0.039978523
12611,0.0514355
12612,0.084784254
12613,0.05341379
12614,0.23968922
12615,0.06931665
12616,0.02981971
12617,0.014945169
12618,0.043509763
12619,0.04451039
12620,0.028839897
12621,0.2504082
12622,0.017466508
12623,0.077959806
12624,0.017535103
12625,0.06629627
12626,0.043837603
12627,0.010333102
12628,0.011089621
12629,0.42966002
12630,0.6543547
12631,0.07492649
12632,0.068287484
12633,0.068563916
12634,0.044212144
12635,0.04165975
12636,0.23407944
12637,0.06380178
12638,0.073995665
12639,0.6804166
12640,0.018279113
12641,0.0621275
12642,0.01917894
12643,0.06407957
12644,0.062039364
12645,0.017289378
12646,0.08103105
12647,0.538564
12648,0.05885802
12649,0.08123919
12650,0.026120525
12651,0.05983505
12652,0.010301325
12653,0.021604063
12654,0.06290849
12655,0.028857902
12656,0.007772476
12657,0.024236392
12658,0.006583749
12659,0.04749264
12660,0.050433736
12661,0.018715294
12662,0.049470883
12663,0.016938759
12664,0.080576956
12665,0.040430646
12666,0.015068953
12667,0.032750305
12668,0.065877646
12669,0.07490817
12670,0.021139098
12671,0.049159843
12672,0.59512556
12673,0.05398426
12674,0.07142239
12675,0.043737307
12676,0.036547866
12677,0.043056216
12678,0.04328697
12679,0.013273655
12680,0.016891869
12681,0.25214988
12682,0.026997454
12683,0.0068872543
12684,0.008369426
12685,0.015404825
12686,0.043973573
12687,0.07249202
12688,0.010902129
12689,0.07727407
12690,0.04048547
12691,0.026854472
12692,0.04339934
12693,0.39837497
12694,0.027750887
12695,0.019471137
12696,0.019908033
12697,0.04108852
12698,0.03091118
12699,0.08470498
12700,0.05346404
12701,0.013652624
12702,0.015277246
12703,0.015139875
12704,0.053392954
12705,0.23039007
12706,0.0682093
12707,0.059463117
12708,0.053627044
12709,0.027550632
12710,0.04714649
12711,0.016870951
12712,0.2075719
12713,0.23544267
12714,0.07659529
12715,0.008260406
12716,0.010872323
12717,0.011781441
12718,0.032001443
12719,0.0140793845
12720,0.010665358
12721,0.016101528
12722,0.011804656
12723,0.0191996
12724,0.010151732
12725,0.015494976
12726,0.015109625
12727,0.01082242
12728,0.022852603
12729,0.04902671
12730,0.04427132
12731,0.07855628
12732,0.0070835655
12733,0.013108765
12734,0.010675912
12735,0.07956496
12736,0.08483803
12737,0.011111702
12738,0.019255206
12739,0.010940638
12740,0.02335724
12741,0.012122205
12742,0.010865412
12743,0.016855257
12744,0.01861189
12745,0.009071587
12746,0.014241661
12747,0.031189414
12748,0.0060310327
12749,0.010702299
12750,0.009712296
12751,0.052274603
12752,0.02728472
12753,0.041140012
12754,0.042889502
12755,0.01438012
12756,0.013015811
12757,0.009774053
12758,0.07382271
12759,0.026885381
12760,0.04312501
12761,0.010701795
12762,0.005664714
12763,0.01139563
12764,0.030595517
12765,0.011959003
12766,0.015593098
12767,0.06684594
12768,0.013839466
12769,0.0126429815
12770,0.08653276
12771,0.05295573
12772,0.053268164
12773,0.05433282
12774,0.06695216
12775,0.021677924
12776,0.011208495
12777,0.0073104636
12778,0.06499338
12779,0.015049035
12780,0.07319847
12781,0.009330737
12782,0.07870671
12783,0.017506508
12784,0.026945809
12785,0.032044124
12786,0.0318875
12787,0.027685745
12788,0.02767949
12789,0.011674652
12790,0.011883889
12791,0.032138437
12792,0.011113709
12793,0.063619114
12794,0.050510347
12795,0.03179118
12796,0.07710759
12797,0.017865874
12798,0.024555074
12799,0.006503341
12800,0.011134666
12801,0.015738636
12802,0.044498723
12803,0.018812798
12804,0.014671708
12805,0.026980214
12806,0.015740016
12807,0.032584716
12808,0.011330851
12809,0.030027207
12810,0.07281524
12811,0.078400396
12812,0.01843444
12813,0.06832419
12814,0.036685087
12815,0.052393418
12816,0.04340163
12817,0.05491351
12818,0.03460497
12819,0.038822062
12820,0.04445529
12821,0.040201806
12822,0.04211532
12823,0.07714465
12824,0.042619087
12825,0.038405564
12826,0.072780944
12827,0.04347952
12828,0.06880661
12829,0.043544464
12830,0.3968592
12831,0.4019498
12832,0.044300023
12833,0.014740457
12834,0.251098
12835,0.06663995
12836,0.43106246
12837,0.073161565
12838,0.08528121
12839,0.075547196
12840,0.040254865
12841,0.07323848
12842,0.03292964
12843,0.5473537
12844,0.07814074
12845,0.044437204
12846,0.23152795
12847,0.05865267
12848,0.029712962
12849,0.043582182
12850,0.036546502
12851,0.016661821
12852,0.014258995
12853,0.040844675
12854,0.08256477
12855,0.08031912
12856,0.4660805
12857,0.49107334
12858,0.043649074
12859,0.029079277
12860,0.23243521
12861,0.08341931
12862,0.021448687
12863,0.052393418
12864,0.042075433
12865,0.057973396
12866,0.07059775
12867,0.45305735
12868,0.079615064
12869,0.2297087
12870,0.47688553
12871,0.08177219
12872,0.5405368
12873,0.017247723
12874,0.054292735
12875,0.25327042
12876,0.049850963
12877,0.046285853
12878,0.035867892
12879,0.061593004
12880,0.02790429
12881,0.074777454
12882,0.08104145
12883,0.07342837
12884,0.034599762
12885,0.039901882
12886,0.06426466
12887,0.25508276
12888,0.043869186
12889,0.03233807
12890,0.052533384
12891,0.055413686
12892,0.06261808
12893,0.04040269
12894,0.04232647
12895,0.07440097
12896,0.027803648
12897,0.053817175
12898,0.083470434
12899,0.054341555
12900,0.106195405
12901,0.052953392
12902,0.039958354
12903,0.02462363
12904,0.01456131
12905,0.015271222
12906,0.50050837
12907,0.08099476
12908,0.06656817
12909,0.4791472
12910,0.5231829
12911,0.064576104
12912,0.049247123
12913,0.01858785
12914,0.021949606
12915,0.015268946
12916,0.008711419
12917,0.0375253
12918,0.051521882
12919,0.012339419
12920,0.061427843
12921,0.061549686
12922,0.07419868
12923,0.25950795
12924,0.46478158
12925,0.021760153
12926,0.043814022
12927,0.011313455
12928,0.010551532
12929,0.027170712
12930,0.037086032
12931,0.24407327
12932,0.01955824
12933,0.042549264
12934,0.011328904
12935,0.011512735
12936,0.059111655
12937,0.07682855
12938,0.44571218
12939,0.054130424
12940,0.06911068
12941,0.019904338
12942,0.021859257
12943,0.04169377
12944,0.05273183
12945,0.011492871
12946,0.029821744
12947,0.0124266185
12948,0.08149987
12949,0.095700346
12950,0.07369667
12951,0.07734853
12952,0.05357454
12953,0.03588839
12954,0.033070803
12955,0.030848382
12956,0.0368673
12957,0.0687654
12958,0.05054349
12959,0.2304746
12960,0.014386152
12961,0.036272142
12962,0.028268369
12963,0.018110951
12964,0.016047
12965,0.025225839
12966,0.0410689
12967,0.024529696
12968,0.058460277
12969,0.092752196
12970,0.25988418
12971,0.042883325
12972,0.0397742
12973,0.03792684
12974,0.073240414
12975,0.059379574
12976,0.014796534
12977,0.051577214
12978,0.03134892
12979,0.08052677
12980,0.027858915
12981,0.024819374
12982,0.032682516
12983,0.0073775006
12984,0.053394426
12985,0.05349359
12986,0.23442565
12987,0.22267964
12988,0.2271949
12989,0.053697452
12990,0.03942639
12991,0.018107466
12992,0.049648356
12993,0.04376216
12994,0.012544503
12995,0.08284917
12996,0.04448764
12997,0.5439588
12998,0.07608464
12999,0.07731276
13000,0.04911238
13001,0.047418926
13002,0.019994663
13003,0.017306305
13004,0.053452387
13005,0.028311474
13006,0.018126339
13007,0.018364668
13008,0.06398178
13009,0.043181423
13010,0.0609982
13011,0.05242538
13012,0.07366601
13013,0.22760594
13014,0.39650872
13015,0.053982187
13016,0.022444094
13017,0.065094195
13018,0.0160555
13019,0.040169906
13020,0.027060525
13021,0.010564684
13022,0.06746177
13023,0.050478596
13024,0.08092103
13025,0.040276535
13026,0.07382411
13027,0.03935188
13028,0.050861407
13029,0.036752366
13030,0.017678097
13031,0.018022161
13032,0.08264186
13033,0.01056322
13034,0.032365765
13035,0.058393974
13036,0.03328468
13037,0.012094762
13038,0.010970492
13039,0.023052378
13040,0.035459477
13041,0.051196437
13042,0.05869024
13043,0.0801693
13044,0.06832496
13045,0.23817232
13046,0.23112006
13047,0.0792855
13048,0.0123307295
13049,0.0683911
13050,0.048414897
13051,0.011234185
13052,0.041072223
13053,0.06669419
13054,0.032949142
13055,0.021767613
13056,0.04393011
13057,0.036220312
13058,0.013152174
13059,0.048293617
13060,0.06705863
13061,0.032814752
13062,0.022958612
13063,0.032816637
13064,0.05938257
13065,0.013468663
13066,0.036778513
13067,0.07773008
13068,0.05234844
13069,0.22830217
13070,0.28984797
13071,0.06945605
13072,0.07578566
13073,0.053782724
13074,0.060928788
13075,0.057919133
13076,0.06784623
13077,0.048473585
13078,0.01139065
13079,0.019904338
13080,0.4232019
13081,0.058317278
13082,0.06544102
13083,0.051377494
13084,0.06246174
13085,0.01828485
13086,0.027749304
13087,0.019366689
13088,0.021510338
13089,0.037930567
13090,0.08875847
13091,0.05523047
13092,0.043119837
13093,0.07465977
13094,0.57441187
13095,0.069204025
13096,0.015254187
13097,0.22500098
13098,0.050231267
13099,0.2479123
13100,0.0970251
13101,0.05506009
13102,0.020159148
13103,0.043826714
13104,0.07316654
13105,0.08686312
13106,0.040355355
13107,0.085524485
13108,0.06807049
13109,0.05879296
13110,0.015736384
13111,0.020582458
13112,0.047285553
13113,0.055046692
13114,0.015678095
13115,0.08250809
13116,0.08432823
13117,0.080557615
13118,0.06381688
13119,0.031940974
13120,0.076851785
13121,0.080865055
13122,0.24494454
13123,0.049169205
13124,0.0110081425
13125,0.04520704
13126,0.021716507
13127,0.056267254
13128,0.54220253
13129,0.03791757
13130,0.07485904
13131,0.46656626
13132,0.080621846
13133,0.013415264
13134,0.03961372
13135,0.048576914
13136,0.22819681
13137,0.23715468
13138,0.06097728
13139,0.06415926
13140,0.0878145
13141,0.08237566
13142,0.08157544
13143,0.09039301
13144,0.437038
13145,0.06433679
13146,0.01991648
13147,0.0439543
13148,0.06810715
13149,0.048409875
13150,0.25223908
13151,0.6185219
13152,0.0073928144
13153,0.041574117
13154,0.39337477
13155,0.015268546
13156,0.04326984
13157,0.25401586
13158,0.017274251
13159,0.045071367
13160,0.05967164
13161,0.01736282
13162,0.040487837
13163,0.00718852
13164,0.41283533
13165,0.040092777
13166,0.061633587
13167,0.2395943
13168,0.08143424
13169,0.24261788
13170,0.41157308
13171,0.38840026
13172,0.24910939
13173,0.07292026
13174,0.08168486
13175,0.6803658
13176,0.52250373
13177,0.51565105
13178,0.024586702
13179,0.23416072
13180,0.053994935
13181,0.020372704
13182,0.04918937
13183,0.009572621
13184,0.011540641
13185,0.032396086
13186,0.04977467
13187,0.06960049
13188,0.06956381
13189,0.0735629
13190,0.06816338
13191,0.23581035
13192,0.0746046
13193,0.028908918
13194,0.07805654
13195,0.23514654
13196,0.050544735
13197,0.50838286
13198,0.5434047
13199,0.6883729
13200,0.0074102157
13201,0.02793278
13202,0.017272683
13203,0.06780906
13204,0.53565973
13205,0.06300829
13206,0.053646382
13207,0.010661437
13208,0.049320508
13209,0.05414321
13210,0.044431753
13211,0.012056458
13212,0.3837094
13213,0.017522559
13214,0.029737368
13215,0.07384199
13216,0.07328919
13217,0.044117752
13218,0.0437881
13219,0.23378757
13220,0.39120245
13221,0.026731303
13222,0.2289184
13223,0.0745442
13224,0.07315749
13225,0.62772995
13226,0.6239783
13227,0.58340126
13228,0.015133054
13229,0.053793762
13230,0.026487969
13231,0.01058389
13232,0.39606282
13233,0.06820571
13234,0.23702857
13235,0.04054169
13236,0.068790846
13237,0.018965103
13238,0.070157945
13239,0.07329512
13240,0.08144227
13241,0.07766301
13242,0.46837518
13243,0.251576
13244,0.22896037
13245,0.08052057
13246,0.063778885
13247,0.051183674
13248,0.075249605
13249,0.03917521
13250,0.030709883
13251,0.023126174
13252,0.077889666
13253,0.08314578
13254,0.053818207
13255,0.07686434
13256,0.025037251
13257,0.5375927
13258,0.6208558
13259,0.5429498
13260,0.08092998
13261,0.043795742
13262,0.2326956
13263,0.25943595
13264,0.027744325
13265,0.017727226
13266,0.016178826
13267,0.03481058
13268,0.06831981
13269,0.04384555
13270,0.4142517
13271,0.59692156
13272,0.05799408
13273,0.06923781
13274,0.0672192
13275,0.08935844
13276,0.05873601
13277,0.4036223
13278,0.073332936
13279,0.03486722
13280,0.06929673
13281,0.07513736
13282,0.07524283
13283,0.043104764
13284,0.022525135
13285,0.54527915
13286,0.39756364
13287,0.090814516
13288,0.061378334
13289,0.07659303
13290,0.05868109
13291,0.25292218
13292,0.030198246
13293,0.04064276
13294,0.04078463
13295,0.017070796
13296,0.018534211
13297,0.04002349
13298,0.0402435
13299,0.23863904
13300,0.70419014
13301,0.24620607
13302,0.23681767
13303,0.07739818
13304,0.08228535
13305,0.08177887
13306,0.49565154
13307,0.051773418
13308,0.030128477
13309,0.037245102
13310,0.03259626
13311,0.08531565
13312,0.07723763
13313,0.23101297
13314,0.2661219
13315,0.24776211
13316,0.2428692
13317,0.5314795
13318,0.22738962
13319,0.017846286
13320,0.23313177
13321,0.23830636
13322,0.021140926
13323,0.04917717
13324,0.099904455
13325,0.053652357
13326,0.03528207
13327,0.03523066
13328,0.042213988
13329,0.2292144
13330,0.43240795
13331,0.25466403
13332,0.5419535
13333,0.25470805
13334,0.083488956
13335,0.22349462
13336,0.25199598
13337,0.014427225
13338,0.027573654
13339,0.08742901
13340,0.2104763
13341,0.044169974
13342,0.4980654
13343,0.24661727
13344,0.049660735
13345,0.54378134
13346,0.40327808
13347,0.0672095
13348,0.0745997
13349,0.066742264
13350,0.0443875
13351,0.011429839
13352,0.010508602
13353,0.01434065
13354,0.02911349
13355,0.04911997
13356,0.06792333
13357,0.06754338
13358,0.08261696
13359,0.39412636
13360,0.69835645
13361,0.43997553
13362,0.40335357
13363,0.57658935
13364,0.069252975
13365,0.058342136
13366,0.060985144
13367,0.08073423
13368,0.08591499
13369,0.05383911
13370,0.027372867
13371,0.053761415
13372,0.08087223
13373,0.006188683
13374,0.04172187
13375,0.07283545
13376,0.021799633
13377,0.03731191
13378,0.019493824
13379,0.021542907
13380,0.006654597
13381,0.012035754
13382,0.03230954
13383,0.058184355
13384,0.049494833
13385,0.062119268
13386,0.23378803
13387,0.22771563
13388,0.37301892
13389,0.7442486
13390,0.62413245
13391,0.41932434
13392,0.0748015
13393,0.043033533
13394,0.019984461
13395,0.044325937
13396,0.075725205
13397,0.014506399
13398,0.032933258
13399,0.55180496
13400,0.043835122
13401,0.0171939
13402,0.053065915
13403,0.043807093
13404,0.22536162
13405,0.038654502
13406,0.043914333
13407,0.04245541
13408,0.013741432
13409,0.014322316
13410,0.027585806
13411,0.06684014
13412,0.07340667
13413,0.48211175
13414,0.40339717
13415,0.08504401
13416,0.2159185
13417,0.38754198
13418,0.5392569
13419,0.22923023
13420,0.038767897
13421,0.03255178
13422,0.03597549
13423,0.04366204
13424,0.04076983
13425,0.03574186
13426,0.05342733
13427,0.44121823
13428,0.23085093
13429,0.41205245
13430,0.029928159
13431,0.074053414
13432,0.08049703
13433,0.07976052
13434,0.09154607
13435,0.0426761
13436,0.029965568
13437,0.010123823
13438,0.04045326
13439,0.08053412
13440,0.5753259
13441,0.40507582
13442,0.53350353
13443,0.36696225
13444,0.26061028
13445,0.24148229
13446,0.069989614
13447,0.04134136
13448,0.012067272
13449,0.038039494
13450,0.030477379
13451,0.080622196
13452,0.078995794
13453,0.065980256
13454,0.24875528
13455,0.02799707
13456,0.058825336
13457,0.011329595
13458,0.25018817
13459,0.040169906
13460,0.011756107
13461,0.07576984
13462,0.23127149
13463,0.030225588
13464,0.006315184
13465,0.07789326
13466,0.07514963
13467,0.058172084
13468,0.07037273
13469,0.030164285
13470,0.06815014
13471,0.060481098
13472,0.034751497
13473,0.07800179
13474,0.07629458
13475,0.04076797
13476,0.010677023
13477,0.40820837
13478,0.011771159
13479,0.014783295
13480,0.06972721
13481,0.039907485
13482,0.032547727
13483,0.08130242
13484,0.034533612
13485,0.04143796
13486,0.010392768
13487,0.039443377
13488,0.08273639
13489,0.44046465
13490,0.48688826
13491,0.07552214
13492,0.011726892
13493,0.018555185
13494,0.0285156
13495,0.047503095
13496,0.054735202
13497,0.08388511
13498,0.01384026
13499,0.031108527
13500,0.014905477
13501,0.030858055
13502,0.018378962
13503,0.012171173
13504,0.0589408
13505,0.06743858
13506,0.4190372
13507,0.013771361
13508,0.017158084
13509,0.032674644
13510,0.058172084
13511,0.06895952
13512,0.5035735
13513,0.07680794
13514,0.01257301
13515,0.082706794
13516,0.036044594
13517,0.058340907
13518,0.08084687
13519,0.04797624
13520,0.011310351
13521,0.016950518
13522,0.011246196
13523,0.09157893
13524,0.031246498
13525,0.0149264475
13526,0.026289005
13527,0.084973976
13528,0.05389878
13529,0.03680402
13530,0.017038459
13531,0.028332625
13532,0.05269085
13533,0.39071107
13534,0.030571535
13535,0.018640436
13536,0.03014455
13537,0.0404252
13538,0.051742226
13539,0.0843344
13540,0.05303501
13541,0.086412184
13542,0.06893374
13543,0.030038226
13544,0.015061063
13545,0.044095963
13546,0.0448391
13547,0.029130908
13548,0.2520071
13549,0.07903693
13550,0.017823605
13551,0.066582836
13552,0.04394392
13553,0.010520701
13554,0.011309602
13555,0.43336228
13556,0.69633365
13557,0.07714649
13558,0.06786013
13559,0.013910615
13560,0.06770691
13561,0.04412547
13562,0.041745216
13563,0.22080535
13564,0.06400815
13565,0.072730996
13566,0.66678303
13567,0.018224047
13568,0.061293513
13569,0.015595667
13570,0.06470796
13571,0.062012084
13572,0.017467376
13573,0.0365084
13574,0.0842074
13575,0.529425
13576,0.059275508
13577,0.23256856
13578,0.026492076
13579,0.018013157
13580,0.060945183
13581,0.021358492
13582,0.06255335
13583,0.029542848
13584,0.023638422
13585,0.04817918
13586,0.04917865
13587,0.026734052
13588,0.018722268
13589,0.050301418
13590,0.01712673
13591,0.08336416
13592,0.04066358
13593,0.015190774
13594,0.032299932
13595,0.06655473
13596,0.07473198
13597,0.021850063
13598,0.04967777
13599,0.590138
13600,0.0551442
13601,0.2334933
13602,0.035385482
13603,0.042979013
13604,0.04366573
13605,0.4387178
13606,0.026878407
13607,0.014559722
13608,0.0089040315
13609,0.015645128
13610,0.043824594
13611,0.073734604
13612,0.019643886
13613,0.07553111
13614,0.041411493
13615,0.02682196
13616,0.04407732
13617,0.38955492
13618,0.027756272
13619,0.019921366
13620,0.0101333335
13621,0.02008274
13622,0.041718807
13623,0.031166274
13624,0.087131225
13625,0.054247387
13626,0.014417168
13627,0.015024273
13628,0.0152174
13629,0.054889433
13630,0.0810738
13631,0.06896152
13632,0.06064302
13633,0.052973386
13634,0.027458478
13635,0.047180828
13636,0.017117249
13637,0.20383479
13638,0.23743553
13639,0.07911038
13640,0.03212109
13641,0.0143675525
13642,0.01159263
13643,0.01607001
13644,0.012382027
13645,0.019119171
13646,0.009917394
13647,0.015187793
13648,0.015362156
13649,0.022781229
13650,0.04982936
13651,0.044719778
13652,0.07911468
13653,0.013247005
13654,0.23554789
13655,0.010459675
13656,0.25565976
13657,0.011338102
13658,0.018967198
13659,0.02620028
13660,0.0123241
13661,0.011506943
13662,0.016995035
13663,0.018712116
13664,0.014329423
13665,0.031573277
13666,0.014424175
13667,0.01062567
13668,0.052416913
13669,0.027985618
13670,0.041653138
13671,0.043009233
13672,0.014916435
13673,0.0127520105
13674,0.013073519
13675,0.07412938
13676,0.027298579
13677,0.044295073
13678,0.009619006
13679,0.0068452084
13680,0.01151717
13681,0.005699071
13682,0.032332722
13683,0.015638864
13684,0.06637285
13685,0.01404672
13686,0.09472371
13687,0.05311312
13688,0.054480407
13689,0.053666275
13690,0.014113015
13691,0.06644135
13692,0.02121168
13693,0.011718242
13694,0.06407739
13695,0.015436203
13696,0.074117355
13697,0.08003948
13698,0.017266912
13699,0.032933258
13700,0.032354463
13701,0.02780331
13702,0.0120314695
13703,0.011976388
13704,0.008708754
13705,0.01108219
13706,0.032325987
13707,0.011266645
13708,0.06382329
13709,0.04777262
13710,0.032324187
13711,0.085798346
13712,0.016181814
13713,0.017874246
13714,0.024459884
13715,0.030481571
13716,0.006778485
13717,0.015372339
13718,0.044336382
13719,0.019157123
13720,0.014062591
13721,0.026800841
13722,0.015607568
13723,0.03269047
13724,0.011756152
13725,0.01599434
13726,0.030055651
13727,0.07614405
13728,0.07994917
13729,0.01845794
13730,0.06837141
13731,0.019690411
13732,0.03686068
13733,0.053335674
13734,0.04351129
13735,0.057900384
13736,0.037135784
13737,0.045136772
13738,0.0505113
13739,0.039061453
13740,0.041508496
13741,0.08440244
13742,0.043682538
13743,0.037345637
13744,0.027774563
13745,0.038298383
13746,0.07622495
13747,0.04417638
13748,0.07046537
13749,0.044103928
13750,0.09526226
13751,0.39148247
13752,0.020488037
13753,0.013890273
13754,0.2682846
13755,0.0701632
13756,0.11164657
13757,0.07875619
13758,0.09623868
13759,0.01815348
13760,0.014735302
13761,0.08500289
13762,0.03295809
13763,0.62984717
13764,0.079057105
13765,0.04193556
13766,0.24570096
13767,0.060637128
13768,0.029733371
13769,0.021793425
13770,0.04446501
13771,0.03704469
13772,0.015898503
13773,0.014244836
13774,0.042073973
13775,0.09069695
13776,0.08954894
13777,0.5282217
13778,0.5927517
13779,0.044192456
13780,0.0941601
13781,0.24771641
13782,0.021094939
13783,0.054038074
13784,0.042113915
13785,0.06031781
13786,0.072076306
13787,0.44968924
13788,0.09239178
13789,0.4297458
13790,0.52521235
13791,0.021814503
13792,0.46627736
13793,0.051425215
13794,0.26387566
13795,0.049652033
13796,0.04789008
13797,0.036095385
13798,0.06428443
13799,0.027611705
13800,0.078307286
13801,0.09108911
13802,0.07601514
13803,0.040295146
13804,0.06673985
13805,0.28269523
13806,0.044415265
13807,0.03192599
13808,0.052616812
13809,0.056998655
13810,0.07016944
13811,0.03248145
13812,0.0401062
13813,0.0438298
13814,0.08009198
13815,0.02759082
13816,0.055081997
13817,0.117281646
13818,0.2676105
13819,0.023351237
13820,0.03949379
13821,0.023778114
13822,0.5239768
13823,0.09299275
13824,0.0699658
13825,0.2779812
13826,0.26445875
13827,0.06573269
13828,0.048951417
13829,0.018308803
13830,0.021484042
13831,0.007790009
13832,0.037783813
13833,0.009942175
13834,0.05165301
13835,0.06827479
13836,0.06308048
13837,0.08059701
13838,0.1099437
13839,0.5424783
13840,0.017421786
13841,0.02082214
13842,0.044217676
13843,0.011201749
13844,0.009506247
13845,0.032133024
13846,0.027286831
13847,0.035628103
13848,0.3730737
13849,0.019222768
13850,0.04362966
13851,0.059915937
13852,0.090877615
13853,0.49929002
13854,0.008254611
13855,0.05415608
13856,0.07282163
13857,0.020835381
13858,0.041064147
13859,0.054849617
13860,0.010768922
13861,0.017326172
13862,0.028489515
13863,0.089409776
13864,0.109582074
13865,0.07936999
13866,0.08019289
13867,0.056175347
13868,0.011443656
13869,0.036739767
13870,0.030902643
13871,0.030372232
13872,0.03596343
13873,0.07217319
13874,0.051350843
13875,0.22471003
13876,0.012860451
13877,0.037510715
13878,0.028569091
13879,0.017536482
13880,0.014686357
13881,0.024107212
13882,0.0404152
13883,0.05135147
13884,0.022018544
13885,0.060325373
13886,0.28140536
13887,0.28350592
13888,0.043130692
13889,0.039646816
13890,0.036644235
13891,0.07997849
13892,0.060885962
13893,0.014888722
13894,0.052882086
13895,0.031056946
13896,0.10352911
13897,0.027905403
13898,0.022365654
13899,0.030827476
13900,0.0069270954
13901,0.05488088
13902,0.05475661
13903,0.2412419
13904,0.2304693
13905,0.23539072
13906,0.055084813
13907,0.039512802
13908,0.018001007
13909,0.050775275
13910,0.042883687
13911,0.0110656805
13912,0.09550321
13913,0.044268135
13914,0.6180461
13915,0.08411852
13916,0.08431306
13917,0.049064353
13918,0.04785433
13919,0.018665807
13920,0.016775835
13921,0.012674336
13922,0.055541415
13923,0.028680213
13924,0.017612241
13925,0.0178898
13926,0.06654553
13927,0.043556165
13928,0.0629239
13929,0.053305056
13930,0.07951148
13931,0.24006405
13932,0.1759172
13933,0.056502685
13934,0.02190918
13935,0.06899036
13936,0.015771165
13937,0.040394746
13938,0.0073713465
13939,0.027034398
13940,0.069088
13941,0.05172044
13942,0.09110526
13943,0.039193682
13944,0.080039024
13945,0.037270747
13946,0.052269887
13947,0.036041267
13948,0.01704697
13949,0.017484626
13950,0.09273267
13951,0.032335244
13952,0.059847567
13953,0.032531187
13954,0.009694186
13955,0.022138173
13956,0.035704147
13957,0.051849507
13958,0.059745364
13959,0.09344351
13960,0.07052223
13961,0.24422936
13962,0.24002421
13963,0.092015356
13964,0.011857942
13965,0.071023636
13966,0.049377486
13967,0.010137394
13968,0.042415243
13969,0.06509959
13970,0.032269493
13971,0.020063033
13972,0.044761542
13973,0.038449053
13974,0.04911898
13975,0.064810336
13976,0.032664992
13977,0.052146133
13978,0.022970207
13979,0.032131344
13980,0.014282472
13981,0.05990404
13982,0.012104353
13983,0.0372531
13984,0.083184294
13985,0.052606363
13986,0.09045892
13987,0.30357096
13988,0.07105826
13989,0.08367482
13990,0.05313043
13991,0.06233885
13992,0.060474362
13993,0.069047906
13994,0.049427584
13995,0.0103413975
13996,0.019477263
13997,0.2673731
13998,0.059337515
13999,0.06868013
14000,0.052792028
14001,0.064008385
14002,0.019398738
14003,0.020695912
14004,0.038040876
14005,0.10828861
14006,0.05680128
14007,0.043257285
14008,0.07921533
14009,0.6408735
14010,0.06956373
14011,0.013515779
14012,0.23211733
14013,0.052870397
14014,0.26010433
14015,0.11163997
14016,0.058093823
14017,0.044252515
14018,0.079116456
14019,0.092615984
14020,0.040452696
14021,0.10502847
14022,0.07150283
14023,0.057256073
14024,0.015084658
14025,0.018896153
14026,0.046540286
14027,0.055955738
14028,0.013721089
14029,0.09529146
14030,0.09660075
14031,0.0968572
14032,0.065578364
14033,0.032192294
14034,0.080720104
14035,0.23359112
14036,0.26549193
14037,0.04802314
14038,0.010629689
14039,0.044904668
14040,0.021311756
14041,0.009823425
14042,0.056785706
14043,0.6248376
14044,0.036644235
14045,0.08464017
14046,0.5064701
14047,0.2340368
14048,0.013069828
14049,0.017689154
14050,0.039913163
14051,0.048167296
14052,0.23113169
14053,0.25614664
14054,0.06188344
14055,0.06819866
14056,0.09322656
14057,0.096984036
14058,0.09618201
14059,0.12283202
14060,0.40296575
14061,0.056299813
14062,0.04463488
14063,0.07214315
14064,0.047757447
14065,0.27026227
14066,0.67563426
14067,0.0073796865
14068,0.041625705
14069,0.40518266
14070,0.0134982355
14071,0.04353683
14072,0.27611804
14073,0.043630086
14074,0.060928263
14075,0.016440965
14076,0.037704512
14077,0.4142365
14078,0.039907485
14079,0.06292238
14080,0.24387996
14081,0.24006405
14082,0.28033274
14083,0.41984114
14084,0.41227692
14085,0.028836392
14086,0.419938
14087,0.23443289
14088,0.23780261
14089,0.62163675
14090,0.4479708
14091,0.45449278
14092,0.024851438
14093,0.23984562
14094,0.054830804
14095,0.027362801
14096,0.010491096
14097,0.04891456
14098,0.009097819
14099,0.010120545
14100,0.031875033
14101,0.05004497
14102,0.07116139
14103,0.06983509
14104,0.07869004
14105,0.06961585
14106,0.2416632
14107,0.07876806
14108,0.027003324
14109,0.08744568
14110,0.24376258
14111,0.016967129
14112,0.051410727
14113,0.75308424
14114,0.6694671
14115,0.69930893
14116,0.007099472
14117,0.027380835
14118,0.017102692
14119,0.07168405
14120,0.54370517
14121,0.06907692
14122,0.053789556
14123,0.009710361
14124,0.05046801
14125,0.05609672
14126,0.044427786
14127,0.01160759
14128,0.429175
14129,0.016490765
14130,0.029993195
14131,0.0791192
14132,0.07968528
14133,0.04450821
14134,0.04453292
14135,0.24145155
14136,0.2231152
14137,0.026446559
14138,0.09206003
14139,0.07886555
14140,0.07973678
14141,0.76116496
14142,0.77328265
14143,0.7033957
14144,0.013674792
14145,0.054965056
14146,0.028010765
14147,0.009205813
14148,0.43169644
14149,0.07235259
14150,0.25841784
14151,0.039225176
14152,0.070743844
14153,0.018197631
14154,0.07325916
14155,0.07887331
14156,0.09774505
14157,0.089966975
14158,0.52820975
14159,0.5222601
14160,0.24025112
14161,0.0925997
14162,0.06807853
14163,0.05207664
14164,0.081506476
14165,0.041045226
14166,0.032796916
14167,0.022140574
14168,0.088503845
14169,0.09439495
14170,0.055803593
14171,0.07885791
14172,0.024861217
14173,0.64061993
14174,0.82784724
14175,0.7666427
14176,0.090951204
14177,0.044731684
14178,0.093205765
14179,0.3854904
14180,0.026476666
14181,0.016769705
14182,0.01393195
14183,0.03451545
14184,0.070815064
14185,0.045015585
14186,0.40239522
14187,0.7091814
14188,0.06064249
14189,0.07224539
14190,0.06388859
14191,0.09862112
14192,0.060004283
14193,0.40902525
14194,0.077482365
14195,0.036007326
14196,0.06815566
14197,0.07863875
14198,0.076207556
14199,0.04228548
14200,0.02236845
14201,0.4887336
14202,0.27082622
14203,0.095674805
14204,0.06364962
14205,0.081652775
14206,0.06227721
14207,0.28355214
14208,0.030019082
14209,0.040893666
14210,0.041047145
14211,0.016737772
14212,0.016553193
14213,0.040634967
14214,0.039307732
14215,0.3789504
14216,0.7082659
14217,0.2680464
14218,0.2663496
14219,0.082127154
14220,0.09068864
14221,0.24070598
14222,0.52638394
14223,0.053279616
14224,0.028665733
14225,0.03701548
14226,0.032551937
14227,0.23668672
14228,0.22956903
14229,0.088661276
14230,0.5063332
14231,0.2676052
14232,0.23700345
14233,0.9343857
14234,0.24181697
14235,0.017532822
14236,0.23645142
14237,0.24475934
14238,0.020222994
14239,0.049010176
14240,0.2693802
14241,0.010607244
14242,0.054977074
14243,0.03554209
14244,0.03542517
14245,0.040918514
14246,0.09596085
14247,0.42659208
14248,0.2617132
14249,0.5314628
14250,0.43776616
14251,0.09283352
14252,0.23701213
14253,0.26709655
14254,0.027063295
14255,0.09759445
14256,0.061785486
14257,0.044839427
14258,0.43114838
14259,0.2680066
14260,0.049239952
14261,0.49602583
14262,0.39945456
14263,0.0066229296
14264,0.06714213
14265,0.08020698
14266,0.069931775
14267,0.04440941
14268,0.0097384835
14269,0.013266154
14270,0.028835764
14271,0.049865283
14272,0.06964475
14273,0.06971324
14274,0.09002375
14275,0.42361623
14276,0.7356816
14277,0.43200266
14278,0.2784078
14279,0.55033857
14280,0.07187517
14281,0.01856722
14282,0.060382664
14283,0.06357404
14284,0.08913643
14285,0.107117884
14286,0.05528493
14287,0.028168796
14288,0.054977395
14289,0.089759
14290,0.03845781
14291,0.07798496
14292,0.020179244
14293,0.036975406
14294,0.006615684
14295,0.010539839
14296,0.031201351
14297,0.05962589
14298,0.05046603
14299,0.06396027
14300,0.24522848
14301,0.08915626
14302,0.37711537
14303,0.7345596
14304,0.70730853
14305,0.38468632
14306,0.08095131
14307,0.017774342
14308,0.043682538
14309,0.08314612
14310,0.015067044
14311,0.031950284
14312,0.57319814
14313,0.04420816
14314,0.017110322
14315,0.05265666
14316,0.041536655
14317,0.07594635
14318,0.037847612
14319,0.04420571
14320,0.015670437
14321,0.042295817
14322,0.012580384
14323,0.013941582
14324,0.027931858
14325,0.06866864
14326,0.07956679
14327,0.5485281
14328,0.40351123
14329,0.089934014
14330,0.64489084
14331,0.3919933
14332,0.53677934
14333,0.2347962
14334,0.03892056
14335,0.032820504
14336,0.03504667
14337,0.044087466
14338,0.04192948
14339,0.055732053
14340,0.508793
14341,0.07051867
14342,0.41988146
14343,0.028773006
14344,0.079873
14345,0.08974912
14346,0.09228135
14347,0.24801512
14348,0.04229516
14349,0.028810415
14350,0.009373944
14351,0.04056492
14352,0.091135375
14353,0.6832866
14354,0.41890052
14355,0.5465973
14356,0.4119097
14357,0.39559287
14358,0.09244263
14359,0.070145346
14360,0.041480035
14361,0.022431023
14362,0.038249288
14363,0.030074822
14364,0.095187195
14365,0.09253316
14366,0.06937325
14367,0.2783933
14368,0.02638496
14369,0.061305497
14370,0.010908923
14371,0.26608732
14372,0.040031467
14373,0.009779622
14374,0.010993208
14375,0.08475002
14376,0.2344697
14377,0.029993193
14378,0.38868237
14379,0.23961988
14380,0.060979225
14381,0.07444651
14382,0.028838972
14383,0.071486555
14384,0.064413175
14385,0.03572496
14386,0.09375545
14387,0.08748955
14388,0.0404301
14389,0.009839415
14390,0.22832568
14391,0.012045432
14392,0.0712498
14393,0.032526538
14394,0.09328698
14395,0.03408696
14396,0.041966934
14397,0.007115258
14398,0.04055177
14399,0.088451006
14400,0.41860414
14401,0.49782944
14402,0.08396302
14403,0.018136648
14404,0.028274244
14405,0.047867
14406,0.05578034
14407,0.09228949
14408,0.013904464
14409,0.031471614
14410,0.014292148
14411,0.031374197
14412,0.0115190325
14413,0.027112752
14414,0.06114383
14415,0.069615215
14416,0.4048373
14417,0.013958955
14418,0.016732316
14419,0.031299185
14420,0.06112543
14421,0.070844084
14422,0.45732248
14423,0.083973885
14424,0.012508365
14425,0.2397363
14426,0.033447754
14427,0.058155835
14428,0.09442363
14429,0.048092563
14430,0.016102217
14431,0.2691117
14432,0.01431304
14433,0.027334735
14434,0.09817141
14435,0.05518108
14436,0.03754764
14437,0.01608176
14438,0.027654242
14439,0.053809494
14440,0.3984303
14441,0.0273618
14442,0.01591018
14443,0.039483342
14444,0.052792028
14445,0.24416809
14446,0.054384023
14447,0.09160045
14448,0.068989776
14449,0.029659577
14450,0.013762274
14451,0.044392597
14452,0.044074945
14453,0.02993553
14454,0.26545075
14455,0.017684596
14456,0.087982
14457,0.06924581
14458,0.045210727
14459,0.010109207
14460,0.011127323
14461,0.50405604
14462,0.76052254
14463,0.22904968
14464,0.071083575
14465,0.013972821
14466,0.07130993
14467,0.044921402
14468,0.04044999
14469,0.07081269
14470,0.066912554
14471,0.07498482
14472,0.84992546
14473,0.0634384
14474,0.067332365
14475,0.06403392
14476,0.034807704
14477,0.09198825
14478,0.2895355
14479,0.062317766
14480,0.09297988
14481,0.025989426
14482,0.017386366
14483,0.062251553
14484,0.02147839
14485,0.06518426
14486,0.029364506
14487,0.02324472
14488,0.006357844
14489,0.048498165
14490,0.051669095
14491,0.027456854
14492,0.048979606
14493,0.016311402
14494,0.09194079
14495,0.040523145
14496,0.014598198
14497,0.033387452
14498,0.0682525
14499,0.079920925
14500,0.021416636
14501,0.024697853
14502,0.050133396
14503,0.68138117
14504,0.05441535
14505,0.07605023
14506,0.04420816
14507,0.036824126
14508,0.04226843
14509,0.04322211
14510,0.01279627
14511,0.016953409
14512,0.28223556
14513,0.026719524
14514,0.014952648
14515,0.044244923
14516,0.2307474
14517,0.019292967
14518,0.011045187
14519,0.08312698
14520,0.04042874
14521,0.026475944
14522,0.04302636
14523,0.40263247
14524,0.027737217
14525,0.01799166
14526,0.009855184
14527,0.041537926
14528,0.030897606
14529,0.09451249
14530,0.053723227
14531,0.014941871
14532,0.013585361
14533,0.055945
14534,0.08709193
14535,0.07096501
14536,0.061047968
14537,0.05479587
14538,0.026958294
14539,0.047651708
14540,0.055481255
14541,0.2587492
14542,0.09782039
14543,0.032079585
14544,0.013935185
14545,0.011803014
14546,0.015762484
14547,0.0109737255
14548,0.018805927
14549,0.010016449
14550,0.010754212
14551,0.014968916
14552,0.02311292
14553,0.049867496
14554,0.04507744
14555,0.08436445
14556,0.013074712
14557,0.09387218
14558,0.008988707
14559,0.10554174
14560,0.0099582225
14561,0.019386107
14562,0.025690718
14563,0.0116625065
14564,0.010294782
14565,0.016754981
14566,0.01853491
14567,0.0076927105
14568,0.0142031
14569,0.012602426
14570,0.012978559
14571,0.014205583
14572,0.05383439
14573,0.004825522
14574,0.027519593
14575,0.041653577
14576,0.042353656
14577,0.019248918
14578,0.009700153
14579,0.07809769
14580,0.027079541
14581,0.04412531
14582,0.011041598
14583,0.031926475
14584,0.011600982
14585,0.015337327
14586,0.07038325
14587,0.010980094
14588,0.112897314
14589,0.05382782
14590,0.05548791
14591,0.05566355
14592,0.06873195
14593,0.020575617
14594,0.009756576
14595,0.06574289
14596,0.014205764
14597,0.07882647
14598,0.008802941
14599,0.08958283
14600,0.027060788
14601,0.030880336
14602,0.032282516
14603,0.027863437
14604,0.02654639
14605,0.013123293
14606,0.01157645
14607,0.010900554
14608,0.03203375
14609,0.0107430015
14610,0.011054369
14611,0.0650591
14612,0.05169337
14613,0.03088196
14614,0.09996786
14615,0.01374477
14616,0.017477162
14617,0.021308528
14618,0.029078325
14619,0.0060568736
14620,0.015209087
14621,0.044691615
14622,0.01812052
14623,0.013356879
14624,0.027140241
14625,0.015516177
14626,0.0324057
14627,0.01058914
14628,0.029877817
14629,0.08456917
14630,0.09262254
14631,0.07261004
14632,0.019341648
14633,0.022033922
14634,0.05419681
14635,0.030979685
14636,0.043936547
14637,0.056489367
14638,0.03866625
14639,0.04477634
14640,0.043220427
14641,0.22436371
14642,0.04436455
14643,0.03885497
14644,0.03288828
14645,0.07955092
14646,0.04465475
14647,0.071549945
14648,0.04396546
14649,0.243636
14650,0.38495678
14651,0.021496018
14652,0.044906437
14653,0.2544246
14654,0.06915689
14655,0.10203351
14656,0.22309218
14657,0.093212985
14658,0.06113119
14659,0.019454513
14660,0.008321045
14661,0.041816432
14662,0.07360761
14663,0.5981032
14664,0.22580965
14665,0.04466402
14666,0.39097685
14667,0.059713114
14668,0.013455142
14669,0.02940412
14670,0.023204336
14671,0.044984557
14672,0.03702189
14673,0.014397097
14674,0.041666895
14675,0.08614296
14676,0.08937381
14677,0.47839049
14678,0.5660366
14679,0.06951033
14680,0.23416437
14681,0.090556026
14682,0.02003338
14683,0.053630583
14684,0.04229613
14685,0.060565688
14686,0.073088326
14687,0.5028072
14688,0.0851829
14689,0.08920144
14690,0.46705484
14691,0.08550052
14692,0.022577174
14693,0.4930752
14694,0.055027634
14695,0.24818824
14696,0.04982988
14697,0.03591469
14698,0.06271072
14699,0.028070023
14700,0.07701087
14701,0.08401607
14702,0.07498807
14703,0.065294944
14704,0.2525659
14705,0.04449251
14706,0.014675234
14707,0.032698795
14708,0.05484537
14709,0.057324134
14710,0.06858832
14711,0.03259206
14712,0.04099238
14713,0.043533012
14714,0.07716972
14715,0.028078435
14716,0.09150727
14717,0.24995461
14718,0.024260717
14719,0.039259687
14720,0.024950445
14721,0.0111048175
14722,0.4395192
14723,0.083728135
14724,0.06970113
14725,0.53706604
14726,0.255056
14727,0.06594342
14728,0.05057826
14729,0.02175175
14730,0.00853517
14731,0.038568042
14732,0.011442138
14733,0.051979013
14734,0.067766055
14735,0.062872395
14736,0.07788708
14737,0.09432554
14738,0.4718851
14739,0.3799244
14740,0.04421681
14741,0.01065745
14742,0.03216283
14743,0.02750941
14744,0.037740983
14745,0.3769825
14746,0.019388277
14747,0.043631975
14748,0.059699915
14749,0.044234313
14750,0.07986456
14751,0.50941944
14752,0.054872107
14753,0.07128696
14754,0.019517774
14755,0.021868533
14756,0.04218178
14757,0.056015935
14758,0.011335129
14759,0.017787902
14760,0.030039424
14761,0.08483901
14762,0.10003633
14763,0.07391965
14764,0.08017246
14765,0.055070393
14766,0.0111886235
14767,0.037922252
14768,0.03294749
14769,0.030431727
14770,0.036572497
14771,0.07121222
14772,0.0511053
14773,0.22937188
14774,0.014215019
14775,0.037199337
14776,0.02811486
14777,0.017587282
14778,0.015726276
14779,0.025199983
14780,0.04145437
14781,0.022223853
14782,0.025169369
14783,0.059233103
14784,0.26000273
14785,0.26399326
14786,0.043402523
14787,0.039987765
14788,0.037902195
14789,0.07413948
14790,0.060015883
14791,0.015377768
14792,0.053409457
14793,0.015419935
14794,0.031066693
14795,0.08832729
14796,0.027966382
14797,0.025081828
14798,0.032441486
14799,0.006998755
14800,0.054878745
14801,0.056132462
14802,0.23351353
14803,0.080432266
14804,0.23338269
14805,0.055284895
14806,0.03999993
14807,0.018297749
14808,0.050227433
14809,0.044765577
14810,0.012993146
14811,0.01199842
14812,0.08198377
14813,0.044160258
14814,0.53744304
14815,0.078471564
14816,0.022608625
14817,0.07994206
14818,0.049045116
14819,0.047686797
14820,0.01979917
14821,0.055692933
14822,0.010261964
14823,0.017826958
14824,0.018817483
14825,0.06697093
14826,0.043435846
14827,0.06295474
14828,0.05310368
14829,0.07521145
14830,0.22954166
14831,0.41787422
14832,0.05652397
14833,0.022554316
14834,0.06716094
14835,0.019893944
14836,0.04038877
14837,0.00887846
14838,0.027905189
14839,0.06983834
14840,0.05132398
14841,0.08614399
14842,0.041690532
14843,0.07762315
14844,0.03974949
14845,0.051528327
14846,0.036086287
14847,0.08445977
14848,0.032589458
14849,0.059695434
14850,0.03265526
14851,0.015056598
14852,0.011781775
14853,0.023122545
14854,0.036116716
14855,0.052307818
14856,0.059515838
14857,0.22981088
14858,0.0715113
14859,0.23901993
14860,0.08491187
14861,0.08234313
14862,0.013001139
14863,0.070429206
14864,0.011966538
14865,0.047104858
14866,0.042329587
14867,0.0688756
14868,0.032901242
14869,0.021668421
14870,0.04470217
14871,0.037985574
14872,0.0496673
14873,0.070072666
14874,0.032894272
14875,0.051495574
14876,0.022829417
14877,0.018912937
14878,0.059804384
14879,0.014349486
14880,0.037356287
14881,0.07801134
14882,0.053354185
14883,0.23355396
14884,0.28757727
14885,0.07039186
14886,0.07870586
14887,0.054110672
14888,0.0622589
14889,0.05996763
14890,0.06979932
14891,0.049223535
14892,0.019602347
14893,0.39260066
14894,0.060025875
14895,0.06773098
14896,0.061768886
14897,0.027875055
14898,0.01984482
14899,0.021852627
14900,0.038357332
14901,0.0998681
14902,0.05460451
14903,0.044148147
14904,0.07569527
14905,0.5638305
14906,0.06718944
14907,0.014856278
14908,0.23131084
14909,0.051229678
14910,0.24422142
14911,0.096512176
14912,0.058121428
14913,0.044360157
14914,0.075159684
14915,0.23845796
14916,0.041100793
14917,0.09264405
14918,0.06967152
14919,0.06108252
14920,0.016032577
14921,0.015718352
14922,0.048057813
14923,0.05673412
14924,0.015400342
14925,0.08487719
14926,0.08647264
14927,0.08656431
14928,0.06698062
14929,0.032736987
14930,0.07799659
14931,0.08247402
14932,0.24292879
14933,0.050554708
14934,0.04476274
14935,0.021901285
14936,0.010699651
14937,0.056709714
14938,0.5224503
14939,0.037915047
14940,0.079098836
14941,0.5348248
14942,0.23071666
14943,0.012915825
14944,0.018403916
14945,0.011335755
14946,0.040893413
14947,0.049158998
14948,0.22460857
14949,0.2389926
14950,0.06247965
14951,0.066603884
14952,0.2358337
14953,0.08865448
14954,0.085293874
14955,0.09908352
14956,0.381483
14957,0.06810293
14958,0.044677343
14959,0.07081615
14960,0.04910438
14961,0.2596014
14962,0.5691776
14963,0.0073742387
14964,0.04392253
14965,0.38914484
14966,0.015010638
14967,0.04441906
14968,0.25217128
14969,0.016277017
14970,0.012756012
14971,0.044727482
14972,0.061055865
14973,0.017171506
14974,0.041180152
14975,0.3972385
14976,0.04044091
14977,0.061831344
14978,0.23384088
14979,0.08455346
14980,0.25788411
14981,0.41696706
14982,0.40147543
14983,0.029267007
14984,0.24623062
14985,0.07499994
14986,0.08427876
14987,0.55110675
14988,0.2587397
14989,0.2618579
14990,0.025070794
14991,0.23189445
14992,0.0547574
14993,0.019851191
14994,0.010016299
14995,0.050189454
14996,0.009420714
14997,0.011232517
14998,0.03286405
14999,0.050795007
15000,0.069311544
15001,0.07024327
15002,0.075459585
15003,0.07122688
15004,0.22789189
15005,0.0773871
15006,0.028746042
15007,0.07899277
15008,0.23749688
15009,0.018707426
15010,0.05247747
15011,0.5416342
15012,0.66264606
15013,0.5734964
15014,0.02810972
15015,0.017718935
15016,0.070988566
15017,0.51158535
15018,0.069373965
15019,0.055889476
15020,0.010004172
15021,0.0100764865
15022,0.050682683
15023,0.054769803
15024,0.04483816
15025,0.011617914
15026,0.41580525
15027,0.017335081
15028,0.030209431
15029,0.07474138
15030,0.07580456
15031,0.044786323
15032,0.044024955
15033,0.2293708
15034,0.2225588
15035,0.027737608
15036,0.22687761
15037,0.07630818
15038,0.074775234
15039,0.59483045
15040,0.60830146
15041,0.6885851
15042,0.015471086
15043,0.20764466
15044,0.027885387
15045,0.009906868
15046,0.2571933
15047,0.07089596
15048,0.3978816
15049,0.04070675
15050,0.07118936
15051,0.019094741
15052,0.07065043
15053,0.07597256
15054,0.09010069
15055,0.08809256
15056,0.47489998
15057,0.44010472
15058,0.23225972
15059,0.084224686
15060,0.06664963
15061,0.05186068
15062,0.07866456
15063,0.04030697
15064,0.03312494
15065,0.022497443
15066,0.0826767
15067,0.083976045
15068,0.055880174
15069,0.075988494
15070,0.02484064
15071,0.67207336
15072,0.52686393
15073,0.6469583
15074,0.085552886
15075,0.0442469
15076,0.23137385
15077,0.4329128
15078,0.02764249
15079,0.017030029
15080,0.01688117
15081,0.034992866
15082,0.07045632
15083,0.04444648
15084,0.382285
15085,0.61120605
15086,0.060890373
15087,0.072692916
15088,0.0697747
15089,0.2383034
15090,0.06019212
15091,0.384664
15092,0.23148142
15093,0.038369082
15094,0.07019775
15095,0.07736465
15096,0.07515085
15097,0.04331844
15098,0.022670133
15099,0.2608171
15100,0.26195338
15101,0.09046821
15102,0.06316626
15103,0.027932081
15104,0.0792072
15105,0.06086732
15106,0.25981328
15107,0.03136621
15108,0.038906276
15109,0.041685298
15110,0.015797378
15111,0.01895727
15112,0.03978088
15113,0.040617917
15114,0.40658018
15115,0.73101616
15116,0.42577758
15117,0.09095825
15118,0.081134245
15119,0.09557351
15120,0.23476587
15121,0.44332454
15122,0.052783098
15123,0.03738989
15124,0.033086263
15125,0.08846343
15126,0.23268102
15127,0.080846414
15128,0.26699868
15129,0.25559777
15130,0.23849156
15131,0.5357127
15132,0.08671082
15133,0.018256212
15134,0.23150171
15135,0.24664408
15136,0.049406465
15137,0.4796222
15138,0.05477959
15139,0.03565644
15140,0.03574509
15141,0.042714577
15142,0.086752765
15143,0.43116087
15144,0.24983165
15145,0.53880125
15146,0.2501303
15147,0.091187984
15148,0.2287566
15149,0.261604
15150,0.013880379
15151,0.09318348
15152,0.06367197
15153,0.044837397
15154,0.4628248
15155,0.251704
15156,0.050682683
15157,0.47963908
15158,0.39659885
15159,0.0075684823
15160,0.06897809
15161,0.079151236
15162,0.0696565
15163,0.04461243
15164,0.0111434935
15165,0.010162324
15166,0.029007053
15167,0.04978185
15168,0.07020134
15169,0.06901452
15170,0.08624606
15171,0.41764495
15172,0.63738036
15173,0.43176296
15174,0.36914453
15175,0.570687
15176,0.071510784
15177,0.018526359
15178,0.060886867
15179,0.062000375
15180,0.08524122
15181,0.09143527
15182,0.0562141
15183,0.027940547
15184,0.055208955
15185,0.2353437
15186,0.043269504
15187,0.07502441
15188,0.021663012
15189,0.015363394
15190,0.03801745
15191,0.019485995
15192,0.021433769
15193,0.011822513
15194,0.032243513
15195,0.060579527
15196,0.050485678
15197,0.06324668
15198,0.23392895
15199,0.08717719
15200,0.38568345
15201,0.6627453
15202,0.69181365
15203,0.26339716
15204,0.08102524
15205,0.04361732
15206,0.018381668
15207,0.044893548
15208,0.07951675
15209,0.014616112
15210,0.03289755
15211,0.5783644
15212,0.044906393
15213,0.01745544
15214,0.20159142
15215,0.04467324
15216,0.07583015
15217,0.0388949
15218,0.04354061
15219,0.017439356
15220,0.043392733
15221,0.014042711
15222,0.019025827
15223,0.027844468
15224,0.06952419
15225,0.07655983
15226,0.5328695
15227,0.37170058
15228,0.23111677
15229,0.51895094
15230,0.4298097
15231,0.47274572
15232,0.23094586
15233,0.038755994
15234,0.033225216
15235,0.035836734
15236,0.044124257
15237,0.041682813
15238,0.035666205
15239,0.055207837
15240,0.47451854
15241,0.07086211
15242,0.41208327
15243,0.030627763
15244,0.07646096
15245,0.08177866
15246,0.08657235
15247,0.09508072
15248,0.04330068
15249,0.030501807
15250,0.04103518
15251,0.08480506
15252,0.6156706
15253,0.38809794
15254,0.60822916
15255,0.4062565
15256,0.25769308
15257,0.24353392
15258,0.07052782
15259,0.04196217
15260,0.02258485
15261,0.03674696
15262,0.08402297
15263,0.08508852
15264,0.06991518
15265,0.094270214
15266,0.059509873
15267,0.011548988
15268,0.24697152
15269,0.040751927
15270,0.011422309
15271,0.011454594
15272,0.081422284
15273,0.23064865
15274,0.031249193
15275,0.0071056737
15276,0.22903477
15277,0.23664843
15278,0.059805386
15279,0.074410826
15280,0.03011646
15281,0.072051436
15282,0.065637544
15283,0.037021264
15284,0.08483222
15285,0.079503916
15286,0.041146476
15287,0.010679157
15288,0.22344594
15289,0.0123550845
15290,0.07121607
15291,0.03316668
15292,0.08521523
15293,0.034764033
15294,0.04198873
15295,0.04021272
15296,0.08573165
15297,0.38900638
15298,0.5639938
15299,0.08042409
15300,0.018324858
15301,0.018546226
15302,0.028702838
15303,0.048103977
15304,0.01460847
15305,0.05688097
15306,0.089593776
15307,0.0145876575
15308,0.031935364
15309,0.015498608
15310,0.03128296
15311,0.018585889
15312,0.011995377
15313,0.06088958
15314,0.06961451
15315,0.4069092
15316,0.013926824
15317,0.01703189
15318,0.033381384
15319,0.059583258
15320,0.071589924
15321,0.51195186
15322,0.080562346
15323,0.012906175
15324,0.011372911
15325,0.08645536
15326,0.03749774
15327,0.060622968
15328,0.08243127
15329,0.048712973
15330,0.012005123
15331,0.012035477
15332,0.017489564
15333,0.011205932
15334,0.25409776
15335,0.015498608
15336,0.026768796
15337,0.081133015
15338,0.05491133
15339,0.0390863
15340,0.017448112
15341,0.027967457
15342,0.05364882
15343,0.4018915
15344,0.0302842
15345,0.01862918
15346,0.03006412
15347,0.04141178
15348,0.05310516
15349,0.24132529
15350,0.055079512
15351,0.10276494
15352,0.0716724
15353,0.030372618
15354,0.043857656
15355,0.045320805
15356,0.029127125
15357,0.09974773
15358,0.017964339
15359,0.017402511
15360,0.0842739
15361,0.017448476
15362,0.069319844
15363,0.04411562
15364,0.0113305235
15365,0.45779565
15366,0.6769556
15367,0.22976069
15368,0.06680314
15369,0.014005181
15370,0.069183655
15371,0.04427544
15372,0.042393856
15373,0.22853142
15374,0.06583732
15375,0.07624429
15376,0.72236556
15377,0.018019358
15378,0.06355265
15379,0.015029046
15380,0.06617042
15381,0.06280116
15382,0.01714785
15383,0.038084894
15384,0.08971696
15385,0.2680092
15386,0.061594546
15387,0.09030821
15388,0.026871935
15389,0.022324499
15390,0.06409818
15391,0.029551106
15392,0.024139369
15393,0.006159241
15394,0.048044153
15395,0.05193125
15396,0.027376048
15397,0.050732985
15398,0.013682775
15399,0.09115316
15400,0.041205652
15401,0.014805109
15402,0.032884642
15403,0.069099605
15404,0.07925556
15405,0.021668421
15406,0.025090596
15407,0.050034277
15408,0.6424786
15409,0.05696202
15410,0.0759207
15411,0.04236261
15412,0.037913617
15413,0.043274954
15414,0.04386092
15415,0.0132400375
15416,0.01688117
15417,0.46387064
15418,0.02718435
15419,0.007386939
15420,0.01142529
15421,0.044160258
15422,0.07748131
15423,0.019599054
15424,0.07851454
15425,0.04121998
15426,0.027485298
15427,0.04452614
15428,0.41333497
15429,0.027896816
15430,0.019640714
15431,0.008030128
15432,0.02009237
15433,0.04186744
15434,0.03166075
15435,0.09508163
15436,0.054959744
15437,0.015279045
15438,0.015283402
15439,0.055265788
15440,0.08810173
15441,0.071207024
15442,0.062351827
15443,0.055797584
15444,0.027946178
15445,0.048369586
15446,0.20511742
15447,0.24347208
15448,0.08616055
15449,0.008247581
15450,0.011413924
15451,0.032336973
15452,0.01431547
15453,0.012211859
15454,0.015794836
15455,0.01183121
15456,0.019149145
15457,0.010325033
15458,0.014919675
15459,0.014230169
15460,0.010322246
15461,0.022959247
15462,0.04951414
15463,0.045298427
15464,0.08063905
15465,0.010273073
15466,0.08572584
15467,0.010189223
15468,0.40968642
15469,0.01967002
15470,0.026719395
15471,0.011252217
15472,0.017617965
15473,0.01879945
15474,0.014420538
15475,0.031309124
15476,0.0130735105
15477,0.014329146
15478,0.053691696
15479,0.027944181
15480,0.04397051
15481,0.04359987
15482,0.014455932
15483,0.010548171
15484,0.010580159
15485,0.07489678
15486,0.02738619
15487,0.044413593
15488,0.0067895036
15489,0.011293394
15490,0.032197148
15491,0.011826868
15492,0.06957052
15493,0.013734142
15494,0.010960077
15495,0.25273013
15496,0.054385778
15497,0.055456802
15498,0.055121195
15499,0.0690421
15500,0.021741876
15501,0.011481189
15502,0.06601697
15503,0.015190764
15504,0.07795276
15505,0.009427993
15506,0.08536587
15507,0.01725585
15508,0.032854866
15509,0.032324452
15510,0.027976984
15511,0.008279253
15512,0.011990205
15513,0.012487073
15514,0.011026576
15515,0.03307645
15516,0.011455573
15517,0.011221118
15518,0.067126654
15519,0.051171258
15520,0.03333634
15521,0.08406882
15522,0.018314347
15523,0.024696993
15524,0.0153513
15525,0.04494557
15526,0.019429578
15527,0.013808733
15528,0.02732687
15529,0.015817571
15530,0.033177465
15531,0.011597123
15532,0.030391237
15533,0.08176243
15534,0.23068225
15535,0.07151947
15536,0.020759463
15537,0.037116155
15538,0.044189677
15539,0.055108424
15540,0.038859747
15541,0.04412446
15542,0.04225861
15543,0.07714018
15544,0.04186523
15545,0.02748296
15546,0.07001705
15547,0.04321311
15548,0.22589241
15549,0.043608237
15550,0.40854642
15551,0.38003772
15552,0.04474487
15553,0.24652684
15554,0.06712212
15555,0.39917436
15556,0.07178633
15557,0.08904058
15558,0.057861466
15559,0.019611094
15560,0.075901195
15561,0.014023029
15562,0.04033521
15563,0.22779068
15564,0.03282477
15565,0.70752686
15566,0.072295636
15567,0.04452112
15568,0.22632591
15569,0.055471066
15570,0.029599853
15571,0.022728954
15572,0.042689938
15573,0.037066825
15574,0.017274728
15575,0.014075806
15576,0.08057786
15577,0.45787716
15578,0.5455364
15579,0.043706894
15580,0.08231834
15581,0.09034202
15582,0.021617012
15583,0.05248093
15584,0.04160242
15585,0.057889163
15586,0.069877796
15587,0.510669
15588,0.08102034
15589,0.08337779
15590,0.54374427
15591,0.07923136
15592,0.022404263
15593,0.55324507
15594,0.017104859
15595,0.05396852
15596,0.2551225
15597,0.0492341
15598,0.047343377
15599,0.035530403
15600,0.061893534
15601,0.07353124
15602,0.0794545
15603,0.07326051
15604,0.03345969
15605,0.06443713
15606,0.39521992
15607,0.04337284
15608,0.0325888
15609,0.053083602
15610,0.0552593
15611,0.066494524
15612,0.03244989
15613,0.039989993
15614,0.008697078
15615,0.042707466
15616,0.07390154
15617,0.028789708
15618,0.053598724
15619,0.08565039
15620,0.053827155
15621,0.24718648
15622,0.024453485
15623,0.052821767
15624,0.040085558
15625,0.024807569
15626,0.014236614
15627,0.5310019
15628,0.07846565
15629,0.06682986
15630,0.25979975
15631,0.47701558
15632,0.06515111
15633,0.049379855
15634,0.01813551
15635,0.022241747
15636,0.016199602
15637,0.008792085
15638,0.037764173
15639,0.014672821
15640,0.06540617
15641,0.061785366
15642,0.07346581
15643,0.26359266
15644,0.46413448
15645,0.008269373
15646,0.016847497
15647,0.16491736
15648,0.043507513
15649,0.010397647
15650,0.025528507
15651,0.03532804
15652,0.24527225
15653,0.01905437
15654,0.042763654
15655,0.011233102
15656,0.058716178
15657,0.23150118
15658,0.5311666
15659,0.05340279
15660,0.06965264
15661,0.019468425
15662,0.020531934
15663,0.041127235
15664,0.053260624
15665,0.010947991
15666,0.029411022
15667,0.012392907
15668,0.08202152
15669,0.093069315
15670,0.074385956
15671,0.07523436
15672,0.05457592
15673,0.037784345
15674,0.03221246
15675,0.030241588
15676,0.035767782
15677,0.067813456
15678,0.050726045
15679,0.0685196
15680,0.014484699
15681,0.03661907
15682,0.028649587
15683,0.017725239
15684,0.015313092
15685,0.024935048
15686,0.040632915
15687,0.024280494
15688,0.057535835
15689,0.25638467
15690,0.25538906
15691,0.043343257
15692,0.03962533
15693,0.037517723
15694,0.07305315
15695,0.05788176
15696,0.0154826455
15697,0.051221278
15698,0.013123201
15699,0.030840091
15700,0.08039291
15701,0.027633915
15702,0.02437307
15703,0.03200315
15704,0.20554084
15705,0.053692993
15706,0.22728173
15707,0.22240537
15708,0.078175634
15709,0.0543511
15710,0.03977809
15711,0.018726734
15712,0.04933452
15713,0.043531004
15714,0.010752848
15715,0.22766367
15716,0.043232586
15717,0.6791427
15718,0.076599896
15719,0.074658796
15720,0.048092805
15721,0.046901546
15722,0.01939983
15723,0.053357325
15724,0.019123156
15725,0.017395142
15726,0.01769382
15727,0.06431844
15728,0.042879168
15729,0.060940664
15730,0.05209867
15731,0.07262871
15732,0.23209664
15733,0.41875038
15734,0.051575117
15735,0.022818431
15736,0.06211623
15737,0.015840635
15738,0.040951144
15739,0.026980417
15740,0.06704037
15741,0.05028119
15742,0.07813983
15743,0.03983522
15744,0.076144464
15745,0.039480623
15746,0.050952267
15747,0.035135824
15748,0.01764386
15749,0.07944855
15750,0.011848757
15751,0.032087736
15752,0.0549431
15753,0.032131284
15754,0.011238312
15755,0.023084903
15756,0.03550341
15757,0.05126467
15758,0.05868173
15759,0.07848782
15760,0.06923161
15761,0.39343616
15762,0.07868695
15763,0.07913884
15764,0.012767894
15765,0.06700642
15766,0.011892079
15767,0.04816932
15768,0.04004653
15769,0.06671688
15770,0.03283754
15771,0.02188418
15772,0.04413268
15773,0.038601458
15774,0.048381004
15775,0.066941276
15776,0.03277393
15777,0.05094002
15778,0.032394305
15779,0.058175784
15780,0.014813024
15781,0.03702433
15782,0.078165844
15783,0.05196815
15784,0.0788389
15785,0.5363654
15786,0.07006409
15787,0.07471399
15788,0.05227704
15789,0.0599834
15790,0.0549431
15791,0.06734436
15792,0.04842088
15793,0.011117545
15794,0.019602275
15795,0.39308944
15796,0.05790865
15797,0.065210395
15798,0.051359873
15799,0.06308701
15800,0.027566686
15801,0.019779706
15802,0.021399146
15803,0.03620558
15804,0.09030864
15805,0.055149943
15806,0.04268772
15807,0.072544165
15808,0.57315874
15809,0.06534816
15810,0.014949009
15811,0.36480123
15812,0.050268706
15813,0.24509442
15814,0.08939254
15815,0.05493868
15816,0.043475375
15817,0.04412446
15818,0.07298457
15819,0.09011638
15820,0.040872972
15821,0.08854172
15822,0.06805047
15823,0.05908333
15824,0.014974539
15825,0.010102107
15826,0.015767904
15827,0.020169638
15828,0.047362972
15829,0.0553193
15830,0.01513904
15831,0.08201196
15832,0.08286328
15833,0.08206328
15834,0.06306076
15835,0.032008573
15836,0.073680766
15837,0.078242525
15838,0.24262907
15839,0.04710218
15840,0.04428167
15841,0.021682968
15842,0.20278943
15843,0.6014241
15844,0.03784586
15845,0.07211546
15846,0.47222057
15847,0.083208844
15848,0.01304791
15849,0.048309684
15850,0.22210136
15851,0.23835872
15852,0.0110907825
15853,0.06103819
15854,0.06408811
15855,0.23429297
15856,0.081821956
15857,0.07964957
15858,0.096304044
15859,0.36512813
15860,0.06536052
15861,0.04341425
15862,0.068296164
15863,0.048908204
15864,0.25537607
15865,0.63487697
15866,0.007068983
15867,0.042816013
15868,0.40060964
15869,0.044363707
15870,0.24739996
15871,0.015613362
15872,0.013112601
15873,0.043864377
15874,0.059620246
15875,0.016818965
15876,0.04089488
15877,0.007873874
15878,0.4256935
15879,0.040077027
15880,0.061044227
15881,0.08083133
15882,0.07949666
15883,0.09670295
15884,0.4099439
15885,0.37511092
15886,0.02914758
15887,0.25027582
15888,0.22823142
15889,0.07795398
15890,0.53516394
15891,0.50910896
15892,0.25886574
15893,0.02408397
15894,0.2330217
15895,0.053365108
15896,0.017684704
15897,0.0113062635
15898,0.04936954
15899,0.011683294
15900,0.032492135
15901,0.049432524
15902,0.06886798
15903,0.06746487
15904,0.07274502
15905,0.066880986
15906,0.22691253
15907,0.07282746
15908,0.028894886
15909,0.07721476
15910,0.3625188
15911,0.016803043
15912,0.0506227
15913,0.61950326
15914,0.49806324
15915,0.68609154
15916,0.028258184
15917,0.01764002
15918,0.0669861
15919,0.48720336
15920,0.06597061
15921,0.053997334
15922,0.048714936
15923,0.053831704
15924,0.043235395
15925,0.011731268
15926,0.40279278
15927,0.017346514
15928,0.029874554
15929,0.07427774
15930,0.07166236
15931,0.0437948
15932,0.04347531
15933,0.37316808
15934,0.4082159
15935,0.026327848
15936,0.08140934
15937,0.07497773
15938,0.07238857
15939,0.6183394
15940,0.5569938
15941,0.6763275
15942,0.014996046
15943,0.053474
15944,0.027715705
15945,0.40303522
15946,0.06974308
15947,0.38230574
15948,0.04014553
15949,0.0683861
15950,0.01844899
15951,0.06772494
15952,0.07477792
15953,0.08285872
15954,0.08550136
15955,0.4920141
15956,0.52337396
15957,0.2267961
15958,0.082790546
15959,0.06410526
15960,0.050716206
15961,0.07601618
15962,0.040648684
15963,0.03213858
15964,0.019794848
15965,0.079331875
15966,0.079782754
15967,0.05360648
15968,0.07432468
15969,0.024435781
15970,0.6332252
15971,0.67594016
15972,0.5030893
15973,0.07989272
15974,0.04365451
15975,0.22590245
15976,0.4079596
15977,0.027270058
15978,0.016953683
15979,0.016771924
15980,0.034366198
15981,0.06961673
15982,0.043583367
15983,0.41279596
15984,0.5335937
15985,0.058253553
15986,0.06978969
15987,0.06726736
15988,0.08667256
15989,0.05871367
15990,0.39748257
15991,0.2352158
15992,0.03580227
15993,0.06843269
15994,0.07424551
15995,0.07165099
15996,0.04347246
15997,0.5004321
15998,0.09357836
15999,0.08796539
16000,0.06184756
16001,0.0276967
16002,0.075117715
16003,0.21001115
16004,0.24586496
16005,0.030577533
16006,0.04027274
16007,0.038775038
16008,0.01707653
16009,0.018741572
16010,0.040283408
16011,0.040574573
16012,0.24203683
16013,0.64200723
16014,0.25589538
16015,0.24530709
16016,0.075766906
16017,0.086605035
16018,0.23516482
16019,0.50111175
16020,0.051733833
16021,0.02970352
16022,0.03666072
16023,0.03236807
16024,0.08277828
16025,0.2357938
16026,0.080488905
16027,0.2674209
16028,0.25703844
16029,0.08926285
16030,0.5923017
16031,0.08257409
16032,0.017712086
16033,0.23283836
16034,0.2385413
16035,0.048985027
16036,0.09563609
16037,0.053375706
16038,0.035615187
16039,0.035623606
16040,0.042451087
16041,0.07774594
16042,0.42512602
16043,0.25504294
16044,0.46760124
16045,0.2622694
16046,0.08283681
16047,0.08125887
16048,0.2614382
16049,0.086122006
16050,0.06004654
16051,0.044193704
16052,0.5065435
16053,0.24850923
16054,0.048901454
16055,0.012817914
16056,0.43533683
16057,0.40790746
16058,0.0666933
16059,0.07520664
16060,0.06649354
16061,0.044183545
16062,0.011367773
16063,0.010129787
16064,0.014064217
16065,0.028882347
16066,0.0493413
16067,0.06923692
16068,0.067227244
16069,0.08270638
16070,0.40847355
16071,0.5585087
16072,0.40431327
16073,0.3963342
16074,0.57743
16075,0.068008386
16076,0.018651236
16077,0.058448296
16078,0.06046376
16079,0.080274835
16080,0.23812088
16081,0.0534441
16082,0.02829301
16083,0.05370871
16084,0.07942466
16085,0.01752536
16086,0.041464176
16087,0.072698615
16088,0.015893597
16089,0.037743513
16090,0.01965619
16091,0.011751229
16092,0.032133177
16093,0.057746515
16094,0.049473662
16095,0.06201783
16096,0.22893238
16097,0.08253959
16098,0.38864955
16099,0.62590235
16100,0.69005924
16101,0.4269826
16102,0.075326204
16103,0.0433855
16104,0.019911129
16105,0.044708416
16106,0.07608536
16107,0.65653217
16108,0.044477746
16109,0.017254328
16110,0.052390795
16111,0.04392744
16112,0.0736241
16113,0.03846929
16114,0.04345263
16115,0.017073955
16116,0.042623516
16117,0.0140837375
16118,0.01434437
16119,0.027770694
16120,0.06555109
16121,0.07267776
16122,0.5454459
16123,0.37983158
16124,0.22600809
16125,0.26711464
16126,0.41032293
16127,0.5058507
16128,0.22945105
16129,0.03838388
16130,0.032523118
16131,0.03565512
16132,0.043339156
16133,0.041656338
16134,0.054732684
16135,0.470993
16136,0.23090158
16137,0.4243129
16138,0.029807134
16139,0.073421285
16140,0.08053006
16141,0.07982595
16142,0.08984477
16143,0.042318907
16144,0.029971715
16145,0.04002087
16146,0.08116133
16147,0.5313332
16148,0.37465367
16149,0.58313036
16150,0.24809174
16151,0.41943666
16152,0.2396174
16153,0.06736143
16154,0.041226503
16155,0.013011722
16156,0.022078995
16157,0.011936068
16158,0.037653387
16159,0.030244743
16160,0.0821547
16161,0.07866582
16162,0.067078
16163,0.09398102
16164,0.0579193
16165,0.011101976
16166,0.39704424
16167,0.04005178
16168,0.011262023
16169,0.011345698
16170,0.078624405
16171,0.22581215
16172,0.030129708
16173,0.006589082
16174,0.3659104
16175,0.07785159
16176,0.057641163
16177,0.06998062
16178,0.030015921
16179,0.0703399
16180,0.06308701
16181,0.035403643
16182,0.07856907
16183,0.07376588
16184,0.040788256
16185,0.026845174
16186,0.0107235545
16187,0.22917779
16188,0.012449995
16189,0.011958789
16190,0.068507195
16191,0.03961752
16192,0.03252384
16193,0.07809118
16194,0.03284487
16195,0.04146781
16196,0.010163254
16197,0.039965466
16198,0.08067708
16199,0.40491143
16200,0.55832964
16201,0.075081915
16202,0.02888739
16203,0.047529705
16204,0.014173153
16205,0.054723516
16206,0.08242538
16207,0.013128284
16208,0.031462412
16209,0.015231584
16210,0.031575236
16211,0.018621484
16212,0.011895794
16213,0.02700988
16214,0.059081398
16215,0.068451725
16216,0.37755296
16217,0.014163359
16218,0.01705576
16219,0.032161217
16220,0.0579866
16221,0.067813456
16222,0.45738807
16223,0.07591652
16224,0.012668339
16225,0.08111709
16226,0.036251526
16227,0.015069529
16228,0.05776588
16229,0.08121536
16230,0.047149766
16231,0.011972144
16232,0.018247401
16233,0.092057064
16234,0.014993612
16235,0.026318196
16236,0.07873783
16237,0.05371492
16238,0.038397014
16239,0.0175374
16240,0.027330976
16241,0.05223754
16242,0.396011
16243,0.029892052
16244,0.018559871
16245,0.029472822
16246,0.0403551
16247,0.05125839
16248,0.086605035
16249,0.054370925
16250,0.2359091
16251,0.068639606
16252,0.030324247
16253,0.0153140165
16254,0.0457742
16255,0.04393262
16256,0.028663116
16257,0.2511715
16258,0.078502
16259,0.017643448
16260,0.06629343
16261,0.04371054
16262,0.0111133745
16263,0.44366404
16264,0.7190632
16265,0.07594235
16266,0.067907766
16267,0.013651832
16268,0.0671644
16269,0.043864995
16270,0.064164706
16271,0.06453216
16272,0.07322959
16273,0.5710367
16274,0.018182607
16275,0.06121518
16276,0.015308382
16277,0.0638996
16278,0.061458066
16279,0.037072826
16280,0.08377314
16281,0.26998875
16282,0.056779202
16283,0.08505262
16284,0.02615906
16285,0.059974197
16286,0.06241774
16287,0.029119967
16288,0.02445608
16289,0.005918894
16290,0.047173698
16291,0.05059946
16292,0.026890546
16293,0.01860954
16294,0.04735658
16295,0.013098689
16296,0.016588155
16297,0.07840275
16298,0.036044773
16299,0.04019922
16300,0.014714488
16301,0.032633018
16302,0.06583455
16303,0.07478681
16304,0.049207285
16305,0.6037603
16306,0.053614933
16307,0.07228008
16308,0.036771186
16309,0.04261205
16310,0.04275476
16311,0.013038409
16312,0.45386457
16313,0.02519768
16314,0.015617121
16315,0.011243854
16316,0.043339156
16317,0.0725589
16318,0.01964401
16319,0.07422168
16320,0.04118705
16321,0.043507513
16322,0.3975757
16323,0.027550692
16324,0.01934169
16325,0.009897862
16326,0.020624442
16327,0.012727396
16328,0.04125487
16329,0.009675116
16330,0.03093859
16331,0.08992023
16332,0.053827684
16333,0.014768429
16334,0.015033968
16335,0.0535154
16336,0.23197335
16337,0.06827191
16338,0.060623154
16339,0.05377563
16340,0.02764481
16341,0.047152136
16342,0.20015891
16343,0.24450257
16344,0.23215207
16345,0.009621973
16346,0.0112631675
16347,0.014555247
16348,0.012362537
16349,0.015633633
16350,0.011710201
16351,0.01882507
16352,0.010094135
16353,0.015256211
16354,0.015130483
16355,0.0103783365
16356,0.022375414
16357,0.048833963
16358,0.04419072
16359,0.073758356
16360,0.007072859
16361,0.08257008
16362,0.010375224
16363,0.25694472
16364,0.011302416
16365,0.011261175
16366,0.010927676
16367,0.026455687
16368,0.012402627
16369,0.011223998
16370,0.016782604
16371,0.018359432
16372,0.014390939
16373,0.010399675
16374,0.052224766
16375,0.027631193
16376,0.041680545
16377,0.043423954
16378,0.014278607
16379,0.010162884
16380,0.013313285
16381,0.00996643
16382,0.0717007
16383,0.030120257
16384,0.043267455
16385,0.011424345
16386,0.032154087
16387,0.067329824
16388,0.011370754
16389,0.09058369
16390,0.051711466
16391,0.05341606
16392,0.053790443
16393,0.014828592
16394,0.06268877
16395,0.018843941
16396,0.008668333
16397,0.0640917
16398,0.014753955
16399,0.071524665
16400,0.00847235
16401,0.08083288
16402,0.016644826
16403,0.03148992
16404,0.032102503
16405,0.0282785
16406,0.0086691845
16407,0.011935598
16408,0.011938259
16409,0.0108724525
16410,0.03234794
16411,0.010857452
16412,0.06410487
16413,0.050579797
16414,0.0085235275
16415,0.08050119
16416,0.017300893
16417,0.024225814
16418,0.011433177
16419,0.015687842
16420,0.044175763
16421,0.017450541
16422,0.013895554
16423,0.02706768
16424,0.015902994
16425,0.03309331
16426,0.010700499
16427,0.0764343
16428,0.08116666
16429,0.06826751
16430,0.020180559
16431,0.037696082
16432,0.053203717
16433,0.04388965
16434,0.05444981
16435,0.03838239
16436,0.03887375
16437,0.04216184
16438,0.07777917
16439,0.044660944
16440,0.038604856
16441,0.070379496
16442,0.04183685
16443,0.06976621
16444,0.04396634
16445,0.08384276
16446,0.22522709
16447,0.021874344
16448,0.044138316
16449,0.25861675
16450,0.0667045
16451,0.2554367
16452,0.07191994
16453,0.24435885
16454,0.05814098
16455,0.01915192
16456,0.07489025
16457,0.014379284
16458,0.041039445
16459,0.0154250385
16460,0.070514575
16461,0.03261922
16462,0.69579417
16463,0.23248021
16464,0.07660367
16465,0.043722432
16466,0.036683302
16467,0.014635549
16468,0.041057345
16469,0.0784503
16470,0.08181905
16471,0.26360315
16472,0.4981234
16473,0.028914917
16474,0.0804932
16475,0.08648502
16476,0.02190356
16477,0.05227144
16478,0.04164278
16479,0.059596244
16480,0.0139684575
16481,0.07012142
16482,0.43411112
16483,0.084350154
16484,0.08476018
16485,0.455471
16486,0.0811272
16487,0.022395415
16488,0.5019612
16489,0.053788565
16490,0.25752246
16491,0.04926288
16492,0.0476454
16493,0.0358766
16494,0.062158346
16495,0.07563085
16496,0.08078873
16497,0.073413104
16498,0.034757532
16499,0.04039385
16500,0.0648867
16501,0.41859007
16502,0.04368254
16503,0.032473005
16504,0.05261517
16505,0.055212766
16506,0.0656879
16507,0.03273646
16508,0.074710764
16509,0.051147126
16510,0.24534716
16511,0.2604695
16512,0.052501265
16513,0.040148612
16514,0.025058927
16515,0.014569854
16516,0.49615481
16517,0.07925093
16518,0.066677615
16519,0.24990004
16520,0.4761737
16521,0.06466446
16522,0.049359456
16523,0.01860079
16524,0.023112852
16525,0.016421966
16526,0.038359776
16527,0.011911346
16528,0.006167781
16529,0.012684219
16530,0.06416596
16531,0.0618557
16532,0.25489143
16533,0.45570064
16534,0.016982365
16535,0.16440728
16536,0.04417025
16537,0.010811021
16538,0.035947137
16539,0.24507783
16540,0.018956278
16541,0.044054206
16542,0.011190604
16543,0.05971192
16544,0.027650364
16545,0.38651282
16546,0.48017046
16547,0.071036205
16548,0.02163678
16549,0.040616248
16550,0.054779097
16551,0.017845895
16552,0.030711949
16553,0.07983556
16554,0.0933588
16555,0.07365485
16556,0.07699328
16557,0.053881187
16558,0.03786284
16559,0.030605486
16560,0.030633701
16561,0.036163755
16562,0.068593524
16563,0.051639345
16564,0.23156545
16565,0.014707077
16566,0.037216187
16567,0.029067826
16568,0.018140107
16569,0.015838733
16570,0.025078872
16571,0.04149288
16572,0.01983837
16573,0.024928013
16574,0.05815934
16575,0.09690589
16576,0.2561168
16577,0.043300517
16578,0.04008554
16579,0.036919154
16580,0.07133656
16581,0.059037533
16582,0.015785303
16583,0.05195973
16584,0.0313079
16585,0.07927251
16586,0.028199282
16587,0.025679262
16588,0.032254938
16589,0.20105541
16590,0.054045867
16591,0.23178503
16592,0.22264102
16593,0.22686017
16594,0.054201454
16595,0.0399789
16596,0.018956175
16597,0.049539372
16598,0.043762602
16599,0.080331735
16600,0.044055846
16601,0.57150495
16602,0.07690403
16603,0.022178857
16604,0.07730242
16605,0.048018616
16606,0.04756326
16607,0.018888546
16608,0.011207713
16609,0.012772921
16610,0.054473102
16611,0.02939011
16612,0.017958116
16613,0.01867836
16614,0.064757764
16615,0.043311115
16616,0.06155295
16617,0.052741993
16618,0.07196664
16619,0.2332751
16620,0.4191837
16621,0.054066844
16622,0.023071043
16623,0.06631935
16624,0.016187778
16625,0.038128536
16626,0.027058417
16627,0.010916758
16628,0.067703165
16629,0.051205274
16630,0.078720205
16631,0.0410651
16632,0.07516097
16633,0.039922014
16634,0.051329896
16635,0.036070645
16636,0.0820459
16637,0.011581711
16638,0.033247616
16639,0.05795168
16640,0.032883834
16641,0.018703733
16642,0.023212504
16643,0.03601573
16644,0.051570542
16645,0.058001842
16646,0.079518266
16647,0.06867454
16648,0.23655969
16649,0.07816189
16650,0.08189505
16651,0.013332961
16652,0.0674325
16653,0.048697326
16654,0.0102598
16655,0.041182697
16656,0.06653765
16657,0.03310063
16658,0.021024588
16659,0.04460732
16660,0.03668466
16661,0.048809882
16662,0.067529835
16663,0.032753795
16664,0.05079558
16665,0.023179416
16666,0.03242478
16667,0.059144028
16668,0.01488975
16669,0.03646027
16670,0.075733855
16671,0.052445613
16672,0.079633914
16673,0.59340906
16674,0.07034526
16675,0.07321597
16676,0.05285478
16677,0.06059499
16678,0.058083024
16679,0.06756708
16680,0.048770003
16681,0.020023124
16682,0.25266638
16683,0.058219556
16684,0.06579775
16685,0.05180478
16686,0.0636192
16687,0.018786874
16688,0.027278347
16689,0.019797614
16690,0.021895323
16691,0.03813998
16692,0.09233391
16693,0.05524821
16694,0.043243352
16695,0.07330214
16696,0.6556206
16697,0.06605703
16698,0.014630404
16699,0.23216379
16700,0.05137638
16701,0.24757299
16702,0.090315536
16703,0.055264305
16704,0.020217301
16705,0.044300307
16706,0.043819226
16707,0.07292101
16708,0.23506121
16709,0.04055717
16710,0.237792
16711,0.06894774
16712,0.05838919
16713,0.011613464
16714,0.015531688
16715,0.020534275
16716,0.047502205
16717,0.055271026
16718,0.015923092
16719,0.080818675
16720,0.08286712
16721,0.2270008
16722,0.064431444
16723,0.032146133
16724,0.076220594
16725,0.081101015
16726,0.4117482
16727,0.04923119
16728,0.044950873
16729,0.021977123
16730,0.05527062
16731,0.59032416
16732,0.037978537
16733,0.070799716
16734,0.4261018
16735,0.079882205
16736,0.013394567
16737,0.018697444
16738,0.011517119
16739,0.039586175
16740,0.04858586
16741,0.22813533
16742,0.24376091
16743,0.011442615
16744,0.061004262
16745,0.066305675
16746,0.23972498
16747,0.08202905
16748,0.07901982
16749,0.24806155
16750,0.42741388
16751,0.06560388
16752,0.04453688
16753,0.06868304
16754,0.0484631
16755,0.09327807
16756,0.5572533
16757,0.007968886
16758,0.04057125
16759,0.40905836
16760,0.043999113
16761,0.24827713
16762,0.044652864
16763,0.059684124
16764,0.016966771
16765,0.04061536
16766,0.00771573
16767,0.4234702
16768,0.039869435
16769,0.060565636
16770,0.09321038
16771,0.07975426
16772,0.0942045
16773,0.40384766
16774,0.39370248
16775,0.02903795
16776,0.25137377
16777,0.073589385
16778,0.23513435
16779,0.48728356
16780,0.259358
16781,0.25311905
16782,0.024990581
16783,0.23124512
16784,0.054041814
16785,0.02808122
16786,0.011446156
16787,0.049501203
16788,0.010121126
16789,0.011899766
16790,0.03316796
16791,0.049888458
16792,0.06897455
16793,0.068219036
16794,0.0729577
16795,0.06892542
16796,0.23348895
16797,0.07442733
16798,0.074093826
16799,0.24411589
16800,0.018662957
16801,0.051021308
16802,0.583925
16803,0.60533357
16804,0.702019
16805,0.028088106
16806,0.017757349
16807,0.067903675
16808,0.4624962
16809,0.06742296
16810,0.016180081
16811,0.054454956
16812,0.01082797
16813,0.049454484
16814,0.0538981
16815,0.043895524
16816,0.0122648375
16817,0.41714755
16818,0.017455064
16819,0.030802412
16820,0.07274982
16821,0.07407123
16822,0.042180043
16823,0.043797333
16824,0.23367983
16825,0.39320818
16826,0.026513204
16827,0.078640066
16828,0.07314794
16829,0.22807051
16830,0.6549851
16831,0.5895557
16832,0.6347461
16833,0.015322992
16834,0.054161657
16835,0.028503183
16836,0.4058833
16837,0.06842429
16838,0.2476932
16839,0.040749766
16840,0.06947896
16841,0.01948791
16842,0.06852415
16843,0.071980976
16844,0.08462095
16845,0.079702795
16846,0.5133937
16847,0.49007586
16848,0.2323478
16849,0.08076603
16850,0.064529896
16851,0.05159988
16852,0.23401356
16853,0.041088536
16854,0.03301069
16855,0.02307956
16856,0.07939204
16857,0.07983455
16858,0.054536365
16859,0.07457316
16860,0.024741953
16861,0.6277125
16862,0.5780195
16863,0.5545251
16864,0.07825052
16865,0.04393585
16866,0.23266025
16867,0.2553168
16868,0.02792848
16869,0.017527396
16870,0.015738707
16871,0.034954246
16872,0.06954891
16873,0.04394991
16874,0.39200115
16875,0.64988977
16876,0.05821958
16877,0.0710632
16878,0.06866319
16879,0.09228193
16880,0.058312163
16881,0.3798352
16882,0.22299306
16883,0.036620077
16884,0.06989356
16885,0.073858604
16886,0.07347204
16887,0.044207364
16888,0.02245966
16889,0.25442928
16890,0.25988686
16891,0.085548975
16892,0.06191623
16893,0.027867157
16894,0.07400708
16895,0.059101947
16896,0.2537374
16897,0.030088017
16898,0.040606257
16899,0.042408656
16900,0.01747407
16901,0.017324997
16902,0.039796546
16903,0.0401961
16904,0.39721328
16905,0.64534265
16906,0.25613776
16907,0.24672697
16908,0.07727855
16909,0.08596172
16910,0.23518398
16911,0.5707306
16912,0.052172393
16913,0.037503745
16914,0.03278642
16915,0.08137764
16916,0.23220028
16917,0.07623123
16918,0.26323995
16919,0.2535069
16920,0.23366441
16921,0.6467274
16922,0.2332751
16923,0.018008906
16924,0.07870992
16925,0.24545948
16926,0.021654744
16927,0.049580067
16928,0.09074759
16929,0.054429617
16930,0.036120404
16931,0.03642548
16932,0.042468663
16933,0.08087872
16934,0.4051213
16935,0.2589744
16936,0.5012441
16937,0.25231475
16938,0.083105356
16939,0.08062422
16940,0.42083013
16941,0.028153533
16942,0.086738266
16943,0.06057332
16944,0.04500439
16945,0.4866245
16946,0.25332704
16947,0.049649313
16948,0.017040657
16949,0.4787336
16950,0.38092157
16951,0.06382508
16952,0.07311662
16953,0.067409016
16954,0.045035496
16955,0.011269652
16956,0.029424004
16957,0.04935634
16958,0.067068234
16959,0.066792
16960,0.07841861
16961,0.4315461
16962,0.6427664
16963,0.4420361
16964,0.3926961
16965,0.62699175
16966,0.06901907
16967,0.059661303
16968,0.06136224
16969,0.22841585
16970,0.09253971
16971,0.054207005
16972,0.027769335
16973,0.05429915
16974,0.08159146
16975,0.018480279
16976,0.04217375
16977,0.07339066
16978,0.021989789
16979,0.03777746
16980,0.019865155
16981,0.011423198
16982,0.032472212
16983,0.059530713
16984,0.04944305
16985,0.062315702
16986,0.23748131
16987,0.23488541
16988,0.4024487
16989,0.6462675
16990,0.6860748
16991,0.2532208
16992,0.076652996
16993,0.042878784
16994,0.020599725
16995,0.045060012
16996,0.07638978
16997,0.015124342
16998,0.0113944365
16999,0.032271575
17000,0.48588654
17001,0.043473702
17002,0.017825207
17003,0.052750543
17004,0.04449137
17005,0.07257389
17006,0.03792897
17007,0.04427471
17008,0.017438637
17009,0.04315519
17010,0.014707413
17011,0.014707077
17012,0.026360713
17013,0.06596294
17014,0.0729289
17015,0.50917447
17016,0.41031945
17017,0.22677323
17018,0.6733592
17019,0.4420361
17020,0.534676
17021,0.22585993
17022,0.03873848
17023,0.03292602
17024,0.036080018
17025,0.043999113
17026,0.04235988
17027,0.03615541
17028,0.053762805
17029,0.4928142
17030,0.22656411
17031,0.43329555
17032,0.030422168
17033,0.07561893
17034,0.081959106
17035,0.08187573
17036,0.09604169
17037,0.04284037
17038,0.02986059
17039,0.010896406
17040,0.040496286
17041,0.08116455
17042,0.67471147
17043,0.41394258
17044,0.6129577
17045,0.24354343
17046,0.4191673
17047,0.08688994
17048,0.067876324
17049,0.04151669
17050,0.013131535
17051,0.02284342
17052,0.029861981
17053,0.07973549
17054,0.07940179
17055,0.06789903
17056,0.25154892
17057,0.058984205
17058,0.011668011
17059,0.39179954
17060,0.040943652
17061,0.011399425
17062,0.07533241
17063,0.23141713
17064,0.030358307
17065,0.0067591053
17066,0.385573
17067,0.07795802
17068,0.0584724
17069,0.07011518
17070,0.029988496
17071,0.06789559
17072,0.0635094
17073,0.03720365
17074,0.079019785
17075,0.07594477
17076,0.0396563
17077,0.010092825
17078,0.22325519
17079,0.0122251045
17080,0.06868535
17081,0.032826986
17082,0.07847062
17083,0.034510348
17084,0.04132752
17085,0.010215524
17086,0.040149827
17087,0.087218925
17088,0.3935464
17089,0.4777453
17090,0.07691627
17091,0.02883115
17092,0.047682013
17093,0.0143385315
17094,0.05563751
17095,0.08268589
17096,0.014379773
17097,0.031493008
17098,0.015868176
17099,0.03146496
17100,0.012264703
17101,0.02675958
17102,0.058292646
17103,0.0677062
17104,0.4094463
17105,0.014342533
17106,0.016736427
17107,0.032682538
17108,0.058827378
17109,0.0699986
17110,0.49066806
17111,0.07529274
17112,0.012947597
17113,0.07945969
17114,0.03636378
17115,0.058367822
17116,0.0802431
17117,0.04763449
17118,0.01722501
17119,0.08970996
17120,0.012791187
17121,0.015310182
17122,0.02653651
17123,0.07989351
17124,0.054393247
17125,0.03879211
17126,0.016865259
17127,0.028086571
17128,0.0517567
17129,0.25311804
17130,0.031128453
17131,0.01887586
17132,0.029654982
17133,0.041147135
17134,0.052604757
17135,0.08889187
17136,0.054226153
17137,0.23725343
17138,0.06841085
17139,0.030611912
17140,0.014762347
17141,0.043920748
17142,0.044230033
17143,0.029311752
17144,0.25165844
17145,0.075976394
17146,0.017932927
17147,0.06726757
17148,0.044148304
17149,0.011451936
17150,0.46150038
17151,0.6225738
17152,0.22538401
17153,0.06843158
17154,0.013886471
17155,0.06699234
17156,0.043843277
17157,0.062775
17158,0.064106524
17159,0.0719417
17160,0.611047
17161,0.01821986
17162,0.06203613
17163,0.06530357
17164,0.06261731
17165,0.017656924
17166,0.037143793
17167,0.08351472
17168,0.5004934
17169,0.06010451
17170,0.085789405
17171,0.0264573
17172,0.059943266
17173,0.021588795
17174,0.062870175
17175,0.02926049
17176,0.024569323
17177,0.0065782014
17178,0.04762523
17179,0.050949145
17180,0.027382381
17181,0.049590956
17182,0.013144162
17183,0.01737832
17184,0.08298763
17185,0.036531452
17186,0.04045681
17187,0.015251289
17188,0.03307753
17189,0.06750472
17190,0.075661875
17191,0.02192658
17192,0.049805336
17193,0.5808303
17194,0.054384936
17195,0.072819516
17196,0.044203542
17197,0.03714129
17198,0.04289143
17199,0.04391234
17200,0.010909189
17201,0.01704502
17202,0.25993124
17203,0.026920196
17204,0.0076699043
17205,0.0066784443
17206,0.009952159
17207,0.015899442
17208,0.011522647
17209,0.043434266
17210,0.0719786
17211,0.019803105
17212,0.011795566
17213,0.076693356
17214,0.04097276
17215,0.026920196
17216,0.043920748
17217,0.42553347
17218,0.027690345
17219,0.00795311
17220,0.01983311
17221,0.041800268
17222,0.010506565
17223,0.031793203
17224,0.08943391
17225,0.053928506
17226,0.015050923
17227,0.015803797
17228,0.053658728
17229,0.08092733
17230,0.069600716
17231,0.06031585
17232,0.054374095
17233,0.027947638
17234,0.047692705
17235,0.017707199
17236,0.2080238
17237,0.24092385
17238,0.08085989
17239,0.008441859
17240,0.011759799
17241,0.032153726
17242,0.014379773
17243,0.012586007
17244,0.016298193
17245,0.0114392135
17246,0.018350897
17247,0.01570463
17248,0.015269799
17249,0.010907198
17250,0.023179416
17251,0.049229756
17252,0.04448102
17253,0.07690403
17254,0.006743972
17255,0.079562366
17256,0.010990075
17257,0.08956153
17258,0.011685565
17259,0.026667273
17260,0.011725787
17261,0.011181557
17262,0.017277418
17263,0.018944014
17264,0.013919473
17265,0.03138279
17266,0.0135368295
17267,0.010649005
17268,0.05270795
17269,0.028118001
17270,0.04242457
17271,0.043195996
17272,0.014490559
17273,0.013196225
17274,0.010357726
17275,0.07150077
17276,0.026643656
17277,0.042846538
17278,0.007377867
17279,0.011782391
17280,0.032451175
17281,0.06755867
17282,0.0070221988
17283,0.011434234
17284,0.08951368
17285,0.052727334
17286,0.05422135
17287,0.054560788
17288,0.01454955
17289,0.06721004
17290,0.021954264
17291,0.011396462
17292,0.0067059277
17293,0.064732626
17294,0.07196405
17295,0.009909281
17296,0.080016755
17297,0.01722808
17298,0.027327819
17299,0.032376476
17300,0.028123515
17301,0.02609847
17302,0.012127615
17303,0.0122648375
17304,0.011277742
17305,0.03242432
17306,0.01112457
17307,0.06465772
17308,0.051050168
17309,0.00645934
17310,0.23833264
17311,0.017742945
17312,0.02519244
17313,0.0154039
17314,0.0067929043
17315,0.015896253
17316,0.044557255
17317,0.019388597
17318,0.014237403
17319,0.027765373
17320,0.01631598
17321,0.032492366
17322,0.016453218
17323,0.0287733
17324,0.077383615
17325,0.080735385
17326,0.068744585
17327,0.020186642
17328,0.045347355
17329,0.021858439
17330,0.054573797
17331,0.18288268
17332,0.03490468
17333,0.042995963
17334,0.08512517
17335,0.045915663
17336,0.028954387
17337,0.087847054
17338,0.072719574
17339,0.04323725
17340,0.099254936
17341,0.41130546
17342,0.022125112
17343,0.0458558
17344,0.030326687
17345,0.272684
17346,0.07001372
17347,0.27265558
17348,0.080170505
17349,0.098172516
17350,0.06158949
17351,0.020240387
17352,0.013096045
17353,0.015587505
17354,0.012593517
17355,0.3900868
17356,0.033207953
17357,0.58622926
17358,0.23704447
17359,0.045621544
17360,0.23649247
17361,0.030064778
17362,0.04430614
17363,0.039449207
17364,0.017564803
17365,0.01461884
17366,0.090337284
17367,0.24433222
17368,0.5171311
17369,0.44682115
17370,0.09420576
17371,0.245558
17372,0.054500565
17373,0.043055795
17374,0.06178657
17375,0.014075604
17376,0.074749224
17377,0.037509743
17378,0.5162619
17379,0.09343977
17380,0.24217884
17381,0.5519886
17382,0.09662714
17383,0.022843232
17384,0.46862572
17385,0.05577346
17386,0.26369226
17387,0.047534272
17388,0.04883791
17389,0.035947412
17390,0.06588721
17391,0.02817359
17392,0.08160542
17393,0.09046772
17394,0.078331694
17395,0.03521214
17396,0.04094359
17397,0.067415014
17398,0.3729854
17399,0.04338332
17400,0.03304646
17401,0.05465572
17402,0.058006044
17403,0.07033514
17404,0.033247054
17405,0.04102075
17406,0.044029456
17407,0.07950434
17408,0.028848607
17409,0.0559128
17410,0.11391894
17411,0.27062377
17412,0.05476149
17413,0.042027555
17414,0.025289403
17415,0.01920864
17416,0.014692884
17417,0.48970115
17418,0.090234935
17419,0.07035326
17420,0.4652368
17421,0.269914
17422,0.012072812
17423,0.06776754
17424,0.05119398
17425,0.018134974
17426,0.022647344
17427,0.016409507
17428,0.008771755
17429,0.03947487
17430,0.007022206
17431,0.052266024
17432,0.06975922
17433,0.06491245
17434,0.080490895
17435,0.26778945
17436,0.5308191
17437,0.017624708
17438,0.15522549
17439,0.04480261
17440,0.010733072
17441,0.03286164
17442,0.027516678
17443,0.034577936
17444,0.2570178
17445,0.042116098
17446,0.011831854
17447,0.062354438
17448,0.044897806
17449,0.23546252
17450,0.5186168
17451,0.055779554
17452,0.07238134
17453,0.022009512
17454,0.04222354
17455,0.055687603
17456,0.018435925
17457,0.030213468
17458,0.012505996
17459,0.09166055
17460,0.10608958
17461,0.07973065
17462,0.08235502
17463,0.056580376
17464,0.011276777
17465,0.038608834
17466,0.032956287
17467,0.030778607
17468,0.07201527
17469,0.051824953
17470,0.2215634
17471,0.014596207
17472,0.037314016
17473,0.02917632
17474,0.017843334
17475,0.0155800665
17476,0.02506744
17477,0.041708946
17478,0.022075279
17479,0.025149455
17480,0.06142545
17481,0.12120966
17482,0.27224055
17483,0.0442968
17484,0.04023061
17485,0.038531203
17486,0.078102924
17487,0.061100803
17488,0.015488714
17489,0.054478064
17490,0.013432714
17491,0.031720057
17492,0.08974131
17493,0.028137622
17494,0.024904883
17495,0.032513954
17496,0.05601013
17497,0.05526055
17498,0.24058671
17499,0.23042469
17500,0.24098279
17501,0.055406712
17502,0.04107081
17503,0.018465273
17504,0.0514465
17505,0.04465101
17506,0.012291038
17507,0.09081336
17508,0.045280494
17509,0.59229785
17510,0.0842431
17511,0.0217827
17512,0.08361349
17513,0.049622152
17514,0.04854013
17515,0.017347649
17516,0.056970265
17517,0.018192071
17518,0.018192828
17519,0.067271926
17520,0.044375893
17521,0.06453395
17522,0.0546148
17523,0.07919182
17524,0.2387694
17525,0.26788086
17526,0.053054307
17527,0.021789635
17528,0.06996351
17529,0.015317158
17530,0.040592745
17531,0.07134296
17532,0.052425444
17533,0.09241105
17534,0.040951118
17535,0.0798266
17536,0.04038774
17537,0.052346032
17538,0.03643808
17539,0.018240081
17540,0.09221675
17541,0.011247092
17542,0.03321208
17543,0.06134724
17544,0.034636833
17545,0.011662703
17546,0.02345103
17547,0.036644645
17548,0.052455366
17549,0.061590884
17550,0.09067917
17551,0.07368635
17552,0.24518643
17553,0.23896582
17554,0.09375548
17555,0.012584211
17556,0.0714888
17557,0.050833818
17558,0.04210775
17559,0.07158338
17560,0.033002548
17561,0.039611634
17562,0.013216292
17563,0.049701255
17564,0.069306985
17565,0.033076074
17566,0.052510124
17567,0.009520376
17568,0.023269467
17569,0.032676723
17570,0.061859224
17571,0.014556639
17572,0.03740169
17573,0.085545085
17574,0.05460644
17575,0.09400244
17576,0.30529043
17577,0.07195746
17578,0.08531323
17579,0.053986218
17580,0.062816486
17581,0.062137168
17582,0.07101886
17583,0.04998443
17584,0.011429112
17585,0.01970932
17586,0.26999614
17587,0.06167416
17588,0.069149576
17589,0.05443941
17590,0.06623872
17591,0.028462594
17592,0.019787066
17593,0.021594329
17594,0.037690982
17595,0.11795453
17596,0.057841495
17597,0.043861277
17598,0.08076152
17599,0.6934217
17600,0.069586255
17601,0.015344203
17602,0.3764905
17603,0.05249323
17604,0.26219934
17605,0.11550709
17606,0.05744011
17607,0.02088101
17608,0.04487193
17609,0.0805386
17610,0.09819692
17611,0.04131202
17612,0.24967289
17613,0.07119668
17614,0.06278418
17615,0.015787123
17616,0.015858022
17617,0.020614808
17618,0.048459575
17619,0.058064252
17620,0.015144301
17621,0.09092021
17622,0.09578867
17623,0.0939203
17624,0.06770993
17625,0.03275592
17626,0.080377735
17627,0.24114606
17628,0.37012446
17629,0.050858486
17630,0.045715652
17631,0.02227629
17632,0.011182036
17633,0.057765257
17634,0.6184409
17635,0.08092797
17636,0.44338608
17637,0.2428658
17638,0.013493422
17639,0.011684723
17640,0.010837219
17641,0.04163783
17642,0.049036223
17643,0.2360106
17644,0.24968867
17645,0.06380302
17646,0.067991264
17647,0.09688818
17648,0.09419595
17649,0.091394685
17650,0.11055608
17651,0.40684557
17652,0.069949456
17653,0.04551837
17654,0.07572223
17655,0.050595373
17656,0.267047
17657,0.65068305
17658,0.042432852
17659,0.41198775
17660,0.04515748
17661,0.26812077
17662,0.01635681
17663,0.04596152
17664,0.062730685
17665,0.016949195
17666,0.04132455
17667,0.007564525
17668,0.41545105
17669,0.040678535
17670,0.06385428
17671,0.24549188
17672,0.09554965
17673,0.13661979
17674,0.40847424
17675,0.3935907
17676,0.10485962
17677,0.22708853
17678,0.23952295
17679,0.7332016
17680,0.27960303
17681,0.4605733
17682,0.025159137
17683,0.23799267
17684,0.05507317
17685,0.028004404
17686,0.020336876
17687,0.011560602
17688,0.050944068
17689,0.011941589
17690,0.033787135
17691,0.050941646
17692,0.07230025
17693,0.07126481
17694,0.079634555
17695,0.07110657
17696,0.24157315
17697,0.23311296
17698,0.08353172
17699,0.38463658
17700,0.018103996
17701,0.051956203
17702,0.73269016
17703,0.6711409
17704,0.7012397
17705,0.0076275105
17706,0.028384356
17707,0.017710373
17708,0.07092304
17709,0.4542788
17710,0.07075901
17711,0.017872425
17712,0.056744594
17713,0.010958579
17714,0.050404735
17715,0.05654814
17716,0.045051794
17717,0.012057884
17718,0.39628446
17719,0.017866932
17720,0.030831799
17721,0.23004796
17722,0.07959514
17723,0.045383245
17724,0.04510827
17725,0.23853166
17726,0.3827641
17727,0.027064607
17728,0.08975439
17729,0.07983242
17730,0.07943117
17731,0.83325154
17732,0.79745823
17733,0.67525524
17734,0.015504298
17735,0.055936977
17736,0.028034423
17737,0.27632815
17738,0.072382465
17739,0.25540406
17740,0.069588356
17741,0.019355472
17742,0.07238975
17743,0.079488434
17744,0.09838015
17745,0.08883808
17746,0.4771351
17747,0.52586293
17748,0.23821017
17749,0.093760915
17750,0.067610174
17751,0.05278393
17752,0.08522157
17753,0.041344747
17754,0.033373173
17755,0.099111475
17756,0.09161268
17757,0.05637133
17758,0.08105611
17759,0.02584419
17760,0.6048959
17761,0.739129
17762,0.652396
17763,0.090098955
17764,0.044892248
17765,0.2420971
17766,0.26877683
17767,0.017601132
17768,0.017131517
17769,0.035288308
17770,0.07241505
17771,0.045184053
17772,0.42622778
17773,0.6224233
17774,0.06137163
17775,0.075018324
17776,0.07016823
17777,0.098748855
17778,0.06202292
17779,0.3601132
17780,0.0807402
17781,0.03643441
17782,0.07172921
17783,0.07921258
17784,0.07940939
17785,0.04469484
17786,0.022647344
17787,0.27779812
17788,0.40210274
17789,0.096992366
17790,0.06456608
17791,0.084297374
17792,0.06264049
17793,0.2677322
17794,0.030414172
17795,0.041313004
17796,0.04151401
17797,0.017493032
17798,0.018801853
17799,0.04106111
17800,0.04105884
17801,0.3970876
17802,0.32559097
17803,0.27081507
17804,0.2573475
17805,0.08635272
17806,0.095306896
17807,0.09959801
17808,0.5431056
17809,0.053476073
17810,0.030236505
17811,0.036243185
17812,0.03349758
17813,0.09337306
17814,0.085092805
17815,0.09414592
17816,0.48797616
17817,0.25591964
17818,0.24419172
17819,0.9014547
17820,0.095933795
17821,0.018409679
17822,0.09439457
17823,0.24975002
17824,0.021861926
17825,0.050995674
17826,0.11257309
17827,0.05582193
17828,0.036110695
17829,0.036189333
17830,0.04295467
17831,0.23787819
17832,0.40934277
17833,0.27796406
17834,0.5516224
17835,0.39035523
17836,0.09603147
17837,0.09959431
17838,0.27715033
17839,0.028719073
17840,0.09780857
17841,0.06347268
17842,0.045535915
17843,0.53847355
17844,0.26720843
17845,0.051499218
17846,0.013978534
17847,0.5378335
17848,0.38448298
17849,0.07073484
17850,0.08154417
17851,0.070679225
17852,0.045835484
17853,0.011461316
17854,0.027175182
17855,0.049808748
17856,0.07112305
17857,0.07058863
17858,0.09439457
17859,0.39073455
17860,0.5973211
17861,0.42454496
17862,0.41229832
17863,0.5448081
17864,0.07275189
17865,0.06250858
17866,0.06442634
17867,0.09304596
17868,0.10901101
17869,0.055916846
17870,0.028663777
17871,0.05651439
17872,0.097112425
17873,0.017767724
17874,0.04294626
17875,0.07931313
17876,0.021937955
17877,0.015471919
17878,0.020385342
17879,0.012212712
17880,0.032889515
17881,0.061130736
17882,0.050854508
17883,0.065053776
17884,0.24271156
17885,0.09247449
17886,0.3835389
17887,0.77027607
17888,0.7103368
17889,0.26999757
17890,0.08619525
17891,0.043963477
17892,0.020618897
17893,0.04532634
17894,0.08380454
17895,0.015859865
17896,0.01087844
17897,0.03265692
17898,0.58568007
17899,0.045102485
17900,0.01817462
17901,0.053969126
17902,0.045597672
17903,0.07834154
17904,0.03829889
17905,0.04478438
17906,0.017346194
17907,0.04442287
17908,0.0141389845
17909,0.0148605
17910,0.028027773
17911,0.06958216
17912,0.08006052
17913,0.4585138
17914,0.415557
17915,0.23948337
17916,0.61592793
17917,0.41582125
17918,0.55851984
17919,0.23694456
17920,0.039236948
17921,0.03319611
17922,0.036003605
17923,0.04571126
17924,0.04270923
17925,0.035803907
17926,0.056267787
17927,0.49118328
17928,0.22597393
17929,0.41616744
17930,0.030595073
17931,0.07886298
17932,0.090625145
17933,0.093700536
17934,0.1013828
17935,0.04422475
17936,0.030861435
17937,0.039461747
17938,0.09704456
17939,0.6079884
17940,0.36890495
17941,0.53156656
17942,0.398238
17943,0.26842257
17944,0.24328467
17945,0.07136518
17946,0.042940035
17947,0.022816898
17948,0.012365821
17949,0.038693726
17950,0.031139852
17951,0.09445602
17952,0.09125639
17953,0.07251342
17954,0.11787734
17955,0.027916761
17956,0.0616745
17957,0.011557144
17958,0.41388744
17959,0.040994164
17960,0.011357274
17961,0.011314173
17962,0.08410983
17963,0.24192086
17964,0.030634385
17965,0.007082061
17966,0.23086604
17967,0.24403144
17968,0.061822698
17969,0.07432724
17970,0.030707674
17971,0.0724759
17972,0.06606553
17973,0.03765261
17974,0.090347216
17975,0.08592073
17976,0.04114099
17977,0.02758137
17978,0.0852556
17979,0.07409401
17980,0.03337356
17981,0.090470545
17982,0.034506753
17983,0.04315748
17984,0.009668337
17985,0.04094359
17986,0.09271951
17987,0.43098477
17988,0.4915233
17989,0.08240293
17990,0.018696
17991,0.029867705
17992,0.048712377
17993,0.014491627
17994,0.057624098
17995,0.09955043
17996,0.014310465
17997,0.031393718
17998,0.015377801
17999,0.019444944
18000,0.011005379
18001,0.027271466
18002,0.06174141
18003,0.07231054
18004,0.4075017
18005,0.014003409
18006,0.017988645
18007,0.17665683
18008,0.061718702
18009,0.07344181
18010,0.45236197
18011,0.08407531
18012,0.013076816
18013,0.09161329
18014,0.036580667
18015,0.06188077
18016,0.0930387
18017,0.017937278
18018,0.11243846
18019,0.02699409
18020,0.09787659
18021,0.05639566
18022,0.039784204
18023,0.017127048
18024,0.028054627
18025,0.054412547
18026,0.27115282
18027,0.031034026
18028,0.018422525
18029,0.029935602
18030,0.041531738
18031,0.054329515
18032,0.09695143
18033,0.055633023
18034,0.25179166
18035,0.072358154
18036,0.03079284
18037,0.015418194
18038,0.044880264
18039,0.045159638
18040,0.030093739
18041,0.2680589
18042,0.08876197
18043,0.01812698
18044,0.07038072
18045,0.04497556
18046,0.010694418
18047,0.011726078
18048,0.517529
18049,0.8252642
18050,0.23007363
18051,0.07207327
18052,0.070909165
18053,0.043232847
18054,0.042273186
18055,0.07238256
18056,0.06803827
18057,0.08061464
18058,0.7597435
18059,0.0647573
18060,0.019694643
18061,0.06703833
18062,0.06494618
18063,0.017517826
18064,0.037503082
18065,0.095748365
18066,0.46138263
18067,0.062005233
18068,0.24445903
18069,0.026827458
18070,0.063460164
18071,0.021914998
18072,0.06575838
18073,0.029702188
18074,0.025221508
18075,0.006757799
18076,0.048754778
18077,0.052425444
18078,0.027284397
18079,0.018890455
18080,0.051763173
18081,0.01786641
18082,0.0903356
18083,0.036753785
18084,0.041758377
18085,0.015377801
18086,0.032712925
18087,0.07073325
18088,0.08199834
18089,0.021753944
18090,0.0505541
18091,0.6775275
18092,0.056655448
18093,0.22854961
18094,0.044756047
18095,0.03811053
18096,0.044260386
18097,0.04493422
18098,0.0134720085
18099,0.27592605
18100,0.027968448
18101,0.007343846
18102,0.0153238615
18103,0.04537984
18104,0.07885062
18105,0.019695906
18106,0.08525992
18107,0.04189859
18108,0.027762992
18109,0.04493422
18110,0.4025025
18111,0.02787283
18112,0.02000841
18113,0.0108530745
18114,0.020361904
18115,0.0128830485
18116,0.0424259
18117,0.031370636
18118,0.09851007
18119,0.055534896
18120,0.01564586
18121,0.056173928
18122,0.09552777
18123,0.07201527
18124,0.0631105
18125,0.055537418
18126,0.02796586
18127,0.049412984
18128,0.1982233
18129,0.25817138
18130,0.091258444
18131,0.008426161
18132,0.03285023
18133,0.014564267
18134,0.012785459
18135,0.016387658
18136,0.012567702
18137,0.019510033
18138,0.015663676
18139,0.024232334
18140,0.050632693
18141,0.045720484
18142,0.08861102
18143,0.007353885
18144,0.09136703
18145,0.009634066
18146,0.11191848
18147,0.026981931
18148,0.012302802
18149,0.011619481
18150,0.017155189
18151,0.018896712
18152,0.013955669
18153,0.031790115
18154,0.008863688
18155,0.05463465
18156,0.028187424
18157,0.042034708
18158,0.014053196
18159,0.044357475
18160,0.014717701
18161,0.01094607
18162,0.007978375
18163,0.010171408
18164,0.080877684
18165,0.028000392
18166,0.045009453
18167,0.007012459
18168,0.032642856
18169,0.016171448
18170,0.07143404
18171,0.2709114
18172,0.05444232
18173,0.055747055
18174,0.056671474
18175,0.070764795
18176,0.02227629
18177,0.011241216
18178,0.067738876
18179,0.0805067
18180,0.009045811
18181,0.09576323
18182,0.01714991
18183,0.027923804
18184,0.03268516
18185,0.03272633
18186,0.028049428
18187,0.02858046
18188,0.008923943
18189,0.015849177
18190,0.012530839
18191,0.008603089
18192,0.03252399
18193,0.011333108
18194,0.009833086
18195,0.06852124
18196,0.052082237
18197,0.008814431
18198,0.006675531
18199,0.24389537
18200,0.017903391
18201,0.025433134
18202,0.015629234
18203,0.030513704
18204,0.0068063103
18205,0.011714999
18206,0.015538921
18207,0.04572212
18208,0.019180467
18209,0.014031216
18210,0.027294835
18211,0.033204447
18212,0.010583332
18213,0.011996008
18214,0.031359322
18215,0.088116035
18216,0.095345736
18217,0.018252488
18218,0.07261699
18219,0.020611344
18220,0.011772622
18221,0.043845836
18222,0.054044448
18223,0.17875773
18224,0.034071524
18225,0.042805534
18226,0.080398664
18227,0.044882838
18228,0.02818707
18229,0.07846684
18230,0.043793462
18231,0.06987225
18232,0.04395329
18233,0.38582906
18234,0.37380317
18235,0.044648774
18236,0.098780535
18237,0.06884424
18238,0.25247213
18239,0.07441184
18240,0.088184685
18241,0.019046433
18242,0.07793228
18243,0.041165307
18244,0.014783088
18245,0.22322735
18246,0.03253663
18247,0.67591333
18248,0.22774664
18249,0.044816326
18250,0.07438723
18251,0.059728336
18252,0.012780836
18253,0.030073665
18254,0.022971582
18255,0.043914
18256,0.03669327
18257,0.017226527
18258,0.014320197
18259,0.08059431
18260,0.23568644
18261,0.53170305
18262,0.473133
18263,0.06888488
18264,0.24022199
18265,0.020936098
18266,0.05423827
18267,0.04185563
18268,0.058788903
18269,0.07258789
18270,0.47520763
18271,0.083679765
18272,0.08208461
18273,0.54398656
18274,0.082015306
18275,0.021557461
18276,0.45921934
18277,0.054676443
18278,0.5044533
18279,0.049113166
18280,0.047805805
18281,0.036233664
18282,0.063079916
18283,0.07643407
18284,0.23133641
18285,0.07562062
18286,0.034274254
18287,0.04013311
18288,0.065163404
18289,0.25379625
18290,0.04377855
18291,0.032627773
18292,0.053415135
18293,0.05715134
18294,0.06753985
18295,0.041071545
18296,0.04275376
18297,0.075336464
18298,0.05444903
18299,0.08904358
18300,0.25505942
18301,0.05246381
18302,0.04058699
18303,0.02455548
18304,0.014219489
18305,0.52877456
18306,0.08318206
18307,0.06997017
18308,0.25595537
18309,0.25407493
18310,0.0627727
18311,0.050219376
18312,0.017848186
18313,0.022079224
18314,0.01530511
18315,0.008337874
18316,0.006365402
18317,0.05111607
18318,0.016974526
18319,0.06694724
18320,0.06232623
18321,0.07454173
18322,0.0923158
18323,0.4479755
18324,0.016734857
18325,0.16216049
18326,0.04388916
18327,0.009919875
18328,0.031743683
18329,0.026908398
18330,0.09198876
18331,0.043381196
18332,0.010742272
18333,0.062448364
18334,0.043555856
18335,0.027576176
18336,0.07904368
18337,0.54215527
18338,0.054688577
18339,0.0701324
18340,0.019503063
18341,0.021158086
18342,0.04181596
18343,0.055920858
18344,0.010755212
18345,0.029832594
18346,0.011826883
18347,0.08515701
18348,0.09419801
18349,0.0767464
18350,0.07590162
18351,0.05544891
18352,0.037830416
18353,0.032270286
18354,0.02986746
18355,0.03572861
18356,0.07064156
18357,0.05133751
18358,0.21906424
18359,0.013519935
18360,0.036647998
18361,0.027450843
18362,0.017241778
18363,0.01499291
18364,0.024649959
18365,0.041114952
18366,0.024485687
18367,0.059407603
18368,0.09860792
18369,0.38422784
18370,0.042579975
18371,0.039675806
18372,0.03789676
18373,0.07343742
18374,0.05959002
18375,0.014865021
18376,0.05225342
18377,0.07988927
18378,0.027763184
18379,0.023515172
18380,0.032002173
18381,0.0068072416
18382,0.20146875
18383,0.05476611
18384,0.23107596
18385,0.22254509
18386,0.22780238
18387,0.05457944
18388,0.039864868
18389,0.018138522
18390,0.049617562
18391,0.044131078
18392,0.011378621
18393,0.08569871
18394,0.043871284
18395,0.5760649
18396,0.078083105
18397,0.021068601
18398,0.07797996
18399,0.04885461
18400,0.047600903
18401,0.019030219
18402,0.054475076
18403,0.027930383
18404,0.017536528
18405,0.017014774
18406,0.06307904
18407,0.043381196
18408,0.21022382
18409,0.05311818
18410,0.074472345
18411,0.23052695
18412,0.40174773
18413,0.05496444
18414,0.02213386
18415,0.06680855
18416,0.015898483
18417,0.039971165
18418,0.008804749
18419,0.027172916
18420,0.01021882
18421,0.06905487
18422,0.051040664
18423,0.08043236
18424,0.04056931
18425,0.07630693
18426,0.03973061
18427,0.05211402
18428,0.035947178
18429,0.08202707
18430,0.0328074
18431,0.05961804
18432,0.030605203
18433,0.022802476
18434,0.033717226
18435,0.051681932
18436,0.05892568
18437,0.08548203
18438,0.06950393
18439,0.24145137
18440,0.08029719
18441,0.08379366
18442,0.012175028
18443,0.070986226
18444,0.011460504
18445,0.04894924
18446,0.010690868
18447,0.04290141
18448,0.068071745
18449,0.020491295
18450,0.04491775
18451,0.038241994
18452,0.012525732
18453,0.049061768
18454,0.06857948
18455,0.03103729
18456,0.04981128
18457,0.021983579
18458,0.059319656
18459,0.0128644435
18460,0.036695827
18461,0.0748239
18462,0.054270048
18463,0.08121866
18464,0.2839475
18465,0.06922486
18466,0.07641487
18467,0.05357538
18468,0.061690573
18469,0.058677483
18470,0.0685093
18471,0.04912832
18472,0.010632597
18473,0.019046433
18474,0.10074858
18475,0.059703223
18476,0.06739921
18477,0.05214362
18478,0.06418756
18479,0.025497282
18480,0.019299349
18481,0.020855337
18482,0.03787249
18483,0.0936688
18484,0.05612921
18485,0.042901594
18486,0.07469034
18487,0.5892764
18488,0.06861727
18489,0.014736723
18490,0.3855558
18491,0.050974958
18492,0.24358222
18493,0.10164863
18494,0.056374017
18495,0.019635966
18496,0.044075422
18497,0.05112448
18498,0.044916004
18499,0.07460427
18500,0.089706294
18501,0.041248538
18502,0.23756197
18503,0.0688671
18504,0.059840117
18505,0.015042084
18506,0.015324971
18507,0.019822836
18508,0.048346877
18509,0.05643899
18510,0.014812452
18511,0.082949735
18512,0.08615362
18513,0.23069093
18514,0.0649637
18515,0.031801127
18516,0.07486578
18517,0.08111295
18518,0.35397956
18519,0.049826585
18520,0.04475492
18521,0.02033647
18522,0.010304298
18523,0.056663755
18524,0.5706025
18525,0.037961505
18526,0.07469322
18527,0.5125448
18528,0.08596268
18529,0.01798378
18530,0.010891583
18531,0.010143078
18532,0.03992457
18533,0.04905101
18534,0.22662972
18535,0.2392443
18536,0.06178737
18537,0.06580424
18538,0.08642727
18539,0.0844898
18540,0.08385467
18541,0.09317562
18542,0.36620647
18543,0.06706161
18544,0.019399261
18545,0.044560805
18546,0.07134245
18547,0.049362935
18548,0.3851593
18549,0.5701261
18550,0.006825041
18551,0.03992001
18552,0.3714807
18553,0.043760028
18554,0.41353393
18555,0.04445237
18556,0.060249515
18557,0.016541874
18558,0.040477533
18559,0.37543455
18560,0.040177587
18561,0.06202567
18562,0.23931952
18563,0.0836597
18564,0.2507712
18565,0.3962817
18566,0.39607468
18567,0.028775759
18568,0.24507953
18569,0.2244173
18570,0.079586565
18571,0.51471347
18572,0.2599387
18573,0.4549703
18574,0.02253571
18575,0.08410669
18576,0.055436376
18577,0.027339866
18578,0.020228105
18579,0.00876439
18580,0.008890146
18581,0.050033536
18582,0.009088618
18583,0.010962469
18584,0.03244711
18585,0.18844339
18586,0.07181838
18587,0.06890535
18588,0.074571244
18589,0.069901444
18590,0.23010018
18591,0.23002376
18592,0.028310625
18593,0.077192955
18594,0.23966837
18595,0.052055534
18596,0.628045
18597,0.6208939
18598,0.67642564
18599,0.02813394
18600,0.0691981
18601,0.46067423
18602,0.068071075
18603,0.01712054
18604,0.055061918
18605,0.010478155
18606,0.049663898
18607,0.052048385
18608,0.043786585
18609,0.012161796
18610,0.41331834
18611,0.017380053
18612,0.029932728
18613,0.07602069
18614,0.07449306
18615,0.04442745
18616,0.041741747
18617,0.23127598
18618,0.37527853
18619,0.026318068
18620,0.0799856
18621,0.073618904
18622,0.22861716
18623,0.5239197
18624,0.72216445
18625,0.63177174
18626,0.015184277
18627,0.054731194
18628,0.026537217
18629,0.25324488
18630,0.07026199
18631,0.24209067
18632,0.06973866
18633,0.018278627
18634,0.07062955
18635,0.072907746
18636,0.08449468
18637,0.08503597
18638,0.52441776
18639,0.45827147
18640,0.22890458
18641,0.08263573
18642,0.06567535
18643,0.05130254
18644,0.07675752
18645,0.040352557
18646,0.032474805
18647,0.081877604
18648,0.081703216
18649,0.05473641
18650,0.07665975
18651,0.024754373
18652,0.63951266
18653,0.6793593
18654,0.5275149
18655,0.080584496
18656,0.04377391
18657,0.085229024
18658,0.39248574
18659,0.027630141
18660,0.016222803
18661,0.016459517
18662,0.034235325
18663,0.07039656
18664,0.044112347
18665,0.405285
18666,0.5644529
18667,0.05931339
18668,0.072082445
18669,0.06923362
18670,0.091649204
18671,0.059922986
18672,0.3709284
18673,0.22291997
18674,0.03605619
18675,0.06997506
18676,0.07525207
18677,0.07528851
18678,0.043258276
18679,0.020524494
18680,0.26371777
18681,0.25660586
18682,0.0884185
18683,0.062008034
18684,0.027606517
18685,0.07672576
18686,0.060066152
18687,0.24732523
18688,0.030139811
18689,0.040676508
18690,0.041168652
18691,0.016083624
18692,0.018679807
18693,0.04024248
18694,0.040900674
18695,0.39541495
18696,0.6724354
18697,0.25330502
18698,0.08978725
18699,0.079947814
18700,0.09168503
18701,0.086354434
18702,0.49838185
18703,0.052462578
18704,0.02934598
18705,0.037162654
18706,0.032847505
18707,0.08386007
18708,0.07860378
18709,0.07966051
18710,0.5355171
18711,0.2519067
18712,0.23646253
18713,0.6808202
18714,0.08158564
18715,0.017307067
18716,0.08203033
18717,0.2405032
18718,0.021486813
18719,0.05040136
18720,0.47616053
18721,0.055905852
18722,0.035710663
18723,0.036149446
18724,0.042214528
18725,0.2278655
18726,0.40519774
18727,0.42978314
18728,0.5391792
18729,0.3997393
18730,0.087003134
18731,0.08113891
18732,0.4009373
18733,0.08890482
18734,0.060987644
18735,0.043855004
18736,0.51095
18737,0.25503886
18738,0.049517035
18739,0.0134153
18740,0.47653577
18741,0.24782303
18742,0.0074497443
18743,0.0682896
18744,0.079103425
18745,0.0684856
18746,0.04442336
18747,0.010980131
18748,0.011008647
18749,0.013138049
18750,0.0288061
18751,0.04940693
18752,0.068464726
18753,0.06864488
18754,0.080175795
18755,0.40774488
18756,0.61781895
18757,0.38982707
18758,0.4113733
18759,0.58405524
18760,0.070600666
18761,0.018042985
18762,0.06008906
18763,0.061499454
18764,0.08540491
18765,0.08999179
18766,0.054296035
18767,0.027439535
18768,0.054680288
18769,0.08218366
18770,0.017262595
18771,0.006445728
18772,0.04217963
18773,0.07372515
18774,0.021351645
18775,0.015170347
18776,0.037842136
18777,0.019067146
18778,0.011687601
18779,0.032927994
18780,0.059705634
18781,0.04953337
18782,0.06290844
18783,0.3876855
18784,0.080442265
18785,0.38370126
18786,0.714493
18787,0.67797214
18788,0.2583569
18789,0.07886129
18790,0.043265566
18791,0.019846607
18792,0.04467029
18793,0.07744514
18794,0.014923942
18795,0.010277522
18796,0.031851083
18797,0.6384185
18798,0.044100028
18799,0.016543362
18800,0.053211097
18801,0.044555195
18802,0.07558737
18803,0.037875738
18804,0.043618876
18805,0.04125186
18806,0.013702989
18807,0.014191978
18808,0.027439535
18809,0.067519136
18810,0.07488086
18811,0.4897523
18812,0.41037065
18813,0.22520198
18814,0.5194171
18815,0.41495764
18816,0.50466716
18817,0.22463419
18818,0.013376954
18819,0.03824505
18820,0.032038286
18821,0.03548845
18822,0.044074167
18823,0.04158663
18824,0.014299891
18825,0.035099845
18826,0.05537499
18827,0.45936474
18828,0.069420174
18829,0.38702148
18830,0.02978173
18831,0.075336464
18832,0.08102527
18833,0.082298934
18834,0.09976512
18835,0.04302432
18836,0.027932048
18837,0.040850896
18838,0.08321652
18839,0.52947
18840,0.3919248
18841,0.5842005
18842,0.24650484
18843,0.388501
18844,0.08981218
18845,0.06919571
18846,0.041731503
18847,0.011665902
18848,0.037825283
18849,0.029711222
18850,0.082558945
18851,0.08300795
18852,0.068960965
18853,0.2526788
18854,0.027495533
18855,0.058962606
18856,0.011050855
18857,0.24805534
18858,0.040145796
18859,0.011970294
18860,0.011016111
18861,0.07605377
18862,0.22614834
18863,0.029936606
18864,0.0063944045
18865,0.383987
18866,0.23126796
18867,0.05865699
18868,0.07129128
18869,0.028948512
18870,0.070395745
18871,0.06298829
18872,0.03754581
18873,0.08199711
18874,0.07674911
18875,0.040314637
18876,0.010213101
18877,0.22735359
18878,0.07135893
18879,0.03231562
18880,0.08099109
18881,0.034332816
18882,0.041811474
18883,0.009667795
18884,0.039597206
18885,0.088798426
18886,0.43895155
18887,0.5309697
18888,0.07836986
18889,0.018288424
18890,0.028497318
18891,0.047881346
18892,0.05697097
18893,0.08709242
18894,0.013711399
18895,0.032007772
18896,0.014602654
18897,0.018908067
18898,0.011540284
18899,0.027336132
18900,0.059703533
18901,0.06895858
18902,0.41248518
18903,0.013523019
18904,0.016612386
18905,0.16860765
18906,0.059303947
18907,0.06691631
18908,0.44210637
18909,0.077962205
18910,0.012528027
18911,0.011159458
18912,0.23176722
18913,0.036303833
18914,0.014461853
18915,0.061386306
18916,0.08093451
18917,0.047475465
18918,0.017578702
18919,0.09246131
18920,0.01502587
18921,0.026772792
18922,0.08217365
18923,0.05472392
18924,0.038380094
18925,0.027310727
18926,0.053264294
18927,0.25880986
18928,0.029567648
18929,0.018450841
18930,0.02959115
18931,0.040455498
18932,0.052839905
18933,0.08809708
18934,0.054811627
18935,0.23854426
18936,0.07047972
18937,0.029742066
18938,0.013957066
18939,0.044712387
18940,0.044538308
18941,0.028639117
18942,0.25156456
18943,0.08368907
18944,0.017078713
18945,0.068581305
18946,0.043748166
18947,0.010715828
18948,0.43221483
18949,0.689669
18950,0.0795553
18951,0.06984361
18952,0.013416131
18953,0.0691596
18954,0.044809077
18955,0.04167093
18956,0.07036984
18957,0.06507705
18958,0.07394954
18959,0.6720797
18960,0.061904922
18961,0.014772474
18962,0.065501586
18963,0.05943232
18964,0.0172691
18965,0.08607915
18966,0.26344582
18967,0.059963837
18968,0.08696738
18969,0.06088817
18970,0.021580992
18971,0.06383131
18972,0.028935289
18973,0.024350677
18974,0.006478068
18975,0.047801223
18976,0.051423237
18977,0.026911367
18978,0.018965403
18979,0.049593907
18980,0.016896814
18981,0.0839628
18982,0.040612184
18983,0.032746587
18984,0.068207756
18985,0.075837374
18986,0.021263972
18987,0.049356453
18988,0.6055899
18989,0.054502342
18990,0.075005546
18991,0.04335465
18992,0.036875922
18993,0.042925097
18994,0.044397485
18995,0.012796005
18996,0.016421368
18997,0.47640687
18998,0.026566034
18999,0.007147029
19000,0.0060320054
19001,0.007493001
19002,0.015176791
19003,0.011085279
19004,0.044159736
19005,0.07395416
19006,0.01805003
19007,0.010690299
19008,0.07805517
19009,0.040754292
19010,0.0072718137
19011,0.04395332
19012,0.25734314
19013,0.027328439
19014,0.008166176
19015,0.01968137
19016,0.012432801
19017,0.041652933
19018,0.008922565
19019,0.031350452
19020,0.006849944
19021,0.09147353
19022,0.054636005
19023,0.007333308
19024,0.012264786
19025,0.014911542
19026,0.013307445
19027,0.055030417
19028,0.08444086
19029,0.069157444
19030,0.061227467
19031,0.05490862
19032,0.027588563
19033,0.048101746
19034,0.20012097
19035,0.24465053
19036,0.23003836
19037,0.008319895
19038,0.031545185
19039,0.013598679
19040,0.011860688
19041,0.015086284
19042,0.0114814155
19043,0.0189505
19044,0.0101741925
19045,0.015115453
19046,0.015001835
19047,0.010258961
19048,0.022896903
19049,0.047816962
19050,0.044337858
19051,0.07783521
19052,0.0070915525
19053,0.010791295
19054,0.08097717
19055,0.010703461
19056,0.25137648
19057,0.010925383
19058,0.026575191
19059,0.011860688
19060,0.010467793
19061,0.016926704
19062,0.018471021
19063,0.013611269
19064,0.031337906
19065,0.012564954
19066,0.05337265
19067,0.027023397
19068,0.041505005
19069,0.012644423
19070,0.04327348
19071,0.01418178
19072,0.012766285
19073,0.010080252
19074,0.07323092
19075,0.026987536
19076,0.0437151
19077,0.031912252
19078,0.010538042
19079,0.01526741
19080,0.06819691
19081,0.012702363
19082,0.010947387
19083,0.01119188
19084,0.25093645
19085,0.053667564
19086,0.054474976
19087,0.05528297
19088,0.014052334
19089,0.06833536
19090,0.0210036
19091,0.010882896
19092,0.061539225
19093,0.014704034
19094,0.07307443
19095,0.08267021
19096,0.016776973
19097,0.032193787
19098,0.032479092
19099,0.027247634
19100,0.028025717
19101,0.010961742
19102,0.008631526
19103,0.010582741
19104,0.03171157
19105,0.010830407
19106,0.011388264
19107,0.064488485
19108,0.051404353
19109,0.08893943
19110,0.024519863
19111,0.006195679
19112,0.014859145
19113,0.0442443
19114,0.018641816
19115,0.026900329
19116,0.015610762
19117,0.032477465
19118,0.011217251
19119,0.07988074
19120,0.0824983
19121,0.069860294
19122,0.019806633
19123,0.011377274
19124,0.03528553
19125,0.02619214
19126,0.040643178
19127,0.0535029
19128,0.032639373
19129,0.043197967
19130,0.038439386
19131,0.07470217
19132,0.042647753
19133,0.009048745
19134,0.07121594
19135,0.06584686
19136,0.04162224
19137,0.083843194
19138,0.37460017
19139,0.25122824
19140,0.06513522
19141,0.090868115
19142,0.071505584
19143,0.24038342
19144,0.056570288
19145,0.07490179
19146,0.039615933
19147,0.013086659
19148,0.072998114
19149,0.03086987
19150,0.6392494
19151,0.22921096
19152,0.010605451
19153,0.072959565
19154,0.028536743
19155,0.042054966
19156,0.035784893
19157,0.016029581
19158,0.0126877185
19159,0.08008643
19160,0.22946455
19161,0.2657761
19162,0.43301848
19163,0.06567858
19164,0.078347266
19165,0.08473618
19166,0.020130599
19167,0.051758375
19168,0.04019004
19169,0.057495177
19170,0.06882759
19171,0.035762735
19172,0.502509
19173,0.07974788
19174,0.07552438
19175,0.5140692
19176,0.021019863
19177,0.46130562
19178,0.015840681
19179,0.05274984
19180,0.45478112
19181,0.048511107
19182,0.045950957
19183,0.03380153
19184,0.061552648
19185,0.072100855
19186,0.07904395
19187,0.072541036
19188,0.033120316
19189,0.03834092
19190,0.06279877
19191,0.2583858
19192,0.04220649
19193,0.030663822
19194,0.050987873
19195,0.053704437
19196,0.06398396
19197,0.03088803
19198,0.072158
19199,0.052431244
19200,0.08889679
19201,0.095100716
19202,0.022863617
19203,0.038951047
19204,0.012765061
19205,0.012569587
19206,0.44902208
19207,0.076915845
19208,0.06409773
19209,0.45373347
19210,0.53684306
19211,0.063226976
19212,0.046970673
19213,0.012459819
19214,0.016592145
19215,0.01433756
19216,0.0075541027
19217,0.03615306
19218,0.010717633
19219,0.064357445
19220,0.060804613
19221,0.071906835
19222,0.089763865
19223,0.48858538
19224,0.015063699
19225,0.16568716
19226,0.04208306
19227,0.008935953
19228,0.030901667
19229,0.025445424
19230,0.034262277
19231,0.24483551
19232,0.018229043
19233,0.041385256
19234,0.058456518
19235,0.04206037
19236,0.026186293
19237,0.22335538
19238,0.5357686
19239,0.052724544
19240,0.06667645
19241,0.017901864
19242,0.02024203
19243,0.037983228
19244,0.052283287
19245,0.029146329
19246,0.07806305
19247,0.09121898
19248,0.07358526
19249,0.07348246
19250,0.052471887
19251,0.036244947
19252,0.029516555
19253,0.028568473
19254,0.03442202
19255,0.06849688
19256,0.049168568
19257,0.22115636
19258,0.011840611
19259,0.03421094
19260,0.026986398
19261,0.015971448
19262,0.013902987
19263,0.02257402
19264,0.039362337
19265,0.023266219
19266,0.057006307
19267,0.0918182
19268,0.36441386
19269,0.04139511
19270,0.03809308
19271,0.03585299
19272,0.07171484
19273,0.0572364
19274,0.013600397
19275,0.05076487
19276,0.029468706
19277,0.07788609
19278,0.026345918
19279,0.02291235
19280,0.030856373
19281,0.0056320564
19282,0.20192751
19283,0.05243617
19284,0.23193116
19285,0.2273743
19286,0.23131242
19287,0.052368928
19288,0.038235486
19289,0.01591019
19290,0.047921956
19291,0.042024277
19292,0.009906658
19293,0.078548715
19294,0.04181167
19295,0.5847048
19296,0.074418105
19297,0.020155929
19298,0.07624399
19299,0.046356604
19300,0.018389514
19301,0.00890774
19302,0.05272941
19303,0.027288169
19304,0.010822773
19305,0.016033487
19306,0.016573928
19307,0.06236351
19308,0.04117648
19309,0.20646483
19310,0.05105161
19311,0.07111171
19312,0.22837688
19313,0.41457367
19314,0.05253418
19315,0.02110495
19316,0.06398682
19317,0.014652803
19318,0.03678164
19319,0.007159741
19320,0.025009075
19321,0.008862067
19322,0.06602798
19323,0.049617633
19324,0.077007964
19325,0.038859773
19326,0.07415725
19327,0.038081344
19328,0.049708974
19329,0.03385921
19330,0.07840412
19331,0.0097851595
19332,0.05657703
19333,0.031155264
19334,0.009853793
19335,0.021557748
19336,0.034589
19337,0.04986757
19338,0.057611704
19339,0.077425405
19340,0.06694819
19341,0.23274887
19342,0.07963637
19343,0.07841661
19344,0.011241604
19345,0.06602921
19346,0.046892125
19347,0.039335184
19348,0.065026775
19349,0.020067418
19350,0.04414648
19351,0.037102006
19352,0.046847142
19353,0.063165836
19354,0.030913511
19355,0.049169045
19356,0.02136609
19357,0.030761467
19358,0.05683342
19359,0.011929798
19360,0.035594545
19361,0.074369594
19362,0.050736513
19363,0.080264024
19364,0.2844928
19365,0.06623634
19366,0.22914234
19367,0.05146494
19368,0.05901156
19369,0.056594305
19370,0.06586694
19371,0.047823448
19372,0.009154359
19373,0.018244296
19374,0.25277665
19375,0.05643111
19376,0.06444213
19377,0.050043274
19378,0.061994247
19379,0.017278535
19380,0.020066466
19381,0.036198746
19382,0.24685895
19383,0.054631237
19384,0.041269213
19385,0.07168408
19386,0.5789616
19387,0.065509826
19388,0.013485028
19389,0.38274565
19390,0.049177323
19391,0.2448402
19392,0.091288745
19393,0.053685054
19394,0.01810283
19395,0.042175222
19396,0.042597447
19397,0.07102967
19398,0.08491315
19399,0.03902997
19400,0.08154982
19401,0.065803275
19402,0.057984445
19403,0.014091473
19404,0.018713001
19405,0.045161396
19406,0.053555015
19407,0.013566111
19408,0.08106441
19409,0.080216646
19410,0.07779773
19411,0.06278822
19412,0.030276367
19413,0.074189365
19414,0.07825428
19415,0.36326924
19416,0.048963375
19417,0.009564915
19418,0.042843215
19419,0.020336768
19420,0.008976251
19421,0.053335562
19422,0.608995
19423,0.036628656
19424,0.06900486
19425,0.4764599
19426,0.22843686
19427,0.009833014
19428,0.009073501
19429,0.038388915
19430,0.04664682
19431,0.22870477
19432,0.3890018
19433,0.059661686
19434,0.06291999
19435,0.2331663
19436,0.07976936
19437,0.07753828
19438,0.24564607
19439,0.40204152
19440,0.063882835
19441,0.04269697
19442,0.06725949
19443,0.046812024
19444,0.24598971
19445,0.6222917
19446,0.039037235
19447,0.2557388
19448,0.041828275
19449,0.09023085
19450,0.042748574
19451,0.05841751
19452,0.016023997
19453,0.038967926
19454,0.0059776865
19455,0.43303737
19456,0.18366578
19457,0.05946962
19458,0.23567382
19459,0.08057485
19460,0.25
19461,0.40787852
19462,0.35460854
19463,0.02736888
19464,0.09128225
19465,0.22245301
19466,0.07617211
19467,0.6169821
19468,0.53467315
19469,0.46441847
19470,0.023136968
19471,0.22625747
19472,0.05222421
19473,0.018852636
19474,0.0098038465
19475,0.047955554
19476,0.009964882
19477,0.031102737
19478,0.048031148
19479,0.06429785
19480,0.065695554
19481,0.07159252
19482,0.06724798
19483,0.37107432
19484,0.40214702
19485,0.026802164
19486,0.0744995
19487,0.3838631
19488,0.01745095
19489,0.049264297
19490,0.5721421
19491,0.56786585
19492,0.67131644
19493,0.004950055
19494,0.014875046
19495,0.06762447
19496,0.48269114
19497,0.064681195
19498,0.0154157
19499,0.052626465
19500,0.0106518185
19501,0.008997074
19502,0.04725514
19503,0.052765347
19504,0.042079836
19505,0.0105367405
19506,0.4061601
19507,0.015809217
19508,0.02852682
19509,0.07014175
19510,0.072358355
19511,0.042697232
19512,0.042077355
19513,0.38666227
19514,0.3776128
19515,0.024954243
19516,0.07750187
19517,0.071382634
19518,0.07040031
19519,0.51549125
19520,0.6793272
19521,0.56731635
19522,0.052162252
19523,0.02597448
19524,0.008219485
19525,0.2597714
19526,0.067028254
19527,0.08762706
19528,0.038623985
19529,0.066104755
19530,0.017445728
19531,0.06680978
19532,0.072579615
19533,0.08082577
19534,0.077871025
19535,0.47368926
19536,0.5139155
19537,0.22812924
19538,0.07898191
19539,0.06292715
19540,0.04881137
19541,0.07431811
19542,0.039218947
19543,0.031597324
19544,0.02088693
19545,0.08070864
19546,0.078359045
19547,0.05287629
19548,0.07206599
19549,0.022667259
19550,0.5237517
19551,0.5298954
19552,0.5282368
19553,0.0768277
19554,0.042024095
19555,0.23150972
19556,0.010949434
19557,0.40323254
19558,0.02603827
19559,0.0154533805
19560,0.014835055
19561,0.032823525
19562,0.06596987
19563,0.04234129
19564,0.3654875
19565,0.6207577
19566,0.056066465
19567,0.068943724
19568,0.06574413
19569,0.08507388
19570,0.056526307
19571,0.38019612
19572,0.22191651
19573,0.03440291
19574,0.0672914
19575,0.07360604
19576,0.07155279
19577,0.04143496
19578,0.020943005
19579,0.25956938
19580,0.2571454
19581,0.08344919
19582,0.060311552
19583,0.07382718
19584,0.05343986
19585,0.2535607
19586,0.028544452
19587,0.038915116
19588,0.039664205
19589,0.015343053
19590,0.01727673
19591,0.03858862
19592,0.039057434
19593,0.37867635
19594,0.60685
19595,0.24695839
19596,0.083100505
19597,0.07452266
19598,0.084135436
19599,0.08133156
19600,0.5367295
19601,0.050459173
19602,0.027788268
19603,0.035600323
19604,0.031037116
19605,0.080579944
19606,0.07042542
19607,0.22593322
19608,0.14210118
19609,0.3952149
19610,0.08455835
19611,0.524446
19612,0.08072411
19613,0.016175473
19614,0.07784233
19615,0.23697898
19616,0.020007774
19617,0.045806114
19618,0.25008878
19619,0.05151027
19620,0.03401929
19621,0.034343217
19622,0.040101085
19623,0.22583811
19624,0.40665528
19625,0.24423984
19626,0.52150905
19627,0.42182976
19628,0.08098556
19629,0.07873698
19630,0.37924922
19631,0.026051112
19632,0.086091965
19633,0.059464533
19634,0.04252367
19635,0.513773
19636,0.24524434
19637,0.047576483
19638,0.48214307
19639,0.40115362
19640,0.06564815
19641,0.07489104
19642,0.06555154
19643,0.0427718
19644,0.00988343
19645,0.0125622125
19646,0.027759252
19647,0.04725514
19648,0.065972656
19649,0.06588492
19650,0.07691454
19651,0.4053768
19652,0.6533795
19653,0.4074222
19654,0.3963394
19655,0.6206183
19656,0.067012325
19657,0.057282962
19658,0.05994906
19659,0.08011437
19660,0.24381451
19661,0.0523667
19662,0.026215492
19663,0.052399784
19664,0.07925722
19665,0.016560966
19666,0.0051918146
19667,0.03982965
19668,0.071636505
19669,0.01996481
19670,0.0133542465
19671,0.03609382
19672,0.01718597
19673,0.010814372
19674,0.030762086
19675,0.056532916
19676,0.04843186
19677,0.061599366
19678,0.23744093
19679,0.07719455
19680,0.3493311
19681,0.694286
19682,0.6057824
19683,0.25614682
19684,0.074247554
19685,0.041609786
19686,0.01899526
19687,0.042597447
19688,0.07441748
19689,0.013100716
19690,0.008435293
19691,0.634545
19692,0.04213834
19693,0.015693957
19694,0.051096253
19695,0.042613503
19696,0.07118961
19697,0.03668327
19698,0.04219101
19699,0.03866639
19700,0.012515244
19701,0.01289846
19702,0.02635001
19703,0.06462583
19704,0.07102851
19705,0.46744722
19706,0.40362594
19707,0.23397501
19708,0.6580994
19709,0.43779486
19710,0.46562207
19711,0.22737262
19712,0.036905304
19713,0.031121053
19714,0.03396272
19715,0.041793987
19716,0.03988198
19717,0.034097802
19718,0.052667078
19719,0.42261395
19720,0.06835885
19721,0.41565967
19722,0.028864939
19723,0.07459249
19724,0.07645761
19725,0.080436364
19726,0.09334068
19727,0.03995518
19728,0.028981255
19729,0.008938899
19730,0.03860298
19731,0.07902844
19732,0.58497596
19733,0.40222988
19734,0.5712711
19735,0.38830116
19736,0.25812152
19737,0.09180772
19738,0.0653852
19739,0.040071238
19740,0.020780142
19741,0.01067508
19742,0.036125932
19743,0.028655903
19744,0.076593295
19745,0.07732324
19746,0.06539153
19747,0.24260817
19748,0.026025673
19749,0.05758831
19750,0.24934801
19751,0.03889599
19752,0.010407182
19753,0.009956692
19754,0.07588843
19755,0.22995685
19756,0.028609518
19757,0.005338713
19758,0.22751519
19759,0.23004967
19760,0.057125174
19761,0.068826266
19762,0.02820919
19763,0.06687075
19764,0.061558116
19765,0.035286784
19766,0.07746959
19767,0.07386109
19768,0.039279945
19769,0.02478252
19770,0.2205004
19771,0.012906003
19772,0.06668785
19773,0.031019932
19774,0.076965086
19775,0.032844637
19776,0.039604973
19777,0.009251872
19778,0.038081344
19779,0.079621136
19780,0.4136766
19781,0.49025333
19782,0.075831145
19783,0.016816465
19784,0.026893271
19785,0.046021827
19786,0.013303888
19787,0.053605743
19788,0.079970375
19789,0.01246317
19790,0.02926292
19791,0.013194031
19792,0.017403826
19793,0.010281903
19794,0.025901506
19795,0.05841687
19796,0.06445831
19797,0.40637478
19798,0.013123514
19799,0.015712008
19800,0.030382687
19801,0.05665179
19802,0.06718354
19803,0.49119672
19804,0.07576906
19805,0.0794292
19806,0.034850612
19807,0.056987137
19808,0.07705655
19809,0.045678105
19810,0.015971448
19811,0.009852345
19812,0.25999725
19813,0.013271167
19814,0.02430538
19815,0.076812804
19816,0.05241609
19817,0.03709937
19818,0.016095867
19819,0.025861122
19820,0.049282204
19821,0.25173604
19822,0.028689314
19823,0.017299805
19824,0.028336465
19825,0.03692207
19826,0.04919433
19827,0.083226174
19828,0.05234134
19829,0.23988983
19830,0.06781741
19831,0.028536584
19832,0.042205546
19833,0.042786244
19834,0.027812462
19835,0.24371074
19836,0.07555544
19837,0.015679035
19838,0.06405681
19839,0.042873766
19840,0.009215621
19841,0.0085469745
19842,0.46130046
19843,0.71277314
19844,0.2237057
19845,0.06736571
19846,0.06535374
19847,0.042351555
19848,0.040256366
19849,0.06645629
19850,0.062880084
19851,0.071430095
19852,0.6539579
19853,0.016667921
19854,0.0599975
19855,0.013760149
19856,0.062793605
19857,0.060663
19858,0.015834406
19859,0.03494893
19860,0.08145857
19861,0.26727152
19862,0.057199188
19863,0.07948609
19864,0.02480807
19865,0.058696464
19866,0.01371439
19867,0.020055898
19868,0.0615693
19869,0.025797175
19870,0.02304926
19871,0.005145425
19872,0.045956038
19873,0.049178928
19874,0.025804857
19875,0.017338837
19876,0.047573403
19877,0.014650191
19878,0.07805612
19879,0.03887678
19880,0.030536033
19881,0.06510486
19882,0.073166005
19883,0.020164803
19884,0.047911108
19885,0.6317853
19886,0.053022694
19887,0.07050147
19888,0.042146042
19889,0.03533698
19890,0.041454267
19891,0.042004533
19892,0.01105559
19893,0.015072217
19894,0.2548135
19895,0.026043478
19896,0.0075031053
19897,0.014114424
19898,0.009619781
19899,0.04201934
19900,0.07077541
19901,0.018143268
19902,0.009928488
19903,0.078143455
19904,0.039210472
19905,0.025445424
19906,0.005655908
19907,0.040157337
19908,0.38535047
19909,0.02631729
19910,0.005718521
19911,0.018565629
19912,0.011364931
19913,0.038050592
19914,0.029367713
19915,0.08618575
19916,0.0518357
19917,0.013468031
19918,0.013292467
19919,0.05245509
19920,0.22663428
19921,0.06734754
19922,0.05940134
19923,0.051987883
19924,0.026460564
19925,0.046081595
19926,0.015285786
19927,0.20020501
19928,0.085771754
19929,0.37243903
19930,0.0074067865
19931,0.008688174
19932,0.012313923
19933,0.010906905
19934,0.014435394
19935,0.010734092
19936,0.017433858
19937,0.008624448
19938,0.013874299
19939,0.012738983
19940,0.021489056
19941,0.04776864
19942,0.042158812
19943,0.07431533
19944,0.07787173
19945,0.25221962
19946,0.02523471
19947,0.010784474
19948,0.015586866
19949,0.01723394
19950,0.008865149
19951,0.01264438
19952,0.029664537
19953,0.011166734
19954,0.013048295
19955,0.009020656
19956,0.008111186
19957,0.050590184
19958,0.025995072
19959,0.039438136
19960,0.011706181
19961,0.041487787
19962,0.012815974
19963,0.011564805
19964,0.009044357
19965,0.07155279
19966,0.025477534
19967,0.0422855
19968,0.009879506
19969,0.030428367
19970,0.010167833
19971,0.014008337
19972,0.065921314
19973,0.009406987
19974,0.25178748
19975,0.051483925
19976,0.052422967
19977,0.052450527
19978,0.0654018
19979,0.020085592
19980,0.010041231
19981,0.06312707
19982,0.0145739475
19983,0.07172529
19984,0.07925477
19985,0.015261454
19986,0.025550868
19987,0.030622788
19988,0.031519275
19989,0.025493119
19990,0.0108184125
19991,0.007690359
19992,0.010224276
19993,0.010460344
19994,0.007866114
19995,0.032023758
19996,0.009566655
19997,0.0629008
19998,0.04917177
19999,0.079487815
20000,0.016153067
20001,0.00524896
20002,0.0096617285
20003,0.013662744
20004,0.042314358
20005,0.017547362
20006,0.012553851
20007,0.025459643
20008,0.029413695
20009,0.00859266
20010,0.028589921
20011,0.07712849
20012,0.08153194
20013,0.009002547
20014,0.06582268
20015,0.017308824
20016,0.035281584
20017,0.051258616
20018,0.025581127
20019,0.041351117
20020,0.053783458
20021,0.042844262
20022,0.07641383
20023,0.036943004
20024,0.0306905
20025,0.0746338
20026,0.042330366
20027,0.067192875
20028,0.042284377
20029,0.08375589
20030,0.22326334
20031,0.24414626
20032,0.43431643
20033,0.07163686
20034,0.23870756
20035,0.05718751
20036,0.07469287
20037,0.039112434
20038,0.013949486
20039,0.07179618
20040,0.031135576
20041,0.5977221
20042,0.07412003
20043,0.04203565
20044,0.07168155
20045,0.056867097
20046,0.011768757
20047,0.043112595
20048,0.035802327
20049,0.016494105
20050,0.077057056
20051,0.079564445
20052,0.4429128
20053,0.5158739
20054,0.042051766
20055,0.07848347
20056,0.23509263
20057,0.020276884
20058,0.050646186
20059,0.04032942
20060,0.05690402
20061,0.06868872
20062,0.5062874
20063,0.079781756
20064,0.075801745
20065,0.53873324
20066,0.4779033
20067,0.052678272
20068,0.24822253
20069,0.048094004
20070,0.0460314
20071,0.03419635
20072,0.06078541
20073,0.07178608
20074,0.07836842
20075,0.033044368
20076,0.03857718
20077,0.063065864
20078,0.3692963
20079,0.043277934
20080,0.03095765
20081,0.0514052
20082,0.053751078
20083,0.06463294
20084,0.03086135
20085,0.07256713
20086,0.026532909
20087,0.05302194
20088,0.2353081
20089,0.0874623
20090,0.023387508
20091,0.03895053
20092,0.012905666
20093,0.014102307
20094,0.012837301
20095,0.46518975
20096,0.0780469
20097,0.06344662
20098,0.24638154
20099,0.5342923
20100,0.0065894458
20101,0.06335002
20102,0.048198394
20103,0.012374116
20104,0.017183047
20105,0.014430951
20106,0.03685376
20107,0.011114058
20108,0.0640048
20109,0.060453627
20110,0.07235804
20111,0.24497263
20112,0.4966562
20113,0.15675718
20114,0.042147283
20115,0.009032377
20116,0.025998898
20117,0.034373246
20118,0.2450141
20119,0.04197458
20120,0.057968885
20121,0.04184172
20122,0.22365767
20123,0.2805433
20124,0.05286233
20125,0.068151064
20126,0.018440923
20127,0.02053863
20128,0.040652886
20129,0.053420067
20130,0.028348876
20131,0.07813804
20132,0.092077136
20133,0.07158638
20134,0.07266739
20135,0.052826587
20136,0.036599405
20137,0.030954717
20138,0.027963715
20139,0.034977913
20140,0.065421484
20141,0.04945871
20142,0.22019747
20143,0.013251419
20144,0.033278845
20145,0.027555956
20146,0.016945248
20147,0.014278548
20148,0.023590906
20149,0.039345466
20150,0.020451589
20151,0.056818236
20152,0.093192324
20153,0.23870385
20154,0.041735288
20155,0.038527425
20156,0.03626423
20157,0.0720868
20158,0.05847412
20159,0.05014491
20160,0.030158456
20161,0.076621875
20162,0.026565647
20163,0.023035917
20164,0.030912852
20165,0.006211833
20166,0.051973872
20167,0.052991822
20168,0.22929776
20169,0.22044317
20170,0.23177235
20171,0.052629504
20172,0.038499333
20173,0.016297653
20174,0.0457922
20175,0.04257802
20176,0.011356536
20177,0.07987521
20178,0.042309925
20179,0.5264899
20180,0.07474346
20181,0.020360706
20182,0.074284405
20183,0.047248404
20184,0.04590538
20185,0.01843245
20186,0.015676685
20187,0.010025429
20188,0.0522153
20189,0.016158225
20190,0.017425371
20191,0.06242442
20192,0.041921094
20193,0.060027994
20194,0.051150292
20195,0.07175914
20196,0.3561678
20197,0.40334406
20198,0.19917807
20199,0.021419322
20200,0.06388863
20201,0.015235216
20202,0.03852091
20203,0.025632916
20204,0.009147355
20205,0.066088386
20206,0.049624108
20207,0.077910505
20208,0.039011817
20209,0.07321277
20210,0.03850223
20211,0.050887316
20212,0.034172583
20213,0.015558224
20214,0.018005881
20215,0.0802845
20216,0.0101028215
20217,0.030967388
20218,0.057235464
20219,0.031393297
20220,0.009129369
20221,0.021692729
20222,0.034765273
20223,0.049670145
20224,0.057569552
20225,0.07744147
20226,0.06891809
20227,0.0848408
20228,0.2257388
20229,0.23302883
20230,0.011529912
20231,0.06610878
20232,0.046379972
20233,0.010031638
20234,0.039427392
20235,0.06515377
20236,0.04294276
20237,0.037481874
20238,0.047234725
20239,0.06610917
20240,0.030946381
20241,0.049172107
20242,0.021034226
20243,0.030919757
20244,0.056884106
20245,0.0135584725
20246,0.035278816
20247,0.07526605
20248,0.05075455
20249,0.07770279
20250,0.28177553
20251,0.06675972
20252,0.22456333
20253,0.051115144
20254,0.0595229
20255,0.056689974
20256,0.06602883
20257,0.046883397
20258,0.0181315
20259,0.2548193
20260,0.05684343
20261,0.06367153
20262,0.050027274
20263,0.061161373
20264,0.017078917
20265,0.017633636
20266,0.019523773
20267,0.03640049
20268,0.25321597
20269,0.053629506
20270,0.04115398
20271,0.07088667
20272,0.6537391
20273,0.06590711
20274,0.01389669
20275,0.35507536
20276,0.05003969
20277,0.24464764
20278,0.0889725
20279,0.053731307
20280,0.0047402713
20281,0.019043148
20282,0.04220315
20283,0.042892657
20284,0.07130158
20285,0.08496295
20286,0.03911533
20287,0.23408316
20288,0.0652265
20289,0.007777706
20290,0.057657644
20291,0.014475245
20292,0.045670956
20293,0.05381417
20294,0.0143716065
20295,0.078043394
20296,0.07928872
20297,0.23351616
20298,0.0628822
20299,0.030341597
20300,0.07306611
20301,0.23102498
20302,0.38249987
20303,0.04830633
20304,0.04340008
20305,0.02049277
20306,0.009034089
20307,0.05358547
20308,0.5843418
20309,0.03655055
20310,0.074604794
20311,0.5123795
20312,0.23405962
20313,0.009215254
20314,0.012016991
20315,0.008823709
20316,0.038470645
20317,0.04715264
20318,0.220272
20319,0.41851732
20320,0.05876942
20321,0.06385887
20322,0.23988988
20323,0.080167964
20324,0.07938342
20325,0.2445525
20326,0.38745862
20327,0.060727917
20328,0.043437384
20329,0.06721543
20330,0.047427647
20331,0.25473845
20332,0.62401444
20333,0.005899015
20334,0.040278666
20335,0.24863936
20336,0.042443685
20337,0.09122561
20338,0.011993393
20339,0.043195922
20340,0.057595357
20341,0.015319162
20342,0.039567027
20343,0.41360676
20344,0.1772471
20345,0.059499927
20346,0.077710636
20347,0.08006317
20348,0.24973716
20349,0.43172085
20350,0.38757464
20351,0.027177416
20352,0.091887996
20353,0.23048301
20354,0.07674747
20355,0.5328563
20356,0.46513247
20357,0.51286185
20358,0.00650729
20359,0.023788009
20360,0.2234713
20361,0.052416325
20362,0.026515167
20363,0.018904442
20364,0.048060205
20365,0.0057984474
20366,0.009080667
20367,0.010451579
20368,0.031272512
20369,0.047972146
20370,0.06928973
20371,0.065644845
20372,0.0713793
20373,0.06523619
20374,0.38042706
20375,0.2188362
20376,0.02723473
20377,0.07640383
20378,0.087730944
20379,0.017130528
20380,0.04948501
20381,0.6241047
20382,0.25951248
20383,0.6455665
20384,0.025048962
20385,0.06764351
20386,0.42067546
20387,0.06482055
20388,0.015777048
20389,0.05193586
20390,0.009461743
20391,0.047789898
20392,0.052902438
20393,0.042063434
20394,0.010680392
20395,0.3924832
20396,0.016635645
20397,0.027851833
20398,0.0713001
20399,0.071409434
20400,0.043285586
20401,0.042767674
20402,0.38679183
20403,0.40363637
20404,0.025490154
20405,0.08072026
20406,0.07191305
20407,0.0716693
20408,0.6125757
20409,0.68045866
20410,0.6003099
20411,0.014002007
20412,0.050317116
20413,0.026466837
20414,0.40704536
20415,0.065382734
20416,0.2376841
20417,0.039137773
20418,0.067656696
20419,0.017710313
20420,0.06688078
20421,0.07062751
20422,0.07947036
20423,0.077644825
20424,0.4574685
20425,0.44066817
20426,0.22681262
20427,0.07980789
20428,0.06360125
20429,0.049818534
20430,0.07373387
20431,0.03915065
20432,0.03158489
20433,0.079756506
20434,0.07863157
20435,0.053188387
20436,0.22154188
20437,0.023546234
20438,0.67810917
20439,0.5483443
20440,0.54377127
20441,0.07863146
20442,0.04242064
20443,0.23407164
20444,0.011042912
20445,0.41307676
20446,0.026626484
20447,0.0157758
20448,0.014921631
20449,0.033194683
20450,0.06742722
20451,0.042483278
20452,0.42088807
20453,0.6357919
20454,0.0567344
20455,0.068874225
20456,0.06508089
20457,0.24010313
20458,0.0534209
20459,0.36615917
20460,0.22728212
20461,0.03444789
20462,0.064826705
20463,0.07173101
20464,0.07223452
20465,0.041425183
20466,0.0192106
20467,0.26115793
20468,0.24190369
20469,0.084106795
20470,0.060196072
20471,0.026503108
20472,0.072353415
20473,0.058208138
20474,0.08780175
20475,0.027540725
20476,0.038776428
20477,0.040427916
20478,0.015841542
20479,0.017412042
20480,0.038412623
20481,0.039148763
20482,0.40955946
20483,0.6237318
20484,0.40385917
20485,0.24845247
20486,0.07468659
20487,0.081659466
20488,0.08150649
20489,0.46834973
20490,0.047019936
20491,0.035447806
20492,0.031303972
20493,0.08169425
20494,0.07423312
20495,0.07620942
20496,0.26545468
20497,0.38284096
20498,0.08379899
20499,0.6983889
20500,0.07847323
20501,0.016529586
20502,0.07902375
20503,0.24383822
20504,0.020673297
20505,0.04842452
20506,0.25831372
20507,0.05252829
20508,0.03427807
20509,0.034138463
20510,0.04062658
20511,0.08153219
20512,0.41147336
20513,0.2526074
20514,0.53683424
20515,0.25547048
20516,0.08158747
20517,0.077762075
20518,0.3888309
20519,0.23634432
20520,0.059182473
20521,0.042143345
20522,0.47486767
20523,0.0930685
20524,0.0479775
20525,0.4450159
20526,0.25969258
20527,0.005706265
20528,0.064874895
20529,0.07452125
20530,0.06575577
20531,0.043125313
20532,0.012993321
20533,0.025676426
20534,0.047118697
20535,0.066175655
20536,0.06588923
20537,0.080394015
20538,0.4337562
20539,0.6148582
20540,0.41730863
20541,0.38821954
20542,0.59230316
20543,0.06774044
20544,0.05808337
20545,0.05996205
20546,0.07785009
20547,0.08980949
20548,0.052547082
20549,0.026752647
20550,0.049276426
20551,0.0792884
20552,0.016543347
20553,0.005408138
20554,0.040604513
20555,0.07201591
20556,0.02016603
20557,0.036560398
20558,0.011276629
20559,0.031006914
20560,0.056565557
20561,0.04835789
20562,0.06027757
20563,0.39176533
20564,0.2337721
20565,0.37838897
20566,0.71765274
20567,0.67227685
20568,0.25790998
20569,0.07561251
20570,0.041842334
20571,0.018034711
20572,0.042979766
20573,0.07383416
20574,0.013998315
20575,0.009408335
20576,0.031433985
20577,0.6200974
20578,0.042707633
20579,0.016135676
20580,0.050938383
20581,0.04293929
20582,0.071516655
20583,0.03669019
20584,0.042210594
20585,0.015899055
20586,0.04119455
20587,0.011333349
20588,0.01311765
20589,0.025429428
20590,0.06122046
20591,0.07185056
20592,0.53266144
20593,0.4276542
20594,0.23347239
20595,0.64713126
20596,0.4145168
20597,0.43312106
20598,0.22312719
20599,0.030773489
20600,0.033817448
20601,0.042620208
20602,0.04027496
20603,0.014726774
20604,0.034350064
20605,0.05260085
20606,0.5344713
20607,0.06724689
20608,0.3994561
20609,0.029299282
20610,0.07364823
20611,0.07761462
20612,0.0817952
20613,0.08759561
20614,0.041584197
20615,0.00918092
20616,0.038740627
20617,0.07969076
20618,0.68083197
20619,0.39959332
20620,0.52907825
20621,0.24793778
20622,0.38233137
20623,0.08364833
20624,0.06523619
20625,0.040467776
20626,0.011044198
20627,0.037199724
20628,0.027586408
20629,0.07876264
20630,0.07801396
20631,0.06722372
20632,0.3677344
20633,0.026223596
20634,0.057624713
20635,0.0095666
20636,0.39236858
20637,0.039080296
20638,0.010130308
20639,0.0100916745
20640,0.073373534
20641,0.3585016
20642,0.028760156
20643,0.005723693
20644,0.22832374
20645,0.23795284
20646,0.05675033
20647,0.06884979
20648,0.02863065
20649,0.06864188
20650,0.061793644
20651,0.03570519
20652,0.07970708
20653,0.073720664
20654,0.039029505
20655,0.0227015
20656,0.009253064
20657,0.07879629
20658,0.013932681
20659,0.06659858
20660,0.005402589
20661,0.03222282
20662,0.076810375
20663,0.033194683
20664,0.039997607
20665,0.008761853
20666,0.038474046
20667,0.08156264
20668,0.38780278
20669,0.44001743
20670,0.074232094
20671,0.010254246
20672,0.027122602
20673,0.046312343
20674,0.013170219
20675,0.0548538
20676,0.081493326
20677,0.013036182
20678,0.029783564
20679,0.012946773
20680,0.029691769
20681,0.017358297
20682,0.025916643
20683,0.057855107
20684,0.06634652
20685,0.43670818
20686,0.012382309
20687,0.014926189
20688,0.17244351
20689,0.056837376
20690,0.06719981
20691,0.49008214
20692,0.07460309
20693,0.011637717
20694,0.08211116
20695,0.034697726
20696,0.014094897
20697,0.057538092
20698,0.07655728
20699,0.046113253
20700,0.015663972
20701,0.010132864
20702,0.25798437
20703,0.031135809
20704,0.0138260815
20705,0.025126817
20706,0.0770903
20707,0.052715436
20708,0.03723825
20709,0.015798792
20710,0.026646862
20711,0.051278077
20712,0.25769317
20713,0.02858966
20714,0.005697443
20715,0.01737712
20716,0.028343214
20717,0.03957604
20718,0.050768767
20719,0.24103512
20720,0.052258637
20721,0.23802657
20722,0.067558415
20723,0.026868565
20724,0.0136700785
20725,0.04237569
20726,0.043122735
20727,0.027661154
20728,0.08779744
20729,0.016075915
20730,0.07599162
20731,0.016465958
20732,0.06538075
20733,0.042560544
20734,0.00937295
20735,0.41061506
20736,0.77674454
20737,0.07578483
20738,0.06899804
20739,0.012868313
20740,0.066914506
20741,0.042406414
20742,0.040536616
20743,0.06721531
20744,0.06213513
20745,0.071592055
20746,0.543234
20747,0.017069697
20748,0.060460478
20749,0.060242042
20750,0.060769275
20751,0.016138772
20752,0.03580603
20753,0.08111151
20754,0.454606
20755,0.05795934
20756,0.08154281
20757,0.025129488
20758,0.059715714
20759,0.00854802
20760,0.020405248
20761,0.059866786
20762,0.02775853
20763,0.023357334
20764,0.046234813
20765,0.04945581
20766,0.025940683
20767,0.048092697
20768,0.012016991
20769,0.01963086
20770,0.0769058
20771,0.034863576
20772,0.03931733
20773,0.013941017
20774,0.030896552
20775,0.06450458
20776,0.075498685
20777,0.02090397
20778,0.047101066
20779,0.6536538
20780,0.05312553
20781,0.07283833
20782,0.035780486
20783,0.041656863
20784,0.042296473
20785,0.011784996
20786,0.015443596
20787,0.4588279
20788,0.026387477
20789,0.0074361986
20790,0.014470307
20791,0.043169837
20792,0.071226925
20793,0.017382396
20794,0.010217172
20795,0.07429677
20796,0.039419413
20797,0.025632916
20798,0.042260103
20799,0.41157183
20800,0.025873862
20801,0.018342206
20802,0.018719148
20803,0.011587678
20804,0.040218983
20805,0.028829418
20806,0.08348523
20807,0.052686624
20808,0.013977575
20809,0.014014462
20810,0.007852956
20811,0.05283313
20812,0.23134328
20813,0.06702902
20814,0.059023097
20815,0.051793102
20816,0.02673744
20817,0.046105344
20818,0.016084205
20819,0.1965839
20820,0.24589989
20821,0.37854624
20822,0.009356246
20823,0.012527261
20824,0.010801088
20825,0.010795344
20826,0.017805358
20827,0.008749014
20828,0.009429081
20829,0.013356105
20830,0.013803601
20831,0.0094257835
20832,0.021736797
20833,0.047502697
20834,0.042393353
20835,0.07430209
20836,0.012072245
20837,0.077639416
20838,0.0091159465
20839,0.25006995
20840,0.00996344
20841,0.00915287
20842,0.025280263
20843,0.010735772
20844,0.015816238
20845,0.017563121
20846,0.013040468
20847,0.02956895
20848,0.05132364
20849,0.026626484
20850,0.040066626
20851,0.041762523
20852,0.012880065
20853,0.009284745
20854,0.011653276
20855,0.008540794
20856,0.072442345
20857,0.025870701
20858,0.04221476
20859,0.008164782
20860,0.0306905
20861,0.014419026
20862,0.06573029
20863,0.010437357
20864,0.0102908
20865,0.36757937
20866,0.052754685
20867,0.052950736
20868,0.06455408
20869,0.020613302
20870,0.010000599
20871,0.06336762
20872,0.0136700785
20873,0.07061556
20874,0.07955021
20875,0.016090265
20876,0.026041796
20877,0.030657208
20878,0.031179193
20879,0.025935853
20880,0.026467578
20881,0.010024306
20882,0.007428634
20883,0.030650727
20884,0.009010747
20885,0.06401841
20886,0.049107935
20887,0.03100697
20888,0.0076595945
20889,0.08328682
20890,0.01623585
20891,0.023113027
20892,0.02769042
20893,0.009676336
20894,0.014250409
20895,0.043353885
20896,0.017977646
20897,0.010120932
20898,0.029554438
20899,0.031403836
20900,0.029647654
20901,0.07671063
20902,0.08145061
20903,0.017178113
20904,0.06848484
20905,0.020122549
20906,0.043140434
20907,0.056179456
20908,0.033048015
20909,0.037406437
20910,0.03864778
20911,0.04111364
20912,0.0833411
20913,0.03504226
20914,0.07980328
20915,0.043075453
20916,0.069274455
20917,0.04415404
20918,0.24620634
20919,0.38374823
20920,0.11731262
20921,0.06891618
20922,0.27548662
20923,0.07777203
20924,0.24904019
20925,0.059757512
20926,0.018281836
20927,0.08395465
20928,0.012766139
20929,0.037202943
20930,0.013396892
20931,0.08104579
20932,0.03071642
20933,0.73593
20934,0.08411552
20935,0.083043486
20936,0.06040305
20937,0.012004603
20938,0.028295882
20939,0.04320068
20940,0.03561309
20941,0.039913315
20942,0.08909532
20943,0.09612766
20944,0.4469581
20945,0.4869888
20946,0.043554433
20947,0.06920384
20948,0.09130246
20949,0.39124745
20950,0.052966624
20951,0.041311234
20952,0.059881583
20953,0.0361157
20954,0.5041741
20955,0.09488687
20956,0.08768229
20957,0.47819957
20958,0.09472438
20959,0.46149686
20960,0.05471945
20961,0.4998594
20962,0.049109757
20963,0.047214918
20964,0.034531787
20965,0.06352315
20966,0.07882191
20967,0.08913463
20968,0.07668218
20969,0.033268712
20970,0.06595775
20971,0.3989945
20972,0.04321191
20973,0.03137401
20974,0.052572116
20975,0.0562591
20976,0.068644516
20977,0.031110084
20978,0.042427745
20979,0.08009346
20980,0.026423886
20981,0.054858606
20982,0.25973165
20983,0.055238288
20984,0.116130136
20985,0.023695162
20986,0.052939445
20987,0.03963587
20988,0.012382503
20989,0.5216088
20990,0.088784315
20991,0.06935357
20992,0.10919252
20993,0.53689927
20994,0.06626304
20995,0.048974946
20996,0.012518084
20997,0.016862126
20998,0.01455363
20999,0.0070466716
21000,0.03683154
21001,0.009697512
21002,0.0673673
21003,0.063291416
21004,0.07826437
21005,0.11755506
21006,0.2716605
21007,0.15454172
21008,0.043557312
21009,0.030905731
21010,0.025893865
21011,0.033414997
21012,0.26348072
21013,0.018812116
21014,0.040356405
21015,0.060150154
21016,0.042774066
21017,0.02696711
21018,0.08038248
21019,0.46322355
21020,0.05405448
21021,0.07082102
21022,0.018076658
21023,0.020477157
21024,0.039534617
21025,0.05398027
21026,0.02878465
21027,0.014443519
21028,0.09228541
21029,0.104477994
21030,0.08061586
21031,0.08220549
21032,0.054560095
21033,0.009388435
21034,0.036920704
21035,0.029015731
21036,0.02921764
21037,0.03501633
21038,0.07106312
21039,0.050653957
21040,0.22098354
21041,0.013014058
21042,0.03571853
21043,0.026941929
21044,0.01633353
21045,0.013126256
21046,0.024081565
21047,0.040226102
21048,0.023641137
21049,0.061555807
21050,0.116417356
21051,0.4032734
21052,0.042631846
21053,0.038971946
21054,0.037095908
21055,0.08117339
21056,0.059433386
21057,0.013100934
21058,0.05194578
21059,0.029933872
21060,0.09002981
21061,0.026584294
21062,0.023769956
21063,0.030964911
21064,0.005950212
21065,0.19980831
21066,0.0542348
21067,0.23779315
21068,0.2326285
21069,0.40532148
21070,0.053182874
21071,0.038718376
21072,0.017144196
21073,0.049228404
21074,0.041319646
21075,0.009939801
21076,0.093648955
21077,0.043153707
21078,0.5444101
21079,0.08591226
21080,0.020322582
21081,0.082542196
21082,0.048363816
21083,0.0469453
21084,0.018191839
21085,0.01580628
21086,0.009104769
21087,0.011248627
21088,0.05383286
21089,0.016930176
21090,0.017040756
21091,0.066751875
21092,0.04356058
21093,0.06114238
21094,0.052881315
21095,0.077616006
21096,0.23815806
21097,0.3846298
21098,0.054750912
21099,0.02160021
21100,0.06839276
21101,0.0143926935
21102,0.03949529
21103,0.02601743
21104,0.008606226
21105,0.068601765
21106,0.050493974
21107,0.091873914
21108,0.039414823
21109,0.07988897
21110,0.03875105
21111,0.05120531
21112,0.034418683
21113,0.016219536
21114,0.017471278
21115,0.237894
21116,0.010421702
21117,0.03161925
21118,0.059760403
21119,0.0310751
21120,0.021730332
21121,0.034434382
21122,0.05067067
21123,0.059573513
21124,0.08905351
21125,0.070423864
21126,0.2467051
21127,0.24035756
21128,0.08994685
21129,0.011485021
21130,0.06901971
21131,0.047148544
21132,0.009579908
21133,0.039822653
21134,0.06345341
21135,0.020552777
21136,0.043923788
21137,0.036458146
21138,0.048790105
21139,0.06742814
21140,0.031493086
21141,0.050699767
21142,0.02187721
21143,0.017272523
21144,0.059433386
21145,0.013128863
21146,0.03793803
21147,0.084264524
21148,0.052605834
21149,0.09424182
21150,0.52483934
21151,0.070594124
21152,0.08671894
21153,0.052243266
21154,0.06148024
21155,0.059547007
21156,0.06505556
21157,0.04738491
21158,0.018475445
21159,0.1173025
21160,0.060217023
21161,0.067216255
21162,0.051746223
21163,0.064800985
21164,0.016937736
21165,0.027015494
21166,0.018044546
21167,0.020048654
21168,0.037419256
21169,0.26934552
21170,0.05578755
21171,0.042445663
21172,0.07550511
21173,0.7707526
21174,0.068184614
21175,0.013566774
21176,0.37455496
21177,0.05076293
21178,0.26372993
21179,0.26645684
21180,0.056236904
21181,0.043484006
21182,0.04393826
21183,0.07778024
21184,0.09613463
21185,0.039875668
21186,0.25197688
21187,0.07097402
21188,0.061174028
21189,0.014265981
21190,0.018713314
21191,0.04656772
21192,0.056307968
21193,0.013763134
21194,0.09228541
21195,0.094820075
21196,0.09175495
21197,0.066062324
21198,0.03214751
21199,0.07866821
21200,0.090136304
21201,0.3899101
21202,0.049258385
21203,0.009840169
21204,0.04390056
21205,0.020329094
21206,0.009515745
21207,0.053204946
21208,0.5915796
21209,0.03716982
21210,0.084197916
21211,0.53914535
21212,0.23623033
21213,0.012238939
21214,0.009111978
21215,0.038460586
21216,0.048016228
21217,0.2295522
21218,0.39613426
21219,0.00979804
21220,0.06357818
21221,0.06668583
21222,0.24686792
21223,0.0941158
21224,0.091279395
21225,0.11493147
21226,0.40304
21227,0.06769183
21228,0.044242904
21229,0.07235956
21230,0.048140567
21231,0.2698302
21232,0.7465874
21233,0.0065049888
21234,0.040743425
21235,0.4405648
21236,0.014065035
21237,0.04338452
21238,0.118367456
21239,0.04387566
21240,0.06080289
21241,0.015565736
21242,0.039984982
21243,0.0054413304
21244,0.40089533
21245,0.1710694
21246,0.062680736
21247,0.2442112
21248,0.09495861
21249,0.2663909
21250,0.4118624
21251,0.37239975
21252,0.027840156
21253,0.103418045
21254,0.23274413
21255,0.09140316
21256,0.7186689
21257,0.46238598
21258,0.4490946
21259,0.0057975585
21260,0.021607773
21261,0.23747052
21262,0.054092586
21263,0.018333402
21264,0.009623665
21265,0.050218023
21266,0.008176883
21267,0.010100559
21268,0.031420857
21269,0.049096312
21270,0.07039885
21271,0.069309846
21272,0.080238275
21273,0.0708923
21274,0.38744962
21275,0.23099491
21276,0.026941929
21277,0.08200184
21278,0.24930704
21279,0.015999679
21280,0.050421093
21281,0.7673627
21282,0.8134405
21283,0.7252675
21284,0.027194148
21285,0.020500448
21286,0.06956897
21287,0.52685475
21288,0.06812371
21289,0.0158129
21290,0.054060604
21291,0.008910396
21292,0.048717875
21293,0.054284796
21294,0.043264672
21295,0.010066335
21296,0.40667328
21297,0.016223721
21298,0.028634815
21299,0.22949481
21300,0.07847526
21301,0.043694973
21302,0.04325576
21303,0.35557872
21304,0.3522565
21305,0.024707034
21306,0.08905117
21307,0.07696332
21308,0.07795017
21309,0.6265121
21310,0.81416726
21311,0.6228872
21312,0.013168805
21313,0.05442593
21314,0.02662151
21315,0.40618545
21316,0.07131377
21317,0.37028003
21318,0.039392263
21319,0.071255974
21320,0.017754432
21321,0.07204114
21322,0.07795287
21323,0.09849653
21324,0.090158336
21325,0.54671925
21326,0.43951926
21327,0.23729888
21328,0.09031975
21329,0.06626751
21330,0.050986726
21331,0.08422196
21332,0.039671615
21333,0.174169
21334,0.24343272
21335,0.090259425
21336,0.054677725
21337,0.079769135
21338,0.023608727
21339,0.8115114
21340,0.9013997
21341,0.663414
21342,0.08840934
21343,0.043409567
21344,0.24083349
21345,0.4089869
21346,0.01567547
21347,0.03360619
21348,0.07230007
21349,0.0438235
21350,0.41949373
21351,0.6695215
21352,0.06008139
21353,0.07276305
21354,0.06938194
21355,0.098486006
21356,0.06018885
21357,0.41013142
21358,0.2290518
21359,0.034947418
21360,0.07040914
21361,0.078628585
21362,0.07945815
21363,0.042811528
21364,0.020674042
21365,0.28439263
21366,0.27449754
21367,0.1000815
21368,0.06253225
21369,0.08241333
21370,0.060646933
21371,0.27258846
21372,0.029152637
21373,0.03992439
21374,0.039881855
21375,0.017124264
21376,0.039116956
21377,0.039535392
21378,0.38236094
21379,0.8154136
21380,0.4105589
21381,0.26075074
21382,0.083123714
21383,0.093862176
21384,0.09447038
21385,0.4385504
21386,0.052338272
21387,0.035837956
21388,0.031446937
21389,0.09000328
21390,0.080265336
21391,0.09134427
21392,0.27954528
21393,0.2665235
21394,0.24528629
21395,0.82277477
21396,0.23988341
21397,0.016125366
21398,0.09267642
21399,0.25096068
21400,0.020190965
21401,0.04912637
21402,0.53961563
21403,0.0550213
21404,0.034907695
21405,0.034138206
21406,0.041311234
21407,0.09642191
21408,0.36879906
21409,0.4247963
21410,0.4846622
21411,0.277993
21412,0.09706497
21413,0.09138484
21414,0.1613618
21415,0.02618666
21416,0.24528629
21417,0.06198854
21418,0.044887185
21419,0.5000307
21420,0.2701829
21421,0.04897789
21422,0.5022435
21423,0.27116132
21424,0.005859022
21425,0.06910384
21426,0.08227035
21427,0.067863956
21428,0.010131646
21429,0.012960697
21430,0.02768551
21431,0.048742533
21432,0.068998516
21433,0.06917902
21434,0.092796504
21435,0.4216377
21436,0.73026323
21437,0.42173457
21438,0.38950762
21439,0.6034471
21440,0.07075338
21441,0.016702337
21442,0.059063178
21443,0.0623363
21444,0.093493484
21445,0.25811878
21446,0.052095644
21447,0.026337408
21448,0.05454855
21449,0.09097919
21450,0.0053833644
21451,0.041682556
21452,0.07844864
21453,0.02024181
21454,0.013909778
21455,0.036384806
21456,0.01822714
21457,0.010664893
21458,0.03070949
21459,0.059560005
21460,0.04916407
21461,0.06314976
21462,0.40228897
21463,0.09088986
21464,0.3494275
21465,0.8242587
21466,0.70006514
21467,0.40668386
21468,0.08315486
21469,0.042555515
21470,0.018818667
21471,0.044126395
21472,0.08732913
21473,0.012668168
21474,0.009158213
21475,0.030105552
21476,0.73050743
21477,0.043036442
21478,0.016015705
21479,0.05329947
21480,0.044202838
21481,0.22645627
21482,0.04336822
21483,0.01572958
21484,0.042259376
21485,0.0128084915
21486,0.012897299
21487,0.02620264
21488,0.069072165
21489,0.077808164
21490,0.48547694
21491,0.41458365
21492,0.23682444
21493,0.6025358
21494,0.38304433
21495,0.50683635
21496,0.23886788
21497,0.037387203
21498,0.034274906
21499,0.043491386
21500,0.041012358
21501,0.034762897
21502,0.051777244
21503,0.48249856
21504,0.22273448
21505,0.41978675
21506,0.026909526
21507,0.08078514
21508,0.08918485
21509,0.0949079
21510,0.102920584
21511,0.042502027
21512,0.028988907
21513,0.008687141
21514,0.039491717
21515,0.09213867
21516,0.6071595
21517,0.3826793
21518,0.5876082
21519,0.25456953
21520,0.26965898
21521,0.24394165
21522,0.0692821
21523,0.041038603
21524,0.011863942
21525,0.0368026
21526,0.028939819
21527,0.09180478
21528,0.09037889
21529,0.06980117
21530,0.27417582
21531,0.026537215
21532,0.05967564
21533,0.009916938
21534,0.37701583
21535,0.03924003
21536,0.009973883
21537,0.0098249735
21538,0.080830045
21539,0.23575749
21540,0.029256586
21541,0.005248533
21542,0.23070732
21543,0.0976468
21544,0.059531912
21545,0.07247383
21546,0.028973961
21547,0.070481084
21548,0.064373314
21549,0.03622819
21550,0.09199092
21551,0.08366425
21552,0.039846133
21553,0.025970444
21554,0.08818102
21555,0.011086814
21556,0.013973183
21557,0.071131274
21558,0.0314843
21559,0.09281072
21560,0.033289123
21561,0.040018573
21562,0.008891397
21563,0.039650444
21564,0.24417046
21565,0.3966695
21566,0.561567
21567,0.08396728
21568,0.046464555
21569,0.05641918
21570,0.0910608
21571,0.01306982
21572,0.029642986
21573,0.013536309
21574,0.029575087
21575,0.061373815
21576,0.069861494
21577,0.38892904
21578,0.012681329
21579,0.014285083
21580,0.16595377
21581,0.059379745
21582,0.07230007
21583,0.45191368
21584,0.08331892
21585,0.011347604
21586,0.09460061
21587,0.03490173
21588,0.013713199
21589,0.05990401
21590,0.09170556
21591,0.046755087
21592,0.010790698
21593,0.016567888
21594,0.00982839
21595,0.27643463
21596,0.014104712
21597,0.02514247
21598,0.09256046
21599,0.05452126
21600,0.037548818
21601,0.01489717
21602,0.026597677
21603,0.05290555
21604,0.2735429
21605,0.0291574
21606,0.017662005
21607,0.028521158
21608,0.03933089
21609,0.051212914
21610,0.24842328
21611,0.054388013
21612,0.10017824
21613,0.06805607
21614,0.028543858
21615,0.043223314
21616,0.04397364
21617,0.028833898
21618,0.26544338
21619,0.016306892
21620,0.086562134
21621,0.016210781
21622,0.068729125
21623,0.043505307
21624,0.009189516
21625,0.010069974
21626,0.52339125
21627,0.6468323
21628,0.22931008
21629,0.07058936
21630,0.012377567
21631,0.07149526
21632,0.043209583
21633,0.041112386
21634,0.07079237
21635,0.06580198
21636,0.07747167
21637,0.86456275
21638,0.06314886
21639,0.013924068
21640,0.0666262
21641,0.061614998
21642,0.01644519
21643,0.035824947
21644,0.0981909
21645,0.47593042
21646,0.060880024
21647,0.0986256
21648,0.061747104
21649,0.009515745
21650,0.06500371
21651,0.027885672
21652,0.023466412
21653,0.04762944
21654,0.050642386
21655,0.025327943
21656,0.049802255
21657,0.015516375
21658,0.09046952
21659,0.03464535
21660,0.039491717
21661,0.013760816
21662,0.03138452
21663,0.06897083
21664,0.08220246
21665,0.020258948
21666,0.023501819
21667,0.049377766
21668,0.6744334
21669,0.055002045
21670,0.22582208
21671,0.043615766
21672,0.037890393
21673,0.0424509
21674,0.04314178
21675,0.011919555
21676,0.015522151
21677,0.27309632
21678,0.025785979
21679,0.005897974
21680,0.013667309
21681,0.009966037
21682,0.043478888
21683,0.2227487
21684,0.018281836
21685,0.0101083955
21686,0.08444048
21687,0.037090305
21688,0.025969364
21689,0.043013763
21690,0.41090915
21691,0.026533158
21692,0.019254198
21693,0.040790632
21694,0.029837755
21695,0.095473886
21696,0.054367818
21697,0.013851141
21698,0.013963125
21699,0.007086383
21700,0.054809038
21701,0.094459705
21702,0.07106307
21703,0.06155532
21704,0.054535605
21705,0.026811497
21706,0.046901286
21707,0.015419885
21708,0.19699033
21709,0.1074083
21710,0.23859929
21711,0.009930748
21712,0.031021776
21713,0.013252492
21714,0.011022874
21715,0.014790594
21716,0.010320556
21717,0.017570883
21718,0.0138088185
21719,0.013973183
21720,0.021683848
21721,0.04863852
21722,0.044308446
21723,0.08474221
21724,0.01202467
21725,0.009548445
21726,0.09334904
21727,0.38804168
21728,0.010888936
21729,0.009767047
21730,0.018736271
21731,0.01000815
21732,0.025621144
21733,0.009557982
21734,0.015503302
21735,0.017299214
21736,0.00791847
21737,0.012945357
21738,0.030325541
21739,0.011447989
21740,0.012586209
21741,0.05301836
21742,0.026803289
21743,0.041856732
21744,0.012800271
21745,0.009372528
21746,0.011687875
21747,0.0089929635
21748,0.0797389
21749,0.025564276
21750,0.04314428
21751,0.008775465
21752,0.031074371
21753,0.014064734
21754,0.0689523
21755,0.012366168
21756,0.011313119
21757,0.010644597
21758,0.36479333
21759,0.05281847
21760,0.054096043
21761,0.054716315
21762,0.06877904
21763,0.020463828
21764,0.066194125
21765,0.013617203
21766,0.07675321
21767,0.0076882974
21768,0.09499047
21769,0.015621174
21770,0.025469042
21771,0.031046283
21772,0.030762345
21773,0.026557816
21774,0.007187497
21775,0.010902978
21776,0.010902362
21777,0.03068442
21778,0.009950683
21779,0.009293491
21780,0.06612897
21781,0.0504943
21782,0.007468658
21783,0.09061062
21784,0.01628101
21785,0.023361608
21786,0.029474115
21787,0.0103192
21788,0.013666633
21789,0.04376688
21790,0.017660787
21791,0.012616411
21792,0.026012506
21793,0.03165308
21794,0.0097471345
21795,0.029275771
21796,0.08875484
21797,0.09491772
21798,0.07072556
21799,0.008389083
21800,0.017595993
21801,0.051669873
21802,0.0426341
21803,0.055467177
21804,0.043556083
21805,0.041431118
21806,0.07817155
21807,0.043751143
21808,0.038074207
21809,0.027244888
21810,0.030603208
21811,0.07535702
21812,0.043018162
21813,0.069404036
21814,0.23936108
21815,0.3520175
21816,0.020561103
21817,0.043243524
21818,0.40336627
21819,0.067358
21820,0.25343287
21821,0.07347173
21822,0.23912406
21823,0.017640004
21824,0.0749703
21825,0.04132696
21826,0.014066621
21827,0.23269626
21828,0.03132247
21829,0.6497065
21830,0.07765731
21831,0.07688548
21832,0.0585829
21833,0.028518073
21834,0.08291937
21835,0.08529025
21836,0.5398538
21837,0.54424274
21838,0.042626787
21839,0.067844756
21840,0.08335175
21841,0.090161584
21842,0.05219355
21843,0.04114228
21844,0.05919382
21845,0.07134179
21846,0.032614928
21847,0.49698117
21848,0.0862048
21849,0.2379222
21850,0.46423116
21851,0.08720407
21852,0.49684435
21853,0.054608975
21854,0.25726575
21855,0.048768938
21856,0.046820305
21857,0.034454815
21858,0.062416065
21859,0.22843364
21860,0.08096021
21861,0.031065328
21862,0.038700145
21863,0.06400205
21864,0.37668028
21865,0.043811392
21866,0.05235057
21867,0.05532559
21868,0.06689006
21869,0.031397842
21870,0.040111516
21871,0.075912006
21872,0.02664544
21873,0.054085042
21874,0.2467522
21875,0.05393514
21876,0.09393954
21877,0.022853091
21878,0.040145632
21879,0.02290981
21880,0.013025449
21881,0.26302162
21882,0.08383785
21883,0.011007252
21884,0.06745606
21885,0.25330883
21886,0.55118906
21887,0.064962104
21888,0.049418192
21889,0.013167184
21890,0.017032923
21891,0.014379721
21892,0.0072237384
21893,0.03684374
21894,0.06630029
21895,0.062102225
21896,0.07576418
21897,0.2523414
21898,0.2535221
21899,0.014168467
21900,0.33740255
21901,0.042579785
21902,0.009492314
21903,0.03165733
21904,0.025978573
21905,0.034224875
21906,0.24419053
21907,0.01820311
21908,0.042602863
21909,0.059051074
21910,0.042485364
21911,0.026525803
21912,0.07517891
21913,0.47606385
21914,0.0536783
21915,0.06976123
21916,0.018096576
21917,0.020457055
21918,0.03761596
21919,0.053566508
21920,0.02818425
21921,0.08219084
21922,0.097745545
21923,0.07526682
21924,0.07664234
21925,0.05401427
21926,0.03709419
21927,0.031933688
21928,0.029124158
21929,0.034766354
21930,0.0676964
21931,0.050074726
21932,0.2250414
21933,0.01317022
21934,0.035188667
21935,0.027238797
21936,0.014580629
21937,0.013911286
21938,0.024072079
21939,0.04047586
21940,0.023846304
21941,0.058166075
21942,0.09676559
21943,0.25453818
21944,0.042287197
21945,0.03913373
21946,0.036611486
21947,0.07470643
21948,0.058753457
21949,0.013965385
21950,0.052464742
21951,0.02986502
21952,0.23519112
21953,0.026169857
21954,0.023465386
21955,0.030951798
21956,0.00588202
21957,0.19619924
21958,0.054117825
21959,0.3766833
21960,0.22738503
21961,0.3706676
21962,0.054209646
21963,0.038645636
21964,0.016897824
21965,0.048922706
21966,0.041958723
21967,0.009301528
21968,0.08177891
21969,0.042643957
21970,0.52984565
21971,0.07725538
21972,0.020223692
21973,0.077584706
21974,0.047895648
21975,0.046532493
21976,0.018294267
21977,0.015349528
21978,0.0536151
21979,0.016258905
21980,0.015750078
21981,0.064421475
21982,0.04224894
21983,0.21269146
21984,0.052439947
21985,0.07414874
21986,0.37908578
21987,0.38603118
21988,0.050902124
21989,0.021135407
21990,0.06611348
21991,0.03888852
21992,0.068553396
21993,0.050183
21994,0.080079876
21995,0.039563697
21996,0.07427309
21997,0.038478985
21998,0.05020137
21999,0.035019014
22000,0.08378619
22001,0.05906144
22002,0.032087743
22003,0.010135234
22004,0.021545678
22005,0.03500215
22006,0.051074468
22007,0.05906075
22008,0.08494618
22009,0.07099641
22010,0.23976924
22011,0.22922866
22012,0.23208427
22013,0.011054927
22014,0.0682304
22015,0.010682139
22016,0.047897555
22017,0.06718884
22018,0.03135352
22019,0.02065932
22020,0.04353213
22021,0.03768581
22022,0.012008582
22023,0.048377436
22024,0.06805886
22025,0.031403273
22026,0.05009592
22027,0.021616114
22028,0.031271767
22029,0.05901957
22030,0.035756644
22031,0.077477485
22032,0.053091485
22033,0.08264103
22034,0.5517739
22035,0.069948174
22036,0.077936076
22037,0.05324225
22038,0.06061574
22039,0.059242476
22040,0.06839689
22041,0.047828108
22042,0.01756581
22043,0.10040163
22044,0.0582201
22045,0.066966854
22046,0.04946635
22047,0.06354527
22048,0.026475012
22049,0.02027322
22050,0.036853507
22051,0.10059509
22052,0.055803854
22053,0.042767935
22054,0.073408395
22055,0.6914426
22056,0.06806189
22057,0.013556227
22058,0.38088936
22059,0.049613412
22060,0.09718431
22061,0.25208172
22062,0.054746613
22063,0.008904483
22064,0.018846119
22065,0.042999826
22066,0.0433919
22067,0.073239625
22068,0.09259613
22069,0.03952831
22070,0.24017827
22071,0.068461075
22072,0.059840403
22073,0.014563504
22074,0.014068314
22075,0.018878054
22076,0.047115173
22077,0.05599325
22078,0.014575061
22079,0.08269449
22080,0.09032714
22081,0.08845197
22082,0.064753816
22083,0.031044438
22084,0.07542776
22085,0.08610622
22086,0.38107684
22087,0.04853733
22088,0.008107691
22089,0.04359873
22090,0.009262282
22091,0.05506085
22092,0.52355045
22093,0.037203815
22094,0.08013132
22095,0.50058794
22096,0.23305751
22097,0.011563786
22098,0.038714785
22099,0.047866628
22100,0.22543159
22101,0.37743792
22102,0.009891504
22103,0.061349347
22104,0.06484218
22105,0.08832392
22106,0.08697717
22107,0.080801114
22108,0.099675015
22109,0.3664219
22110,0.06623726
22111,0.0435682
22112,0.068550535
22113,0.047833763
22114,0.2582357
22115,0.64293003
22116,0.007418751
22117,0.04065573
22118,0.42569676
22119,0.014051165
22120,0.042730656
22121,0.2638852
22122,0.043557186
22123,0.059153758
22124,0.014597304
22125,0.039678216
22126,0.0058600265
22127,0.41305888
22128,0.34209064
22129,0.061664276
22130,0.236596
22131,0.08259446
22132,0.09484062
22133,0.3880547
22134,0.4047939
22135,0.027825827
22136,0.09791988
22137,0.22492763
22138,0.08027347
22139,0.5484576
22140,0.26047373
22141,0.4995944
22142,0.005812086
22143,0.023504715
22144,0.08481531
22145,0.053358316
22146,0.01879672
22147,0.010031304
22148,0.0486067
22149,0.006343632
22150,0.008236884
22151,0.010121663
22152,0.031766057
22153,0.18695475
22154,0.06945173
22155,0.06800957
22156,0.07371077
22157,0.068415925
22158,0.3750351
22159,0.2263037
22160,0.08024645
22161,0.23932935
22162,0.01603962
22163,0.050766993
22164,0.64980066
22165,0.64411473
22166,0.6603261
22167,0.016028456
22168,0.06819983
22169,0.517982
22170,0.06823673
22171,0.016214967
22172,0.05455344
22173,0.04914387
22174,0.050504554
22175,0.042931393
22176,0.010593971
22177,0.39826715
22178,0.01583535
22179,0.028793154
22180,0.22708921
22181,0.07379441
22182,0.043546353
22183,0.042998776
22184,0.34548846
22185,0.22352447
22186,0.024284603
22187,0.0804343
22188,0.071072124
22189,0.072764605
22190,0.61981064
22191,0.6657164
22192,0.5970683
22193,0.013259937
22194,0.05390216
22195,0.008681449
22196,0.41242945
22197,0.06970961
22198,0.24900286
22199,0.03945063
22200,0.0696412
22201,0.01823585
22202,0.07027937
22203,0.072490506
22204,0.08960428
22205,0.08351095
22206,0.51343566
22207,0.516906
22208,0.22680445
22209,0.08311251
22210,0.06497938
22211,0.050593957
22212,0.07624031
22213,0.04187496
22214,0.031181436
22215,0.021744765
22216,0.08364245
22217,0.08365188
22218,0.054010067
22219,0.07580088
22220,0.5357141
22221,0.6088689
22222,0.5874469
22223,0.079872794
22224,0.043379024
22225,0.23215346
22226,0.010278322
22227,0.435577
22228,0.015590254
22229,0.03321315
22230,0.06958318
22231,0.043230604
22232,0.38342646
22233,0.5627217
22234,0.058199927
22235,0.07148351
22236,0.06835034
22237,0.09387809
22238,0.058224607
22239,0.370419
22240,0.22728963
22241,0.03525099
22242,0.0690572
22243,0.07403159
22244,0.07268002
22245,0.042455602
22246,0.020977832
22247,0.45950675
22248,0.3952394
22249,0.23578879
22250,0.06280685
22251,0.026743514
22252,0.07609036
22253,0.059682835
22254,0.09968467
22255,0.028881399
22256,0.03939922
22257,0.04000888
22258,0.039114248
22259,0.037155334
22260,0.4060878
22261,0.5947299
22262,0.25761467
22263,0.24511868
22264,0.0791061
22265,0.09609028
22266,0.23327014
22267,0.46883595
22268,0.052143607
22269,0.036285643
22270,0.031260647
22271,0.083421774
22272,0.07565509
22273,0.08009699
22274,0.27057964
22275,0.25694194
22276,0.08814239
22277,0.52570814
22278,0.08246008
22279,0.016648337
22280,0.08016816
22281,0.09257871
22282,0.019028027
22283,0.04893349
22284,0.25069642
22285,0.053293765
22286,0.034762453
22287,0.034310155
22288,0.041180804
22289,0.08206469
22290,0.38027278
22291,0.2624934
22292,0.5038121
22293,0.25650823
22294,0.08688252
22295,0.085855395
22296,0.41497007
22297,0.012568953
22298,0.026802508
22299,0.2349533
22300,0.060515407
22301,0.04331352
22302,0.51400876
22303,0.2552802
22304,0.048620928
22305,0.46514565
22306,0.39411804
22307,0.06737558
22308,0.07888851
22309,0.06657533
22310,0.04660823
22311,0.010047505
22312,0.012701357
22313,0.027829565
22314,0.04854323
22315,0.06828543
22316,0.0637768
22317,0.08408929
22318,0.38352993
22319,0.6293868
22320,0.4238805
22321,0.37629157
22322,0.6071322
22323,0.07002065
22324,0.05915677
22325,0.062112328
22326,0.08111378
22327,0.24373002
22328,0.053779308
22329,0.026528204
22330,0.054366846
22331,0.08216673
22332,0.040897064
22333,0.07368566
22334,0.020318003
22335,0.014173786
22336,0.037288193
22337,0.01830703
22338,0.050033387
22339,0.010567831
22340,0.03057405
22341,0.058183562
22342,0.049009856
22343,0.062112115
22344,0.2354564
22345,0.23377796
22346,0.3686487
22347,0.7174111
22348,0.67534393
22349,0.26092184
22350,0.077870436
22351,0.018822499
22352,0.043715592
22353,0.07675806
22354,0.013948579
22355,0.030872334
22356,0.5932655
22357,0.042791635
22358,0.015510736
22359,0.051880557
22360,0.043452334
22361,0.07407663
22362,0.036799736
22363,0.04341398
22364,0.04257168
22365,0.012726504
22366,0.012820229
22367,0.026411032
22368,0.06724544
22369,0.07499335
22370,0.49133205
22371,0.3958982
22372,0.22968562
22373,0.66059905
22374,0.2600043
22375,0.45435125
22376,0.22638753
22377,0.037302777
22378,0.031016072
22379,0.034038696
22380,0.042906653
22381,0.0409695
22382,0.03460094
22383,0.05428994
22384,0.42610714
22385,0.07025207
22386,0.39996037
22387,0.028862983
22388,0.07427404
22389,0.085213035
22390,0.082640655
22391,0.24130903
22392,0.042109504
22393,0.02870168
22394,0.039365936
22395,0.0830987
22396,0.6500115
22397,0.3922437
22398,0.52833015
22399,0.24219216
22400,0.26212436
22401,0.0868883
22402,0.06824735
22403,0.040858716
22404,0.0116139995
22405,0.02099158
22406,0.036734495
22407,0.030785156
22408,0.08138424
22409,0.081727155
22410,0.06898611
22411,0.2523791
22412,0.025917908
22413,0.058753457
22414,0.25075746
22415,0.03930363
22416,0.076380394
22417,0.23142996
22418,0.028886268
22419,0.2255714
22420,0.08486734
22421,0.058268953
22422,0.07114259
22423,0.028968917
22424,0.07032939
22425,0.06287859
22426,0.08064096
22427,0.07798808
22428,0.03951908
22429,0.008486672
22430,0.2211388
22431,0.010997104
22432,0.07001808
22433,0.03879276
22434,0.031756654
22435,0.08019013
22436,0.033027392
22437,0.040461313
22438,0.038710304
22439,0.089514375
22440,0.41532287
22441,0.52678883
22442,0.07726355
22443,0.011742646
22444,0.016966937
22445,0.027280806
22446,0.048514754
22447,0.055975493
22448,0.08528117
22449,0.012601837
22450,0.028895704
22451,0.013360671
22452,0.029680746
22453,0.017500674
22454,0.0104849255
22455,0.059740692
22456,0.06896033
22457,0.4065538
22458,0.012880667
22459,0.015837163
22460,0.17277767
22461,0.05881815
22462,0.069746524
22463,0.51153195
22464,0.07736654
22465,0.011419796
22466,0.23204662
22467,0.01215002
22468,0.035034236
22469,0.014214794
22470,0.058768675
22471,0.07971155
22472,0.04714514
22473,0.015539839
22474,0.008696232
22475,0.25572002
22476,0.030665414
22477,0.012451259
22478,0.02511378
22479,0.08568483
22480,0.053740565
22481,0.037443
22482,0.015626792
22483,0.026326876
22484,0.052530464
22485,0.2568596
22486,0.028952908
22487,0.017205145
22488,0.028392594
22489,0.039210238
22490,0.05250388
22491,0.24191335
22492,0.05327935
22493,0.24051568
22494,0.06893392
22495,0.029501991
22496,0.04269356
22497,0.043748986
22498,0.0283873
22499,0.2535773
22500,0.016054958
22501,0.08352139
22502,0.014580629
22503,0.06812188
22504,0.044360507
22505,0.010095188
22506,0.46399897
22507,0.7104506
22508,0.22284564
22509,0.069723636
22510,0.011758243
22511,0.06836279
22512,0.043942526
22513,0.040693566
22514,0.06947295
22515,0.06469437
22516,0.07382691
22517,0.6924291
22518,0.057853278
22519,0.014563504
22520,0.06489191
22521,0.062195305
22522,0.016111154
22523,0.03577506
22524,0.08551365
22525,0.2660748
22526,0.059775203
22527,0.08565557
22528,0.025399802
22529,0.060509797
22530,0.06284453
22531,0.028471647
22532,0.02341959
22533,0.047346625
22534,0.050787468
22535,0.026131844
22536,0.01710455
22537,0.048877154
22538,0.01548059
22539,0.0855082
22540,0.034872364
22541,0.03939922
22542,0.013532625
22543,0.031202624
22544,0.06791371
22545,0.07536177
22546,0.020147689
22547,0.02362274
22548,0.048867904
22549,0.55932564
22550,0.05436725
22551,0.07406922
22552,0.042849764
22553,0.035831977
22554,0.042138413
22555,0.043209475
22556,0.012214757
22557,0.01571331
22558,0.26047373
22559,0.025997361
22560,0.014531141
22561,0.04299007
22562,0.072916105
22563,0.01733558
22564,0.009935701
22565,0.076709956
22566,0.039343014
22567,0.02566132
22568,0.042704873
22569,0.3982309
22570,0.023989284
22571,0.018611835
22572,0.01847101
22573,0.010765907
22574,0.040201295
22575,0.0310944
22576,0.004651411
22577,0.09079345
22578,0.05319347
22579,0.013574117
22580,0.007404381
22581,0.0540802
22582,0.082374975
22583,0.070330255
22584,0.060524322
22585,0.053865246
22586,0.025876174
22587,0.015668742
22588,0.19622645
22589,0.24845667
22590,0.23059465
22591,0.01000305
22592,0.010153943
22593,0.031316966
22594,0.01301743
22595,0.010480915
22596,0.014351561
22597,0.010584828
22598,0.015524306
22599,0.01414761
22600,0.008844584
22601,0.015060847
22602,0.009863703
22603,0.021637522
22604,0.046065588
22605,0.04328915
22606,0.07733651
22607,0.08331548
22608,0.096781455
22609,0.010013945
22610,0.00973209
22611,0.025207281
22612,0.010922624
22613,0.008293633
22614,0.015847104
22615,0.01735387
22616,0.013099903
22617,0.029651701
22618,0.011746461
22619,0.01320171
22620,0.009456111
22621,0.052691095
22622,0.026484847
22623,0.040420525
22624,0.012005829
22625,0.04233251
22626,0.012913852
22627,0.009202156
22628,0.011574258
22629,0.008980422
22630,0.07350121
22631,0.042632077
22632,0.008063176
22633,0.030937575
22634,0.01447668
22635,0.06824009
22636,0.010279629
22637,0.38447496
22638,0.052362125
22639,0.053711038
22640,0.05427523
22641,0.011822728
22642,0.06762439
22643,0.020218996
22644,0.06510813
22645,0.07564445
22646,0.008340742
22647,0.08160805
22648,0.015951809
22649,0.03118406
22650,0.031278383
22651,0.007258623
22652,0.010651698
22653,0.009360675
22654,0.03189888
22655,0.0102229845
22656,0.010155265
22657,0.0647491
22658,0.05001329
22659,0.0047952193
22660,0.084728554
22661,0.01651867
22662,0.023421297
22663,0.013765781
22664,0.029444842
22665,0.010135525
22666,0.01381396
22667,0.043098435
22668,0.017631173
22669,0.012704392
22670,0.025780573
22671,0.031222945
22672,0.009392871
22673,0.010045493
22674,0.014566789
22675,0.026558863
22676,0.081862405
22677,0.08635917
22678,0.016551483
22679,0.0696634
22680,0.018478485
22681,0.036254846
22682,0.05200182
22683,0.04213523
22684,0.054516975
22685,0.07594601
22686,0.03089095
22687,0.071346484
22688,0.042280093
22689,0.067607574
22690,0.04224386
22691,0.24531294
22692,0.39515555
22693,0.043121114
22694,0.09843766
22695,0.2524121
22696,0.072123475
22697,0.089381084
22698,0.018812446
22699,0.073995836
22700,0.012881154
22701,0.03940116
22702,0.013972992
22703,0.2311895
22704,0.03316344
22705,0.563717
22706,0.2334935
22707,0.042340193
22708,0.07758506
22709,0.05779891
22710,0.04203684
22711,0.03542623
22712,0.013092352
22713,0.03961384
22714,0.07759834
22715,0.23428299
22716,0.465541
22717,0.4944595
22718,0.042677388
22719,0.06651156
22720,0.08421425
22721,0.24346222
22722,0.020470696
22723,0.051499207
22724,0.040994078
22725,0.058175202
22726,0.035486195
22727,0.4989597
22728,0.08260933
22729,0.079882555
22730,0.43806425
22731,0.08278664
22732,0.5038003
22733,0.052734956
22734,0.25970107
22735,0.048275847
22736,0.034498394
22737,0.061099134
22738,0.07244789
22739,0.07916779
22740,0.030596158
22741,0.038259298
22742,0.061573863
22743,0.25737816
22744,0.04188664
22745,0.031516362
22746,0.051208172
22747,0.053919557
22748,0.06557873
22749,0.031324677
22750,0.039162777
22751,0.07284081
22752,0.05294592
22753,0.08679742
22754,0.05286906
22755,0.0929363
22756,0.039085843
22757,0.023838745
22758,0.27010435
22759,0.080847606
22760,0.06475333
22761,0.25567862
22762,0.25954998
22763,0.009931371
22764,0.0057605784
22765,0.06356482
22766,0.04823553
22767,0.012028706
22768,0.014779051
22769,0.036695864
22770,0.06118981
22771,0.07244557
22772,0.09170785
22773,0.25271633
22774,0.010404577
22775,0.016555957
22776,0.16608825
22777,0.041964278
22778,0.009908079
22779,0.030585127
22780,0.026004018
22781,0.034498394
22782,0.24941462
22783,0.018445065
22784,0.04161411
22785,0.058195166
22786,0.042586647
22787,0.07303351
22788,0.47112417
22789,0.052692864
22790,0.06793434
22791,0.01844846
22792,0.020616801
22793,0.04060014
22794,0.053296335
22795,0.01728585
22796,0.028353823
22797,0.079110846
22798,0.0925233
22799,0.074020825
22800,0.07352639
22801,0.052749287
22802,0.010729971
22803,0.03686637
22804,0.030871697
22805,0.028947951
22806,0.03535603
22807,0.005205865
22808,0.06788388
22809,0.047230676
22810,0.22101776
22811,0.013503266
22812,0.035100736
22813,0.027080994
22814,0.014034642
22815,0.02276101
22816,0.039581124
22817,0.023390912
22818,0.056978963
22819,0.099866256
22820,0.39822865
22821,0.04154817
22822,0.03843121
22823,0.036545575
22824,0.07101238
22825,0.058306396
22826,0.013202645
22827,0.050192315
22828,0.014174148
22829,0.02884767
22830,0.2385466
22831,0.025306333
22832,0.023328627
22833,0.031514402
22834,0.0061646397
22835,0.2007935
22836,0.05333486
22837,0.23279063
22838,0.36881426
22839,0.37972185
22840,0.052510828
22841,0.03833107
22842,0.017297901
22843,0.048609417
22844,0.041952234
22845,0.07999107
22846,0.042340193
22847,0.59296054
22848,0.079579294
22849,0.01961321
22850,0.074488595
22851,0.04719629
22852,0.046104092
22853,0.018901378
22854,0.008936545
22855,0.05267276
22856,0.018284593
22857,0.016386
22858,0.017586486
22859,0.06373375
22860,0.04189852
22861,0.21438222
22862,0.051164765
22863,0.07229328
22864,0.40079588
22865,0.41824174
22866,0.05250454
22867,0.021137726
22868,0.0649481
22869,0.014604845
22870,0.03976292
22871,0.06625388
22872,0.049301825
22873,0.081388734
22874,0.03917645
22875,0.07603818
22876,0.037813712
22877,0.047730617
22878,0.034230463
22879,0.080260806
22880,0.010215041
22881,0.057093717
22882,0.031424146
22883,0.009956243
22884,0.021958632
22885,0.03430961
22886,0.04996443
22887,0.057713706
22888,0.07835965
22889,0.06800393
22890,0.24816312
22891,0.07996915
22892,0.23295574
22893,0.011581843
22894,0.06657391
22895,0.010949189
22896,0.0477582
22897,0.039718673
22898,0.06526889
22899,0.03130127
22900,0.020426584
22901,0.042856872
22902,0.037147906
22903,0.044632107
22904,0.06543629
22905,0.031218134
22906,0.04986971
22907,0.022057198
22908,0.030052578
22909,0.057794865
22910,0.013102868
22911,0.03563384
22912,0.077282615
22913,0.050782517
22914,0.07885696
22915,0.283139
22916,0.06510559
22917,0.07483083
22918,0.051772997
22919,0.060273785
22920,0.05661474
22921,0.06563713
22922,0.04721052
22923,0.01039373
22924,0.38052654
22925,0.057059184
22926,0.06468904
22927,0.050346572
22928,0.061560985
22929,0.026048765
22930,0.01850538
22931,0.020354565
22932,0.03696311
22933,0.096084826
22934,0.053642116
22935,0.04094901
22936,0.072013
22937,0.57930315
22938,0.06481648
22939,0.014545709
22940,0.3945894
22941,0.049245134
22942,0.091424756
22943,0.09097651
22944,0.053811315
22945,0.019046307
22946,0.042902615
22947,0.042919073
22948,0.07116446
22949,0.08945338
22950,0.038693726
22951,0.0864297
22952,0.067335
22953,0.05823532
22954,0.018383022
22955,0.04579227
22956,0.054242022
22957,0.012677844
22958,0.07835615
22959,0.087389946
22960,0.23378253
22961,0.06382989
22962,0.03313854
22963,0.075429216
22964,0.081226274
22965,0.3832871
22966,0.048286505
22967,0.043201596
22968,0.053976286
22969,0.53068095
22970,0.036397118
22971,0.072585106
22972,0.43614575
22973,0.07790391
22974,0.0119441645
22975,0.017243098
22976,0.009380845
22977,0.038243987
22978,0.047314916
22979,0.22589517
22980,0.23906045
22981,0.009403586
22982,0.060000017
22983,0.06356482
22984,0.09101988
22985,0.08196579
22986,0.07872542
22987,0.09448266
22988,0.39242113
22989,0.065336086
22990,0.04309355
22991,0.067979045
22992,0.047171265
22993,0.09148694
22994,0.61921793
22995,0.006308914
22996,0.039453555
22997,0.39601997
22998,0.013979435
22999,0.04256636
23000,0.24382715
23001,0.014400647
23002,0.012271385
23003,0.04326348
23004,0.058138777
23005,0.015940014
23006,0.03917963
23007,0.006540376
23008,0.40940374
23009,0.17723387
23010,0.060211297
23011,0.23385124
23012,0.08089637
23013,0.09402184
23014,0.36678818
23015,0.38682297
23016,0.092994295
23017,0.0721832
23018,0.2341277
23019,0.5350097
23020,0.26905975
23021,0.25888383
23022,0.023574492
23023,0.23030165
23024,0.05305837
23025,0.026887344
23026,0.019201389
23027,0.047381118
23028,0.008422057
23029,0.010328876
23030,0.031774126
23031,0.04910878
23032,0.068308584
23033,0.066792496
23034,0.07221253
23035,0.066680096
23036,0.22739752
23037,0.39169973
23038,0.027180953
23039,0.075524986
23040,0.23862301
23041,0.017069172
23042,0.049276337
23043,0.55113965
23044,0.51315075
23045,0.68163025
23046,0.0062756194
23047,0.02673213
23048,0.06716317
23049,0.50463295
23050,0.06594436
23051,0.016801
23052,0.053182922
23053,0.028416645
23054,0.008379166
23055,0.048798095
23056,0.053886343
23057,0.04223437
23058,0.010812895
23059,0.37242493
23060,0.015744114
23061,0.028853975
23062,0.22291891
23063,0.07195824
23064,0.04322012
23065,0.042426594
23066,0.36529166
23067,0.2161764
23068,0.025133349
23069,0.08172142
23070,0.07320069
23071,0.07202017
23072,0.5076673
23073,0.53583986
23074,0.6354442
23075,0.013979435
23076,0.052107397
23077,0.026225602
23078,0.4202596
23079,0.068210006
23080,0.25030044
23081,0.03924766
23082,0.068142205
23083,0.017935729
23084,0.069194436
23085,0.071837716
23086,0.08449502
23087,0.083988056
23088,0.5007881
23089,0.509179
23090,0.22689901
23091,0.08339009
23092,0.06038637
23093,0.050985888
23094,0.07498672
23095,0.03918947
23096,0.17076841
23097,0.08110666
23098,0.08071867
23099,0.053093188
23100,0.0727715
23101,0.023621894
23102,0.51353693
23103,0.51292115
23104,0.507671
23105,0.079343714
23106,0.04259232
23107,0.23254725
23108,0.41959962
23109,0.026178699
23110,0.033180892
23111,0.06684928
23112,0.043525036
23113,0.37889314
23114,0.6704533
23115,0.05733522
23116,0.06967489
23117,0.06544489
23118,0.086913444
23119,0.056891296
23120,0.37585315
23121,0.22292873
23122,0.034615006
23123,0.066751
23124,0.07234584
23125,0.071671665
23126,0.041753378
23127,0.020109294
23128,0.2678065
23129,0.25330135
23130,0.08470984
23131,0.061852735
23132,0.026548019
23133,0.07843706
23134,0.058689646
23135,0.096905455
23136,0.028908415
23137,0.038845267
23138,0.039424863
23139,0.01509715
23140,0.017591119
23141,0.038900316
23142,0.03929415
23143,0.38983923
23144,0.7363752
23145,0.2506705
23146,0.24317218
23147,0.07765061
23148,0.085978836
23149,0.08282826
23150,0.5495975
23151,0.05046447
23152,0.036295142
23153,0.03158869
23154,0.08374084
23155,0.08086453
23156,0.07741971
23157,0.27074885
23158,0.2567548
23159,0.08867285
23160,0.53601074
23161,0.08129973
23162,0.016365023
23163,0.07948961
23164,0.24388424
23165,0.020407915
23166,0.048635475
23167,0.25796315
23168,0.052063692
23169,0.034639955
23170,0.034353785
23171,0.04055149
23172,0.08114649
23173,0.4085665
23174,0.09783018
23175,0.5195031
23176,0.2628447
23177,0.08257139
23178,0.08322245
23179,0.25984302
23180,0.026481787
23181,0.086855225
23182,0.05995953
23183,0.043788668
23184,0.49549216
23185,0.26465276
23186,0.047840945
23187,0.5211968
23188,0.25694084
23189,0.0061967513
23190,0.06590228
23191,0.073128045
23192,0.06585186
23193,0.043086972
23194,0.010258767
23195,0.011642481
23196,0.02759482
23197,0.047916017
23198,0.06568692
23199,0.0669237
23200,0.08064984
23201,0.42382187
23202,0.635348
23203,0.39638263
23204,0.4130607
23205,0.58896273
23206,0.06779537
23207,0.01752927
23208,0.05898349
23209,0.05962358
23210,0.23082748
23211,0.24034016
23212,0.052790653
23213,0.026162913
23214,0.052763257
23215,0.07981591
23216,0.016455669
23217,0.04060545
23218,0.072432995
23219,0.020460874
23220,0.03876431
23221,0.018531159
23222,0.049645387
23223,0.010781407
23224,0.031332653
23225,0.056528173
23226,0.048322607
23227,0.06038905
23228,0.23403518
23229,0.22881907
23230,0.39687833
23231,0.5997361
23232,0.5953171
23233,0.2601945
23234,0.22419497
23235,0.042151403
23236,0.042662103
23237,0.07857547
23238,0.014090735
23239,0.030781753
23240,0.53404045
23241,0.042848002
23242,0.01620985
23243,0.052345227
23244,0.042438224
23245,0.07177854
23246,0.03430081
23247,0.04238489
23248,0.015843982
23249,0.04133752
23250,0.013099837
23251,0.013487989
23252,0.026579889
23253,0.06448958
23254,0.072436966
23255,0.48106706
23256,0.39195073
23257,0.22662355
23258,0.6305447
23259,0.2526679
23260,0.4985024
23261,0.23308212
23262,0.037533008
23263,0.03134349
23264,0.034454916
23265,0.042331297
23266,0.040566836
23267,0.03469691
23268,0.053116288
23269,0.46343714
23270,0.22164513
23271,0.25831276
23272,0.028664107
23273,0.0741397
23274,0.07826525
23275,0.08114223
23276,0.23929259
23277,0.041485548
23278,0.0042728623
23279,0.028824357
23280,0.010088742
23281,0.039319336
23282,0.08151434
23283,0.5931118
23284,0.41234317
23285,0.6069567
23286,0.2507118
23287,0.26133335
23288,0.08790055
23289,0.2178313
23290,0.0400106
23291,0.011930411
23292,0.021054994
23293,0.010895875
23294,0.029467441
23295,0.078235716
23296,0.080550216
23297,0.06667105
23298,0.093769245
23299,0.026452987
23300,0.056731377
23301,0.010274204
23302,0.38899687
23303,0.038980726
23304,0.074243315
23305,0.22786002
23306,0.028746068
23307,0.22893077
23308,0.08170891
23309,0.057052027
23310,0.069205046
23311,0.028893666
23312,0.06811767
23313,0.062271155
23314,0.035833173
23315,0.077797614
23316,0.078111485
23317,0.03923736
23318,0.026582431
23319,0.07663185
23320,0.010916588
23321,0.010859949
23322,0.014522188
23323,0.066725224
23324,0.031358227
23325,0.07977849
23326,0.032742575
23327,0.040265385
23328,0.009443654
23329,0.038302023
23330,0.08351587
23331,0.2601233
23332,0.4741075
23333,0.07388526
23334,0.04381305
23335,0.012577816
23336,0.054400977
23337,0.083812855
23338,0.012840074
23339,0.02968298
23340,0.013859587
23341,0.029590623
23342,0.01751505
23343,0.010987695
23344,0.02576017
23345,0.0588319
23346,0.066818096
23347,0.40491894
23348,0.013046946
23349,0.019325227
23350,0.030728102
23351,0.05694945
23352,0.06769565
23353,0.43798593
23354,0.07471486
23355,0.23320238
23356,0.034659706
23357,0.013162429
23358,0.058345612
23359,0.08208974
23360,0.046009976
23361,0.010826743
23362,0.015997794
23363,0.01070244
23364,0.25629508
23365,0.030697381
23366,0.010339413
23367,0.01326443
23368,0.025533212
23369,0.07879509
23370,0.05227936
23371,0.0372086
23372,0.015631765
23373,0.02654324
23374,0.051323432
23375,0.3497025
23376,0.028955668
23377,0.017903281
23378,0.028333418
23379,0.038981304
23380,0.050028596
23381,0.24428047
23382,0.05252722
23383,0.089781545
23384,0.068747684
23385,0.028468402
23386,0.014086673
23387,0.041802734
23388,0.042801782
23389,0.027597994
23390,0.3709521
23391,0.23213607
23392,0.01654633
23393,0.065057464
23394,0.042642053
23395,0.0086711375
23396,0.010157417
23397,0.50337285
23398,0.6168844
23399,0.22251368
23400,0.067838445
23401,0.066565335
23402,0.042985458
23403,0.037890956
23404,0.06813029
23405,0.06361079
23406,0.074137315
23407,0.5651709
23408,0.06042959
23409,0.0141940275
23410,0.061704084
23411,0.06054239
23412,0.016445791
23413,0.035583586
23414,0.08261594
23415,0.539353
23416,0.05625211
23417,0.083442196
23418,0.025704764
23419,0.05932901
23420,0.062267445
23421,0.027633075
23422,0.022368984
23423,0.046287213
23424,0.049489576
23425,0.026111363
23426,0.017413903
23427,0.047468763
23428,0.016066091
23429,0.08098872
23430,0.03483799
23431,0.039319042
23432,0.014467525
23433,0.03066075
23434,0.0661808
23435,0.07299817
23436,0.020467086
23437,0.048565514
23438,0.5914917
23439,0.052723505
23440,0.07088348
23441,0.04262502
23442,0.035224617
23443,0.041797042
23444,0.042346366
23445,0.011886788
23446,0.015738372
23447,0.10151595
23448,0.025780825
23449,0.014286898
23450,0.042399157
23451,0.073976874
23452,0.01821619
23453,0.07518151
23454,0.037262164
23455,0.025929559
23456,0.04184578
23457,0.398593
23458,0.018547716
23459,0.019085921
23460,0.040225737
23461,0.029825745
23462,0.08808828
23463,0.0523518
23464,0.012403031
23465,0.0054126736
23466,0.052591007
23467,0.08026759
23468,0.06752572
23469,0.059541382
23470,0.052656606
23471,0.026673999
23472,0.0460516
23473,0.01616361
23474,0.20122275
23475,0.08841499
23476,0.22658072
23477,0.010081766
23478,0.032096986
23479,0.012688948
23480,0.010895875
23481,0.014790964
23482,0.018030869
23483,0.008078783
23484,0.013931616
23485,0.009282218
23486,0.012610493
23487,0.013873808
23488,0.021825895
23489,0.04765722
23490,0.043925412
23491,0.075428225
23492,0.009726595
23493,0.23289566
23494,0.090512924
23495,0.0099883545
23496,0.009979339
23497,0.025204608
23498,0.011269587
23499,0.010154274
23500,0.017508762
23501,0.012647304
23502,0.029819
23503,0.011123446
23504,0.012905311
23505,0.009372986
23506,0.007990698
23507,0.052331
23508,0.02647894
23509,0.040193256
23510,0.0120374
23511,0.013249274
23512,0.009336774
23513,0.07109222
23514,0.02529095
23515,0.04027448
23516,0.0085495105
23517,0.010409333
23518,0.030965654
23519,0.06620442
23520,0.012777855
23521,0.010308877
23522,0.36968148
23523,0.051057044
23524,0.052466944
23525,0.053142097
23526,0.013454126
23527,0.010058669
23528,0.06598223
23529,0.020475546
23530,0.06355831
23531,0.0712916
23532,0.079758145
23533,0.01492989
23534,0.026003676
23535,0.03099144
23536,0.030804917
23537,0.0073379106
23538,0.010781407
23539,0.010845116
23540,0.030854514
23541,0.009952392
23542,0.0105920145
23543,0.063610315
23544,0.04967684
23545,0.23996103
23546,0.012015778
23547,0.016386421
23548,0.023233533
23549,0.01008962
23550,0.013931616
23551,0.04389977
23552,0.017231565
23553,0.012720197
23554,0.025079532
23555,0.031034032
23556,0.010015679
23557,0.009738206
23558,0.0148214055
23559,0.028583134
23560,0.077667095
23561,0.08156014
23562,0.01657279
23563,0.06789051
23564,0.01938207
23565,0.036166534
23566,0.051555555
23567,0.043211125
23568,0.055075046
23569,0.033438407
23570,0.03887689
23571,0.040961854
23572,0.07747209
23573,0.04359207
23574,0.037500925
23575,0.032117005
23576,0.0729824
23577,0.042472035
23578,0.06843165
23579,0.24861775
23580,0.22750944
23581,0.04391122
23582,0.091140926
23583,0.06673503
23584,0.4278058
23585,0.073018946
23586,0.089959614
23587,0.057436034
23588,0.076285236
23589,0.03978977
23590,0.011128926
23591,0.07578611
23592,0.031520158
23593,0.69961005
23594,0.07776403
23595,0.043022633
23596,0.04260823
23597,0.07474521
23598,0.058889825
23599,0.028909117
23600,0.04305434
23601,0.039622005
23602,0.083856456
23603,0.23492761
23604,0.54454523
23605,0.5044059
23606,0.066449374
23607,0.09146771
23608,0.2426505
23609,0.020516954
23610,0.05141545
23611,0.041051067
23612,0.058527436
23613,0.070311144
23614,0.036550816
23615,0.4815591
23616,0.083352625
23617,0.08187063
23618,0.48401973
23619,0.08457074
23620,0.45836145
23621,0.016558876
23622,0.053162336
23623,0.25836864
23624,0.048904806
23625,0.046948228
23626,0.034701593
23627,0.061306346
23628,0.07136001
23629,0.08025132
23630,0.074228734
23631,0.033937074
23632,0.059536215
23633,0.09344596
23634,0.042667814
23635,0.030948836
23636,0.051789735
23637,0.055033505
23638,0.0680803
23639,0.031507142
23640,0.040061876
23641,0.04203291
23642,0.07393222
23643,0.026910035
23644,0.053293314
23645,0.086639546
23646,0.05368501
23647,0.26009142
23648,0.023528477
23649,0.050893854
23650,0.03898127
23651,0.013399386
23652,0.5220082
23653,0.07958986
23654,0.066583596
23655,0.25868624
23656,0.5389507
23657,0.010025307
23658,0.00669348
23659,0.064536594
23660,0.048720498
23661,0.012972776
23662,0.011425308
23663,0.062613495
23664,0.07682825
23665,0.09105591
23666,0.25709182
23667,0.014682583
23668,0.35936487
23669,0.04271068
23670,0.03131179
23671,0.034740116
23672,0.3897921
23673,0.017997723
23674,0.04222681
23675,0.059984703
23676,0.042899393
23677,0.08211121
23678,0.4872359
23679,0.051036555
23680,0.068803854
23681,0.02111097
23682,0.04108546
23683,0.053139757
23684,0.010231345
23685,0.01687832
23686,0.028911948
23687,0.011392495
23688,0.08027991
23689,0.09688102
23690,0.07313798
23691,0.07582917
23692,0.0534565
23693,0.010211353
23694,0.037239287
23695,0.03128923
23696,0.029129911
23697,0.0350837
23698,0.005813563
23699,0.0685764
23700,0.049588192
23701,0.22152127
23702,0.013267309
23703,0.036249246
23704,0.027424805
23705,0.017264714
23706,0.014480653
23707,0.023636373
23708,0.040082138
23709,0.020891946
23710,0.024175478
23711,0.05764056
23712,0.095707506
23713,0.399719
23714,0.042249706
23715,0.038846735
23716,0.036827993
23717,0.07441796
23718,0.057949394
23719,0.050983347
23720,0.011764398
23721,0.03040452
23722,0.23390839
23723,0.02707962
23724,0.023861969
23725,0.031196019
23726,0.0064612683
23727,0.19928752
23728,0.05333453
23729,0.2355011
23730,0.22205332
23731,0.36846787
23732,0.053202692
23733,0.038669173
23734,0.01724194
23735,0.048859507
23736,0.044540547
23737,0.0842385
23738,0.04284328
23739,0.52787465
23740,0.07405295
23741,0.07660646
23742,0.04832637
23743,0.01588521
23744,0.009625356
23745,0.012016472
23746,0.053286698
23747,0.027371744
23748,0.017592205
23749,0.016919615
23750,0.017466899
23751,0.064048104
23752,0.041843522
23753,0.061016522
23754,0.051809795
23755,0.072000146
23756,0.3724252
23757,0.41405308
23758,0.053375382
23759,0.02094473
23760,0.06496516
23761,0.015053343
23762,0.039148822
23763,0.025474327
23764,0.009784545
23765,0.06567529
23766,0.049506284
23767,0.083196335
23768,0.039467208
23769,0.07514387
23770,0.03930649
23771,0.05019389
23772,0.034542583
23773,0.016571246
23774,0.082495
23775,0.009664862
23776,0.057373136
23777,0.03163609
23778,0.010559976
23779,0.022079792
23780,0.03438746
23781,0.05040006
23782,0.057872295
23783,0.0840025
23784,0.06896355
23785,0.23914078
23786,0.22807486
23787,0.084661156
23788,0.012039651
23789,0.06759735
23790,0.011463651
23791,0.04796302
23792,0.039908834
23793,0.06559199
23794,0.031722
23795,0.02101283
23796,0.043823283
23797,0.037631493
23798,0.01272348
23799,0.048802316
23800,0.06719441
23801,0.031631697
23802,0.050246157
23803,0.022493511
23804,0.031311262
23805,0.017727995
23806,0.0129000805
23807,0.057768945
23808,0.013422229
23809,0.035646845
23810,0.076602794
23811,0.051620614
23812,0.08192958
23813,0.28618395
23814,0.06883619
23815,0.075542584
23816,0.05282122
23817,0.060025033
23818,0.057999495
23819,0.067045644
23820,0.04779438
23821,0.009809962
23822,0.01689848
23823,0.092344515
23824,0.0574907
23825,0.0648253
23826,0.051028494
23827,0.062302638
23828,0.017566962
23829,0.026826756
23830,0.018751528
23831,0.020389488
23832,0.03681855
23833,0.26116112
23834,0.055132132
23835,0.04090556
23836,0.07343173
23837,0.62956387
23838,0.06615188
23839,0.014160158
23840,0.37777597
23841,0.050138403
23842,0.09544474
23843,0.2448413
23844,0.054801088
23845,0.019432686
23846,0.04331758
23847,0.043806985
23848,0.06908317
23849,0.088251665
23850,0.03930424
23851,0.08985021
23852,0.06736556
23853,0.059589915
23854,0.012216016
23855,0.018490301
23856,0.046264485
23857,0.0541092
23858,0.014539419
23859,0.0819827
23860,0.08772855
23861,0.23698556
23862,0.06309726
23863,0.031174796
23864,0.07492888
23865,0.09147355
23866,0.39362046
23867,0.04814742
23868,0.0102090975
23869,0.043756414
23870,0.020764554
23871,0.010061711
23872,0.05406783
23873,0.61746603
23874,0.036887895
23875,0.07304724
23876,0.45391557
23877,0.08174762
23878,0.017697763
23879,0.03893581
23880,0.047427613
23881,0.23250988
23882,0.23882633
23883,0.01075716
23884,0.060836673
23885,0.06419955
23886,0.08963439
23887,0.24078153
23888,0.08084387
23889,0.09070128
23890,0.43310407
23891,0.06510786
23892,0.018791243
23893,0.04369411
23894,0.06989498
23895,0.047892936
23896,0.09198353
23897,0.49578452
23898,0.04088577
23899,0.4074392
23900,0.014295742
23901,0.04281824
23902,0.2509944
23903,0.014587133
23904,0.044738866
23905,0.059749804
23906,0.016020063
23907,0.040185787
23908,0.006624565
23909,0.3930812
23910,0.1727792
23911,0.060743276
23912,0.2360155
23913,0.08457074
23914,0.091964
23915,0.40261352
23916,0.3628519
23917,0.24888189
23918,0.2313009
23919,0.08189227
23920,0.55291563
23921,0.26366803
23922,0.46193928
23923,0.0066094827
23924,0.024374694
23925,0.082724124
23926,0.053113975
23927,0.027134612
23928,0.018376455
23929,0.04864173
23930,0.008688166
23931,0.010564527
23932,0.031680185
23933,0.048969913
23934,0.069107614
23935,0.06744027
23936,0.07301955
23937,0.067495756
23938,0.23707466
23939,0.40283114
23940,0.02767352
23941,0.077106066
23942,0.24506712
23943,0.017209323
23944,0.05062136
23945,0.5492249
23946,0.6366434
23947,0.60331625
23948,0.026873276
23949,0.06774253
23950,0.5298122
23951,0.06748744
23952,0.016584065
23953,0.053326834
23954,0.00885939
23955,0.048532344
23956,0.054396197
23957,0.04272385
23958,0.0112142125
23959,0.38316837
23960,0.016691687
23961,0.029495306
23962,0.0723995
23963,0.07283191
23964,0.041465938
23965,0.04297864
23966,0.38354576
23967,0.35442352
23968,0.025647141
23969,0.079404786
23970,0.07409373
23971,0.073257335
23972,0.53036004
23973,0.64002997
23974,0.66554016
23975,0.013745171
23976,0.2034884
23977,0.02711504
23978,0.4060551
23979,0.06875527
23980,0.25048977
23981,0.039927054
23982,0.069227576
23983,0.018620202
23984,0.06896355
23985,0.073073536
23986,0.08419012
23987,0.08185239
23988,0.5360802
23989,0.45873255
23990,0.40714243
23991,0.082248725
23992,0.06381208
23993,0.05043693
23994,0.07224922
23995,0.040185787
23996,0.03167397
23997,0.08154484
23998,0.0815883
23999,0.05306431
24000,0.073949516
24001,0.023983562
24002,0.5827931
24003,0.73006546
24004,0.6321285
24005,0.08317721
24006,0.043158967
24007,0.23506688
24008,0.37951022
24009,0.026601473
24010,0.009518686
24011,0.016096197
24012,0.033376068
24013,0.06868102
24014,0.042490426
24015,0.42052126
24016,0.645035
24017,0.057434853
24018,0.07067259
24019,0.06542222
24020,0.09282455
24021,0.057016756
24022,0.3912004
24023,0.22265701
24024,0.035147272
24025,0.068507485
24026,0.07534735
24027,0.071881
24028,0.042145904
24029,0.020595243
24030,0.27138874
24031,0.39296556
24032,0.24189942
24033,0.060428
24034,0.075383775
24035,0.009491747
24036,0.058439568
24037,0.091705866
24038,0.029356167
24039,0.04024627
24040,0.04036151
24041,0.016893756
24042,0.039267644
24043,0.040422656
24044,0.40116593
24045,0.67420524
24046,0.262916
24047,0.2483842
24048,0.07770909
24049,0.09256669
24050,0.23799983
24051,0.47412297
24052,0.050987385
24053,0.028520927
24054,0.035109468
24055,0.030917961
24056,0.08404248
24057,0.0804538
24058,0.22946945
24059,0.5188547
24060,0.259327
24061,0.088347524
24062,0.66829365
24063,0.0843231
24064,0.016751703
24065,0.23318474
24066,0.24901724
24067,0.020024544
24068,0.048867393
24069,0.532685
24070,0.051700406
24071,0.03456635
24072,0.03388858
24073,0.041349564
24074,0.08501629
24075,0.41388348
24076,0.24975206
24077,0.522001
24078,0.26334277
24079,0.08617083
24080,0.082252935
24081,0.25965914
24082,0.026774634
24083,0.08789917
24084,0.060812376
24085,0.04334736
24086,0.43304172
24087,0.25698322
24088,0.04817864
24089,0.442709
24090,0.2507443
24091,0.0064163757
24092,0.066806704
24093,0.07464885
24094,0.06665829
24095,0.010727932
24096,0.028296545
24097,0.048467238
24098,0.06838414
24099,0.0662475
24100,0.07999888
24101,0.4034654
24102,0.54223454
24103,0.424686
24104,0.40985155
24105,0.60498846
24106,0.06780906
24107,0.05874797
24108,0.06079384
24109,0.08164496
24110,0.08868134
24111,0.05293539
24112,0.026906382
24113,0.052573882
24114,0.08193686
24115,0.016164018
24116,0.0050644185
24117,0.04120821
24118,0.07278182
24119,0.020610442
24120,0.0135773895
24121,0.036873266
24122,0.017518898
24123,0.016185954
24124,0.03017324
24125,0.05710746
24126,0.048684034
24127,0.06187919
24128,0.23943593
24129,0.079553686
24130,0.404031
24131,0.6524426
24132,0.6256556
24133,0.2592119
24134,0.22575702
24135,0.043541774
24136,0.07527675
24137,0.014300073
24138,0.009673362
24139,0.57626677
24140,0.043210223
24141,0.016062532
24142,0.052922305
24143,0.04368821
24144,0.0729541
24145,0.03708543
24146,0.042356376
24147,0.014842069
24148,0.04170111
24149,0.0055142785
24150,0.013241907
24151,0.013986559
24152,0.027153878
24153,0.06727618
24154,0.0728076
24155,0.5044059
24156,0.41007358
24157,0.22807486
24158,0.6569867
24159,0.39406
24160,0.46145838
24161,0.22801511
24162,0.03769036
24163,0.0346764
24164,0.042806268
24165,0.040661454
24166,0.015265213
24167,0.034246873
24168,0.05341197
24169,0.4661841
24170,0.21908134
24171,0.4124002
24172,0.028733442
24173,0.075840585
24174,0.079748966
24175,0.08267624
24176,0.24649274
24177,0.041495558
24178,0.039664853
24179,0.082449764
24180,0.62303346
24181,0.4262776
24182,0.59184176
24183,0.24477936
24184,0.25010327
24185,0.08681838
24186,0.06786903
24187,0.040574025
24188,0.021259379
24189,0.029997513
24190,0.07919003
24191,0.08064215
24192,0.06716344
24193,0.09581131
24194,0.023803543
24195,0.0586847
24196,0.009870179
24197,0.24844661
24198,0.0397018
24199,0.011167277
24200,0.07852127
24201,0.23762737
24202,0.029246053
24203,0.23348713
24204,0.07884751
24205,0.056919485
24206,0.070367865
24207,0.029233543
24208,0.068533264
24209,0.06308262
24210,0.034923445
24211,0.07960647
24212,0.075822756
24213,0.039587054
24214,0.00814832
24215,0.07825283
24216,0.010982338
24217,0.23073608
24218,0.008078302
24219,0.031197606
24220,0.08258358
24221,0.032969587
24222,0.040299304
24223,0.03879956
24224,0.08770085
24225,0.41243634
24226,0.4825959
24227,0.076532565
24228,0.0126705915
24229,0.017861422
24230,0.02752901
24231,0.047012612
24232,0.05517037
24233,0.084753
24234,0.012924912
24235,0.02979685
24236,0.0140683325
24237,0.030352337
24238,0.017500244
24239,0.011538374
24240,0.025724813
24241,0.00780227
24242,0.058666512
24243,0.067311846
24244,0.3842179
24245,0.013307369
24246,0.0152976075
24247,0.031114817
24248,0.057177704
24249,0.06902718
24250,0.46228355
24251,0.0764809
24252,0.018365484
24253,0.010511274
24254,0.23663093
24255,0.0122973565
24256,0.035042763
24257,0.014548113
24258,0.05815861
24259,0.2336116
24260,0.04681901
24261,0.016732436
24262,0.010968593
24263,0.2629456
24264,0.03149709
24265,0.013906369
24266,0.025588311
24267,0.08374619
24268,0.053230368
24269,0.037490226
24270,0.015917746
24271,0.026919536
24272,0.052553017
24273,0.40604717
24274,0.028964013
24275,0.017647356
24276,0.028665295
24277,0.03916443
24278,0.051508587
24279,0.24564986
24280,0.05247426
24281,0.23940799
24282,0.06949314
24283,0.028977303
24284,0.042874664
24285,0.043660328
24286,0.028105969
24287,0.25303665
24288,0.08148135
24289,0.016407216
24290,0.061604958
24291,0.04331758
24292,0.01051522
24293,0.45828727
24294,0.58990395
24295,0.22534342
24296,0.06932813
24297,0.01311231
24298,0.06755803
24299,0.043332074
24300,0.04081764
24301,0.0692999
24302,0.064853765
24303,0.07225598
24304,0.7346269
24305,0.017632728
24306,0.06215099
24307,0.014144015
24308,0.06477839
24309,0.059563078
24310,0.016357798
24311,0.035896126
24312,0.08815382
24313,0.28240043
24314,0.058737274
24315,0.23802629
24316,0.025574092
24317,0.059890818
24318,0.062808685
24319,0.02793177
24320,0.024066838
24321,0.046755817
24322,0.050450735
24323,0.02654484
24324,0.018066492
24325,0.048697077
24326,0.015269102
24327,0.08796912
24328,0.034540858
24329,0.03963585
24330,0.031240277
24331,0.06614578
24332,0.07610329
24333,0.020862656
24334,0.048711155
24335,0.6698156
24336,0.054020725
24337,0.073086746
24338,0.043275714
24339,0.035433732
24340,0.04266441
24341,0.04251802
24342,0.012579592
24343,0.10423281
24344,0.026183197
24345,0.0144953225
24346,0.04148786
24347,0.22338629
24348,0.018717226
24349,0.010495925
24350,0.22827525
24351,0.03950166
24352,0.04092124
24353,0.43364847
24354,0.026373394
24355,0.018978395
24356,0.006319309
24357,0.019277096
24358,0.0120115625
24359,0.04048976
24360,0.028275164
24361,0.08835628
24362,0.053131245
24363,0.008119321
24364,0.05327687
24365,0.08138575
24366,0.06884337
24367,0.059911475
24368,0.053281385
24369,0.0468636
24370,0.016152872
24371,0.1982216
24372,0.09239261
24373,0.2299638
24374,0.0099597275
24375,0.031143663
24376,0.012486422
24377,0.011543729
24378,0.015067564
24379,0.011191465
24380,0.017179603
24381,0.018717164
24382,0.009750106
24383,0.014535373
24384,0.014327897
24385,0.008216859
24386,0.022428265
24387,0.048383623
24388,0.04365705
24389,0.07692932
24390,0.006503858
24391,0.08049588
24392,0.0089242
24393,0.25427872
24394,0.018830176
24395,0.025277883
24396,0.0115696965
24397,0.017830716
24398,0.030134045
24399,0.012134543
24400,0.005687716
24401,0.012771768
24402,0.01306572
24403,0.010114595
24404,0.008743043
24405,0.05194027
24406,0.024787983
24407,0.041320164
24408,0.0124634
24409,0.04277637
24410,0.01362871
24411,0.00972098
24412,0.011941844
24413,0.009415875
24414,0.07225553
24415,0.02644819
24416,0.042634014
24417,0.008947243
24418,0.009691251
24419,0.031177746
24420,0.011181006
24421,0.013962602
24422,0.066229336
24423,0.0127781
24424,0.010861378
24425,0.010655691
24426,0.010431224
24427,0.3912675
24428,0.051860653
24429,0.05305117
24430,0.053737193
24431,0.0056713577
24432,0.066157594
24433,0.02111097
24434,0.06257649
24435,0.07380806
24436,0.082867146
24437,0.014813102
24438,0.025420843
24439,0.031199466
24440,0.030720877
24441,0.02666085
24442,0.026209006
24443,0.011328305
24444,0.030756397
24445,0.010461085
24446,0.010595296
24447,0.06330383
24448,0.050161555
24449,0.030165872
24450,0.08328891
24451,0.012410974
24452,0.029199263
24453,0.009636158
24454,0.014670206
24455,0.043630578
24456,0.013168881
24457,0.02556771
24458,0.031377297
24459,0.010154404
24460,0.029873328
24461,0.23883092
24462,0.082494564
24463,0.018050287
24464,0.068857424
24465,0.018729541
24466,0.035502847
24467,0.053631593
24468,0.043677576
24469,0.056800164
24470,0.045118775
24471,0.009271342
24472,0.09103407
24473,0.044356633
24474,0.07253383
24475,0.100647666
24476,0.23999831
24477,0.044816766
24478,0.013209829
24479,0.2801554
24480,0.07080172
24481,0.276119
24482,0.07950808
24483,0.1037992
24484,0.028310092
24485,0.018260874
24486,0.083175406
24487,0.013309408
24488,0.040949937
24489,0.0142090935
24490,0.08643326
24491,0.031309344
24492,0.71683997
24493,0.23890643
24494,0.043759517
24495,0.0903591
24496,0.0613321
24497,0.0441611
24498,0.016649723
24499,0.013782527
24500,0.04002275
24501,0.09112781
24502,0.4093169
24503,0.5426132
24504,0.4991881
24505,0.044339325
24506,0.07056349
24507,0.095007494
24508,0.10166537
24509,0.009696677
24510,0.024496023
24511,0.053584363
24512,0.041939437
24513,0.061530225
24514,0.07348987
24515,0.036885165
24516,0.46820864
24517,0.09710064
24518,0.38888106
24519,0.45388827
24520,0.09389023
24521,0.021778801
24522,0.4659695
24523,0.016306395
24524,0.05502748
24525,0.2716103
24526,0.050187513
24527,0.047856472
24528,0.034896635
24529,0.06471901
24530,0.07956925
24531,0.09107246
24532,0.079638846
24533,0.03324843
24534,0.039183218
24535,0.06758054
24536,0.119114496
24537,0.04412306
24538,0.03148505
24539,0.05428085
24540,0.05700967
24541,0.07081898
24542,0.03155369
24543,0.040949937
24544,0.04326768
24545,0.08043056
24546,0.027568342
24547,0.05497643
24548,0.111373946
24549,0.056719944
24550,0.27689913
24551,0.053855076
24552,0.04031408
24553,0.024242748
24554,0.013874662
24555,0.0131357
24556,0.0150835365
24557,0.49793816
24558,0.09092684
24559,0.07037569
24560,0.1275649
24561,0.11968274
24562,0.06859368
24563,0.050807077
24564,0.03752431
24565,0.06935571
24566,0.06394564
24567,0.1190072
24568,0.27121773
24569,0.016357187
24570,0.37347052
24571,0.04219063
24572,0.009644273
24573,0.03508564
24574,0.26297927
24575,0.018820444
24576,0.043583103
24577,0.010645409
24578,0.061578907
24579,0.043784145
24580,0.02763146
24581,0.090229325
24582,0.4875013
24583,0.054941278
24584,0.07333149
24585,0.018917061
24586,0.021059848
24587,0.041543353
24588,0.055071034
24589,0.010346365
24590,0.028943395
24591,0.011745235
24592,0.09691335
24593,0.11390427
24594,0.081775844
24595,0.085144445
24596,0.056154456
24597,0.010055531
24598,0.037843764
24599,0.031623185
24600,0.029977627
24601,0.03566986
24602,0.07112713
24603,0.051471025
24604,0.38942432
24605,0.014146343
24606,0.036359955
24607,0.027945748
24608,0.016728869
24609,0.014564952
24610,0.024436325
24611,0.041986495
24612,0.020453105
24613,0.024114786
24614,0.06061903
24615,0.27361804
24616,0.42794883
24617,0.043350246
24618,0.039359163
24619,0.03760221
24620,0.07865172
24621,0.06170169
24622,0.05147879
24623,0.013510959
24624,0.012374466
24625,0.030512134
24626,0.2504429
24627,0.0269851
24628,0.024124412
24629,0.031406432
24630,0.007258162
24631,0.1966084
24632,0.055572245
24633,0.40544057
24634,0.4201718
24635,0.38570282
24636,0.055032067
24637,0.039221458
24638,0.01830544
24639,0.050381735
24640,0.043854244
24641,0.09742774
24642,0.04440883
24643,0.6221407
24644,0.0844363
24645,0.020966686
24646,0.08715202
24647,0.04906703
24648,0.047339533
24649,0.016068308
24650,0.010493909
24651,0.011903204
24652,0.055519212
24653,0.027742574
24654,0.018800506
24655,0.011826618
24656,0.01664315
24657,0.018077387
24658,0.06718238
24659,0.043407384
24660,0.0646366
24661,0.053875364
24662,0.079003654
24663,0.3779728
24664,0.4256496
24665,0.05501871
24666,0.021774981
24667,0.06931357
24668,0.014975817
24669,0.040009934
24670,0.026603619
24671,0.07058619
24672,0.051161774
24673,0.090894125
24674,0.038714696
24675,0.0829046
24676,0.039640576
24677,0.052037004
24678,0.034881037
24679,0.016740268
24680,0.098596975
24681,0.031713054
24682,0.061205283
24683,0.031807348
24684,0.010627276
24685,0.022182828
24686,0.03550636
24687,0.051575046
24688,0.061589338
24689,0.096038915
24690,0.070038244
24691,0.37100577
24692,0.23945518
24693,0.2408184
24694,0.011998312
24695,0.07046853
24696,0.011037759
24697,0.04928354
24698,0.040848292
24699,0.068365276
24700,0.032114353
24701,0.020899482
24702,0.044669747
24703,0.038142595
24704,0.012296708
24705,0.049137264
24706,0.07023088
24707,0.032256655
24708,0.051500775
24709,0.03170821
24710,0.013565814
24711,0.061373975
24712,0.013789416
24713,0.036781397
24714,0.083835006
24715,0.053689312
24716,0.096525975
24717,0.3063922
24718,0.07265727
24719,0.08330551
24720,0.053677183
24721,0.20882253
24722,0.060291424
24723,0.070563935
24724,0.04928543
24725,0.010538626
24726,0.008980505
24727,0.018855203
24728,0.27884784
24729,0.06015255
24730,0.06949735
24731,0.05234201
24732,0.06629475
24733,0.017318424
24734,0.027144527
24735,0.02163953
24736,0.035921775
24737,0.27654788
24738,0.056743056
24739,0.04243629
24740,0.0801219
24741,0.57838374
24742,0.06956306
24743,0.014387703
24744,0.39038467
24745,0.052371286
24746,0.268136
24747,0.2692992
24748,0.056692198
24749,0.04440982
24750,0.044897705
24751,0.07945276
24752,0.10721196
24753,0.040316913
24754,0.099759296
24755,0.07103616
24756,0.007598049
24757,0.06256529
24758,0.01948232
24759,0.047621693
24760,0.05773485
24761,0.014639051
24762,0.09158706
24763,0.09764724
24764,0.23972312
24765,0.067979485
24766,0.031077482
24767,0.08088005
24768,0.104928955
24769,0.3950114
24770,0.050053008
24771,0.0101116
24772,0.04516147
24773,0.021128215
24774,0.00973127
24775,0.056727953
24776,0.6245433
24777,0.037787203
24778,0.086324215
24779,0.47279397
24780,0.09336596
24781,0.017661214
24782,0.011425322
24783,0.039478656
24784,0.048980694
24785,0.23699209
24786,0.42406267
24787,0.010263229
24788,0.20752531
24789,0.06939222
24790,0.24890463
24791,0.24585077
24792,0.09245083
24793,0.12037746
24794,0.3731886
24795,0.069156155
24796,0.044565108
24797,0.073211245
24798,0.04881679
24799,0.2711038
24800,0.65551823
24801,0.006002195
24802,0.040882204
24803,0.42895368
24804,0.014427203
24805,0.043870337
24806,0.12011153
24807,0.012461017
24808,0.04469879
24809,0.06131599
24810,0.016188296
24811,0.040714443
24812,0.006636968
24813,0.41448143
24814,0.37746885
24815,0.064023614
24816,0.2502808
24817,0.095682316
24818,0.27062154
24819,0.43011078
24820,0.27086398
24821,0.028058598
24822,0.25618023
24823,0.23393477
24824,0.09387909
24825,0.65826595
24826,0.27263203
24827,0.27777824
24828,0.007258162
24829,0.023421392
24830,0.23994873
24831,0.055019744
24832,0.029296119
24833,0.019714857
24834,0.011318991
24835,0.050847147
24836,0.008982967
24837,0.010577892
24838,0.031783525
24839,0.18862979
24840,0.07210214
24841,0.07046346
24842,0.07963469
24843,0.07062192
24844,0.40306738
24845,0.23426993
24846,0.028068284
24847,0.08535247
24848,0.24973924
24849,0.017678391
24850,0.050506297
24851,0.76919526
24852,0.7970012
24853,0.66913104
24854,0.027284501
24855,0.016560705
24856,0.07052771
24857,0.5020082
24858,0.0704453
24859,0.055645183
24860,0.04965823
24861,0.05565325
24862,0.04400829
24863,0.011161589
24864,0.43547502
24865,0.016634384
24866,0.029984867
24867,0.08001585
24868,0.07850323
24869,0.04485104
24870,0.044406664
24871,0.38020733
24872,0.36823547
24873,0.0259655
24874,0.09099182
24875,0.08142865
24876,0.08042194
24877,0.6635539
24878,0.74491006
24879,0.72413045
24880,0.1962861
24881,0.028077895
24882,0.009479837
24883,0.3986611
24884,0.07232138
24885,0.26580495
24886,0.04022185
24887,0.07209774
24888,0.018362181
24889,0.07244202
24890,0.07950957
24891,0.10302359
24892,0.092715785
24893,0.5490972
24894,0.4541234
24895,0.39501682
24896,0.09395301
24897,0.06304745
24898,0.051996958
24899,0.08372578
24900,0.04025989
24901,0.029947193
24902,0.021407302
24903,0.09413293
24904,0.09880368
24905,0.056494106
24906,0.080500685
24907,0.024262346
24908,0.7686051
24909,0.79476434
24910,0.72171485
24911,0.09119408
24912,0.044350937
24913,0.2443157
24914,0.40004292
24915,0.026493927
24916,0.009926693
24917,0.015269992
24918,0.01597899
24919,0.03389369
24920,0.07318648
24921,0.044316262
24922,0.41544577
24923,0.6811321
24924,0.060593247
24925,0.07473643
24926,0.07024954
24927,0.1031219
24928,0.060182758
24929,0.40005642
24930,0.08016214
24931,0.035733532
24932,0.072297454
24933,0.08166695
24934,0.07838194
24935,0.043196507
24936,0.021540565
24937,0.28589207
24938,0.27585128
24939,0.10031268
24940,0.06352321
24941,0.027134161
24942,0.08525313
24943,0.060278453
24944,0.27383295
24945,0.029623765
24946,0.040237438
24947,0.040702544
24948,0.01748276
24949,0.039841507
24950,0.041083828
24951,0.4005895
24952,0.73889995
24953,0.41482928
24954,0.10704823
24955,0.08501549
24956,0.106225125
24957,0.09746065
24958,0.5050719
24959,0.05274528
24960,0.036606684
24961,0.0326515
24962,0.25089788
24963,0.08581008
24964,0.3800998
24965,0.44141227
24966,0.41041544
24967,0.24884787
24968,0.6377341
24969,0.09807633
24970,0.016865442
24971,0.24038208
24972,0.2547898
24973,0.020538438
24974,0.050161913
24975,0.2768391
24976,0.055429198
24977,0.035991784
24978,0.035053704
24979,0.042020958
24980,0.09070418
24981,0.4090041
24982,0.26970178
24983,0.51886165
24984,0.2734516
24985,0.09799131
24986,0.0948301
24987,0.40836573
24988,0.027250296
24989,0.10132761
24990,0.062940575
24991,0.045012407
24992,0.5195304
24993,0.27920297
24994,0.049652487
24995,0.49931613
24996,0.27920297
24997,0.0067748344
24998,0.070280194
24999,0.085748754
25000,0.06986142
25001,0.010630891
25002,0.010936747
25003,0.009554566
25004,0.02824051
25005,0.049477667
25006,0.07077611
25007,0.07025948
25008,0.091444016
25009,0.4054343
25010,0.6412812
25011,0.44086114
25012,0.4038635
25013,0.6414862
25014,0.0723165
25015,0.062366884
25016,0.06351292
25017,0.0947284
25018,0.109766155
25019,0.05494787
25020,0.02768746
25021,0.005592132
25022,0.05574517
25023,0.09995623
25024,0.0166299
25025,0.042020958
25026,0.076098256
25027,0.01455857
25028,0.03544251
25029,0.019066773
25030,0.020798156
25031,0.010481034
25032,0.03173486
25033,0.060291424
25034,0.05024082
25035,0.06494242
25036,0.40030658
25037,0.24466199
25038,0.38487098
25039,0.6924519
25040,0.634337
25041,0.430432
25042,0.23060974
25043,0.04353135
25044,0.019714857
25045,0.044971153
25046,0.085269794
25047,0.014332039
25048,0.03148505
25049,0.67558783
25050,0.045178153
25051,0.016419267
25052,0.053475525
25053,0.0449373
25054,0.07946597
25055,0.0371812
25056,0.04401535
25057,0.016335655
25058,0.043033157
25059,0.01325119
25060,0.013471258
25061,0.027405197
25062,0.07101393
25063,0.07970128
25064,0.5452863
25065,0.42047623
25066,0.2429327
25067,0.6127976
25068,0.4161488
25069,0.46267703
25070,0.24230038
25071,0.038105216
25072,0.032105375
25073,0.04378247
25074,0.041383877
25075,0.035111424
25076,0.056725767
25077,0.521645
25078,0.22165664
25079,0.40710068
25080,0.029569732
25081,0.0800152
25082,0.091287
25083,0.09826098
25084,0.25381887
25085,0.177375
25086,0.029306058
25087,0.040680047
25088,0.09433061
25089,0.63559735
25090,0.3977028
25091,0.6073682
25092,0.39461574
25093,0.27377343
25094,0.102444746
25095,0.22033285
25096,0.041537963
25097,0.02182127
25098,0.011520892
25099,0.012350795
25100,0.037228476
25101,0.029603334
25102,0.09099182
25103,0.09289608
25104,0.07134561
25105,0.28009635
25106,0.026816893
25107,0.062210925
25108,0.0103113055
25109,0.37925634
25110,0.039789375
25111,0.011526466
25112,0.082947604
25113,0.2444849
25114,0.029857395
25115,0.006204868
25116,0.2341158
25117,0.092647776
25118,0.05624313
25119,0.07441077
25120,0.029861437
25121,0.07329881
25122,0.065822445
25123,0.03717182
25124,0.095663436
25125,0.08844968
25126,0.04081011
25127,0.026390808
25128,0.010517459
25129,0.23165292
25130,0.011579176
25131,0.073211245
25132,0.039441857
25133,0.030251618
25134,0.09119716
25135,0.034114774
25136,0.041619055
25137,0.009111701
25138,0.0393969
25139,0.1014334
25140,0.39457098
25141,0.5675913
25142,0.08604325
25143,0.013018171
25144,0.017820777
25145,0.017798498
25146,0.028233116
25147,0.045617864
25148,0.0136635015
25149,0.056724653
25150,0.24709879
25151,0.013353968
25152,0.029476779
25153,0.014245042
25154,0.01786785
25155,0.015602394
25156,0.025904162
25157,0.061534315
25158,0.070857905
25159,0.41300952
25160,0.013385294
25161,0.016247965
25162,0.031511147
25163,0.060235225
25164,0.07233073
25165,0.435459
25166,0.08460388
25167,0.011411087
25168,0.24700387
25169,0.012287727
25170,0.03555471
25171,0.060842987
25172,0.09300985
25173,0.04804572
25174,0.011026201
25175,0.016811024
25176,0.010564187
25177,0.27825654
25178,0.03191622
25179,0.01450948
25180,0.024848314
25181,0.09860391
25182,0.05546919
25183,0.038152423
25184,0.01620866
25185,0.02721836
25186,0.052900847
25187,0.37468383
25188,0.030424323
25189,0.017017022
25190,0.029240338
25191,0.040328097
25192,0.05232611
25193,0.25370455
25194,0.05502388
25195,0.25142407
25196,0.071368285
25197,0.029950075
25198,0.044140033
25199,0.044873912
25200,0.028852254
25201,0.27454185
25202,0.016898232
25203,0.0935867
25204,0.016939376
25205,0.07045991
25206,0.043928377
25207,0.010305353
25208,0.513835
25209,0.7037621
25210,0.0862519
25211,0.07245064
25212,0.07104001
25213,0.044244803
25214,0.04185079
25215,0.22416005
25216,0.06730834
25217,0.07863676
25218,0.7483565
25219,0.01802079
25220,0.065094784
25221,0.014510817
25222,0.06800928
25223,0.064890996
25224,0.016672902
25225,0.036576115
25226,0.09832561
25227,0.47309354
25228,0.061706103
25229,0.2463655
25230,0.02581735
25231,0.06225627
25232,0.020817973
25233,0.06547099
25234,0.02868581
25235,0.023991842
25236,0.04823083
25237,0.051307097
25238,0.026674293
25239,0.018311616
25240,0.048888933
25241,0.015634678
25242,0.0939373
25243,0.03555471
25244,0.040949937
25245,0.014242217
25246,0.03230465
25247,0.070301585
25248,0.082333155
25249,0.02112761
25250,0.049950995
25251,0.7129912
25252,0.05581439
25253,0.07838275
25254,0.044281628
25255,0.0364293
25256,0.04339284
25257,0.0438658
25258,0.0122923395
25259,0.01597899
25260,0.28047523
25261,0.0263699
25262,0.0063858363
25263,0.042575818
25264,0.08033152
25265,0.01887363
25266,0.010681962
25267,0.08550407
25268,0.039919943
25269,0.026019935
25270,0.04409771
25271,0.4077488
25272,0.026915174
25273,0.018906275
25274,0.0067873606
25275,0.008508399
25276,0.012040631
25277,0.041500222
25278,0.009085922
25279,0.030455181
25280,0.25025865
25281,0.055420965
25282,0.011853808
25283,0.014176961
25284,0.05754907
25285,0.09401485
25286,0.07138035
25287,0.06269972
25288,0.05495572
25289,0.02742256
25290,0.047778204
25291,0.015473241
25292,0.054792903
25293,0.26433364
25294,0.23832007
25295,0.008943561
25296,0.031665415
25297,0.013180797
25298,0.011778654
25299,0.015183367
25300,0.010603531
25301,0.017158149
25302,0.008803116
25303,0.014241522
25304,0.009781322
25305,0.014346261
25306,0.013102616
25307,0.010062603
25308,0.022418445
25309,0.05011635
25310,0.04467087
25311,0.085505344
25312,0.0063689514
25313,0.011014998
25314,0.092655085
25315,0.3828021
25316,0.026033277
25317,0.012805085
25318,0.010725485
25319,0.017810058
25320,0.008611321
25321,0.03094271
25322,0.012655804
25323,0.013365894
25324,0.009164118
25325,0.05383095
25326,0.027070668
25327,0.04147444
25328,0.012338057
25329,0.04345617
25330,0.013583154
25331,0.009628178
25332,0.012056294
25333,0.010154688
25334,0.08093882
25335,0.025946314
25336,0.043933317
25337,0.008866626
25338,0.010093734
25339,0.03180848
25340,0.01103991
25341,0.014689069
25342,0.070563935
25343,0.010697629
25344,0.395236
25345,0.053737566
25346,0.05687735
25347,0.056725767
25348,0.070492215
25349,0.020944912
25350,0.010645511
25351,0.0067239003
25352,0.067618266
25353,0.014183655
25354,0.07841989
25355,0.09727284
25356,0.016506491
25357,0.03208319
25358,0.031837117
25359,0.02727105
25360,0.027501117
25361,0.011321232
25362,0.031467013
25363,0.010551447
25364,0.010969583
25365,0.008828511
25366,0.06698771
25367,0.051377557
25368,0.031734582
25369,0.095859155
25370,0.016937612
25371,0.029572703
25372,0.0060097277
25373,0.0107792765
25374,0.014490268
25375,0.044841547
25376,0.017504878
25377,0.013363177
25378,0.026234347
25379,0.032055486
25380,0.01038255
25381,0.015112724
25382,0.029609738
25383,0.24691936
25384,0.24273337
25385,0.017955346
25386,0.22436436
25387,0.019406253
25388,0.053237177
25389,0.043460853
25390,0.057015423
25391,0.013514021
25392,0.038262237
25393,0.03896826
25394,0.04120465
25395,0.07942615
25396,0.044141065
25397,0.037634272
25398,0.031055544
25399,0.07947875
25400,0.043382715
25401,0.07202338
25402,0.04316397
25403,0.09138447
25404,0.22788088
25405,0.050776176
25406,0.044141065
25407,0.25403917
25408,0.068039164
25409,0.39321637
25410,0.075342156
25411,0.23990215
25412,0.059245
25413,0.029917257
25414,0.019639835
25415,0.077024765
25416,0.011049788
25417,0.23724101
25418,0.6607065
25419,0.07880469
25420,0.043669213
25421,0.08404713
25422,0.0591331
25423,0.02932881
25424,0.04328487
25425,0.03609531
25426,0.016421529
25427,0.04072334
25428,0.22835279
25429,0.38672993
25430,0.46761495
25431,0.48046234
25432,0.04383138
25433,0.068293005
25434,0.08832951
25435,0.09283175
25436,0.009596025
25437,0.05337211
25438,0.041412715
25439,0.06035327
25440,0.071546555
25441,0.03571298
25442,0.43091276
25443,0.08439575
25444,0.24247828
25445,0.47789788
25446,0.08472013
25447,0.021452354
25448,0.523836
25449,0.053848743
25450,0.2546275
25451,0.04953285
25452,0.0477829
25453,0.034676358
25454,0.07564004
25455,0.08282691
25456,0.07456302
25457,0.033373132
25458,0.03921125
25459,0.0658222
25460,0.25573227
25461,0.04379768
25462,0.031616595
25463,0.05327924
25464,0.0558026
25465,0.068090595
25466,0.04027042
25467,0.043330133
25468,0.026921043
25469,0.05516752
25470,0.09612983
25471,0.10047012
25472,0.040252186
25473,0.013276859
25474,0.015024911
25475,0.51601326
25476,0.083991006
25477,0.06971288
25478,0.26519507
25479,0.2584433
25480,0.0661585
25481,0.049654458
25482,0.017570041
25483,0.019592091
25484,0.03817965
25485,0.06341461
25486,0.07764098
25487,0.26265922
25488,0.52294135
25489,0.016665291
25490,0.3554891
25491,0.043752357
25492,0.031756476
25493,0.025712522
25494,0.03504559
25495,0.24734944
25496,0.017595707
25497,0.042642966
25498,0.010325413
25499,0.059929226
25500,0.043534312
25501,0.02687953
25502,0.08496442
25503,0.2856615
25504,0.05465735
25505,0.07117807
25506,0.017092355
25507,0.020647986
25508,0.0394927
25509,0.054324627
25510,0.029007405
25511,0.082953885
25512,0.10063608
25513,0.07550998
25514,0.22795981
25515,0.055018753
25516,0.03744062
25517,0.031694975
25518,0.029433398
25519,0.035484266
25520,0.005194748
25521,0.07212524
25522,0.050906494
25523,0.3674836
25524,0.013408288
25525,0.03618392
25526,0.027574435
25527,0.016689943
25528,0.014680786
25529,0.02398017
25530,0.04113761
25531,0.024424318
25532,0.059212264
25533,0.2589309
25534,0.42478505
25535,0.042857144
25536,0.038937945
25537,0.075503446
25538,0.05934926
25539,0.013619482
25540,0.052258838
25541,0.014344658
25542,0.032469116
25543,0.24264385
25544,0.026952514
25545,0.02384722
25546,0.03134703
25547,0.0067557436
25548,0.19725111
25549,0.05474996
25550,0.40469438
25551,0.38462234
25552,0.3977288
25553,0.054681603
25554,0.039369415
25555,0.018023267
25556,0.049483895
25557,0.043562956
25558,0.0871056
25559,0.043305207
25560,0.50972986
25561,0.07958233
25562,0.07902127
25563,0.049747724
25564,0.047368508
25565,0.018125908
25566,0.054684576
25567,0.016687045
25568,0.017648123
25569,0.06561894
25570,0.04231723
25571,0.061800946
25572,0.05228387
25573,0.07426901
25574,0.35592082
25575,0.42038918
25576,0.05470831
25577,0.021474397
25578,0.068658315
25579,0.015046843
25580,0.03941687
25581,0.06820104
25582,0.05134895
25583,0.0866557
25584,0.04048017
25585,0.07797918
25586,0.038680412
25587,0.05107954
25588,0.0350624
25589,0.22905499
25590,0.010363967
25591,0.031475205
25592,0.05902614
25593,0.031319954
25594,0.010375359
25595,0.022543948
25596,0.034150064
25597,0.051180344
25598,0.06001861
25599,0.084973425
25600,0.07091608
25601,0.41765064
25602,0.22944254
25603,0.23004857
25604,0.011752502
25605,0.06950499
25606,0.04849536
25607,0.0407711
25608,0.06969701
25609,0.044220176
25610,0.037893444
25611,0.048657667
25612,0.06890105
25613,0.031900506
25614,0.05070675
25615,0.031227682
25616,0.060043216
25617,0.012322697
25618,0.03627416
25619,0.08069198
25620,0.052966952
25621,0.23001325
25622,0.62167126
25623,0.07113212
25624,0.22272661
25625,0.053100668
25626,0.06179042
25627,0.058646314
25628,0.068944186
25629,0.048139974
25630,0.019055607
25631,0.09754035
25632,0.058977764
25633,0.06722746
25634,0.052220315
25635,0.0641809
25636,0.026899269
25637,0.018650122
25638,0.037121404
25639,0.26000622
25640,0.056163248
25641,0.042887606
25642,0.07618431
25643,0.5638741
25644,0.06911249
25645,0.014104307
25646,0.3641233
25647,0.050715007
25648,0.25228825
25649,0.2567019
25650,0.056128196
25651,0.019259127
25652,0.044007465
25653,0.075278275
25654,0.09658651
25655,0.040410005
25656,0.24250513
25657,0.07037726
25658,0.060883258
25659,0.014355783
25660,0.0148004815
25661,0.047086153
25662,0.05592424
25663,0.013955258
25664,0.08289185
25665,0.09136493
25666,0.23201036
25667,0.06591149
25668,0.03128764
25669,0.07716645
25670,0.08505326
25671,0.121225044
25672,0.05002661
25673,0.044500083
25674,0.020661816
25675,0.1957915
25676,0.53364044
25677,0.037093263
25678,0.079461016
25679,0.51521444
25680,0.08731811
25681,0.017388426
25682,0.012184113
25683,0.038864847
25684,0.04873703
25685,0.41382685
25686,0.4178479
25687,0.010197625
25688,0.21112487
25689,0.06619353
25690,0.24064158
25691,0.08864817
25692,0.08571371
25693,0.09789566
25694,0.40758157
25695,0.06868409
25696,0.04440455
25697,0.07119131
25698,0.0480013
25699,0.2532351
25700,0.6612401
25701,0.04186692
25702,0.40908873
25703,0.043523632
25704,0.26631108
25705,0.045505665
25706,0.06133078
25707,0.015797924
25708,0.040388927
25709,0.0062948316
25710,0.4004411
25711,0.18028161
25712,0.06173106
25713,0.23940223
25714,0.08756546
25715,0.26183707
25716,0.40629825
25717,0.3835384
25718,0.028303571
25719,0.24764265
25720,0.22658278
25721,0.082891114
25722,0.6600712
25723,0.4403941
25724,0.48616284
25725,0.0062926468
25726,0.023166683
25727,0.085368305
25728,0.05278166
25729,0.026554627
25730,0.019233909
25731,0.011092376
25732,0.010416655
25733,0.049541254
25734,0.0062585943
25735,0.00836968
25736,0.010578509
25737,0.030732451
25738,0.18672206
25739,0.071500435
25740,0.06925574
25741,0.07589992
25742,0.21822295
25743,0.37476188
25744,0.2259591
25745,0.028078705
25746,0.0778772
25747,0.24196483
25748,0.017170202
25749,0.051794328
25750,0.63531965
25751,0.5017351
25752,0.6085987
25753,0.02655897
25754,0.016585846
25755,0.07044426
25756,0.5043691
25757,0.06851767
25758,0.016850635
25759,0.054302853
25760,0.02786259
25761,0.00857043
25762,0.009356857
25763,0.04959771
25764,0.05510673
25765,0.043740887
25766,0.011197992
25767,0.42149764
25768,0.016196743
25769,0.029528596
25770,0.075393
25771,0.07585437
25772,0.04434707
25773,0.043532223
25774,0.23363131
25775,0.37385905
25776,0.082476415
25777,0.07662562
25778,0.07519569
25779,0.6686163
25780,0.5974581
25781,0.60110694
25782,0.014149944
25783,0.054780673
25784,0.026702158
25785,0.00835864
25786,0.39722306
25787,0.07094118
25788,0.25169036
25789,0.039479654
25790,0.0725971
25791,0.07118586
25792,0.074400485
25793,0.087187104
25794,0.085707955
25795,0.5321917
25796,0.46338904
25797,0.23297134
25798,0.08324717
25799,0.066285275
25800,0.051952083
25801,0.078144595
25802,0.042296268
25803,0.03107561
25804,0.08640486
25805,0.08484338
25806,0.055026177
25807,0.07870439
25808,0.023484217
25809,0.5334993
25810,0.58676726
25811,0.5945883
25812,0.08310242
25813,0.043557696
25814,0.40528867
25815,0.011336129
25816,0.3763811
25817,0.009462756
25818,0.0155683635
25819,0.016452009
25820,0.033440843
25821,0.0711709
25822,0.043986533
25823,0.42175117
25824,0.69284683
25825,0.056711506
25826,0.07157166
25827,0.068968266
25828,0.092260554
25829,0.059039343
25830,0.38646203
25831,0.22089563
25832,0.035835333
25833,0.07135577
25834,0.0774411
25835,0.07544022
25836,0.042630747
25837,0.021595193
25838,0.26913178
25839,0.25636694
25840,0.09402247
25841,0.062567696
25842,0.02704776
25843,0.07788009
25844,0.060483854
25845,0.25222903
25846,0.029435376
25847,0.04009115
25848,0.040681746
25849,0.017661331
25850,0.039845455
25851,0.04063774
25852,0.39189437
25853,0.6249235
25854,0.2581317
25855,0.09333532
25856,0.07890585
25857,0.09170748
25858,0.08831026
25859,0.54590976
25860,0.19053909
25861,0.036543235
25862,0.031658147
25863,0.08714656
25864,0.084882766
25865,0.23164734
25866,0.53509474
25867,0.258834
25868,0.23662083
25869,0.6082328
25870,0.08485485
25871,0.016672233
25872,0.22735187
25873,0.24321102
25874,0.019585503
25875,0.049749848
25876,0.26161113
25877,0.005882959
25878,0.054642092
25879,0.034862157
25880,0.032559104
25881,0.04166098
25882,0.08443033
25883,0.407211
25884,0.25772107
25885,0.48713675
25886,0.265786
25887,0.0914506
25888,0.087899014
25889,0.3907326
25890,0.012957313
25891,0.026816685
25892,0.095103316
25893,0.06136409
25894,0.04357402
25895,0.51594484
25896,0.25839257
25897,0.04907974
25898,0.48951215
25899,0.26231343
25900,0.0062794383
25901,0.0692131
25902,0.076970495
25903,0.06929892
25904,0.010427945
25905,0.009799271
25906,0.028247343
25907,0.04976081
25908,0.07036669
25909,0.06877554
25910,0.08292465
25911,0.39744172
25912,0.60602605
25913,0.41741034
25914,0.40252072
25915,0.5683493
25916,0.07159063
25917,0.01770791
25918,0.060378406
25919,0.06199851
25920,0.085739605
25921,0.24399827
25922,0.054789312
25923,0.027257724
25924,0.054653384
25925,0.08447157
25926,0.01579441
25927,0.0059480625
25928,0.04173029
25929,0.072025985
25930,0.0204762
25931,0.03729177
25932,0.018448815
25933,0.020013744
25934,0.010936336
25935,0.031488407
25936,0.058583185
25937,0.04987057
25938,0.06330117
25939,0.23720989
25940,0.08919091
25941,0.3490273
25942,0.62696505
25943,0.6655113
25944,0.25999084
25945,0.2229677
25946,0.043103784
25947,0.019264057
25948,0.043761194
25949,0.07845449
25950,0.014350652
25951,0.031153167
25952,0.625535
25953,0.04374688
25954,0.016420139
25955,0.195782
25956,0.044033553
25957,0.22343753
25958,0.043490782
25959,0.042758975
25960,0.01341048
25961,0.026861949
25962,0.06901747
25963,0.07504932
25964,0.48625687
25965,0.4221538
25966,0.23170929
25967,0.5555254
25968,0.43303993
25969,0.4741197
25970,0.08459888
25971,0.036378782
25972,0.031632364
25973,0.034225974
25974,0.043793835
25975,0.04116841
25976,0.034853775
25977,0.054759752
25978,0.48293743
25979,0.22563942
25980,0.41989195
25981,0.029352587
25982,0.07573173
25983,0.08269139
25984,0.08438721
25985,0.09609917
25986,0.04276375
25987,0.029505499
25988,0.009147559
25989,0.04009115
25990,0.085341476
25991,0.5690839
25992,0.39301634
25993,0.5871439
25994,0.38609225
25995,0.2603818
25996,0.095721945
25997,0.22595626
25998,0.021325927
25999,0.03768521
26000,0.029896159
26001,0.084413305
26002,0.083498314
26003,0.06793811
26004,0.25230926
26005,0.026623348
26006,0.059849
26007,0.010491617
26008,0.40775168
26009,0.039562404
26010,0.07798988
26011,0.23138724
26012,0.02967741
26013,0.005417766
26014,0.21817076
26015,0.08929857
26016,0.059030283
26017,0.07317908
26018,0.07103283
26019,0.06494114
26020,0.03644276
26021,0.08376901
26022,0.07790448
26023,0.025620135
26024,0.009581771
26025,0.22699279
26026,0.011345904
26027,0.0126099875
26028,0.07032691
26029,0.0076198718
26030,0.031879988
26031,0.08456751
26032,0.033599187
26033,0.04141867
26034,0.009025819
26035,0.03908886
26036,0.09088841
26037,0.40512562
26038,0.49611732
26039,0.078967914
26040,0.017408496
26041,0.017716505
26042,0.028522851
26043,0.04776518
26044,0.011354041
26045,0.056455866
26046,0.2350808
26047,0.013087528
26048,0.030181255
26049,0.013909363
26050,0.030289993
26051,0.010820301
26052,0.02560392
26053,0.05985328
26054,0.0708859
26055,0.41305816
26056,0.013128824
26057,0.016053056
26058,0.03455632
26059,0.05902614
26060,0.07185647
26061,0.4102603
26062,0.079504095
26063,0.011934579
26064,0.009736287
26065,0.23540963
26066,0.012167833
26067,0.035273347
26068,0.059820045
26069,0.08305059
26070,0.046545625
26071,0.010945807
26072,0.017287664
26073,0.010421303
26074,0.10027008
26075,0.031471137
26076,0.010249578
26077,0.014121267
26078,0.025842376
26079,0.08466316
26080,0.053840235
26081,0.0379525
26082,0.016363125
26083,0.027107745
26084,0.05320579
26085,0.37200013
26086,0.029438812
26087,0.018016532
26088,0.029168459
26089,0.05250982
26090,0.095840625
26091,0.05480898
26092,0.24291238
26093,0.073090404
26094,0.029308777
26095,0.013987584
26096,0.043591987
26097,0.043648835
26098,0.028464193
26099,0.09540276
26100,0.016718183
26101,0.016473895
26102,0.23837318
26103,0.016565803
26104,0.064964056
26105,0.043762848
26106,0.010468797
26107,0.26024058
26108,0.7093532
26109,0.07943803
26110,0.07241695
26111,0.0129280565
26112,0.071017094
26113,0.043910366
26114,0.041181657
26115,0.21843204
26116,0.06568786
26117,0.07628737
26118,0.5587788
26119,0.062475212
26120,0.01483843
26121,0.06588629
26122,0.063020505
26123,0.015621524
26124,0.03672659
26125,0.09226956
26126,0.27129883
26127,0.060212776
26128,0.23462842
26129,0.025718955
26130,0.016725563
26131,0.062012862
26132,0.020601653
26133,0.06454585
26134,0.027982512
26135,0.0057403687
26136,0.023585016
26137,0.04745984
26138,0.050977238
26139,0.026338639
26140,0.04977892
26141,0.08593339
26142,0.035280686
26143,0.039930746
26144,0.014030293
26145,0.031797856
26146,0.068946145
26147,0.077496655
26148,0.018593084
26149,0.049321212
26150,0.6722827
26151,0.055606395
26152,0.07566569
26153,0.04391157
26154,0.03607592
26155,0.04284942
26156,0.041175436
26157,0.012289985
26158,0.015909621
26159,0.26402587
26160,0.026179144
26161,0.006618179
26162,0.010216521
26163,0.007117116
26164,0.014616509
26165,0.010457265
26166,0.04382921
26167,0.07780328
26168,0.018427758
26169,0.010172529
26170,0.08009427
26171,0.039954517
26172,0.025645057
26173,0.04328487
26174,0.4110276
26175,0.026795397
26176,0.009281242
26177,0.019179272
26178,0.04171626
26179,0.009388541
26180,0.03037457
26181,0.09303026
26182,0.054524105
26183,0.011642865
26184,0.014412321
26185,0.055641647
26186,0.088079125
26187,0.06963593
26188,0.062307674
26189,0.05469239
26190,0.026697114
26191,0.047750678
26192,0.015978247
26193,0.05278049
26194,0.09515969
26195,0.22842234
26196,0.008214272
26197,0.031873174
26198,0.012996815
26199,0.01114489
26200,0.014945542
26201,0.010930391
26202,0.017888563
26203,0.009309859
26204,0.009682057
26205,0.014187874
26206,0.009752637
26207,0.022517283
26208,0.04950477
26209,0.044169407
26210,0.080656804
26211,0.08654961
26212,0.009336145
26213,0.25694796
26214,0.018557431
26215,0.010189636
26216,0.025717236
26217,0.0112892995
26218,0.010440894
26219,0.008822038
26220,0.01332227
26221,0.03045094
26222,0.011822278
26223,0.012944513
26224,0.011863655
26225,0.009589929
26226,0.00866294
26227,0.054348182
26228,0.027116587
26229,0.04115595
26230,0.012106814
26231,0.042938735
26232,0.012217102
26233,0.008762161
26234,0.012302768
26235,0.00932158
26236,0.074631445
26237,0.026158594
26238,0.042667113
26239,0.0054221656
26240,0.010621097
26241,0.031387184
26242,0.010150396
26243,0.0145511255
26244,0.06906402
26245,0.012852743
26246,0.010734235
26247,0.010542977
26248,0.26111165
26249,0.053217962
26250,0.05457648
26251,0.05507204
26252,0.0059054727
26253,0.0674427
26254,0.02079592
26255,0.066286884
26256,0.013919867
26257,0.075128876
26258,0.0884187
26259,0.015111302
26260,0.011230365
26261,0.031430535
26262,0.027171336
26263,0.007424177
26264,0.010042867
26265,0.010794522
26266,0.009830024
26267,0.031115754
26268,0.0104997195
26269,0.06599645
26270,0.0505212
26271,0.03196565
26272,0.0899442
26273,0.016403632
26274,0.02387918
26275,0.0057684095
26276,0.01043601
26277,0.0139370235
26278,0.044332113
26279,0.01800796
26280,0.023815632
26281,0.03205178
26282,0.009908867
26283,0.009039857
26284,0.014839642
26285,0.029648524
26286,0.23735324
26287,0.08807101
26288,0.0097098565
26289,0.07084886
26290,0.012948809
26291,0.018947728
26292,0.051695377
26293,0.029738406
26294,0.042402726
26295,0.037193354
26296,0.043633413
26297,0.042005878
26298,0.07618228
26299,0.009678811
26300,0.037660103
26301,0.030929592
26302,0.08100976
26303,0.043007527
26304,0.06826887
26305,0.09012469
26306,0.39657938
26307,0.02061128
26308,0.0440695
26309,0.03382635
26310,0.2647525
26311,0.06680755
26312,0.09430255
26313,0.07184315
26314,0.09174408
26315,0.0578742
26316,0.030881971
26317,0.07459458
26318,0.008216622
26319,0.039412938
26320,0.014067448
26321,0.076261595
26322,0.031798057
26323,0.58618337
26324,0.07618865
26325,0.043420628
26326,0.041484505
26327,0.081512034
26328,0.05858224
26329,0.012474738
26330,0.02901569
26331,0.04261124
26332,0.015693873
26333,0.080981836
26334,0.23689002
26335,0.5212465
26336,0.552731
26337,0.06734189
26338,0.081457935
26339,0.08768528
26340,0.052337226
26341,0.042328432
26342,0.058756813
26343,0.06996575
26344,0.5047555
26345,0.08247393
26346,0.082227655
26347,0.4693099
26348,0.08421065
26349,0.021410143
26350,0.49869087
26351,0.016522614
26352,0.05297174
26353,0.2625684
26354,0.04901107
26355,0.04692328
26356,0.035447896
26357,0.061293676
26358,0.07366848
26359,0.08081862
26360,0.07294027
26361,0.03331115
26362,0.038888842
26363,0.06417424
26364,0.25336152
26365,0.042828307
26366,0.031479977
26367,0.050108556
26368,0.05483392
26369,0.0650333
26370,0.04220417
26371,0.02670693
26372,0.05435324
26373,0.087575495
26374,0.096088834
26375,0.051830485
26376,0.03957225
26377,0.023895504
26378,0.013763653
26379,0.005795083
26380,0.013463493
26381,0.48369148
26382,0.08148445
26383,0.06737716
26384,0.09518215
26385,0.25452542
26386,0.06518084
26387,0.04890141
26388,0.017105646
26389,0.02041239
26390,0.014681117
26391,0.0371863
26392,0.064972654
26393,0.061880283
26394,0.075153366
26395,0.2606443
26396,0.5086733
26397,0.016027449
26398,0.16050753
26399,0.04256453
26400,0.009707289
26401,0.03109127
26402,0.034791104
26403,0.2518124
26404,0.017570652
26405,0.042265855
26406,0.059987504
26407,0.042712826
26408,0.026907759
26409,0.07743081
26410,0.47453365
26411,0.053438872
26412,0.0685401
26413,0.02075086
26414,0.041217018
26415,0.0529872
26416,0.029120864
26417,0.011499382
26418,0.08059471
26419,0.09660854
26420,0.07511824
26421,0.07478878
26422,0.053230006
26423,0.010540122
26424,0.036912944
26425,0.031200761
26426,0.02927468
26427,0.035463262
26428,0.068609014
26429,0.04985371
26430,0.3832421
26431,0.013493002
26432,0.035976045
26433,0.027638359
26434,0.017078055
26435,0.014568645
26436,0.0230875
26437,0.039991125
26438,0.007837824
26439,0.0240478
26440,0.057357863
26441,0.09306323
26442,0.40673953
26443,0.04240698
26444,0.03862448
26445,0.037899096
26446,0.07326264
26447,0.05883316
26448,0.013632425
26449,0.050720695
26450,0.014283387
26451,0.029849619
26452,0.24364741
26453,0.027016314
26454,0.023567412
26455,0.0069982857
26456,0.20341825
26457,0.053235848
26458,0.38424078
26459,0.3743411
26460,0.34846732
26461,0.053334035
26462,0.038914364
26463,0.017123535
26464,0.0488735
26465,0.042339165
26466,0.011098625
26467,0.08142553
26468,0.042954035
26469,0.5824445
26470,0.07705313
26471,0.020687714
26472,0.07791669
26473,0.046004944
26474,0.04664893
26475,0.015550862
26476,0.010024338
26477,0.012001023
26478,0.053084936
26479,0.027490683
26480,0.016612498
26481,0.018932343
26482,0.06373813
26483,0.042427387
26484,0.061900098
26485,0.052085854
26486,0.07326777
26487,0.37212253
26488,0.4198433
26489,0.053394143
26490,0.02052208
26491,0.06482623
26492,0.03733493
26493,0.067062326
26494,0.05037986
26495,0.079297796
26496,0.039827436
26497,0.07694484
26498,0.0391109
26499,0.050738443
26500,0.016829781
26501,0.018453998
26502,0.2360145
26503,0.010295765
26504,0.03199122
26505,0.05748735
26506,0.031467658
26507,0.010800026
26508,0.010389
26509,0.021610767
26510,0.034647606
26511,0.050668214
26512,0.05904329
26513,0.08373191
26514,0.069309555
26515,0.39487216
26516,0.22788356
26517,0.23525473
26518,0.012077929
26519,0.06756085
26520,0.048155162
26521,0.040652398
26522,0.06502026
26523,0.031358022
26524,0.037538484
26525,0.012223502
26526,0.047649525
26527,0.06673932
26528,0.031933095
26529,0.050587203
26530,0.031360514
26531,0.058933273
26532,0.035753705
26533,0.0771276
26534,0.05186908
26535,0.23346555
26536,0.6792285
26537,0.0675299
26538,0.07542944
26539,0.05196153
26540,0.06023354
26541,0.05745256
26542,0.06719246
26543,0.047802012
26544,0.010056449
26545,0.018260812
26546,0.3691678
26547,0.057402473
26548,0.065314114
26549,0.049646784
26550,0.062638715
26551,0.017501226
26552,0.025701558
26553,0.018981935
26554,0.019264892
26555,0.037906695
26556,0.2627668
26557,0.054388925
26558,0.041066274
26559,0.074318685
26560,0.5657222
26561,0.066317044
26562,0.014045646
26563,0.40497643
26564,0.05028019
26565,0.25077143
26566,0.26023588
26567,0.054732624
26568,0.019515444
26569,0.04160159
26570,0.043209363
26571,0.07302245
26572,0.08841685
26573,0.039355148
26574,0.1002085
26575,0.067225374
26576,0.05978102
26577,0.010689359
26578,0.015709793
26579,0.04668617
26580,0.05436996
26581,0.014587819
26582,0.08276902
26583,0.08585058
26584,0.22823554
26585,0.06459287
26586,0.03074072
26587,0.07474578
26588,0.08222782
26589,0.39082614
26590,0.04913945
26591,0.04395308
26592,0.020626
26593,0.054738164
26594,0.6102471
26595,0.076132044
26596,0.5216821
26597,0.08605131
26598,0.012581458
26599,0.017637655
26600,0.012255945
26601,0.03943673
26602,0.04806913
26603,0.37498564
26604,0.36465904
26605,0.010009614
26606,0.061063677
26607,0.06427346
26608,0.087713055
26609,0.23717925
26610,0.0826259
26611,0.091931656
26612,0.38405094
26613,0.06523234
26614,0.043671396
26615,0.06827884
26616,0.04784274
26617,0.09741049
26618,0.61126614
26619,0.040812843
26620,0.43182343
26621,0.042683013
26622,0.25753647
26623,0.04273399
26624,0.06034638
26625,0.016163437
26626,0.039635558
26627,0.006223887
26628,0.41376057
26629,0.17773479
26630,0.060953565
26631,0.23722146
26632,0.081700765
26633,0.09872131
26634,0.39786732
26635,0.3943762
26636,0.028073736
26637,0.10110771
26638,0.22970134
26639,0.07903662
26640,0.6474386
26641,0.44069654
26642,0.52042955
26643,0.02396127
26644,0.082758
26645,0.053250965
26646,0.02720304
26647,0.011167689
26648,0.016632816
26649,0.0069553563
26650,0.048584733
26651,0.0063686664
26652,0.008475567
26653,0.010719249
26654,0.032465726
26655,0.048890576
26656,0.0688742
26657,0.06751201
26658,0.07338463
26659,0.22704318
26660,0.23388645
26661,0.22403654
26662,0.027490353
26663,0.075442314
26664,0.24672037
26665,0.017525898
26666,0.050259903
26667,0.54210097
26668,0.5255463
26669,0.6452234
26670,0.006778788
26671,0.0270728
26672,0.01657498
26673,0.067858465
26674,0.46204367
26675,0.066689454
26676,0.052992526
26677,0.009492222
26678,0.04786147
26679,0.05366393
26680,0.043112747
26681,0.010916327
26682,0.3825062
26683,0.016522333
26684,0.029194485
26685,0.07327291
26686,0.07367343
26687,0.04036729
26688,0.043271467
26689,0.23631477
26690,0.36206266
26691,0.025576431
26692,0.22804838
26693,0.07181035
26694,0.07413547
26695,0.6100143
26696,0.6680375
26697,0.63929266
26698,0.19569036
26699,0.026692102
26700,0.3935805
26701,0.069446385
26702,0.096074544
26703,0.041174207
26704,0.069084354
26705,0.017926628
26706,0.068795554
26707,0.07208478
26708,0.08364685
26709,0.08761151
26710,0.54673326
26711,0.46204963
26712,0.23352475
26713,0.081228435
26714,0.06494467
26715,0.050342906
26716,0.07482437
26717,0.039818205
26718,0.03170629
26719,0.08313907
26720,0.08271537
26721,0.053489722
26722,0.07368245
26723,0.023883611
26724,0.5521421
26725,0.57347775
26726,0.665647
26727,0.081176884
26728,0.04325908
26729,0.23491025
26730,0.011418905
26731,0.42823586
26732,0.026661575
26733,0.009620536
26734,0.016713958
26735,0.015951235
26736,0.03357434
26737,0.0700624
26738,0.043227125
26739,0.3736806
26740,0.646561
26741,0.058351435
26742,0.07077963
26743,0.067050606
26744,0.08884055
26745,0.058233555
26746,0.38836718
26747,0.22449438
26748,0.034499217
26749,0.0694613
26750,0.075517096
26751,0.07229156
26752,0.042004827
26753,0.021528983
26754,0.4413256
26755,0.25891605
26756,0.24193366
26757,0.061631486
26758,0.026953934
26759,0.074969225
26760,0.011186155
26761,0.059050087
26762,0.24947119
26763,0.029054916
26764,0.03904123
26765,0.040269233
26766,0.0156060755
26767,0.017508311
26768,0.039183665
26769,0.03952686
26770,0.40290028
26771,0.6443269
26772,0.25757626
26773,0.09385986
26774,0.07647468
26775,0.094026804
26776,0.08843256
26777,0.54478633
26778,0.051079713
26779,0.035935998
26780,0.03128043
26781,0.082312435
26782,0.07584651
26783,0.084567524
26784,0.49390686
26785,0.41213232
26786,0.0922053
26787,0.6052143
26788,0.08149684
26789,0.01682898
26790,0.2335415
26791,0.23894596
26792,0.020240858
26793,0.24959466
26794,0.05361826
26795,0.034688458
26796,0.03492467
26797,0.040872652
26798,0.080838926
26799,0.3930693
26800,0.25589922
26801,0.5430664
26802,0.2596799
26803,0.087181844
26804,0.085108995
26805,0.40311444
26806,0.013535996
26807,0.026859576
26808,0.08909762
26809,0.059974823
26810,0.043366726
26811,0.47332764
26812,0.09777228
26813,0.048657507
26814,0.4979211
26815,0.418415
26816,0.06280672
26817,0.074809246
26818,0.0669251
26819,0.04361652
26820,0.009223921
26821,0.02888331
26822,0.048529353
26823,0.06730096
26824,0.066437244
26825,0.08117494
26826,0.3990811
26827,0.6632387
26828,0.40350905
26829,0.3825242
26830,0.65150034
26831,0.07026135
26832,0.0553565
26833,0.06092642
26834,0.080925085
26835,0.091685645
26836,0.053499613
26837,0.02709665
26838,0.050813597
26839,0.08209227
26840,0.017398346
26841,0.0055437447
26842,0.04102378
26843,0.07297497
26844,0.020019174
26845,0.037429065
26846,0.018741358
26847,0.01126283
26848,0.031321548
26849,0.0573303
26850,0.04831586
26851,0.06224647
26852,0.4028591
26853,0.08380901
26854,0.34991845
26855,0.6450937
26856,0.6035592
26857,0.25576454
26858,0.23004936
26859,0.043581735
26860,0.07679855
26861,0.014587819
26862,0.6842326
26863,0.043206837
26864,0.0156114455
26865,0.05183346
26866,0.04349834
26867,0.07405006
26868,0.037069682
26869,0.044136006
26870,0.041121244
26871,0.013255227
26872,0.026764045
26873,0.06590634
26874,0.07321701
26875,0.50066745
26876,0.36873072
26877,0.23152216
26878,0.6762226
26879,0.25955346
26880,0.51377076
26881,0.079059914
26882,0.037680864
26883,0.031838957
26884,0.042252127
26885,0.040836863
26886,0.015292951
26887,0.034403384
26888,0.05313797
26889,0.46325856
26890,0.06864312
26891,0.38701096
26892,0.0289652
26893,0.073789135
26894,0.07926707
26895,0.08298184
26896,0.2396171
26897,0.17693071
26898,0.007203605
26899,0.029145522
26900,0.08419525
26901,0.5372441
26902,0.36705408
26903,0.523335
26904,0.38621676
26905,0.26736072
26906,0.09190454
26907,0.22703826
26908,0.041045263
26909,0.021317635
26910,0.01223333
26911,0.037374917
26912,0.02924112
26913,0.082153946
26914,0.08209432
26915,0.067529224
26916,0.09605819
26917,0.026361968
26918,0.05811005
26919,0.37053788
26920,0.039206043
26921,0.050377075
26922,0.078300335
26923,0.08244352
26924,0.029233722
26925,0.22431111
26926,0.082648546
26927,0.05737852
26928,0.07052497
26929,0.030052962
26930,0.069198124
26931,0.06250128
26932,0.035513364
26933,0.07978674
26934,0.077535205
26935,0.03962193
26936,0.026297526
26937,0.009811142
26938,0.23038495
26939,0.011343013
26940,0.010937243
26941,0.22312976
26942,0.039007235
26943,0.03226692
26944,0.0793905
26945,0.033813037
26946,0.040605772
26947,0.038669616
26948,0.08943375
26949,0.37179944
26950,0.5372041
26951,0.07599357
26952,0.0114298845
26953,0.016910069
26954,0.01761349
26955,0.02756676
26956,0.047003016
26957,0.054983232
26958,0.08387122
26959,0.013694888
26960,0.03005659
26961,0.017943356
26962,0.030095108
26963,0.017552214
26964,0.011115815
26965,0.02613283
26966,0.060111664
26967,0.068626136
26968,0.3784115
26969,0.01332407
26970,0.016356839
26971,0.03156385
26972,0.05356096
26973,0.06976267
26974,0.4440858
26975,0.07631251
26976,0.0121729635
26977,0.22850429
26978,0.034494173
26979,0.014357271
26980,0.058916554
26981,0.08060827
26982,0.046736512
26983,0.0111483745
26984,0.017193276
26985,0.01048134
26986,0.09275466
26987,0.012750989
26988,0.025826536
26989,0.07912429
26990,0.053098265
26991,0.037480693
26992,0.015779153
26993,0.026375772
26994,0.0517566
26995,0.3695815
26996,0.02917718
26997,0.017766947
26998,0.028829608
26999,0.039543763
27000,0.051430263
27001,0.24096073
27002,0.053121414
27003,0.24808069
27004,0.0687838
27005,0.029233277
27006,0.013861633
27007,0.041712873
27008,0.04370839
27009,0.028107235
27010,0.40632543
27011,0.016170494
27012,0.01609957
27013,0.24079955
27014,0.016795365
27015,0.06660619
27016,0.043534335
27017,0.010364048
27018,0.2520323
27019,0.6283588
27020,0.07714258
27021,0.067894645
27022,0.013029728
27023,0.0674387
27024,0.043756776
27025,0.040890288
27026,0.06830166
27027,0.06424728
27028,0.07204422
27029,0.6822011
27030,0.061490793
27031,0.014418682
27032,0.064196005
27033,0.061841883
27034,0.016519943
27035,0.035599437
27036,0.089060254
27037,0.2730332
27038,0.05900368
27039,0.23694518
27040,0.025354574
27041,0.060022693
27042,0.020514112
27043,0.06301027
27044,0.02787107
27045,0.023960259
27046,0.047324717
27047,0.04975598
27048,0.02641716
27049,0.049085576
27050,0.08237958
27051,0.035009686
27052,0.039387155
27053,0.03206541
27054,0.06643517
27055,0.074101806
27056,0.019869456
27057,0.049074296
27058,0.6086644
27059,0.05371219
27060,0.073124744
27061,0.042935558
27062,0.036007907
27063,0.04300131
27064,0.04316971
27065,0.012422315
27066,0.016291296
27067,0.09722661
27068,0.025700271
27069,0.006540404
27070,0.014722385
27071,0.0425503
27072,0.072132684
27073,0.017548569
27074,0.07744169
27075,0.039697155
27076,0.0258569
27077,0.04276237
27078,0.38344055
27079,0.026788292
27080,0.018657655
27081,0.008646133
27082,0.0117692
27083,0.0417741
27084,0.029931547
27085,0.09086408
27086,0.054061167
27087,0.012329728
27088,0.014821027
27089,0.014290264
27090,0.05149505
27091,0.23584172
27092,0.069275446
27093,0.060771592
27094,0.05341148
27095,0.027205175
27096,0.047048055
27097,0.054347992
27098,0.2433209
27099,0.2335823
27100,0.031611595
27101,0.013437714
27102,0.011212882
27103,0.015296538
27104,0.011097013
27105,0.01839691
27106,0.009361466
27107,0.013959733
27108,0.009823905
27109,0.014230051
27110,0.014299938
27111,0.02194935
27112,0.0482591
27113,0.043495808
27114,0.07670525
27115,0.0102747185
27116,0.08262208
27117,0.009469508
27118,0.24878675
27119,0.0102699855
27120,0.010022358
27121,0.017536677
27122,0.0101498095
27123,0.011436942
27124,0.00998926
27125,0.02997512
27126,0.011728948
27127,0.013412395
27128,0.008704432
27129,0.008844836
27130,0.051777985
27131,0.026616022
27132,0.040901408
27133,0.01237875
27134,0.04272368
27135,0.013402057
27136,0.012667436
27137,0.008781582
27138,0.071977355
27139,0.025874928
27140,0.04280244
27141,0.008432314
27142,0.005193326
27143,0.031083593
27144,0.010991935
27145,0.066926524
27146,0.0134644015
27147,0.0058319955
27148,0.010458528
27149,0.010510501
27150,0.247826
27151,0.05172422
27152,0.05251152
27153,0.05342442
27154,0.013310434
27155,0.005859672
27156,0.010212405
27157,0.06682772
27158,0.0211671
27159,0.010517279
27160,0.06532275
27161,0.014318811
27162,0.07227438
27163,0.008876681
27164,0.080743626
27165,0.016049074
27166,0.026252972
27167,0.031262424
27168,0.031357758
27169,0.026637718
27170,0.007898278
27171,0.010966192
27172,0.010377173
27173,0.029493045
27174,0.010176176
27175,0.008975264
27176,0.064352304
27177,0.04803241
27178,0.087738514
27179,0.023570683
27180,0.014253288
27181,0.00833165
27182,0.0056504216
27183,0.010432308
27184,0.015026432
27185,0.043607555
27186,0.0185464
27187,0.010383669
27188,0.010506156
27189,0.014312532
27190,0.029529847
27191,0.085457124
27192,0.23403753
27193,0.010192374
27194,0.070341796
27195,0.01854853
27196,0.020389054
27197,0.036199246
27198,0.052412238
27199,0.042537965
27200,0.053554665
27201,0.039938945
27202,0.041663285
27203,0.08286985
27204,0.043979567
27205,0.009850141
27206,0.031266082
27207,0.09008659
27208,0.042749304
27209,0.07072121
27210,0.04340199
27211,0.09548553
27212,0.381077
27213,0.043703813
27214,0.42873886
27215,0.06724624
27216,0.10213627
27217,0.07432608
27218,0.09574302
27219,0.030348828
27220,0.07714228
27221,0.008501002
27222,0.014634467
27223,0.08112036
27224,0.031046992
27225,0.72221553
27226,0.08156037
27227,0.043423057
27228,0.08403723
27229,0.02918947
27230,0.042890806
27231,0.036118705
27232,0.016842179
27233,0.04047373
27234,0.08339564
27235,0.09056323
27236,0.5469164
27237,0.48489907
27238,0.065284126
27239,0.08672507
27240,0.094125584
27241,0.014039299
27242,0.052525025
27243,0.041481264
27244,0.05942464
27245,0.03625251
27246,0.4798821
27247,0.2347362
27248,0.0922615
27249,0.5736699
27250,0.08823235
27251,0.5322949
27252,0.053910635
27253,0.26316896
27254,0.048804693
27255,0.04685054
27256,0.03504287
27257,0.06339792
27258,0.07836319
27259,0.08471866
27260,0.07490287
27261,0.034374945
27262,0.06587487
27263,0.3653999
27264,0.043283693
27265,0.030835766
27266,0.05200903
27267,0.05519778
27268,0.06659603
27269,0.039958756
27270,0.04261436
27271,0.024807878
27272,0.053563993
27273,0.09779687
27274,0.053696938
27275,0.097965024
27276,0.051682405
27277,0.039544046
27278,0.023925161
27279,0.014358102
27280,0.013496725
27281,0.46848607
27282,0.08414073
27283,0.067065425
27284,0.10290805
27285,0.2638465
27286,0.0065742973
27287,0.066213116
27288,0.049489368
27289,0.01670892
27290,0.02169554
27291,0.037730385
27292,0.06635122
27293,0.06289374
27294,0.07717495
27295,0.09613617
27296,0.45934552
27297,0.016185079
27298,0.370551
27299,0.04302627
27300,0.0098652225
27301,0.031266082
27302,0.02554739
27303,0.03499264
27304,0.3704165
27305,0.016833194
27306,0.04353277
27307,0.060259737
27308,0.043227527
27309,0.0279856
27310,0.08107808
27311,0.53157926
27312,0.052701175
27313,0.0696708
27314,0.01882505
27315,0.020851828
27316,0.040155098
27317,0.053056806
27318,0.009699981
27319,0.029532354
27320,0.083363764
27321,0.103009924
27322,0.07635346
27323,0.07635896
27324,0.054168522
27325,0.037022874
27326,0.031277508
27327,0.029612685
27328,0.035551336
27329,0.06837534
27330,0.047826495
27331,0.3712351
27332,0.013570313
27333,0.03648898
27334,0.028061835
27335,0.01728145
27336,0.014957357
27337,0.024261607
27338,0.040490653
27339,0.024038434
27340,0.057709653
27341,0.09712642
27342,0.2558167
27343,0.042245448
27344,0.03916221
27345,0.037647255
27346,0.07447695
27347,0.05928058
27348,0.01821582
27349,0.04918776
27350,0.014376211
27351,0.03025769
27352,0.08892991
27353,0.026987866
27354,0.024745062
27355,0.0067610405
27356,0.19564721
27357,0.053494226
27358,0.38630715
27359,0.35444304
27360,0.23664357
27361,0.053349867
27362,0.038361546
27363,0.016726265
27364,0.048923567
27365,0.04302311
27366,0.011522739
27367,0.08455802
27368,0.04317284
27369,0.52943975
27370,0.07994305
27371,0.018600719
27372,0.012323754
27373,0.07829805
27374,0.04756304
27375,0.04446719
27376,0.01868974
27377,0.009731818
27378,0.054166917
27379,0.028087141
27380,0.01729698
27381,0.017469097
27382,0.06563543
27383,0.04070382
27384,0.0625663
27385,0.052734334
27386,0.07615906
27387,0.2426767
27388,0.4113612
27389,0.05381522
27390,0.020894516
27391,0.06624113
27392,0.015313222
27393,0.039870437
27394,0.010036057
27395,0.06801929
27396,0.0507293
27397,0.08399532
27398,0.039467607
27399,0.07731012
27400,0.03917919
27401,0.047877967
27402,0.03347611
27403,0.015796363
27404,0.018468814
27405,0.08701155
27406,0.010901805
27407,0.03203185
27408,0.05756628
27409,0.010500841
27410,0.010914545
27411,0.022265786
27412,0.032603644
27413,0.049621724
27414,0.058390968
27415,0.08437069
27416,0.06927753
27417,0.37116763
27418,0.23488931
27419,0.23856622
27420,0.011418971
27421,0.06839712
27422,0.047174163
27423,0.041438375
27424,0.06703055
27425,0.03190379
27426,0.04350251
27427,0.038082063
27428,0.011450565
27429,0.047729865
27430,0.068208665
27431,0.031300385
27432,0.05038155
27433,0.022468703
27434,0.017444491
27435,0.058613695
27436,0.037086077
27437,0.07935293
27438,0.051128242
27439,0.08391719
27440,0.6070564
27441,0.06949827
27442,0.077781625
27443,0.052412238
27444,0.060842216
27445,0.058272608
27446,0.067574345
27447,0.0477635
27448,0.25606412
27449,0.058067866
27450,0.06646632
27451,0.05170549
27452,0.063930646
27453,0.026990606
27454,0.018515913
27455,0.021005273
27456,0.036840383
27457,0.2658506
27458,0.05542969
27459,0.042400457
27460,0.074978374
27461,0.5856441
27462,0.06825244
27463,0.014647206
27464,0.3829205
27465,0.050382487
27466,0.09701928
27467,0.26694205
27468,0.055073414
27469,0.019791298
27470,0.043290965
27471,0.04408583
27472,0.07548699
27473,0.09459538
27474,0.03900424
27475,0.09555641
27476,0.069597036
27477,0.012884912
27478,0.059474975
27479,0.018580593
27480,0.045935888
27481,0.055101257
27482,0.014335149
27483,0.08308501
27484,0.08972178
27485,0.23681983
27486,0.06483221
27487,0.031839427
27488,0.07801241
27489,0.09343322
27490,0.416774
27491,0.048959326
27492,0.010638904
27493,0.04408524
27494,0.020887105
27495,0.054634105
27496,0.61350006
27497,0.037239812
27498,0.083000205
27499,0.45975998
27500,0.095012195
27501,0.040028688
27502,0.04820687
27503,0.38807333
27504,0.38206786
27505,0.061400052
27506,0.06546662
27507,0.094742194
27508,0.09011151
27509,0.08272069
27510,0.10301649
27511,0.43457997
27512,0.06636674
27513,0.005573254
27514,0.018816723
27515,0.044857696
27516,0.069675826
27517,0.048009146
27518,0.09838849
27519,0.6072597
27520,0.040885337
27521,0.4015015
27522,0.014454361
27523,0.043263286
27524,0.41579434
27525,0.044054583
27526,0.059367817
27527,0.01647744
27528,0.04014178
27529,0.39065763
27530,0.35996994
27531,0.061522737
27532,0.25110725
27533,0.087839976
27534,0.2665902
27535,0.4368461
27536,0.41498315
27537,0.028638793
27538,0.25592652
27539,0.23533116
27540,0.23689148
27541,0.5810808
27542,0.50845754
27543,0.42180017
27544,0.02431595
27545,0.23520376
27546,0.05298522
27547,0.027933197
27548,0.0193758
27549,0.049291078
27550,0.0064923447
27551,0.01112177
27552,0.03201047
27553,0.049002625
27554,0.07013995
27555,0.06691865
27556,0.075602286
27557,0.22207783
27558,0.23899084
27559,0.22759794
27560,0.026287502
27561,0.07811778
27562,0.24662356
27563,0.050755084
27564,0.5871165
27565,0.6058062
27566,0.64408475
27567,0.0063938415
27568,0.027338428
27569,0.01571456
27570,0.2208887
27571,0.456071
27572,0.06726989
27573,0.05381522
27574,0.027704053
27575,0.04711255
27576,0.054017093
27577,0.043224268
27578,0.01127534
27579,0.43002543
27580,0.01655309
27581,0.029181028
27582,0.07441822
27583,0.075411625
27584,0.044082932
27585,0.043340553
27586,0.2433079
27587,0.3829804
27588,0.025159635
27589,0.23946857
27590,0.07447921
27591,0.07501146
27592,0.5680881
27593,0.68884355
27594,0.63084733
27595,0.014793554
27596,0.19914617
27597,0.025855571
27598,0.010174853
27599,0.41421518
27600,0.06993223
27601,0.25728106
27602,0.039533596
27603,0.07094658
27604,0.018508771
27605,0.06964774
27606,0.073148035
27607,0.09024388
27608,0.09076637
27609,0.47286808
27610,0.4665718
27611,0.23737207
27612,0.08309798
27613,0.06542887
27614,0.051246136
27615,0.07807474
27616,0.040405147
27617,0.032471612
27618,0.022451716
27619,0.08719604
27620,0.08825821
27621,0.054069802
27622,0.07709488
27623,0.57978696
27624,0.707949
27625,0.71004575
27626,0.0821328
27627,0.0435806
27628,0.24132334
27629,0.011720179
27630,0.41031754
27631,0.02709493
27632,0.008081968
27633,0.016619813
27634,0.016511582
27635,0.034560483
27636,0.069637924
27637,0.044377286
27638,0.4005546
27639,0.6012752
27640,0.057881
27641,0.07126525
27642,0.06797417
27643,0.095559746
27644,0.05822356
27645,0.3992385
27646,0.22896701
27647,0.03521014
27648,0.07093768
27649,0.074302636
27650,0.07484358
27651,0.04244524
27652,0.02185197
27653,0.4652353
27654,0.26705045
27655,0.2413849
27656,0.062077176
27657,0.02725557
27658,0.07935724
27659,0.011387202
27660,0.0594335
27661,0.26252672
27662,0.029547283
27663,0.03978117
27664,0.039370712
27665,0.04025709
27666,0.39688918
27667,0.6761793
27668,0.25816405
27669,0.09825808
27670,0.080594376
27671,0.102125876
27672,0.09009817
27673,0.4400527
27674,0.05197702
27675,0.036253627
27676,0.03267785
27677,0.09109926
27678,0.08864977
27679,0.090206526
27680,0.55046445
27681,0.26217967
27682,0.09456522
27683,0.79415745
27684,0.089864254
27685,0.017012648
27686,0.084123485
27687,0.25374052
27688,0.020989925
27689,0.049001593
27690,0.0936862
27691,0.05351063
27692,0.035004348
27693,0.034980092
27694,0.042297415
27695,0.083610825
27696,0.386012
27697,0.10310373
27698,0.27469265
27699,0.25539187
27700,0.09180431
27701,0.09050295
27702,0.41505286
27703,0.026827756
27704,0.09764233
27705,0.061179675
27706,0.044116553
27707,0.5229376
27708,0.26543468
27709,0.048716456
27710,0.49597678
27711,0.4312532
27712,0.0058636204
27713,0.22835429
27714,0.076465614
27715,0.06762495
27716,0.042798325
27717,0.010898067
27718,0.011020684
27719,0.008851084
27720,0.028604284
27721,0.048040498
27722,0.06810025
27723,0.06755363
27724,0.08475419
27725,0.4068384
27726,0.5497672
27727,0.43761185
27728,0.40355334
27729,0.57477844
27730,0.07161732
27731,0.058259334
27732,0.060866293
27733,0.23673983
27734,0.093291126
27735,0.053522397
27736,0.026329044
27737,0.05360506
27738,0.085726626
27739,0.017326053
27740,0.041507047
27741,0.07573096
27742,0.021638788
27743,0.012675063
27744,0.0380072
27745,0.019046007
27746,0.0114067355
27747,0.031667024
27748,0.058487326
27749,0.048466925
27750,0.062730126
27751,0.37294972
27752,0.0887958
27753,0.3548325
27754,0.66616416
27755,0.67670166
27756,0.2559428
27757,0.22538158
27758,0.019752273
27759,0.044124227
27760,0.079350114
27761,0.013891355
27762,0.031174611
27763,0.67654395
27764,0.04357601
27765,0.015702842
27766,0.052290507
27767,0.043485224
27768,0.07520679
27769,0.03723687
27770,0.04338183
27771,0.015420574
27772,0.04224255
27773,0.013570313
27774,0.027164277
27775,0.066213176
27776,0.075527005
27777,0.54099447
27778,0.40155068
27779,0.23918708
27780,0.6512861
27781,0.43352294
27782,0.51213664
27783,0.09016233
27784,0.03796043
27785,0.031339545
27786,0.03495009
27787,0.043657035
27788,0.041379165
27789,0.015458748
27790,0.035183087
27791,0.054074988
27792,0.4827316
27793,0.06966948
27794,0.40824473
27795,0.16482143
27796,0.07742922
27797,0.08200272
27798,0.08701308
27799,0.09871663
27800,0.04073072
27801,0.008534406
27802,0.039138176
27803,0.08950342
27804,0.67070544
27805,0.3993268
27806,0.57477844
27807,0.25506145
27808,0.2547408
27809,0.09345451
27810,0.22143717
27811,0.040830784
27812,0.012481115
27813,0.022046102
27814,0.037424363
27815,0.029511811
27816,0.082723536
27817,0.08581823
27818,0.06735535
27819,0.253013
27820,0.027142253
27821,0.05863319
27822,0.39117268
27823,0.03981946
27824,0.079933815
27825,0.23939522
27826,0.028905628
27827,0.006110187
27828,0.22982182
27829,0.090049915
27830,0.05358502
27831,0.22512169
27832,0.02951955
27833,0.0707951
27834,0.06374472
27835,0.03647715
27836,0.086169735
27837,0.077645116
27838,0.040161964
27839,0.025647404
27840,0.01013841
27841,0.23546879
27842,0.011673167
27843,0.070105165
27844,0.031046992
27845,0.08257446
27846,0.03399538
27847,0.04122884
27848,0.008733865
27849,0.039060157
27850,0.09347353
27851,0.41733703
27852,0.55381143
27853,0.07860498
27854,0.02786499
27855,0.047135245
27856,0.054711424
27857,0.091033705
27858,0.012484683
27859,0.030458445
27860,0.014282709
27861,0.030518709
27862,0.018186992
27863,0.011412508
27864,0.029483242
27865,0.059533566
27866,0.0686811
27867,0.41405118
27868,0.0135917235
27869,0.01650235
27870,0.17141147
27871,0.058367573
27872,0.07098835
27873,0.469079
27874,0.0791265
27875,0.012472079
27876,0.010351025
27877,0.23613164
27878,0.03437238
27879,0.014789839
27880,0.059254937
27881,0.08185152
27882,0.046750043
27883,0.009241744
27884,0.017089866
27885,0.0098889945
27886,0.099575065
27887,0.014477386
27888,0.02581888
27889,0.084033154
27890,0.052684043
27891,0.0372714
27892,0.015835106
27893,0.02718796
27894,0.05289697
27895,0.40182778
27896,0.030414524
27897,0.018089218
27898,0.029241247
27899,0.03974238
27900,0.05136337
27901,0.09709478
27902,0.0537406
27903,0.25373045
27904,0.06966281
27905,0.0289511
27906,0.01462126
27907,0.04287168
27908,0.044010617
27909,0.028234778
27910,0.37720352
27911,0.017182937
27912,0.016010806
27913,0.24944577
27914,0.016173549
27915,0.06591117
27916,0.042912357
27917,0.009571165
27918,0.2624795
27919,0.68479264
27920,0.07684471
27921,0.0696868
27922,0.012568079
27923,0.063985705
27924,0.043527015
27925,0.04123868
27926,0.23306945
27927,0.064871326
27928,0.07674828
27929,0.6351504
27930,0.01799798
27931,0.06242343
27932,0.06552302
27933,0.06251085
27934,0.016903881
27935,0.03594195
27936,0.09137671
27937,0.27493352
27938,0.05909495
27939,0.2427187
27940,0.0261433
27941,0.017308665
27942,0.060675945
27943,0.009951212
27944,0.01926241
27945,0.0608091
27946,0.028645795
27947,0.024071919
27948,0.04695162
27949,0.05020548
27950,0.026734974
27951,0.015793262
27952,0.049017254
27953,0.09166484
27954,0.035748523
27955,0.039314646
27956,0.014130564
27957,0.031918574
27958,0.06737762
27959,0.07720422
27960,0.049613886
27961,0.5131221
27962,0.054069802
27963,0.07557776
27964,0.04362485
27965,0.035555873
27966,0.042033922
27967,0.043466657
27968,0.0130674895
27969,0.01633192
27970,0.103312746
27971,0.026539512
27972,0.0067362306
27973,0.01082641
27974,0.042971678
27975,0.07577914
27976,0.01878461
27977,0.010655517
27978,0.078656726
27979,0.03988127
27980,0.026849061
27981,0.04287168
27982,0.4123667
27983,0.026311517
27984,0.018272767
27985,0.0067778444
27986,0.00972737
27987,0.04110076
27988,0.030137148
27989,0.2504635
27990,0.053935118
27991,0.011690986
27992,0.013894137
27993,0.0126961665
27994,0.054140322
27995,0.23613164
27996,0.0696868
27997,0.05875688
27998,0.051052
27999,0.02714352
28000,0.047129568
28001,0.016517945
28002,0.19959775
28003,0.09825808
28004,0.23012957
28005,0.031692363
28006,0.013536252
28007,0.011766249
28008,0.0114997495
28009,0.018185563
28010,0.008865305
28011,0.014663296
28012,0.014686231
28013,0.021871034
28014,0.048719354
28015,0.043708976
28016,0.07929673
28017,0.01028593
28018,0.0853787
28019,0.010132506
28020,0.3929743
28021,0.010565866
28022,0.011053355
28023,0.02570762
28024,0.011725171
28025,0.016632551
28026,0.012670252
28027,0.030267479
28028,0.01225429
28029,0.0061496575
28030,0.01278562
28031,0.010338749
28032,0.008990503
28033,0.051133756
28034,0.02709493
28035,0.04128237
28036,0.042413197
28037,0.013841586
28038,0.011829236
28039,0.010269707
28040,0.076413676
28041,0.025944486
28042,0.043509193
28043,0.0060742875
28044,0.011098674
28045,0.03128384
28046,0.0102717085
28047,0.06808401
28048,0.013353672
28049,0.0057282443
28050,0.010995063
28051,0.01132562
28052,0.37629026
28053,0.05168878
28054,0.054206826
28055,0.053946294
28056,0.06723578
28057,0.018594464
28058,0.010464189
28059,0.06571398
28060,0.014491752
28061,0.07751322
28062,0.23925477
28063,0.016533967
28064,0.03128384
28065,0.03208307
28066,0.027109284
28067,0.011398287
28068,0.007108911
28069,0.031769812
28070,0.010724488
28071,0.009123061
28072,0.06550237
28073,0.05048011
28074,0.03165151
28075,0.24949156
28076,0.016015572
28077,0.024095912
28078,0.029310254
28079,0.011065934
28080,0.013641387
28081,0.04336119
28082,0.018605841
28083,0.012988868
28084,0.025867749
28085,0.031650692
28086,0.010477942
28087,0.029664857
28088,0.24800268
28089,0.09078526
28090,0.0101283295
28091,0.017808044
28092,0.06966281
28093,0.019169968
28094,0.0552131
28095,0.08602171
28096,0.024034018
28097,0.052742988
28098,0.08847984
28099,0.021904865
28100,0.05691419
28101,0.05257076
28102,0.042574722
28103,0.12762424
28104,0.05244032
28105,0.0124750575
28106,0.027307125
28107,0.026538221
28108,0.25771806
28109,0.046562415
28110,0.079004295
28111,0.26898295
28112,0.3953632
28113,0.020867415
28114,0.026485957
28115,0.05089931
28116,0.28582442
28117,0.07872032
28118,0.26050258
28119,0.099847026
28120,0.269209
28121,0.07135079
28122,0.09905562
28123,0.04196581
28124,0.015560246
28125,0.01576584
28126,0.24508992
28127,0.031268127
28128,0.9841853
28129,0.2607081
28130,0.053219665
28131,0.044035755
28132,0.12282925
28133,0.061936498
28134,0.016254988
28135,0.024777127
28136,0.045846764
28137,0.030019144
28138,0.01689078
28139,0.015069181
28140,0.122482
28141,0.2767188
28142,0.490386
28143,0.49199525
28144,0.05724765
28145,0.08074627
28146,0.029536806
28147,0.11571907
28148,0.14273307
28149,0.06629622
28150,0.03986602
28151,0.064750575
28152,0.092227675
28153,0.030805547
28154,0.45376602
28155,0.13149005
28156,0.13640912
28157,0.45125186
28158,0.13820979
28159,0.024779115
28160,0.49544254
28161,0.023833876
28162,0.06055611
28163,0.55160946
28164,0.05340833
28165,0.04902109
28166,0.046606414
28167,0.08062592
28168,0.10101513
28169,0.11477866
28170,0.11278511
28171,0.04129784
28172,0.034537435
28173,0.07315387
28174,0.26769415
28175,0.051276427
28176,0.026569186
28177,0.063654706
28178,0.05968601
28179,0.07392605
28180,0.029164698
28181,0.034141757
28182,0.047523327
28183,0.09477348
28184,0.02899682
28185,0.06656799
28186,0.1443539
28187,0.06707017
28188,0.28734598
28189,0.025205066
28190,0.05650231
28191,0.041273363
28192,0.03163902
28193,0.018822223
28194,0.016606536
28195,0.51244605
28196,0.27761135
28197,0.08494014
28198,0.1334725
28199,0.26700646
28200,0.08267608
28201,0.05233169
28202,0.017048389
28203,0.03361565
28204,0.01300887
28205,0.07703869
28206,0.07214715
28207,0.12093495
28208,0.14892356
28209,0.45281845
28210,0.37420288
28211,0.043525223
28212,0.013409023
28213,0.027382996
28214,0.03820449
28215,0.028971452
28216,0.44591025
28217,0.019708615
28218,0.050954085
28219,0.014724623
28220,0.062468506
28221,0.049249265
28222,0.035698418
28223,0.13200733
28224,0.46274284
28225,0.07178051
28226,0.21417266
28227,0.021370986
28228,0.019781856
28229,0.035802264
28230,0.067067
28231,0.028802797
28232,0.11828939
28233,0.17625456
28234,0.122771464
28235,0.1003433
28236,0.06118496
28237,0.029641423
28238,0.03222521
28239,0.0337665
28240,0.08792822
28241,0.061302952
28242,0.43633252
28243,0.03539744
28244,0.054166086
28245,0.03460525
28246,0.01862168
28247,0.01701253
28248,0.024935616
28249,0.04273446
28250,0.022657998
28251,0.08975994
28252,0.18559869
28253,0.4528379
28254,0.05384455
28255,0.042512115
28256,0.04395442
28257,0.09965862
28258,0.07183378
28259,0.015982907
28260,0.06644448
28261,0.020505853
28262,0.014693453
28263,0.031983256
28264,0.17174758
28265,0.035920106
28266,0.020233594
28267,0.026143711
28268,0.009655126
28269,0.22389413
28270,0.07888268
28271,0.42309096
28272,0.41062748
28273,0.4436657
28274,0.075005546
28275,0.06871168
28276,0.019687012
28277,0.059102274
28278,0.053517822
28279,0.1258157
28280,0.04600059
28281,0.66416574
28282,0.12130605
28283,0.021706738
28284,0.016299348
28285,0.118463665
28286,0.056591604
28287,0.051740736
28288,0.019448439
28289,0.012866737
28290,0.016595064
28291,0.061946478
28292,0.022756632
28293,0.022672309
28294,0.07900243
28295,0.045083646
28296,0.24077941
28297,0.06692582
28298,0.11474703
28299,0.26050738
28300,0.42997855
28301,0.07175919
28302,0.029622491
28303,0.09527819
28304,0.04054559
28305,0.07399676
28306,0.061598018
28307,0.14058122
28308,0.04617715
28309,0.11482598
28310,0.04142145
28311,0.067256056
28312,0.03050564
28313,0.027762083
28314,0.020879716
28315,0.12459258
28316,0.012999565
28317,0.028178984
28318,0.06283089
28319,0.029640315
28320,0.024471093
28321,0.035646517
28322,0.062963806
28323,0.0847109
28324,0.14255181
28325,0.14841698
28326,0.4213397
28327,0.25372744
28328,0.27183506
28329,0.013616501
28330,0.10170777
28331,0.060770202
28332,0.041965157
28333,0.11898503
28334,0.02752997
28335,0.032514516
28336,0.05468778
28337,0.0395613
28338,0.05993695
28339,0.08595397
28340,0.02970375
28341,0.06403292
28342,0.02475357
28343,0.07748398
28344,0.01810847
28345,0.041789304
28346,0.097855784
28347,0.06867049
28348,0.24798656
28349,0.48449832
28350,0.14091913
28351,0.13070887
28352,0.07057407
28353,0.08092198
28354,0.09360065
28355,0.0868725
28356,0.06306626
28357,0.013060952
28358,0.019799003
28359,0.43152753
28360,0.0755267
28361,0.09324306
28362,0.065402806
28363,0.097106464
28364,0.01824191
28365,0.025314406
28366,0.023574054
28367,0.027276559
28368,0.046593588
28369,0.45791784
28370,0.07388753
28371,0.050603062
28372,0.13341354
28373,0.72731805
28374,0.112174235
28375,0.015978206
28376,0.44646686
28377,0.060641896
28378,0.19179745
28379,0.25847208
28380,0.075868
28381,0.01938253
28382,0.052919723
28383,0.054277893
28384,0.12039471
28385,0.1694955
28386,0.040789943
28387,0.14824179
28388,0.09094376
28389,0.0845606
28390,0.012197526
28391,0.02048736
28392,0.025502054
28393,0.05860951
28394,0.08309015
28395,0.02031671
28396,0.14141276
28397,0.1893558
28398,0.43725455
28399,0.094237566
28400,0.04699081
28401,0.11882836
28402,0.1829152
28403,0.42586836
28404,0.07299564
28405,0.052747272
28406,0.01995422
28407,0.06630179
28408,0.4912078
28409,0.04141778
28410,0.12406421
28411,0.4374924
28412,0.2738107
28413,0.019017661
28414,0.043378476
28415,0.06559775
28416,0.42845762
28417,0.4195613
28418,0.011791774
28419,0.12575667
28420,0.12755874
28421,0.16307089
28422,0.18481405
28423,0.15544209
28424,0.18701339
28425,0.4362829
28426,0.07514131
28427,0.02239397
28428,0.055296652
28429,0.09315455
28430,0.061114337
28431,0.19372386
28432,0.77271885
28433,0.072147846
28434,0.44173196
28435,0.019246783
28436,0.05814045
28437,0.3168213
28438,0.015715862
28439,0.054430023
28440,0.07374686
28441,0.024348354
28442,0.0362875
28443,0.010021311
28444,0.4522797
28445,0.15696208
28446,0.10050545
28447,0.27353868
28448,0.17940263
28449,0.25971594
28450,0.42016965
28451,0.4302151
28452,0.2593653
28453,0.24456424
28454,0.14635152
28455,0.76517206
28456,0.42319092
28457,0.47028333
28458,0.0095398165
28459,0.023787692
28460,0.28051773
28461,0.068854615
28462,0.03793433
28463,0.020028047
28464,0.018391253
28465,0.0635204
28466,0.009078042
28467,0.010860076
28468,0.016744805
28469,0.026694246
28470,0.17276418
28471,0.15543859
28472,0.121367335
28473,0.13987567
28474,0.10603262
28475,0.27166608
28476,0.25754666
28477,0.02722902
28478,0.13394871
28479,0.28109503
28480,0.017875435
28481,0.06886296
28482,0.88378614
28483,0.82740617
28484,0.53303975
28485,0.009767759
28486,0.027167587
28487,0.021312647
28488,0.08300728
28489,0.44919991
28490,0.08271582
28491,0.023374077
28492,0.05938995
28493,0.03237936
28494,0.011116034
28495,0.012173942
28496,0.063472524
28497,0.06995013
28498,0.07581636
28499,0.018184055
28500,0.41484296
28501,0.021847647
28502,0.03873079
28503,0.13830969
28504,0.1171503
28505,0.06393974
28506,0.052407645
28507,0.26963675
28508,0.22887038
28509,0.023169225
28510,0.25523326
28511,0.095449544
28512,0.11270762
28513,0.9383847
28514,0.82779217
28515,0.50407696
28516,0.022176936
28517,0.083132744
28518,0.029277666
28519,0.42016113
28520,0.122330606
28521,0.26325443
28522,0.04468749
28523,0.08397795
28524,0.028188417
28525,0.097671
28526,0.12565592
28527,0.17912057
28528,0.13142769
28529,0.576308
28530,0.4271024
28531,0.25846192
28532,0.16695556
28533,0.11315784
28534,0.05891886
28535,0.15720886
28536,0.05970397
28537,0.030441627
28538,0.14126423
28539,0.13216047
28540,0.060874425
28541,0.10794664
28542,0.021323498
28543,0.8727247
28544,1.0239583
28545,0.95774436
28546,0.1411361
28547,0.044592667
28548,0.2864266
28549,0.017263047
28550,0.4235765
28551,0.024562104
28552,0.01092676
28553,0.020660385
28554,0.018636508
28555,0.04717538
28556,0.15361635
28557,0.06660634
28558,0.44368625
28559,0.73934615
28560,0.112827145
28561,0.1483308
28562,0.16447014
28563,0.17808977
28564,0.07895446
28565,0.40233546
28566,0.24511191
28567,0.03039596
28568,0.09809817
28569,0.13316418
28570,0.12772527
28571,0.06844617
28572,0.28594616
28573,0.4129702
28574,0.28755718
28575,0.08443189
28576,0.024733841
28577,0.17005049
28578,0.0143161155
28579,0.075197205
28580,0.30198663
28581,0.031407934
28582,0.044918865
28583,0.055071484
28584,0.054165594
28585,0.41707143
28586,0.9469218
28587,0.3082757
28588,0.2968769
28589,0.15756157
28590,0.18637908
28591,0.17341782
28592,0.4725133
28593,0.07472782
28594,0.03119413
28595,0.04743683
28596,0.028627533
28597,0.2505215
28598,0.15835647
28599,0.2515594
28600,0.27324286
28601,0.2782978
28602,0.26854444
28603,1.0282263
28604,0.12560461
28605,0.023423484
28606,0.12880091
28607,0.25868395
28608,0.02859426
28609,0.06217163
28610,0.2659481
28611,0.06594728
28612,0.039789945
28613,0.039128877
28614,0.06972492
28615,0.18073669
28616,0.46296743
28617,0.31773823
28618,0.3390953
28619,0.31124896
28620,0.18529777
28621,0.1820811
28622,0.2518503
28623,0.025810579
28624,0.16898079
28625,0.077850506
28626,0.060480837
28627,0.4334354
28628,0.29682386
28629,0.059243906
28630,0.55791533
28631,0.42750692
28632,0.008614951
28633,0.0985497
28634,0.18488355
28635,0.08666637
28636,0.05095929
28637,0.015913665
28638,0.013442563
28639,0.035843596
28640,0.06142065
28641,0.11303604
28642,0.14641258
28643,0.16009048
28644,0.46488905
28645,0.9581386
28646,0.48710862
28647,0.4438137
28648,0.7202802
28649,0.100862876
28650,0.07793051
28651,0.07234319
28652,0.1499161
28653,0.26086298
28654,0.067587264
28655,0.15697071
28656,0.06002776
28657,0.18303983
28658,0.027454948
28659,0.12108185
28660,0.023044907
28661,0.018399155
28662,0.032024466
28663,0.029694142
28664,0.009048892
28665,0.033869263
28666,0.11444111
28667,0.06352603
28668,0.09002206
28669,0.41377565
28670,0.19705494
28671,0.44915685
28672,0.9345752
28673,0.73053735
28674,0.3221182
28675,0.26528317
28676,0.06314277
28677,0.123364896
28678,0.019761931
28679,0.013597091
28680,0.029688548
28681,0.7569377
28682,0.054038946
28683,0.0189877
28684,0.19154029
28685,0.05351842
28686,0.24470495
28687,0.040431935
28688,0.05604159
28689,0.020573083
28690,0.04485699
28691,0.03589863
28692,0.118444376
28693,0.15968926
28694,0.55139023
28695,0.4744828
28696,0.24627703
28697,1.0470625
28698,0.46927792
28699,0.49735275
28700,0.14819811
28701,0.03469342
28702,0.034184393
28703,0.057694655
28704,0.07314792
28705,0.0394047
28706,0.19190873
28707,0.5177118
28708,0.09601471
28709,0.46564764
28710,0.15328759
28711,0.1319077
28712,0.17147687
28713,0.16228893
28714,0.16896833
28715,0.04225739
28716,0.031366725
28717,0.045313258
28718,0.1807307
28719,0.7040926
28720,0.42927006
28721,0.49966407
28722,0.43125933
28723,0.31658536
28724,0.18412079
28725,0.23137012
28726,0.024081908
28727,0.013169112
28728,0.0567983
28729,0.030546304
28730,0.1483482
28731,0.18109405
28732,0.086601965
28733,0.43419722
28734,0.03614416
28735,0.07791993
28736,0.43257365
28737,0.06328139
28738,0.013011297
28739,0.015992478
28740,0.16044858
28741,0.25504014
28742,0.042178918
28743,0.0072932504
28744,0.25807643
28745,0.27004007
28746,0.07638254
28747,0.09710581
28748,0.23289895
28749,0.07941328
28750,0.06744506
28751,0.13688925
28752,0.24876001
28753,0.05225985
28754,0.04116798
28755,0.014265972
28756,0.15091617
28757,0.12054012
28758,0.03835639
28759,0.16494201
28760,0.047774214
28761,0.05774023
28762,0.0541753
28763,0.19502081
28764,0.42748678
28765,0.46189228
28766,0.09866291
28767,0.013375195
28768,0.03690878
28769,0.06354245
28770,0.015763618
28771,0.07173471
28772,0.14226559
28773,0.02025286
28774,0.03247762
28775,0.019732954
28776,0.03945678
28777,0.023076111
28778,0.013083884
28779,0.042715102
28780,0.07837918
28781,0.12366634
28782,0.42178437
28783,0.01675151
28784,0.04894845
28785,0.0759055
28786,0.13333361
28787,0.4074535
28788,0.10446914
28789,0.01703857
28790,0.2557809
28791,0.02072203
28792,0.041929506
28793,0.021060897
28794,0.073753215
28795,0.26048288
28796,0.049405493
28797,0.016497899
28798,0.021079587
28799,0.013182119
28800,0.21156812
28801,0.029044367
28802,0.018092526
28803,0.031210657
28804,0.17004
28805,0.071066886
28806,0.042708762
28807,0.021112913
28808,0.033886448
28809,0.082773775
28810,0.46400934
28811,0.02723264
28812,0.02287486
28813,0.02382263
28814,0.048677772
28815,0.06660807
28816,0.25924993
28817,0.06769568
28818,0.18525526
28819,0.11944111
28820,0.032556634
28821,0.020260604
28822,0.05346752
28823,0.054082073
28824,0.037947454
28825,0.42236105
28826,0.019732613
28827,0.017637733
28828,0.25533086
28829,0.020790827
28830,0.13470313
28831,0.05437331
28832,0.014678144
28833,0.43936527
28834,0.83420146
28835,0.17979649
28836,0.08733678
28837,0.014567764
28838,0.07915394
28839,0.05120642
28840,0.03934421
28841,0.10637369
28842,0.083051816
28843,0.1099205
28844,0.8404076
28845,0.08319113
28846,0.016600035
28847,0.087526575
28848,0.10862806
28849,0.018703096
28850,0.04465281
28851,0.16344818
28852,0.5041991
28853,0.07224504
28854,0.27291805
28855,0.026454289
28856,0.02111033
28857,0.06584053
28858,0.012137259
28859,0.028495867
28860,0.105539955
28861,0.024879355
28862,0.027185382
28863,0.006860647
28864,0.07012695
28865,0.065292254
28866,0.025257101
28867,0.020247016
28868,0.06392448
28869,0.02304043
28870,0.16549736
28871,0.048746396
28872,0.033865217
28873,0.03535698
28874,0.093759544
28875,0.11543453
28876,0.02225611
28877,0.06290186
28878,0.69449973
28879,0.06766775
28880,0.09895232
28881,0.0530483
28882,0.04011906
28883,0.04917401
28884,0.05182627
28885,0.015444398
28886,0.0227237
28887,0.28580946
28888,0.038572464
28889,0.020686425
28890,0.059345383
28891,0.0934552
28892,0.022849131
28893,0.01189582
28894,0.12635167
28895,0.05254535
28896,0.02165682
28897,0.049493898
28898,0.4466263
28899,0.026970964
28900,0.026281599
28901,0.011754923
28902,0.024368722
28903,0.043634605
28904,0.036375646
28905,0.26671737
28906,0.07358366
28907,0.014759106
28908,0.021166967
28909,0.0817248
28910,0.1500357
28911,0.0992802
28912,0.105304025
28913,0.079299934
28914,0.026217844
28915,0.05342757
28916,0.06682634
28917,0.19415227
28918,0.12589684
28919,0.011371345
28920,0.02620851
28921,0.017829591
28922,0.014090556
28923,0.015709115
28924,0.023234531
28925,0.0157976
28926,0.016269196
28927,0.02440614
28928,0.069986835
28929,0.059089493
28930,0.15342213
28931,0.010070762
28932,0.14848347
28933,0.28729922
28934,0.011146222
28935,0.02496325
28936,0.01763166
28937,0.022831671
28938,0.010856154
28939,0.017003044
28940,0.025228206
28941,0.024996685
28942,0.018293627
28943,0.0112714255
28944,0.06524865
28945,0.008834915
28946,0.023802312
28947,0.056221485
28948,0.017948698
28949,0.058449198
28950,0.015897889
28951,0.009286948
28952,0.013323763
28953,0.012908694
28954,0.09788976
28955,0.03176492
28956,0.049949557
28957,0.03640929
28958,0.019749768
28959,0.09130959
28960,0.017486328
28961,0.0054717064
28962,0.0133033
28963,0.44399342
28964,0.06559441
28965,0.060811877
28966,0.21674451
28967,0.01610482
28968,0.0096878
28969,0.08225645
28970,0.025310714
28971,0.012965049
28972,0.08117253
28973,0.104123645
28974,0.12076535
28975,0.017382763
28976,0.026546393
28977,0.03463853
28978,0.045630746
28979,0.028217841
28980,0.022658877
28981,0.018399479
28982,0.027944388
28983,0.010929098
28984,0.07530575
28985,0.054552402
28986,0.0277233
28987,0.1736858
28988,0.019563528
28989,0.043314822
28990,0.008948429
28991,0.019726379
28992,0.04960608
28993,0.026538989
28994,0.011657581
28995,0.02417537
28996,0.03812276
28997,0.27311426
28998,0.26942462
28999,0.020235624
29000,0.123822495
29001,0.017935079
29002,0.024286807
29003,0.03125577
29004,0.044299968
29005,0.06863137
29006,0.023350302
29007,0.024431748
29008,0.045319557
29009,0.043351416
29010,0.04369376
29011,0.09630505
29012,0.04676586
29013,0.03731643
29014,0.033187453
29015,0.258874
29016,0.045394626
29017,0.07176559
29018,0.27542654
29019,0.39487195
29020,0.04601193
29021,0.2821552
29022,0.07359055
29023,0.4410692
29024,0.083012745
29025,0.1285975
29026,0.06807722
29027,0.08309422
29028,0.011492563
29029,0.0072537605
29030,0.043825455
29031,0.01669239
29032,0.11308438
29033,0.034317125
29034,0.70688564
29035,0.25352877
29036,0.04886788
29037,0.045469865
29038,0.2475399
29039,0.06368924
29040,0.017643366
29041,0.041850228
29042,0.03742066
29043,0.09834858
29044,0.2733794
29045,0.55560315
29046,0.51457983
29047,0.050645065
29048,0.031524796
29049,0.11571133
29050,0.261325
29051,0.019832892
29052,0.05571984
29053,0.04240269
29054,0.06158627
29055,0.079129666
29056,0.521
29057,0.10437985
29058,0.2600934
29059,0.42875105
29060,0.11184311
29061,0.027578352
29062,0.45872834
29063,0.051828988
29064,0.27346742
29065,0.046923198
29066,0.048000943
29067,0.03809194
29068,0.06416032
29069,0.08180744
29070,0.09214856
29071,0.22843224
29072,0.03632124
29073,0.039376218
29074,0.06668193
29075,0.2705195
29076,0.045131844
29077,0.03151319
29078,0.056191638
29079,0.057507645
29080,0.073046654
29081,0.040534485
29082,0.04327402
29083,0.061083853
29084,0.12442309
29085,0.058248494
29086,0.4338859
29087,0.054963883
29088,0.041654922
29089,0.019892428
29090,0.005061819
29091,0.012006012
29092,0.46733853
29093,0.09445524
29094,0.07106956
29095,0.4849789
29096,0.4625999
29097,0.070341475
29098,0.052275047
29099,0.014738755
29100,0.015822625
29101,0.00771449
29102,0.036598884
29103,0.01435419
29104,0.07041702
29105,0.06448812
29106,0.09374229
29107,0.1221581
29108,0.2751602
29109,0.40482548
29110,0.045425773
29111,0.03319229
29112,0.032467026
29113,0.43620342
29114,0.022724675
29115,0.04560333
29116,0.0634437
29117,0.046306018
29118,0.121660575
29119,0.5582323
29120,0.007951166
29121,0.061040223
29122,0.07655299
29123,0.023528654
29124,0.023617882
29125,0.042386603
29126,0.058618985
29127,0.008790985
29128,0.09381793
29129,0.13274412
29130,0.09058203
29131,0.084535226
29132,0.057943955
29133,0.03407893
29134,0.032350294
29135,0.0382388
29136,0.075877
29137,0.053131964
29138,0.23189472
29139,0.018267395
29140,0.042409208
29141,0.03125265
29142,0.019220797
29143,0.019163001
29144,0.02961358
29145,0.043001004
29146,0.028664147
29147,0.0682186
29148,0.26963237
29149,0.27231485
29150,0.04574497
29151,0.040848855
29152,0.04074107
29153,0.08206629
29154,0.056055333
29155,0.019049257
29156,0.05576215
29157,0.019672675
29158,0.016492195
29159,0.12138332
29160,0.029278377
29161,0.028173551
29162,0.03386054
29163,0.00832104
29164,0.2009942
29165,0.06435947
29166,0.36300096
29167,0.3811315
29168,0.425389
29169,0.060149238
29170,0.04442082
29171,0.023977228
29172,0.05264395
29173,0.04770215
29174,0.24227946
29175,0.045450076
29176,0.60192084
29177,0.09289393
29178,0.025484731
29179,0.09290194
29180,0.051327802
29181,0.048879467
29182,0.022468414
29183,0.014160468
29184,0.058797594
29185,0.028621146
29186,0.011439255
29187,0.022083312
29188,0.02456374
29189,0.068923235
29190,0.044181593
29191,0.2178802
29192,0.060449913
29193,0.090220675
29194,0.37514937
29195,0.42167133
29196,0.06293931
29197,0.028306982
29198,0.074650414
29199,0.041045833
29200,0.0179043
29201,0.071694985
29202,0.05448908
29203,0.100262456
29204,0.04217484
29205,0.08945525
29206,0.04236794
29207,0.057803083
29208,0.035241175
29209,0.024057228
29210,0.105049625
29211,0.014121106
29212,0.03306348
29213,0.06036237
29214,0.034571737
29215,0.011752901
29216,0.028055035
29217,0.03699355
29218,0.054764412
29219,0.06878892
29220,0.09694084
29221,0.09121066
29222,0.39204824
29223,0.24260497
29224,0.24115962
29225,0.016379397
29226,0.07971993
29227,0.051603794
29228,0.043731455
29229,0.08336048
29230,0.031377252
29231,0.023814477
29232,0.039967287
29233,0.051956892
29234,0.07445058
29235,0.034140445
29236,0.054483294
29237,0.027358407
29238,0.025238343
29239,0.067331254
29240,0.039649673
29241,0.091937214
29242,0.060936127
29243,0.11027701
29244,0.5694824
29245,0.0839793
29246,0.10277571
29247,0.060446788
29248,0.06794969
29249,0.06577126
29250,0.07489448
29251,0.053532287
29252,0.015241873
29253,0.023789018
29254,0.4229746
29255,0.067143664
29256,0.074482374
29257,0.058047857
29258,0.0814429
29259,0.02218536
29260,0.026451275
29261,0.026157172
29262,0.04108588
29263,0.27765536
29264,0.06233901
29265,0.045031585
29266,0.09677487
29267,0.7345816
29268,0.08204209
29269,0.018331906
29270,0.3571335
29271,0.054973222
29272,0.26970255
29273,0.27153534
29274,0.06226924
29275,0.024718124
29276,0.04644875
29277,0.04677012
29278,0.08730807
29279,0.12161364
29280,0.04202506
29281,0.26793927
29282,0.074491695
29283,0.071203105
29284,0.012078215
29285,0.021646468
29286,0.02549346
29287,0.052427787
29288,0.06366558
29289,0.020672029
29290,0.09855608
29291,0.12210253
29292,0.24466647
29293,0.07576268
29294,0.035872266
29295,0.09372554
29296,0.12803555
29297,0.40074897
29298,0.05725647
29299,0.046416752
29300,0.022796992
29301,0.05946273
29302,0.54111016
29303,0.039296903
29304,0.10832565
29305,0.45471805
29306,0.25662744
29307,0.013374938
29308,0.041681573
29309,0.05457472
29310,0.39758074
29311,0.40240505
29312,0.012102099
29313,0.07313416
29314,0.07996845
29315,0.09906335
29316,0.113529295
29317,0.11248651
29318,0.1313298
29319,0.456291
29320,0.07043652
29321,0.022503017
29322,0.046048045
29323,0.082074955
29324,0.050886966
29325,0.13294773
29326,0.76265347
29327,0.046388764
29328,0.4148556
29329,0.021561354
29330,0.047435287
29331,0.27048552
29332,0.0197271
29333,0.047907326
29334,0.06941568
29335,0.021135753
29336,0.04102934
29337,0.00896006
29338,0.46028176
29339,0.1717992
29340,0.07630661
29341,0.4303397
29342,0.11662732
29343,0.27542016
29344,0.4162127
29345,0.4408608
29346,0.26898336
29347,0.22567204
29348,0.109209545
29349,0.7537131
29350,0.44265223
29351,0.47645512
29352,0.031936195
29353,0.24015105
29354,0.058636226
29355,0.031371076
29356,0.024673307
29357,0.0101186065
29358,0.054749575
29359,0.008797245
29360,0.016690934
29361,0.03221629
29362,0.1859289
29363,0.10334273
29364,0.08685213
29365,0.09343
29366,0.08090955
29367,0.24315177
29368,0.39420694
29369,0.030327627
29370,0.095505565
29371,0.2649409
29372,0.02482662
29373,0.053735938
29374,0.62305
29375,0.75247836
29376,0.61497
29377,0.009783932
29378,0.033147454
29379,0.023306962
29380,0.06499407
29381,0.44723716
29382,0.07422955
29383,0.024129156
29384,0.058607347
29385,0.05454662
29386,0.06159387
29387,0.054825027
29388,0.015274058
29389,0.42005968
29390,0.022536727
29391,0.034501184
29392,0.08964031
29393,0.08525013
29394,0.05229248
29395,0.047238644
29396,0.3843939
29397,0.2262803
29398,0.030012581
29399,0.24712886
29400,0.08568621
29401,0.08702695
29402,0.6170091
29403,0.6376892
29404,0.609388
29405,0.020592308
29406,0.20091566
29407,0.031538844
29408,0.011479412
29409,0.45496055
29410,0.08452738
29411,0.26453525
29412,0.04189519
29413,0.07531226
29414,0.022952354
29415,0.07343505
29416,0.09635404
29417,0.12147107
29418,0.11025695
29419,0.59432536
29420,0.5459708
29421,0.2500537
29422,0.11163713
29423,0.08052865
29424,0.054432392
29425,0.09850625
29426,0.04704736
29427,0.034707863
29428,0.018932026
29429,0.24787638
29430,0.11553444
29431,0.05134205
29432,0.08587374
29433,0.027485326
29434,0.6925328
29435,0.77470523
29436,0.65031314
29437,0.10539587
29438,0.04088447
29439,0.40739748
29440,0.41216543
29441,0.03041772
29442,0.011951321
29443,0.022051305
29444,0.039465968
29445,0.09168257
29446,0.04803416
29447,0.40793058
29448,0.66619414
29449,0.055981547
29450,0.09014907
29451,0.08447751
29452,0.12521727
29453,0.06880834
29454,0.40343368
29455,0.22660002
29456,0.036597315
29457,0.0801997
29458,0.08996403
29459,0.09133333
29460,0.04525726
29461,0.5496544
29462,0.40341157
29463,0.25543544
29464,0.067147546
29465,0.03136165
29466,0.10264785
29467,0.014087465
29468,0.06713256
29469,0.13634032
29470,0.03290996
29471,0.042349547
29472,0.014747685
29473,0.018926919
29474,0.0437629
29475,0.04553998
29476,0.42630666
29477,0.6410836
29478,0.2796997
29479,0.26684967
29480,0.100372195
29481,0.12472069
29482,0.11360108
29483,0.5392291
29484,0.059357785
29485,0.03968418
29486,0.033082806
29487,0.12061032
29488,0.13862894
29489,0.11959247
29490,0.4668919
29491,0.27379838
29492,0.123053394
29493,0.7291645
29494,0.104073666
29495,0.022719387
29496,0.104406625
29497,0.26356706
29498,0.025624542
29499,0.051372055
29500,0.5545464
29501,0.058210876
29502,0.03694606
29503,0.036707412
29504,0.045164343
29505,0.25335908
29506,0.4256021
29507,0.27841794
29508,0.57111657
29509,0.2815369
29510,0.12240703
29511,0.1163867
29512,0.43267098
29513,0.031394757
29514,0.11893748
29515,0.06711202
29516,0.04822704
29517,0.4888661
29518,0.2735752
29519,0.05319033
29520,0.52078223
29521,0.40643373
29522,0.080411635
29523,0.23633452
29524,0.07600262
29525,0.045431245
29526,0.015254902
29527,0.011396205
29528,0.03252082
29529,0.053261243
29530,0.080569685
29531,0.09381829
29532,0.10530068
29533,0.44109097
29534,0.7447838
29535,0.47180274
29536,0.42938188
29537,0.68396133
29538,0.0819819
29539,0.06784704
29540,0.06558979
29541,0.11410236
29542,0.26546532
29543,0.059186634
29544,0.030365985
29545,0.059702143
29546,0.1167218
29547,0.023397716
29548,0.044974215
29549,0.08928413
29550,0.027986972
29551,0.036176607
29552,0.034190044
29553,0.07238228
29554,0.054221462
29555,0.072862595
29556,0.4048549
29557,0.2636738
29558,0.40401316
29559,0.77861947
29560,0.69162613
29561,0.28127053
29562,0.08957798
29563,0.04930549
29564,0.049840085
29565,0.098206386
29566,0.020835524
29567,0.01450465
29568,0.033186045
29569,0.7449094
29570,0.048886366
29571,0.023131028
29572,0.057674192
29573,0.04743356
29574,0.23066853
29575,0.039705046
29576,0.048930917
29577,0.022472009
29578,0.045432623
29579,0.016302077
29580,0.03066496
29581,0.08670259
29582,0.10945047
29583,0.5414845
29584,0.42782962
29585,0.2577551
29586,0.72890407
29587,0.40151244
29588,0.5609215
29589,0.11735603
29590,0.03769081
29591,0.034539368
29592,0.037758045
29593,0.04818657
29594,0.04906968
29595,0.03712258
29596,0.05791108
29597,0.5512523
29598,0.080509365
29599,0.43662325
29600,0.033430487
29601,0.09385128
29602,0.108299844
29603,0.11592425
29604,0.12695396
29605,0.04418607
29606,0.03244974
29607,0.042205125
29608,0.11662822
29609,0.6065569
29610,0.4001448
29611,0.6233672
29612,0.40996945
29613,0.4161962
29614,0.25298917
29615,0.22453399
29616,0.029387124
29617,0.011003837
29618,0.027266607
29619,0.017141446
29620,0.03296778
29621,0.10026927
29622,0.122233935
29623,0.07672145
29624,0.44352487
29625,0.03062653
29626,0.06808627
29627,0.012840011
29628,0.41149822
29629,0.045268063
29630,0.10146156
29631,0.25578794
29632,0.034291018
29633,0.007749133
29634,0.24619627
29635,0.25815263
29636,0.067333825
29637,0.0815047
29638,0.089124076
29639,0.07070463
29640,0.040694516
29641,0.103817515
29642,0.09991632
29643,0.015224382
29644,0.23826815
29645,0.011595757
29646,0.08757365
29647,0.038971115
29648,0.034442805
29649,0.10885623
29650,0.04011685
29651,0.045321815
29652,0.04284832
29653,0.117255166
29654,0.2752698
29655,0.5433144
29656,0.08913988
29657,0.015002714
29658,0.0314966
29659,0.050152585
29660,0.06372768
29661,0.11240087
29662,0.018109448
29663,0.033196397
29664,0.020629827
29665,0.033563178
29666,0.023848306
29667,0.012648038
29668,0.030316364
29669,0.06843203
29670,0.08528685
29671,0.44536012
29672,0.018957365
29673,0.03625627
29674,0.067476615
29675,0.09031502
29676,0.46441194
29677,0.085911
29678,0.017782606
29679,0.25421602
29680,0.01675948
29681,0.03851011
29682,0.022157047
29683,0.06847743
29684,0.24374107
29685,0.049924083
29686,0.016383803
29687,0.026741577
29688,0.013807684
29689,0.14038016
29690,0.023287946
29691,0.031750903
29692,0.1083984
29693,0.06137208
29694,0.04052492
29695,0.02205007
29696,0.030807726
29697,0.059243046
29698,0.41376618
29699,0.03244011
29700,0.011429378
29701,0.023696296
29702,0.030777793
29703,0.04288085
29704,0.05754594
29705,0.26633304
29706,0.06264977
29707,0.13140143
29708,0.08566511
29709,0.03183328
29710,0.022613395
29711,0.04753328
29712,0.045929905
29713,0.03219175
29714,0.39713255
29715,0.021448715
29716,0.1211162
29717,0.023053162
29718,0.08312391
29719,0.04590964
29720,0.014825721
29721,0.2825756
29722,0.6768522
29723,0.11765069
29724,0.07414127
29725,0.015280812
29726,0.071928926
29727,0.04581298
29728,0.045535922
29729,0.08072392
29730,0.07063934
29731,0.0865393
29732,0.66072375
29733,0.07182214
29734,0.018719751
29735,0.07136965
29736,0.07899046
29737,0.03938037
29738,0.11582875
29739,0.5448071
29740,0.06708799
29741,0.25058505
29742,0.030653486
29743,0.022800207
29744,0.06344438
29745,0.025105983
29746,0.078729615
29747,0.02950433
29748,0.028370751
29749,0.05255183
29750,0.056755655
29751,0.029259901
29752,0.05390704
29753,0.121927865
29754,0.03904371
29755,0.040068287
29756,0.034073766
29757,0.07662382
29758,0.09061666
29759,0.028517617
29760,0.054982778
29761,0.6166892
29762,0.057432525
29763,0.08692828
29764,0.047436323
29765,0.037883624
29766,0.045055117
29767,0.046469636
29768,0.015738446
29769,0.021207271
29770,0.5352451
29771,0.029915238
29772,0.005974079
29773,0.0049896417
29774,0.009522568
29775,0.008143851
29776,0.024128087
29777,0.048314527
29778,0.08294046
29779,0.028080562
29780,0.014436322
29781,0.09529302
29782,0.04416279
29783,0.02835359
29784,0.046622396
29785,0.41353557
29786,0.030495977
29787,0.024060009
29788,0.0059920205
29789,0.043186333
29790,0.008382017
29791,0.033873174
29792,0.11501509
29793,0.060914487
29794,0.014440834
29795,0.019167544
29796,0.068448015
29797,0.25234258
29798,0.081372164
29799,0.07082421
29800,0.05893985
29801,0.03206794
29802,0.04976995
29803,0.01836203
29804,0.05814369
29805,0.2627421
29806,0.37722337
29807,0.012692434
29808,0.032778405
29809,0.019776817
29810,0.014500634
29811,0.020677386
29812,0.015626887
29813,0.024433553
29814,0.019794647
29815,0.019905226
29816,0.028717827
29817,0.055426493
29818,0.05061086
29819,0.10125943
29820,0.009768171
29821,0.11127712
29822,0.009576737
29823,0.27145544
29824,0.01025536
29825,0.028487107
29826,0.031947598
29827,0.01822741
29828,0.02408808
29829,0.01880791
29830,0.030526511
29831,0.015338949
29832,0.005297529
29833,0.013846868
29834,0.007145955
29835,0.057561774
29836,0.009692741
29837,0.029681552
29838,0.04566009
29839,0.019242525
29840,0.04426347
29841,0.018910548
29842,0.015949592
29843,0.013729253
29844,0.0844842
29845,0.0298015
29846,0.04562326
29847,0.0049096458
29848,0.010508769
29849,0.036114108
29850,0.021208929
29851,0.07415218
29852,0.019634217
29853,0.005622501
29854,0.39558557
29855,0.056824815
29856,0.0586586
29857,0.058155067
29858,0.072560415
29859,0.027221471
29860,0.013399062
29861,0.069194846
29862,0.086752325
29863,0.10328778
29864,0.019980678
29865,0.03334806
29866,0.033688568
29867,0.030373408
29868,0.028866945
29869,0.031725686
29870,0.0076269857
29871,0.06783211
29872,0.05308909
29873,0.26178414
29874,0.022829173
29875,0.02975591
29876,0.009932747
29877,0.02114014
29878,0.0462865
29879,0.018014682
29880,0.026422447
29881,0.01417464
29882,0.03182726
29883,0.015013921
29884,0.009655188
29885,0.032760758
29886,0.27313256
29887,0.2475127
29888,0.02314848
29889,0.08565716
29890,0.025778677
29891,0.011015438
29892,0.037450287
29893,0.0654507
29894,0.04278279
29895,0.05633158
29896,0.033425562
29897,0.037864804
29898,0.043761615
29899,0.041192982
29900,0.086765856
29901,0.039024517
29902,0.10670981
29903,0.043802097
29904,0.072608195
29905,0.25761864
29906,0.3971355
29907,0.04317639
29908,0.26420397
29909,0.068206556
29910,0.26835218
29911,0.07950356
29912,0.25580823
29913,0.060015064
29914,0.022948865
29915,0.082052104
29916,0.01965554
29917,0.040333048
29918,0.014055144
29919,0.2501254
29920,0.031409837
29921,0.61649483
29922,0.24758095
29923,0.043002363
29924,0.2508083
29925,0.012021218
29926,0.04258816
29927,0.035770357
29928,0.09606807
29929,0.25789756
29930,0.5546607
29931,0.5120683
29932,0.043976687
29933,0.06792011
29934,0.10606396
29935,0.117133215
29936,0.008047742
29937,0.0073858704
29938,0.053358775
29939,0.0409349
29940,0.06050636
29941,0.07542551
29942,0.033400677
29943,0.46474707
29944,0.24797373
29945,0.39394358
29946,0.5016781
29947,0.10159526
29948,0.5396818
29949,0.055429842
29950,0.10558553
29951,0.049571022
29952,0.04556951
29953,0.034294516
29954,0.06508427
29955,0.08038862
29956,0.09180313
29957,0.080070354
29958,0.033210285
29959,0.03885163
29960,0.066323176
29961,0.27096242
29962,0.043064333
29963,0.052927025
29964,0.05622732
29965,0.06711155
29966,0.039573383
29967,0.042443413
29968,0.030294562
29969,0.26214698
29970,0.055646397
29971,0.11128815
29972,0.053614922
29973,0.040541366
29974,0.010230976
29975,0.5413924
29976,0.088002376
29977,0.011519434
29978,0.06894948
29979,0.1080736
29980,0.26388073
29981,0.06613944
29982,0.049376074
29983,0.019720076
29984,0.020201905
29985,0.03695914
29986,0.010177542
29987,0.0516428
29988,0.06775303
29989,0.06447388
29990,0.081801645
29991,0.2777003
29992,0.27529848
29993,0.01389707
29994,0.3671745
29995,0.042377654
29996,0.03103034
29997,0.26933587
29998,0.01848818
29999,0.042083405
30000,0.013834832
30001,0.20608672
30002,0.04271451
30003,0.029840136
30004,0.25051063
30005,0.48745555
30006,0.07382315
30007,0.018389732
30008,0.020562075
30009,0.04060341
30010,0.05341255
30011,0.013937288
30012,0.03248836
30013,0.089702405
30014,0.11550963
30015,0.0833624
30016,0.08254217
30017,0.055597134
30018,0.004123852
30019,0.010335305
30020,0.028213814
30021,0.03117431
30022,0.028121505
30023,0.035605907
30024,0.073499165
30025,0.051362015
30026,0.22378093
30027,0.013863846
30028,0.035819896
30029,0.027059326
30030,0.016528023
30031,0.014404649
30032,0.023797195
30033,0.040248275
30034,0.02585084
30035,0.059635695
30036,0.44899747
30037,0.41055503
30038,0.04228072
30039,0.038809247
30040,0.08414368
30041,0.059566017
30042,0.0133622745
30043,0.052405864
30044,0.0139663955
30045,0.012127344
30046,0.031987328
30047,0.2524283
30048,0.02622868
30049,0.023273973
30050,0.03155032
30051,0.20330009
30052,0.055016655
30053,0.24365681
30054,0.23298696
30055,0.37946942
30056,0.05495247
30057,0.040108602
30058,0.017233994
30059,0.049607947
30060,0.043261368
30061,0.24084184
30062,0.04264465
30063,0.5209295
30064,0.08371302
30065,0.020093556
30066,0.08491166
30067,0.048464898
30068,0.04685593
30069,0.017312061
30070,0.021278573
30071,0.055176098
30072,0.030419324
30073,0.017103879
30074,0.017231345
30075,0.066100776
30076,0.042378258
30077,0.0636465
30078,0.053242475
30079,0.080005966
30080,0.4054145
30081,0.44999233
30082,0.05526897
30083,0.021278095
30084,0.06575326
30085,0.017797511
30086,0.039132297
30087,0.02749009
30088,0.06593515
30089,0.0513035
30090,0.0899824
30091,0.03969577
30092,0.08320343
30093,0.03870128
30094,0.052156743
30095,0.03449783
30096,0.021491842
30097,0.099708326
30098,0.010047154
30099,0.059257723
30100,0.03106483
30101,0.01440342
30102,0.02200812
30103,0.03451436
30104,0.050553527
30105,0.060650013
30106,0.23887014
30107,0.072619796
30108,0.40390104
30109,0.24176084
30110,0.246064
30111,0.011675663
30112,0.06996099
30113,0.048582237
30114,0.04008694
30115,0.0682071
30116,0.01973259
30117,0.0445798
30118,0.037250023
30119,0.048226945
30120,0.068787746
30121,0.02939543
30122,0.0512439
30123,0.021661246
30124,0.060839448
30125,0.019539474
30126,0.035884444
30127,0.0857423
30128,0.053736623
30129,0.23855302
30130,0.6313206
30131,0.07295308
30132,0.08290454
30133,0.052992325
30134,0.061920103
30135,0.05600111
30136,0.06902152
30137,0.0485071
30138,0.010034042
30139,0.018600147
30140,0.2681922
30141,0.059209574
30142,0.067413084
30143,0.052626103
30144,0.064181775
30145,0.016163195
30146,0.01847999
30147,0.020408612
30148,0.037184115
30149,0.27010718
30150,0.05586059
30151,0.04179318
30152,0.08145202
30153,0.5436847
30154,0.067423075
30155,0.014188021
30156,0.23669526
30157,0.051096514
30158,0.27062818
30159,0.26637575
30160,0.05626523
30161,0.043102488
30162,0.044083774
30163,0.07956912
30164,0.10595486
30165,0.03992376
30166,0.11114266
30167,0.0711236
30168,0.061565176
30169,0.012581061
30170,0.01024721
30171,0.014328623
30172,0.019089555
30173,0.046504952
30174,0.056747686
30175,0.01424987
30176,0.09265276
30177,0.10350151
30178,0.24742441
30179,0.06612999
30180,0.031146916
30181,0.08435129
30182,0.10223833
30183,0.39806074
30184,0.04920853
30185,0.04367234
30186,0.025395332
30187,0.056274157
30188,0.62362576
30189,0.03686158
30190,0.09779842
30191,0.45653203
30192,0.25559986
30193,0.023337858
30194,0.014763395
30195,0.011955376
30196,0.03873835
30197,0.04858889
30198,0.40350786
30199,0.40834957
30200,0.009760682
30201,0.06338177
30202,0.067032054
30203,0.10604035
30204,0.10269054
30205,0.0953838
30206,0.11153643
30207,0.42256537
30208,0.06734833
30209,0.01750027
30210,0.043729622
30211,0.075040855
30212,0.048412733
30213,0.28190738
30214,0.6351209
30215,0.04105091
30216,0.44129372
30217,0.013848652
30218,0.04333802
30219,0.3978
30220,0.0045585195
30221,0.044081554
30222,0.06145214
30223,0.015814908
30224,0.040396594
30225,0.006033938
30226,0.40203226
30227,0.18140258
30228,0.06312046
30229,0.38910833
30230,0.10444874
30231,0.26596862
30232,0.41168407
30233,0.39914587
30234,0.11554659
30235,0.07953678
30236,0.089441374
30237,0.61098135
30238,0.5289963
30239,0.5270906
30240,0.023511691
30241,0.104175895
30242,0.054558367
30243,0.006508503
30244,0.049117796
30245,0.006033938
30246,0.01238529
30247,0.009692937
30248,0.030679619
30249,0.049266696
30250,0.0742628
30251,0.06837043
30252,0.07996245
30253,0.07055759
30254,0.23999718
30255,0.23042375
30256,0.027205016
30257,0.08480372
30258,0.40753144
30259,0.051258128
30260,0.62969476
30261,0.66575336
30262,0.66685283
30263,0.0053134933
30264,0.027394146
30265,0.016276537
30266,0.07026592
30267,0.4366707
30268,0.06862594
30269,0.01546711
30270,0.05537351
30271,0.012541038
30272,0.048801243
30273,0.05549317
30274,0.042848714
30275,0.010692268
30276,0.41250497
30277,0.016027829
30278,0.028730953
30279,0.079300925
30280,0.07901113
30281,0.044085383
30282,0.04295296
30283,0.24878363
30284,0.21811381
30285,0.025516527
30286,0.23677513
30287,0.080304116
30288,0.07970357
30289,0.7043192
30290,0.7364873
30291,0.65529674
30292,0.20595439
30293,0.026724229
30294,0.014480106
30295,0.38543174
30296,0.073631965
30297,0.11742499
30298,0.039158322
30299,0.07369288
30300,0.017684555
30301,0.072052516
30302,0.080005884
30303,0.1033604
30304,0.10749354
30305,0.5002929
30306,0.42665067
30307,0.23793519
30308,0.0955908
30309,0.06612628
30310,0.051864814
30311,0.08503177
30312,0.040085163
30313,0.031500768
30314,0.103908665
30315,0.1051834
30316,0.054780535
30317,0.08285747
30318,0.023585843
30319,0.7324598
30320,0.59260803
30321,0.69968736
30322,0.09002481
30323,0.04305292
30324,0.3834644
30325,0.016300457
30326,0.40501907
30327,0.025687234
30328,0.022340177
30329,0.015551015
30330,0.033642985
30331,0.073980436
30332,0.04295445
30333,0.4091595
30334,0.7232336
30335,0.060423113
30336,0.07516945
30337,0.06761757
30338,0.108124666
30339,0.059428256
30340,0.36673594
30341,0.227792
30342,0.03553062
30343,0.07299354
30344,0.08403158
30345,0.0827033
30346,0.042551506
30347,0.017376613
30348,0.2758112
30349,0.41782677
30350,0.25064403
30351,0.06310281
30352,0.02586951
30353,0.08382094
30354,0.010766797
30355,0.06073351
30356,0.11063337
30357,0.028994951
30358,0.03876804
30359,0.05233209
30360,0.03931273
30361,0.04074994
30362,0.40000457
30363,0.7428315
30364,0.2791313
30365,0.109887
30366,0.0840605
30367,0.109441936
30368,0.108076476
30369,0.49409243
30370,0.052280556
30371,0.031945303
30372,0.036269754
30373,0.031150147
30374,0.10271466
30375,0.10472151
30376,0.2517435
30377,0.49773908
30378,0.26524955
30379,0.25325578
30380,0.658643
30381,0.10168598
30382,0.01665386
30383,0.09174719
30384,0.26038665
30385,0.020691222
30386,0.049583346
30387,0.51275206
30388,0.05490695
30389,0.034628864
30390,0.03457391
30391,0.04077129
30392,0.23801391
30393,0.42611617
30394,0.27494174
30395,0.5492956
30396,0.2735146
30397,0.10356516
30398,0.10435359
30399,0.4054709
30400,0.02642033
30401,0.106537566
30402,0.062278662
30403,0.04353442
30404,0.4766331
30405,0.2723681
30406,0.048458815
30407,0.53932226
30408,0.26920244
30409,0.00846022
30410,0.06837994
30411,0.082439154
30412,0.06875342
30413,0.04361436
30414,0.014317165
30415,0.013461365
30416,0.027446868
30417,0.049543567
30418,0.070295565
30419,0.07005067
30420,0.08918279
30421,0.4266318
30422,0.6862881
30423,0.4396808
30424,0.26637208
30425,0.5478419
30426,0.07300189
30427,0.060986906
30428,0.06257457
30429,0.09579245
30430,0.38596183
30431,0.05490707
30432,0.026643598
30433,0.055139594
30434,0.10210293
30435,0.016450472
30436,0.044098828
30437,0.07999807
30438,0.020589905
30439,0.03748551
30440,0.024240663
30441,0.026766328
30442,0.031251624
30443,0.059473667
30444,0.050824452
30445,0.06418484
30446,0.42272094
30447,0.24873295
30448,0.37498286
30449,0.7061565
30450,0.6670761
30451,0.4326305
30452,0.23006566
30453,0.04497113
30454,0.01885227
30455,0.04377815
30456,0.08340084
30457,0.013177394
30458,0.03254304
30459,0.64178747
30460,0.043273754
30461,0.016074989
30462,0.19457138
30463,0.04318925
30464,0.23033598
30465,0.037035663
30466,0.04322336
30467,0.015966913
30468,0.04202085
30469,0.026755113
30470,0.06949951
30471,0.07943568
30472,0.45437953
30473,0.4296476
30474,0.23984529
30475,0.73335886
30476,0.43522224
30477,0.52091336
30478,0.10265059
30479,0.039128978
30480,0.031500753
30481,0.034594983
30482,0.042890966
30483,0.040583618
30484,0.034383774
30485,0.055259254
30486,0.47086853
30487,0.07296141
30488,0.38740706
30489,0.02857502
30490,0.08032277
30491,0.08897736
30492,0.10186402
30493,0.12237335
30494,0.04193085
30495,0.029022112
30496,0.039337084
30497,0.10309267
30498,0.7317062
30499,0.36040425
30500,0.5478419
30501,0.39209786
30502,0.42475972
30503,0.111298084
30504,0.22656718
30505,0.041827794
30506,0.021297876
30507,0.010702422
30508,0.012037217
30509,0.043291062
30510,0.028782394
30511,0.09394644
30512,0.09647142
30513,0.0701859
30514,0.26806688
30515,0.026638476
30516,0.06023146
30517,0.27342868
30518,0.03914704
30519,0.085612476
30520,0.35817897
30521,0.029308237
30522,0.23546146
30523,0.25769383
30524,0.059131127
30525,0.074026525
30526,0.07363828
30527,0.065003365
30528,0.03554689
30529,0.087268464
30530,0.085205294
30531,0.044577174
30532,0.008668152
30533,0.23728198
30534,0.073612034
30535,0.039712034
30536,0.031207148
30537,0.089467615
30538,0.033327155
30539,0.04084638
30540,0.038827747
30541,0.110918224
30542,0.38620532
30543,0.52339786
30544,0.08363685
30545,0.010967747
30546,0.016683599
30547,0.046823625
30548,0.055918664
30549,0.10385672
30550,0.02991293
30551,0.014090625
30552,0.029946355
30553,0.01755118
30554,0.0107788285
30555,0.02739718
30556,0.061199043
30557,0.068958305
30558,0.41762388
30559,0.013034989
30560,0.018746283
30561,0.031117925
30562,0.06044377
30563,0.07341307
30564,0.51018924
30565,0.08365577
30566,0.011687476
30567,0.24386568
30568,0.035195407
30569,0.014172572
30570,0.060618613
30571,0.09347483
30572,0.04634492
30573,0.020615183
30574,0.010220924
30575,0.2727096
30576,0.033966362
30577,0.014483025
30578,0.014649117
30579,0.025547354
30580,0.09483075
30581,0.054901976
30582,0.037545614
30583,0.0147301
30584,0.027163839
30585,0.051975444
30586,0.26901725
30587,0.029144723
30588,0.017584728
30589,0.02864747
30590,0.039263416
30591,0.052699104
30592,0.25789762
30593,0.054502245
30594,0.26414093
30595,0.07131541
30596,0.02860364
30597,0.013908587
30598,0.043011557
30599,0.04345922
30600,0.028000733
30601,0.37664533
30602,0.015998293
30603,0.2578061
30604,0.016570922
30605,0.06869811
30606,0.043262687
30607,0.010036495
30608,0.26871136
30609,0.6722108
30610,0.23250587
30611,0.072699495
30612,0.07028124
30613,0.04321751
30614,0.04078255
30615,0.072965495
30616,0.06634519
30617,0.08154923
30618,0.7251225
30619,0.021108478
30620,0.06372841
30621,0.014065213
30622,0.0671393
30623,0.06392545
30624,0.021276142
30625,0.035835486
30626,0.10840029
30627,0.4847576
30628,0.0606244
30629,0.2494738
30630,0.02542587
30631,0.0624731
30632,0.019386519
30633,0.06445516
30634,0.027915569
30635,0.023505857
30636,0.04665129
30637,0.051094342
30638,0.026015751
30639,0.023009334
30640,0.049646284
30641,0.030812183
30642,0.114769615
30643,0.039492812
30644,0.03127098
30645,0.06774571
30646,0.084256366
30647,0.016809374
30648,0.023672001
30649,0.049511414
30650,0.70308584
30651,0.05474763
30652,0.0811914
30653,0.043067478
30654,0.035891406
30655,0.042119104
30656,0.043802097
30657,0.012097247
30658,0.015839113
30659,0.27402183
30660,0.025881827
30661,0.009476107
30662,0.009419229
30663,0.011613326
30664,0.0057322327
30665,0.014451735
30666,0.04285782
30667,0.07989499
30668,0.23481919
30669,0.039476823
30670,0.04277939
30671,0.4038007
30672,0.026509495
30673,0.018622437
30674,0.010961536
30675,0.025981802
30676,0.010898738
30677,0.040722612
30678,0.0114057725
30679,0.029545074
30680,0.25761694
30681,0.054959934
30682,0.011990178
30683,0.013286371
30684,0.006158775
30685,0.05489954
30686,0.2497305
30687,0.07364525
30688,0.062086407
30689,0.053673647
30690,0.026606174
30691,0.046943936
30692,0.022384891
30693,0.055161897
30694,0.27118888
30695,0.0987445
30696,0.009950087
30697,0.012746036
30698,0.010988244
30699,0.017446227
30700,0.007803583
30701,0.014291615
30702,0.018289182
30703,0.010197195
30704,0.02200812
30705,0.04832811
30706,0.044611227
30707,0.08371302
30708,0.09527903
30709,0.013305412
30710,0.27153867
30711,0.015837546
30712,0.024149472
30713,0.013753395
30714,0.025236964
30715,0.011215778
30716,0.0081495745
30717,0.021900244
30718,0.016906029
30719,0.013180185
30720,0.02997768
30721,0.017443035
30722,0.0095886085
30723,0.05387744
30724,0.04064672
30725,0.011169469
30726,0.041911177
30727,0.013863846
30728,0.008548053
30729,0.011991847
30730,0.009381143
30731,0.08136283
30732,0.026030391
30733,0.04280276
30734,0.009289302
30735,0.031900402
30736,0.014373588
30737,0.06796981
30738,0.012747583
30739,0.0052227755
30740,0.41346484
30741,0.053773645
30742,0.054599937
30743,0.055199992
30744,0.06869105
30745,0.020612037
30746,0.009362767
30747,0.067050256
30748,0.022117097
30749,0.08321695
30750,0.10372451
30751,0.015289869
30752,0.030948864
30753,0.031443734
30754,0.026578015
30755,0.026661305
30756,0.0048010806
30757,0.03131627
30758,0.014194358
30759,0.06642491
30760,0.051042456
30761,0.033588964
30762,0.005327232
30763,0.10399748
30764,0.01645926
30765,0.023307187
30766,0.021622268
30767,0.0057505025
30768,0.013997142
30769,0.04373491
30770,0.024030117
30771,0.029208576
30772,0.032113083
30773,0.01006221
30774,0.029561946
30775,0.39520767
30776,0.24947858
30777,0.0094230035
30778,0.017321622
30779,0.07330996
30780,0.018963221
30781,0.019084105
30782,0.03653679
30783,0.054043707
30784,0.026026921
30785,0.043319575
30786,0.056082785
30787,0.018486325
30788,0.032385662
30789,0.043726902
30790,0.038697507
30791,0.041320603
30792,0.08449994
30793,0.038512133
30794,0.40701863
30795,0.042487457
30796,0.07199419
30797,0.41151422
30798,0.37162003
30799,0.029486457
30800,0.26562154
30801,0.06838254
30802,0.4179693
30803,0.07973958
30804,0.10842641
30805,0.06016375
30806,0.02084049
30807,0.23570833
30808,0.011147301
30809,0.039764043
30810,0.01406326
30811,0.4085385
30812,0.031624086
30813,0.6629831
30814,0.2530547
30815,0.04307244
30816,0.25098297
30817,0.011358035
30818,0.032196037
30819,0.021788126
30820,0.042777605
30821,0.019979715
30822,0.029981116
30823,0.09189095
30824,0.42565873
30825,0.5471995
30826,0.58836573
30827,0.04330096
30828,0.06915992
30829,0.10331106
30830,0.42598948
30831,0.055362094
30832,0.041596577
30833,0.05878176
30834,0.2249427
30835,0.03635402
30836,0.4655234
30837,0.24780345
30838,0.25434294
30839,0.5512553
30840,0.106413804
30841,0.021262657
30842,0.54534465
30843,0.05562753
30844,0.11606362
30845,0.049817722
30846,0.04804889
30847,0.034881737
30848,0.0643137
30849,0.0811436
30850,0.08832641
30851,0.22956343
30852,0.03338794
30853,0.038176496
30854,0.06644986
30855,0.2738988
30856,0.043473966
30857,0.053521167
30858,0.05791149
30859,0.068233304
30860,0.042632114
30861,0.02671686
30862,0.05614943
30863,0.11339677
30864,0.055429533
30865,0.42974544
30866,0.053885967
30867,0.038938038
30868,0.028043156
30869,0.019817434
30870,0.017877445
30871,0.52713823
30872,0.088993035
30873,0.06879026
30874,0.4516404
30875,0.27442873
30876,0.009979951
30877,0.06765681
30878,0.049538914
30879,0.02175957
30880,0.010461693
30881,0.0675931
30882,0.06442001
30883,0.08286729
30884,0.27943155
30885,0.52962905
30886,0.15380092
30887,0.042987205
30888,0.030842222
30889,0.41035268
30890,0.017229507
30891,0.0429289
30892,0.009748243
30893,0.061619956
30894,0.043116324
30895,0.026817005
30896,0.25294322
30897,0.54409975
30898,0.07283695
30899,0.01833377
30900,0.020748612
30901,0.041169133
30902,0.055431057
30903,0.02867156
30904,0.016494483
30905,0.08818375
30906,0.11508106
30907,0.08213598
30908,0.08263969
30909,0.05572439
30910,0.014113509
30911,0.03833678
30912,0.03126649
30913,0.029234
30914,0.035346538
30915,0.07459812
30916,0.051714476
30917,0.22949415
30918,0.013545745
30919,0.03612345
30920,0.027702766
30921,0.016467012
30922,0.014728086
30923,0.02275102
30924,0.039201017
30925,0.05957741
30926,0.4374065
30927,0.26659444
30928,0.04322711
30929,0.039152924
30930,0.08022437
30931,0.061155397
30932,0.014217608
30933,0.052937664
30934,0.030141916
30935,0.25803787
30936,0.026705528
30937,0.023591131
30938,0.03132129
30939,0.055166055
30940,0.055522814
30941,0.38391125
30942,0.41095984
30943,0.3795197
30944,0.055205617
30945,0.038708907
30946,0.017282045
30947,0.049998265
30948,0.043059193
30949,0.24588074
30950,0.043019593
30951,0.6381976
30952,0.08908041
30953,0.019556798
30954,0.08588485
30955,0.04879158
30956,0.04709984
30957,0.01837694
30958,0.010118497
30959,0.055291735
30960,0.008322891
30961,0.02193651
30962,0.016456788
30963,0.017467165
30964,0.06629064
30965,0.042827994
30966,0.06375553
30967,0.05373786
30968,0.080099754
30969,0.4088958
30970,0.45591056
30971,0.055311237
30972,0.020162597
30973,0.067967124
30974,0.020749943
30975,0.038224254
30976,0.0072988016
30977,0.06962278
30978,0.05198126
30979,0.096688084
30980,0.039564587
30981,0.08382815
30982,0.03888496
30983,0.05247391
30984,0.03469204
30985,0.016408391
30986,0.018317826
30987,0.10103186
30988,0.059851658
30989,0.032105576
30990,0.020016707
30991,0.034822542
30992,0.052492082
30993,0.06108538
30994,0.090424046
30995,0.07387619
30996,0.26218298
30997,0.23868945
30998,0.24508293
30999,0.011490684
31000,0.07033299
31001,0.012255752
31002,0.04760653
31003,0.007711898
31004,0.04068156
31005,0.068467215
31006,0.03185058
31007,0.043903213
31008,0.038432583
31009,0.01790145
31010,0.048530705
31011,0.06874101
31012,0.03167776
31013,0.050592173
31014,0.022141317
31015,0.032595187
31016,0.061130334
31017,0.012965489
31018,0.036168586
31019,0.082935944
31020,0.05337705
31021,0.24589226
31022,0.61531794
31023,0.07361039
31024,0.08356854
31025,0.05401042
31026,0.062235124
31027,0.059860233
31028,0.0694799
31029,0.049000304
31030,0.25721073
31031,0.059659433
31032,0.067949
31033,0.052982338
31034,0.06539909
31035,0.017270898
31036,0.030288337
31037,0.018587848
31038,0.02022643
31039,0.03659379
31040,0.27500063
31041,0.05627856
31042,0.04211568
31043,0.0803175
31044,0.72202843
31045,0.068980046
31046,0.013794742
31047,0.23626702
31048,0.051693935
31049,0.26181814
31050,0.26774746
31051,0.05654276
31052,0.01912646
31053,0.043800976
31054,0.04391573
31055,0.07997916
31056,0.2534625
31057,0.039764043
31058,0.261002
31059,0.07042023
31060,0.005555728
31061,0.061803322
31062,0.010313333
31063,0.014496141
31064,0.019277722
31065,0.04695637
31066,0.056273736
31067,0.014350703
31068,0.08858674
31069,0.10965893
31070,0.24290195
31071,0.06647232
31072,0.031123336
31073,0.08194785
31074,0.11387528
31075,0.39747888
31076,0.049873617
31077,0.043696094
31078,0.020690609
31079,0.056358017
31080,0.61139387
31081,0.03716335
31082,0.115137
31083,0.5326249
31084,0.25214013
31085,0.016630871
31086,0.015781032
31087,0.03759186
31088,0.048741404
31089,0.1388173
31090,0.39210075
31091,0.009033148
31092,0.063239455
31093,0.06685296
31094,0.253634
31095,0.10502742
31096,0.09645778
31097,0.11709434
31098,0.39982933
31099,0.067111745
31100,0.018972883
31101,0.04411728
31102,0.07323429
31103,0.04913542
31104,0.110887624
31105,0.66002506
31106,0.041089777
31107,0.45287234
31108,0.013900076
31109,0.04357488
31110,0.27063408
31111,0.011251638
31112,0.044151753
31113,0.060434703
31114,0.015989937
31115,0.03971374
31116,0.43773526
31117,0.18122067
31118,0.06308379
31119,0.2553697
31120,0.10346712
31121,0.28166243
31122,0.41364855
31123,0.42887473
31124,0.26157227
31125,0.08028382
31126,0.09113999
31127,0.62767214
31128,0.5567736
31129,0.5211762
31130,0.0228667
31131,0.10780253
31132,0.055597246
31133,0.02678885
31134,0.018951869
31135,0.009932417
31136,0.049646746
31137,0.0076165856
31138,0.008807405
31139,0.009080135
31140,0.031780683
31141,0.049236596
31142,0.07384803
31143,0.070540234
31144,0.08020299
31145,0.06986106
31146,0.24443369
31147,0.22998129
31148,0.027434329
31149,0.0834973
31150,0.38960877
31151,0.017090645
31152,0.051785354
31153,0.69629496
31154,0.6029785
31155,0.74380594
31156,0.006433618
31157,0.026648493
31158,0.07206274
31159,0.44614053
31160,0.06933059
31161,0.055948157
31162,0.03011981
31163,0.0095218215
31164,0.049428828
31165,0.056370176
31166,0.04339727
31167,0.011090736
31168,0.4140289
31169,0.016248375
31170,0.02866257
31171,0.08025851
31172,0.07922006
31173,0.043904576
31174,0.04295231
31175,0.3955208
31176,0.21716484
31177,0.025182305
31178,0.24403708
31179,0.08123007
31180,0.0794461
31181,0.6056569
31182,0.716798
31183,0.6216526
31184,0.0133332405
31185,0.19916998
31186,0.02689348
31187,0.008043293
31188,0.43732235
31189,0.073374406
31190,0.10940393
31191,0.0395095
31192,0.07409656
31193,0.018038899
31194,0.07452536
31195,0.08001477
31196,0.110051885
31197,0.112251215
31198,0.48829183
31199,0.48433304
31200,0.24359545
31201,0.10092427
31202,0.06696551
31203,0.052503902
31204,0.08579706
31205,0.04019513
31206,0.031443715
31207,0.026907882
31208,0.10136194
31209,0.106045045
31210,0.053663142
31211,0.08308805
31212,0.023825713
31213,0.5965444
31214,0.7432603
31215,0.58982813
31216,0.09144479
31217,0.043353796
31218,0.10406873
31219,0.41873878
31220,0.0268084
31221,0.009495456
31222,0.015537588
31223,0.01638652
31224,0.032316618
31225,0.074620865
31226,0.04320952
31227,0.42597264
31228,0.6687559
31229,0.059806705
31230,0.07546281
31231,0.069460824
31232,0.114342675
31233,0.059663802
31234,0.41388658
31235,0.23027222
31236,0.035342865
31237,0.07299824
31238,0.08158718
31239,0.08146783
31240,0.04243598
31241,0.026666922
31242,0.5495352
31243,0.44322392
31244,0.25615355
31245,0.063717246
31246,0.026751217
31247,0.08562358
31248,0.0108833285
31249,0.060990263
31250,0.11688306
31251,0.028824423
31252,0.039778683
31253,0.04614943
31254,0.024591291
31255,0.024226088
31256,0.039411135
31257,0.040463153
31258,0.39919016
31259,0.6374807
31260,0.265782
31261,0.10877497
31262,0.0846903
31263,0.11999347
31264,0.10379295
31265,0.5068028
31266,0.051769376
31267,0.036152996
31268,0.03160012
31269,0.10234002
31270,0.10278754
31271,0.10535988
31272,0.5158763
31273,0.26946315
31274,0.106413096
31275,0.809329
31276,0.100727014
31277,0.016361859
31278,0.09202148
31279,0.2574325
31280,0.020542443
31281,0.049088266
31282,0.45504043
31283,0.054957934
31284,0.034872845
31285,0.03359104
31286,0.04134377
31287,0.09662035
31288,0.44943985
31289,0.27657127
31290,0.5596162
31291,0.2706152
31292,0.10850776
31293,0.10518084
31294,0.27713507
31295,0.02635035
31296,0.1121756
31297,0.061979953
31298,0.044404242
31299,0.55025315
31300,0.41164446
31301,0.04923534
31302,0.56772494
31303,0.4479429
31304,0.06919461
31305,0.082745954
31306,0.06935855
31307,0.042330068
31308,0.010932349
31309,0.009753698
31310,0.009166632
31311,0.027938372
31312,0.049485225
31313,0.0707679
31314,0.06925425
31315,0.09116158
31316,0.4169746
31317,0.5526592
31318,0.43812576
31319,0.27348948
31320,0.52552754
31321,0.07452426
31322,0.061633635
31323,0.06249007
31324,0.10251167
31325,0.393527
31326,0.055493306
31327,0.026066978
31328,0.05541243
31329,0.09983709
31330,0.016526071
31331,0.042795762
31332,0.08011635
31333,0.0189939
31334,0.020123083
31335,0.035801336
31336,0.018246407
31337,0.024981476
31338,0.031324174
31339,0.058766294
31340,0.049970403
31341,0.06438276
31342,0.41190562
31343,0.25727236
31344,0.36020443
31345,0.6746785
31346,0.7050046
31347,0.15097938
31348,0.23191918
31349,0.042450164
31350,0.026958345
31351,0.043918803
31352,0.087991364
31353,0.014710359
31354,0.61699504
31355,0.043210883
31356,0.016449375
31357,0.05359246
31358,0.043590188
31359,0.23525815
31360,0.043490026
31361,0.04213952
31362,0.026857512
31363,0.06728569
31364,0.08018495
31365,0.57924193
31366,0.42599925
31367,0.24199702
31368,0.7157105
31369,0.40548706
31370,0.47531074
31371,0.11028294
31372,0.031727977
31373,0.034665775
31374,0.043277342
31375,0.041123267
31376,0.013727395
31377,0.05514003
31378,0.44572237
31379,0.07474308
31380,0.41622356
31381,0.029028477
31382,0.08129743
31383,0.08910837
31384,0.102065384
31385,0.26007068
31386,0.042195953
31387,0.029140536
31388,0.008486608
31389,0.03992631
31390,0.10323176
31391,0.60848486
31392,0.40959647
31393,0.61252534
31394,0.40134862
31395,0.42010358
31396,0.10573815
31397,0.22020134
31398,0.04084753
31399,0.019977933
31400,0.015980665
31401,0.012275842
31402,0.03681791
31403,0.029032916
31404,0.0923093
31405,0.10378838
31406,0.07045723
31407,0.37975508
31408,0.025761977
31409,0.06125468
31410,0.42795125
31411,0.039557144
31412,0.085581474
31413,0.24850123
31414,0.028415708
31415,0.005784096
31416,0.2319981
31417,0.2597459
31418,0.05957741
31419,0.075830474
31420,0.07346635
31421,0.06509069
31422,0.036445912
31423,0.09212849
31424,0.083225444
31425,0.009338127
31426,0.23549534
31427,0.010412359
31428,0.07379187
31429,0.039013624
31430,0.031734552
31431,0.09119765
31432,0.033223987
31433,0.041039065
31434,0.038904626
31435,0.10747441
31436,0.394267
31437,0.51105636
31438,0.083834164
31439,0.010404355
31440,0.0219951
31441,0.047313683
31442,0.05657329
31443,0.10445601
31444,0.013073992
31445,0.029907985
31446,0.01411715
31447,0.030175328
31448,0.01615372
31449,0.010668041
31450,0.025983276
31451,0.060795896
31452,0.0702827
31453,0.41795975
31454,0.013604146
31455,0.021590482
31456,0.03120259
31457,0.059356112
31458,0.0737928
31459,0.52169096
31460,0.0847928
31461,0.012143569
31462,0.10148935
31463,0.035271153
31464,0.014317554
31465,0.060555816
31466,0.09571932
31467,0.045940086
31468,0.016373256
31469,0.01032185
31470,0.10987145
31471,0.031764906
31472,0.014144591
31473,0.019009737
31474,0.025621222
31475,0.10088702
31476,0.05643786
31477,0.035994325
31478,0.016008219
31479,0.027110863
31480,0.053207163
31481,0.27641276
31482,0.029245408
31483,0.017776016
31484,0.028628143
31485,0.039822076
31486,0.053004775
31487,0.25757748
31488,0.055129066
31489,0.11489437
31490,0.07402407
31491,0.028846
31492,0.014121412
31493,0.043275878
31494,0.042178083
31495,0.027844448
31496,0.2631125
31497,0.022238132
31498,0.2609487
31499,0.016557978
31500,0.068201505
31501,0.04336925
31502,0.26910946
31503,0.7311179
31504,0.2312466
31505,0.073897265
31506,0.0703412
31507,0.044157337
31508,0.0406268
31509,0.07333939
31510,0.06629064
31511,0.08403092
31512,0.7569068
31513,0.022235552
31514,0.06343222
31515,0.014248815
31516,0.06643451
31517,0.06431948
31518,0.016868245
31519,0.03547161
31520,0.10379267
31521,0.56433064
31522,0.061293293
31523,0.24497299
31524,0.015497436
31525,0.062322933
31526,0.020414349
31527,0.06538047
31528,0.026225016
31529,0.02310493
31530,0.046949923
31531,0.052031413
31532,0.026296929
31533,0.050010618
31534,0.016223662
31535,0.11346126
31536,0.034221616
31537,0.039854474
31538,0.014804377
31539,0.03158822
31540,0.069269136
31541,0.08237301
31542,0.02344813
31543,0.049844388
31544,0.76900923
31545,0.053621765
31546,0.07993182
31547,0.043078076
31548,0.03609737
31549,0.04260526
31550,0.04311484
31551,0.016039222
31552,0.5207263
31553,0.0258491
31554,0.0060868785
31555,0.0047360836
31556,0.008900667
31557,0.012365005
31558,0.043275427
31559,0.08083066
31560,0.018380279
31561,0.085765556
31562,0.039837215
31563,0.025582932
31564,0.043088842
31565,0.4195411
31566,0.026799489
31567,0.01807822
31568,0.019195376
31569,0.04112972
31570,0.25231248
31571,0.055059005
31572,0.011063467
31573,0.014013719
31574,0.054908376
31575,0.101371415
31576,0.22301969
31577,0.06241873
31578,0.0553022
31579,0.04708807
31580,0.0161363
31581,0.055476498
31582,0.26453
31583,0.23897877
31584,0.0075383564
31585,0.031234818
31586,0.01279332
31587,0.011274921
31588,0.020308353
31589,0.01089755
31590,0.014848182
31591,0.021840332
31592,0.04986231
31593,0.044438243
31594,0.08798822
31595,0.009439537
31596,0.0126726115
31597,0.10257811
31598,0.009537672
31599,0.26400268
31600,0.025436446
31601,0.011246992
31602,0.014783554
31603,0.021120025
31604,0.01739604
31605,0.018714178
31606,0.029908685
31607,0.00922056
31608,0.053606685
31609,0.025549034
31610,0.04123608
31611,0.012132888
31612,0.04253506
31613,0.013365191
31614,0.012152102
31615,0.08167581
31616,0.025017176
31617,0.04309535
31618,0.006219754
31619,0.030745829
31620,0.069375604
31621,0.011844791
31622,0.015586168
31623,0.40343618
31624,0.053990103
31625,0.05588039
31626,0.053949032
31627,0.067732215
31628,0.020817043
31629,0.010152151
31630,0.06786273
31631,0.017892804
31632,0.08077518
31633,0.009183417
31634,0.09825658
31635,0.030141804
31636,0.031244012
31637,0.030915037
31638,0.026852144
31639,0.027116597
31640,0.015549655
31641,0.031194799
31642,0.015019732
31643,0.010460465
31644,0.011902808
31645,0.013318873
31646,0.06599286
31647,0.051743325
31648,0.03133841
31649,0.10596795
31650,0.023463715
31651,0.0099687325
31652,0.014037152
31653,0.04360311
31654,0.01090816
31655,0.025791869
31656,0.03162431
31657,0.1123904
31658,0.25147513
31659,0.01531977
31660,0.0737928
31661,0.019361133
31662,0.04821174
31663,0.025237495
31664,0.035919927
31665,0.05661745
31666,0.04329451
31667,0.05926044
31668,0.013303315
31669,0.033853456
31670,0.0378463
31671,0.03924633
31672,0.04238195
31673,0.100073785
31674,0.03845715
31675,0.39910007
31676,0.044364642
31677,0.22557631
31678,0.3956448
31679,0.39469936
31680,0.025977455
31681,0.044426944
31682,0.28361803
31683,0.07678115
31684,0.4159699
31685,0.0905138
31686,0.26483575
31687,0.06341722
31688,0.030928075
31689,0.24067006
31690,0.013291473
31691,0.2606767
31692,0.63405704
31693,0.2639223
31694,0.045218643
31695,0.044209503
31696,0.114777684
31697,0.06368179
31698,0.02931239
31699,0.044385936
31700,0.043911394
31701,0.10738823
31702,0.26155293
31703,0.55148655
31704,0.5425848
31705,0.04474634
31706,0.075438276
31707,0.12212319
31708,0.27154052
31709,0.056085862
31710,0.042992886
31711,0.063604616
31712,0.08352273
31713,0.5476922
31714,0.11946544
31715,0.26396444
31716,0.49425408
31717,0.11620989
31718,0.02233351
31719,0.5509379
31720,0.02220461
31721,0.05628369
31722,0.27961475
31723,0.051258065
31724,0.048975833
31725,0.035181057
31726,0.06913211
31727,0.025663607
31728,0.23401965
31729,0.105967216
31730,0.09410114
31731,0.03404071
31732,0.039781805
31733,0.071889415
31734,0.15517682
31735,0.04425908
31736,0.006891154
31737,0.031545196
31738,0.055349275
31739,0.058367185
31740,0.07336255
31741,0.034546666
31742,0.04067467
31743,0.04379989
31744,0.027241083
31745,0.27779055
31746,0.0575197
31747,0.37974072
31748,0.028702172
31749,0.05580827
31750,0.04035995
31751,0.011099195
31752,0.013354728
31753,0.47464976
31754,0.1105372
31755,0.0731422
31756,0.5340641
31757,0.47545585
31758,0.013978943
31759,0.07218784
31760,0.050508004
31761,0.017614659
31762,0.02288231
31763,0.03784397
31764,0.073312186
31765,0.06902966
31766,0.090942726
31767,0.40945557
31768,0.4797143
31769,0.1525732
31770,0.044211544
31771,0.014626066
31772,0.02995796
31773,0.02971923
31774,0.035082422
31775,0.4321679
31776,0.018937748
31777,0.043884054
31778,0.014912681
31779,0.06464974
31780,0.0440887
31781,0.26206464
31782,0.4775844
31783,0.08083105
31784,0.020771636
31785,0.041917853
31786,0.056865245
31787,0.02609348
31788,0.01607347
31789,0.10622663
31790,0.2662865
31791,0.09627794
31792,0.09500372
31793,0.057099197
31794,0.010537641
31795,0.035651796
31796,0.031724647
31797,0.029837485
31798,0.035733193
31799,0.081183985
31800,0.052503567
31801,0.2259012
31802,0.013460559
31803,0.036773194
31804,0.027755115
31805,0.016698323
31806,0.015204799
31807,0.023169717
31808,0.041417375
31809,0.0072582504
31810,0.02412636
31811,0.062084787
31812,0.43388596
31813,0.41508985
31814,0.04262953
31815,0.03919868
31816,0.039645743
31817,0.0944749
31818,0.06431414
31819,0.014481498
31820,0.054788288
31821,0.014087398
31822,0.030141482
31823,0.2649327
31824,0.026855346
31825,0.022988811
31826,0.032213487
31827,0.056748696
31828,0.056629542
31829,0.4042906
31830,0.24164909
31831,0.25599685
31832,0.056075495
31833,0.037873328
31834,0.017569112
31835,0.05018439
31836,0.04487507
31837,0.40757084
31838,0.04456336
31839,0.56181264
31840,0.09881572
31841,0.017655829
31842,0.09842099
31843,0.04996451
31844,0.046166997
31845,0.018503705
31846,0.015889948
31847,0.056157865
31848,0.016904147
31849,0.017936973
31850,0.07118385
31851,0.04387234
31852,0.06842837
31853,0.056085862
31854,0.090888485
31855,0.26018772
31856,0.39580083
31857,0.057064164
31858,0.021603987
31859,0.07233377
31860,0.015221275
31861,0.040135592
31862,0.07566671
31863,0.052940387
31864,0.11341648
31865,0.040851995
31866,0.09408315
31867,0.03852232
31868,0.053965025
31869,0.03509503
31870,0.018054087
31871,0.121813364
31872,0.0111649595
31873,0.031916603
31874,0.06370803
31875,0.032005396
31876,0.012947536
31877,0.010712269
31878,0.022508211
31879,0.03532999
31880,0.053497933
31881,0.06403813
31882,0.105227806
31883,0.079924
31884,0.4044517
31885,0.3682896
31886,0.25662217
31887,0.011261619
31888,0.07654744
31889,0.016521068
31890,0.04982856
31891,0.040913545
31892,0.07541641
31893,0.021016477
31894,0.045794595
31895,0.038524866
31896,0.017712768
31897,0.05000045
31898,0.0756283
31899,0.032088768
31900,0.051663198
31901,0.008548221
31902,0.022425957
31903,0.031807847
31904,0.015776908
31905,0.06332617
31906,0.012780297
31907,0.036265366
31908,0.09809055
31909,0.054778382
31910,0.114300765
31911,0.60778016
31912,0.08081238
31913,0.09966538
31914,0.056177754
31915,0.063408546
31916,0.06275038
31917,0.07532007
31918,0.049771827
31919,0.018943371
31920,0.29030913
31921,0.06305863
31922,0.07378548
31923,0.054751586
31924,0.07069643
31925,0.027181989
31926,0.01870381
31927,0.021015631
31928,0.037734337
31929,0.28550753
31930,0.058468077
31931,0.04321926
31932,0.093078226
31933,0.6912594
31934,0.07461672
31935,0.014530759
31936,0.2437684
31937,0.052365895
31938,0.13244918
31939,0.28288457
31940,0.059055325
31941,0.019408824
31942,0.044623546
31943,0.045865748
31944,0.09075496
31945,0.12060877
31946,0.0407049
31947,0.1216419
31948,0.07711331
31949,0.011290858
31950,0.060740545
31951,0.020231316
31952,0.01464464
31953,0.019430479
31954,0.047895517
31955,0.05930502
31956,0.014583182
31957,0.10427778
31958,0.11779412
31959,0.2565631
31960,0.07197091
31961,0.031660277
31962,0.09490975
31963,0.2621852
31964,0.2730225
31965,0.051278103
31966,0.045133863
31967,0.021061424
31968,0.05935757
31969,0.5314259
31970,0.038479853
31971,0.12765911
31972,0.43548542
31973,0.25981247
31974,0.01847497
31975,0.010621693
31976,0.012481401
31977,0.040200945
31978,0.049784776
31979,0.40774885
31980,0.405959
31981,0.06747026
31982,0.07228246
31983,0.26177147
31984,0.26026917
31985,0.11684041
31986,0.14226341
31987,0.4168436
31988,0.070639946
31989,0.04624448
31990,0.079959676
31991,0.049950205
31992,0.15225415
31993,0.7018053
31994,0.006680382
31995,0.04187458
31996,0.40823293
31997,0.01415124
31998,0.04544776
31999,0.28480682
32000,0.01474061
32001,0.011778213
32002,0.045199506
32003,0.06523878
32004,0.016283302
32005,0.040591385
32006,0.006215395
32007,0.4256107
32008,0.040596254
32009,0.066987224
32010,0.40417606
32011,0.11716135
32012,0.13393147
32013,0.41469073
32014,0.41587454
32015,0.13314055
32016,0.09126808
32017,0.11416154
32018,0.7359067
32019,0.4853035
32020,0.47003186
32021,0.009036359
32022,0.024598913
32023,0.25831708
32024,0.013985467
32025,0.05680556
32026,0.027257176
32027,0.017126918
32028,0.051138256
32029,0.010821956
32030,0.03243039
32031,0.05132099
32032,0.082210116
32033,0.07756012
32034,0.09087903
32035,0.0777143
32036,0.25576848
32037,0.24235317
32038,0.09649194
32039,0.27389488
32040,0.017606076
32041,0.052581776
32042,0.8499965
32043,0.8396037
32044,0.66502875
32045,0.0073071616
32046,0.016444314
32047,0.076654926
32048,0.52320325
32049,0.07512747
32050,0.056739084
32051,0.027802732
32052,0.050708037
32053,0.056141015
32054,0.044534612
32055,0.01126694
32056,0.41317996
32057,0.0167148
32058,0.029693779
32059,0.09025254
32060,0.09139743
32061,0.045019038
32062,0.042955995
32063,0.3832661
32064,0.21862161
32065,0.026316011
32066,0.25188762
32067,0.09142198
32068,0.09091473
32069,0.89704037
32070,0.9026165
32071,0.70490646
32072,0.056947425
32073,0.027273653
32074,0.008579883
32075,0.40544108
32076,0.07883595
32077,0.27874833
32078,0.041410577
32079,0.081067204
32080,0.018204693
32081,0.08087099
32082,0.09243733
32083,0.11844952
32084,0.11712144
32085,0.50742763
32086,0.5111277
32087,0.25351834
32088,0.11242684
32089,0.07005999
32090,0.053618114
32091,0.097623385
32092,0.04081254
32093,0.03312048
32094,0.2569619
32095,0.11969231
32096,0.057099197
32097,0.09478657
32098,0.024258606
32099,0.8607302
32100,0.8046847
32101,0.8446312
32102,0.10830619
32103,0.04437421
32104,0.25774783
32105,0.41469315
32106,0.027164148
32107,0.01819468
32108,0.01606354
32109,0.03393247
32110,0.080738135
32111,0.04350679
32112,0.38186818
32113,0.8395019
32114,0.060900796
32115,0.082144134
32116,0.07587308
32117,0.12421391
32118,0.06406886
32119,0.2560656
32120,0.23805244
32121,0.036898952
32122,0.07891869
32123,0.094675064
32124,0.09266943
32125,0.043790698
32126,0.021198967
32127,0.5373934
32128,0.40248203
32129,0.2644386
32130,0.06789688
32131,0.027188625
32132,0.10146747
32133,0.011304587
32134,0.065287
32135,0.28586167
32136,0.029083153
32137,0.040513057
32138,0.042369466
32139,0.016029757
32140,0.017885366
32141,0.040099718
32142,0.041273233
32143,0.41199157
32144,0.685141
32145,0.29143938
32146,0.13673884
32147,0.09665206
32148,0.12212663
32149,0.11923159
32150,0.5018317
32151,0.055438098
32152,0.029054822
32153,0.037006013
32154,0.032567106
32155,0.117745906
32156,0.124088086
32157,0.1173945
32158,0.4744694
32159,0.4303105
32160,0.12289734
32161,0.9293483
32162,0.117017165
32163,0.016774451
32164,0.25325635
32165,0.13532403
32166,0.02123473
32167,0.051083446
32168,0.5443867
32169,0.05603646
32170,0.035285644
32171,0.0350167
32172,0.04261698
32173,0.113780245
32174,0.38127926
32175,0.42092082
32176,0.50178003
32177,0.43351147
32178,0.1221212
32179,0.12243464
32180,0.4330567
32181,0.027231216
32182,0.12857683
32183,0.06495001
32184,0.045636956
32185,0.5130235
32186,0.2850959
32187,0.05042339
32188,0.50172555
32189,0.28878197
32190,0.07107572
32191,0.096728556
32192,0.07425534
32193,0.045348298
32194,0.009493786
32195,0.02869099
32196,0.050838392
32197,0.07748696
32198,0.07471143
32199,0.107721366
32200,0.39202568
32201,0.78289217
32202,0.4446398
32203,0.40811935
32204,0.57735103
32205,0.08101409
32206,0.064295955
32207,0.06723069
32208,0.2555766
32209,0.39877176
32210,0.05737776
32211,0.027312452
32212,0.05657136
32213,0.11611245
32214,0.016093776
32215,0.04237321
32216,0.09068441
32217,0.021159066
32218,0.018195754
32219,0.02077629
32220,0.031746276
32221,0.06303116
32222,0.05146035
32223,0.069009714
32224,0.4072333
32225,0.26205546
32226,0.40491703
32227,0.731043
32228,0.638425
32229,0.4066662
32230,0.24315397
32231,0.0068055964
32232,0.043611594
32233,0.019350145
32234,0.045239847
32235,0.09583562
32236,0.013799061
32237,0.029912867
32238,0.755432
32239,0.045199532
32240,0.016982356
32241,0.055798855
32242,0.04496904
32243,0.090599455
32244,0.037652582
32245,0.044510856
32246,0.016263943
32247,0.043349516
32248,0.027167153
32249,0.074927375
32250,0.087809354
32251,0.4947736
32252,0.37984553
32253,0.25122786
32254,0.7069308
32255,0.42357117
32256,0.4823142
32257,0.11750978
32258,0.039392825
32259,0.032621186
32260,0.035284095
32261,0.043119676
32262,0.04170892
32263,0.0353529
32264,0.057066917
32265,0.5081597
32266,0.08071033
32267,0.3753674
32268,0.029621612
32269,0.09151228
32270,0.1094256
32271,0.11695832
32272,0.12536733
32273,0.043182023
32274,0.02956109
32275,0.040382028
32276,0.11765074
32277,0.7718152
32278,0.42203307
32279,0.6039939
32280,0.42505264
32281,0.43588004
32282,0.119021684
32283,0.22733039
32284,0.041721623
32285,0.021586582
32286,0.012481401
32287,0.03784792
32288,0.029055476
32289,0.113232255
32290,0.11387325
32291,0.07335963
32292,0.28906366
32293,0.027117345
32294,0.064490855
32295,0.41850907
32296,0.038268637
32297,0.052943926
32298,0.01315535
32299,0.01225734
32300,0.09638257
32301,0.41480556
32302,0.029984249
32303,0.23918346
32304,0.12468069
32305,0.062084787
32306,0.08362826
32307,0.08138962
32308,0.07008136
32309,0.03684604
32310,0.10532656
32311,0.09968287
32312,0.040440973
32313,0.009818743
32314,0.24059428
32315,0.017321086
32316,0.080939434
32317,0.039630532
32318,0.032126166
32319,0.10662063
32320,0.03388777
32321,0.041978743
32322,0.012327966
32323,0.039781805
32324,0.11814314
32325,0.42722163
32326,0.4423848
32327,0.09634942
32328,0.022747923
32329,0.02795281
32330,0.047932897
32331,0.02029749
32332,0.057925887
32333,0.26065716
32334,0.013235737
32335,0.03038937
32336,0.013837413
32337,0.031234754
32338,0.017755989
32339,0.026656767
32340,0.06485479
32341,0.07670315
32342,0.41310084
32343,0.013282266
32344,0.016508326
32345,0.031717137
32346,0.06281738
32347,0.078166515
32348,0.48594454
32349,0.10065013
32350,0.012166892
32351,0.25592735
32352,0.035120714
32353,0.064432725
32354,0.10806845
32355,0.0481252
32356,0.011510167
32357,0.016941465
32358,0.010520572
32359,0.2878724
32360,0.031910434
32361,0.014181986
32362,0.016550433
32363,0.025729693
32364,0.11462092
32365,0.056820147
32366,0.03846519
32367,0.016409671
32368,0.027329272
32369,0.05567957
32370,0.2832535
32371,0.02944941
32372,0.017898673
32373,0.029298078
32374,0.0405598
32375,0.054777984
32376,0.26824814
32377,0.05685094
32378,0.2687552
32379,0.077220805
32380,0.029493738
32381,0.014787735
32382,0.04421072
32383,0.04526115
32384,0.028476607
32385,0.40839773
32386,0.016883122
32387,0.1256504
32388,0.016919652
32389,0.075329565
32390,0.044727955
32391,0.00956395
32392,0.27905667
32393,0.660306
32394,0.24028149
32395,0.08107238
32396,0.076465316
32397,0.044748794
32398,0.04358612
32399,0.080048494
32400,0.07231077
32401,0.091066994
32402,0.8022809
32403,0.0175881
32404,0.068121396
32405,0.014549984
32406,0.0719454
32407,0.06958341
32408,0.016312795
32409,0.12152928
32410,0.47727278
32411,0.06489917
32412,0.26104578
32413,0.025940536
32414,0.06644663
32415,0.020967185
32416,0.069554225
32417,0.028528761
32418,0.0061758677
32419,0.023949692
32420,0.04830528
32421,0.053327035
32422,0.026503062
32423,0.017783727
32424,0.049075313
32425,0.12123654
32426,0.036306888
32427,0.04118843
32428,0.020982599
32429,0.032244805
32430,0.07570919
32431,0.09475973
32432,0.02697069
32433,0.024029147
32434,0.051208798
32435,0.7635797
32436,0.05674542
32437,0.091833696
32438,0.044740714
32439,0.03719921
32440,0.04345851
32441,0.044417802
32442,0.012467996
32443,0.015209271
32444,0.47178265
32445,0.026653877
32446,0.014938607
32447,0.23796117
32448,0.019034725
32449,0.096645884
32450,0.040494133
32451,0.0266266
32452,0.044361413
32453,0.4288571
32454,0.027187612
32455,0.019000666
32456,0.018799968
32457,0.042305514
32458,0.0092327725
32459,0.03048829
32460,0.40144998
32461,0.055983543
32462,0.014490165
32463,0.05736424
32464,0.11650817
32465,0.08048581
32466,0.06496734
32467,0.05607463
32468,0.027210763
32469,0.048387196
32470,0.01611262
32471,0.05664348
32472,0.27516332
32473,0.2523666
32474,0.030628825
32475,0.013220655
32476,0.0114402445
32477,0.014286781
32478,0.015428021
32479,0.022401253
32480,0.050484106
32481,0.044258773
32482,0.096903354
32483,0.0061452915
32484,0.11718678
32485,0.010162423
32486,0.28786972
32487,0.010677337
32488,0.019060772
32489,0.010388334
32490,0.026112787
32491,0.011393784
32492,0.016694069
32493,0.017711408
32494,0.010575308
32495,0.015514814
32496,0.030335775
32497,0.009999831
32498,0.027371952
32499,0.039698426
32500,0.012107418
32501,0.043608613
32502,0.013722814
32503,0.009857136
32504,0.091396816
32505,0.026762692
32506,0.04373246
32507,0.03166038
32508,0.018903542
32509,0.07523132
32510,0.013123748
32511,0.0057942797
32512,0.0095881345
32513,0.28743157
32514,0.055636607
32515,0.056555983
32516,0.054740652
32517,0.019860316
32518,0.07531589
32519,0.021258023
32520,0.010608688
32521,0.0716622
32522,0.014431322
32523,0.09100899
32524,0.1139671
32525,0.026474826
32526,0.031597465
32527,0.03172601
32528,0.026125988
32529,0.027273785
32530,0.0114159165
32531,0.009040623
32532,0.011230352
32533,0.009534954
32534,0.009505524
32535,0.031702284
32536,0.017354134
32537,0.00864341
32538,0.008705768
32539,0.07256902
32540,0.05290644
32541,0.006333382
32542,0.12629683
32543,0.02409063
32544,0.014838942
32545,0.014725471
32546,0.04498248
32547,0.01809843
32548,0.026506424
32549,0.032131303
32550,0.01076664
32551,0.014149323
32552,0.029926648
32553,0.2651886
32554,0.26229975
32555,0.080252625
32556,0.0153569775
32557,0.01926903
32558,0.01313855
32559,0.041001223
32560,0.025583353
32561,0.03550878
32562,0.03156687
32563,0.032159045
32564,0.041589305
32565,0.053564273
32566,0.032615237
32567,0.035861183
32568,0.04276284
32569,0.03831243
32570,0.0703358
32571,0.04172196
32572,0.03711725
32573,0.030729555
32574,0.36345333
32575,0.041984227
32576,0.06758603
32577,0.031348366
32578,0.2434873
32579,0.3859876
32580,0.019926736
32581,0.04275798
32582,0.2582015
32583,0.0638854
32584,0.4062205
32585,0.06693317
32586,0.389397
32587,0.070778914
32588,0.090368845
32589,0.52631027
32590,0.0847434
32591,0.041574586
32592,0.043713227
32593,0.23625422
32594,0.056553777
32595,0.028616231
32596,0.04194671
32597,0.02097475
32598,0.040009435
32599,0.078829095
32600,0.2381466
32601,0.53324306
32602,0.4928819
32603,0.04203316
32604,0.064334646
32605,0.07970292
32606,0.08684188
32607,0.05059524
32608,0.041164782
32609,0.05712382
32610,0.06628653
32611,0.03544042
32612,0.49638727
32613,0.077616446
32614,0.2371924
32615,0.4603004
32616,0.07952734
32617,0.019711116
32618,0.494665
32619,0.048161816
32620,0.24999417
32621,0.04608205
32622,0.04499181
32623,0.03420865
32624,0.05990498
32625,0.06772028
32626,0.2268619
32627,0.21960439
32628,0.0325865
32629,0.038646273
32630,0.061932765
32631,0.25968146
32632,0.04220081
32633,0.030244118
32634,0.050541267
32635,0.053339932
32636,0.06365135
32637,0.033970825
32638,0.039155006
32639,0.0061555854
32640,0.040047932
32641,0.051780093
32642,0.2427995
32643,0.051508438
32644,0.3765758
32645,0.050041325
32646,0.03956288
32647,0.023183206
32648,0.014604257
32649,0.46585792
32650,0.07721682
32651,0.06363035
32652,0.52098083
32653,0.44717637
32654,0.061741352
32655,0.047093906
32656,0.016862808
32657,0.014569528
32658,0.03626915
32659,0.05947352
32660,0.22101732
32661,0.23874679
32662,0.44390377
32663,0.15247758
32664,0.041982356
32665,0.03047467
32666,0.024979826
32667,0.033905018
32668,0.24200763
32669,0.017757395
32670,0.041369792
32671,0.010098584
32672,0.0102170035
32673,0.057559595
32674,0.04193975
32675,0.026357094
32676,0.23861583
32677,0.4263295
32678,0.06423947
32679,0.019145856
32680,0.040419895
32681,0.05178927
32682,0.027893228
32683,0.073482975
32684,0.096670814
32685,0.06757468
32686,0.068523586
32687,0.051595587
32688,0.030331755
32689,0.030208606
32690,0.03461328
32691,0.065437295
32692,0.04603382
32693,0.21407756
32694,0.013135902
32695,0.03516763
32696,0.026907343
32697,0.016247164
32698,0.014282282
32699,0.02219407
32700,0.040318366
32701,0.023380235
32702,0.0570238
32703,0.39238697
32704,0.36999732
32705,0.041274488
32706,0.037741847
32707,0.06689298
32708,0.056894913
32709,0.0136729395
32710,0.049569227
32711,0.0143119525
32712,0.029215459
32713,0.23503429
32714,0.026240557
32715,0.023117395
32716,0.030677404
32717,0.052046176
32718,0.05180824
32719,0.37590083
32720,0.34646353
32721,0.37711635
32722,0.05189093
32723,0.03759684
32724,0.016754417
32725,0.04697063
32726,0.04139971
32727,0.22635797
32728,0.042161483
32729,0.58513266
32730,0.0710585
32731,0.01994304
32732,0.07055748
32733,0.04556091
32734,0.04451552
32735,0.018232748
32736,0.009811605
32737,0.04915813
32738,0.02670884
32739,0.017198395
32740,0.062001493
32741,0.041400764
32742,0.20756589
32743,0.05055548
32744,0.06814908
32745,0.2278888
32746,0.42598137
32747,0.04861081
32748,0.020922227
32749,0.06302742
32750,0.0146337375
32751,0.03901764
32752,0.025700556
32753,0.009667424
32754,0.064543776
32755,0.04741745
32756,0.07429775
32757,0.039722115
32758,0.06847792
32759,0.038526773
32760,0.048144694
32761,0.034712557
32762,0.016230127
32763,0.078334056
32764,0.056134272
32765,0.030408222
32766,0.015456573
32767,0.021457503
32768,0.033460505
32769,0.048380204
32770,0.056111265
32771,0.078474656
32772,0.065740906
32773,0.39596507
32774,0.22537889
32775,0.2263299
32776,0.010484222
32777,0.064315945
32778,0.046532486
32779,0.03968876
32780,0.06266507
32781,0.041754346
32782,0.036518663
32783,0.011600956
32784,0.04558783
32785,0.06519566
32786,0.032418225
32787,0.04696745
32788,0.01159041
32789,0.056817625
32790,0.013017649
32791,0.035412855
32792,0.0700612
32793,0.04970869
32794,0.076055914
32795,0.51457375
32796,0.065610215
32797,0.21964724
32798,0.050604355
32799,0.05812865
32800,0.056334745
32801,0.06369669
32802,0.04563248
32803,0.009825541
32804,0.018052451
32805,0.25174305
32806,0.0560675
32807,0.06208297
32808,0.050313488
32809,0.06099588
32810,0.026282692
32811,0.018191012
32812,0.019876895
32813,0.036618467
32814,0.41550985
32815,0.052536536
32816,0.041470107
32817,0.068672426
32818,0.5849376
32819,0.063435145
32820,0.013121895
32821,0.21485032
32822,0.046029452
32823,0.097101904
32824,0.2506826
32825,0.05274146
32826,0.018730871
32827,0.042247128
32828,0.04092469
32829,0.06699581
32830,0.23325789
32831,0.039405003
32832,0.24140579
32833,0.06486138
32834,0.007686844
32835,0.056826495
32836,0.01766455
32837,0.044743467
32838,0.05376477
32839,0.014485506
32840,0.073399186
32841,0.079839155
32842,0.22974524
32843,0.06183052
32844,0.030249203
32845,0.06851725
32846,0.08107566
32847,0.24193838
32848,0.045818154
32849,0.008285005
32850,0.042531915
32851,0.018165244
32852,0.05369362
32853,0.50922686
32854,0.036268923
32855,0.086915545
32856,0.4991468
32857,0.23570992
32858,0.017801234
32859,0.016739616
32860,0.01197959
32861,0.038365204
32862,0.045805328
32863,0.35957417
32864,0.36243507
32865,0.05866374
32866,0.062175367
32867,0.086713165
32868,0.08054759
32869,0.077049226
32870,0.08765016
32871,0.4040133
32872,0.06360727
32873,0.039597552
32874,0.06580737
32875,0.044607524
32876,0.098837614
32877,0.6067348
32878,0.040665727
32879,0.38994738
32880,0.013835537
32881,0.04193697
32882,0.26374704
32883,0.01365952
32884,0.043648887
32885,0.057539765
32886,0.015623437
32887,0.039221656
32888,0.41734946
32889,0.036532708
32890,0.058812153
32891,0.40449628
32892,0.077382445
32893,0.08763699
32894,0.3962864
32895,0.11287985
32896,0.042127043
32897,0.09404593
32898,0.06750426
32899,0.074130386
32900,0.7225783
32901,0.47782263
32902,0.49506402
32903,0.022745246
32904,0.22878698
32905,0.052438647
32906,0.026166605
32907,0.018674428
32908,0.010722423
32909,0.015824368
32910,0.04680577
32911,0.010089394
32912,0.030024812
32913,0.046800334
32914,0.06585869
32915,0.06451436
32916,0.06705551
32917,0.06467816
32918,0.22888702
32919,0.22248636
32920,0.027029527
32921,0.06932164
32922,0.23801671
32923,0.016914262
32924,0.04874422
32925,0.55810624
32926,0.5163853
32927,0.6620186
32928,0.005785703
32929,0.016050072
32930,0.06465053
32931,0.5132207
32932,0.06290957
32933,0.051426996
32934,0.046577375
32935,0.04952425
32936,0.04207379
32937,0.010686549
32938,0.38898954
32939,0.016219324
32940,0.02889166
32941,0.066128775
32942,0.06739791
32943,0.042845212
32944,0.042020757
32945,0.38467532
32946,0.20999312
32947,0.025091605
32948,0.075055644
32949,0.066213004
32950,0.06763341
32951,0.57284
32952,0.65041727
32953,0.6765662
32954,0.009490532
32955,0.013795792
32956,0.05180471
32957,0.025881734
32958,0.39800054
32959,0.06444787
32960,0.24772401
32961,0.038141478
32962,0.06567629
32963,0.017417153
32964,0.065437295
32965,0.066550456
32966,0.22957458
32967,0.083387285
32968,0.46009845
32969,0.45601386
32970,0.22447267
32971,0.0776097
32972,0.06206132
32973,0.04879985
32974,0.06905211
32975,0.03948218
32976,0.030849928
32977,0.07786137
32978,0.07757785
32979,0.05175464
32980,0.07169455
32981,0.02211948
32982,0.6573422
32983,0.59971833
32984,0.6713944
32985,0.073944926
32986,0.04196884
32987,0.22740212
32988,0.39518964
32989,0.026342986
32990,0.0151871415
32991,0.015683863
32992,0.032403685
32993,0.06571231
32994,0.04164153
32995,0.39091867
32996,0.7337952
32997,0.055768568
32998,0.06602515
32999,0.064543776
33000,0.08055946
33001,0.0560675
33002,0.22631831
33003,0.21965851
33004,0.06449001
33005,0.068076774
33006,0.06663995
33007,0.03982531
33008,0.020116124
33009,0.5224553
33010,0.41143695
33011,0.23585801
33012,0.05933275
33013,0.02635573
33014,0.07209362
33015,0.057363752
33016,0.0964909
33017,0.0285376
33018,0.040114533
33019,0.039916903
33020,0.017151477
33021,0.038691502
33022,0.039483543
33023,0.38471004
33024,0.2669636
33025,0.25573903
33026,0.08315593
33027,0.07082921
33028,0.08728407
33029,0.083706625
33030,0.54290444
33031,0.049791783
33032,0.028147476
33033,0.03539534
33034,0.029926041
33035,0.0811634
33036,0.079968296
33037,0.08105922
33038,0.4879189
33039,0.25159487
33040,0.081535034
33041,0.687705
33042,0.23071282
33043,0.22949193
33044,0.2372767
33045,0.019695057
33046,0.047029123
33047,0.46274063
33048,0.051745266
33049,0.03247408
33050,0.034161184
33051,0.040789478
33052,0.07649429
33053,0.39818573
33054,0.3699942
33055,0.25963268
33056,0.40735736
33057,0.084541716
33058,0.080260344
33059,0.41196868
33060,0.025162032
33061,0.080345474
33062,0.058333922
33063,0.04282612
33064,0.45851344
33065,0.25184274
33066,0.046377104
33067,0.45820862
33068,0.4092223
33069,0.06473855
33070,0.07127447
33071,0.06322094
33072,0.009946484
33073,0.017482894
33074,0.027524224
33075,0.046552636
33076,0.06564194
33077,0.06601939
33078,0.07762583
33079,0.40493697
33080,0.6551516
33081,0.4141896
33082,0.25819415
33083,0.58201426
33084,0.0672992
33085,0.056791272
33086,0.057946436
33087,0.07617828
33088,0.35638988
33089,0.051826082
33090,0.02635035
33091,0.051004734
33092,0.07780703
33093,0.016262805
33094,0.04082265
33095,0.06736463
33096,0.019931879
33097,0.01355894
33098,0.056560263
33099,0.04529373
33100,0.059221067
33101,0.38326845
33102,0.23363961
33103,0.393813
33104,0.6451011
33105,0.628354
33106,0.25138393
33107,0.21725428
33108,0.0412461
33109,0.018659564
33110,0.042029943
33111,0.069198884
33112,0.030910699
33113,0.58522695
33114,0.042585257
33115,0.015851138
33116,0.04950651
33117,0.04268257
33118,0.06752932
33119,0.036470253
33120,0.041815422
33121,0.015916737
33122,0.040182397
33123,0.018629875
33124,0.01406766
33125,0.026156368
33126,0.063956276
33127,0.06708153
33128,0.54312104
33129,0.39983505
33130,0.38450867
33131,0.6870562
33132,0.43566284
33133,0.510926
33134,0.08479538
33135,0.0368883
33136,0.030700143
33137,0.03347387
33138,0.039333712
33139,0.04075832
33140,0.033994116
33141,0.051014967
33142,0.45041636
33143,0.06580737
33144,0.405734
33145,0.028379463
33146,0.06742172
33147,0.075954735
33148,0.07969863
33149,0.23882519
33150,0.041257225
33151,0.028590359
33152,0.03960263
33153,0.09233771
33154,0.73237014
33155,0.36115593
33156,0.513029
33157,0.4175362
33158,0.25345528
33159,0.08100852
33160,0.21996601
33161,0.04036274
33162,0.020968067
33163,0.037241872
33164,0.027913466
33165,0.07881074
33166,0.07688703
33167,0.064220935
33168,0.25509682
33169,0.026269065
33170,0.056287125
33171,0.2547173
33172,0.03870499
33173,0.010361362
33174,0.070203245
33175,0.37994787
33176,0.028921587
33177,0.3739419
33178,0.08017216
33179,0.056108464
33180,0.066390865
33181,0.06588368
33182,0.059908785
33183,0.035400964
33184,0.077054515
33185,0.071402445
33186,0.039315134
33187,0.02999996
33188,0.07197673
33189,0.010094932
33190,0.06643515
33191,0.037731968
33192,0.030792467
33193,0.07636581
33194,0.032483272
33195,0.04054917
33196,0.038312864
33197,0.07989369
33198,0.41089213
33199,0.46200064
33200,0.072766066
33201,0.022658527
33202,0.017254857
33203,0.026939044
33204,0.045260802
33205,0.05267949
33206,0.082109965
33207,0.011902935
33208,0.029208317
33209,0.029147625
33210,0.017710345
33211,0.024688488
33212,0.006680186
33213,0.05778888
33214,0.06473156
33215,0.4080514
33216,0.012620323
33217,0.01567948
33218,0.03027336
33219,0.056077085
33220,0.0655569
33221,0.4584481
33222,0.07197677
33223,0.01155267
33224,0.009049792
33225,0.22902572
33226,0.011834845
33227,0.034581136
33228,0.01363362
33229,0.057148978
33230,0.07461073
33231,0.044743467
33232,0.016252318
33233,0.009839263
33234,0.25496587
33235,0.030432658
33236,0.012509622
33237,0.025119944
33238,0.08048796
33239,0.050526325
33240,0.0369797
33241,0.015769672
33242,0.026185397
33243,0.0505048
33244,0.36832145
33245,0.028244909
33246,0.017183177
33247,0.02822871
33248,0.03938601
33249,0.04931792
33250,0.08208521
33251,0.052122828
33252,0.4125253
33253,0.06574904
33254,0.029233342
33255,0.013717432
33256,0.04163515
33257,0.042434994
33258,0.027262216
33259,0.38550466
33260,0.016275745
33261,0.086051606
33262,0.016252788
33263,0.06488527
33264,0.041616485
33265,0.43445927
33266,0.6736755
33267,0.21331848
33268,0.06545204
33269,0.012609679
33270,0.06445159
33271,0.043490376
33272,0.040831525
33273,0.065511875
33274,0.062199797
33275,0.06756408
33276,0.6911849
33277,0.016979577
33278,0.05963911
33279,0.060878236
33280,0.05929838
33281,0.016081246
33282,0.090721644
33283,0.45628497
33284,0.057405215
33285,0.23076862
33286,0.023712602
33287,0.01607662
33288,0.058089323
33289,0.020098802
33290,0.060847215
33291,0.027974991
33292,0.023253666
33293,0.044751093
33294,0.048101038
33295,0.025627807
33296,0.047697872
33297,0.08648836
33298,0.03457897
33299,0.039045192
33300,0.013677662
33301,0.03083056
33302,0.06492898
33303,0.068529226
33304,0.020253561
33305,0.023134401
33306,0.047434576
33307,0.58522695
33308,0.051498417
33309,0.06852624
33310,0.041303594
33311,0.035340548
33312,0.041224774
33313,0.042082246
33314,0.011919184
33315,0.015728245
33316,0.4448681
33317,0.025579099
33318,0.005997171
33319,0.008016641
33320,0.042037603
33321,0.21858445
33322,0.018551452
33323,0.069943994
33324,0.0391338
33325,0.025560424
33326,0.0060699615
33327,0.39134195
33328,0.026170284
33329,0.018005278
33330,0.009894558
33331,0.018869642
33332,0.040667064
33333,0.008969855
33334,0.029157113
33335,0.081697755
33336,0.051742516
33337,0.011995028
33338,0.051482745
33339,0.079838395
33340,0.06614077
33341,0.058327116
33342,0.05181929
33343,0.026059182
33344,0.04463755
33345,0.014466197
33346,0.05106678
33347,0.08349069
33348,0.07621199
33349,0.007198755
33350,0.010000157
33351,0.030449228
33352,0.01741371
33353,0.013374178
33354,0.021544648
33355,0.046592016
33356,0.042965654
33357,0.07344695
33358,0.07674492
33359,0.39703715
33360,0.0100543825
33361,0.009622833
33362,0.024984753
33363,0.010461725
33364,0.013900937
33365,0.01283701
33366,0.030024735
33367,0.009255965
33368,0.051920183
33369,0.026217267
33370,0.04071254
33371,0.0119820265
33372,0.015423965
33373,0.041356217
33374,0.013138358
33375,0.01151433
33376,0.009057288
33377,0.069173045
33378,0.024158062
33379,0.04185141
33380,0.030426858
33381,0.014181417
33382,0.064732686
33383,0.011696285
33384,0.0051398827
33385,0.008767333
33386,0.37583232
33387,0.050362196
33388,0.051126022
33389,0.05111923
33390,0.013250763
33391,0.06450931
33392,0.019199993
33393,0.0098925335
33394,0.061440565
33395,0.012888913
33396,0.06864131
33397,0.07475808
33398,0.03040985
33399,0.03088042
33400,0.026296725
33401,0.02614409
33402,0.013276891
33403,0.00737678
33404,0.030480066
33405,0.009826183
33406,0.010185923
33407,0.008352792
33408,0.06251574
33409,0.048350908
33410,0.23840818
33411,0.020088209
33412,0.023155792
33413,0.02942115
33414,0.0074264742
33415,0.042453665
33416,0.017586997
33417,0.025667474
33418,0.03072536
33419,0.008986543
33420,0.028392991
33421,0.23888102
33422,0.23136161
33423,0.017425206
33424,0.065212674
33425,0.012582217
33426,0.022940824
33427,0.01867566
33428,0.008369285
33429,0.019061694
33430,0.034874517
33431,0.048780702
33432,0.026180003
33433,0.032113113
33434,0.036106966
33435,0.037149943
33436,0.039506774
33437,0.06669873
33438,0.04130965
33439,0.02959132
33440,0.38690048
33441,0.041116428
33442,0.058782045
33443,0.041893892
33444,0.24144842
33445,0.23028661
33446,0.041638188
33447,0.2568238
33448,0.059942685
33449,0.42599756
33450,0.07835427
33451,0.054213583
33452,0.06595772
33453,0.012364622
33454,0.24269262
33455,0.5534111
33456,0.23186094
33457,0.041573726
33458,0.040413674
33459,0.23985164
33460,0.054270722
33461,0.011180708
33462,0.027492847
33463,0.040112138
33464,0.015458293
33465,0.012459705
33466,0.07374265
33467,0.2406301
33468,0.5135802
33469,0.4702961
33470,0.041030932
33471,0.06119395
33472,0.074607
33473,0.08300202
33474,0.049047537
33475,0.039539747
33476,0.05566127
33477,0.06271247
33478,0.034714427
33479,0.42616728
33480,0.22798741
33481,0.3614942
33482,0.52696097
33483,0.22982915
33484,0.43951654
33485,0.046887305
33486,0.07985572
33487,0.045090437
33488,0.043805048
33489,0.033417247
33490,0.058074124
33491,0.029459389
33492,0.06482852
33493,0.07031781
33494,0.063140064
33495,0.031917322
33496,0.036663253
33497,0.060708396
33498,0.24824865
33499,0.040559687
33500,0.028042419
33501,0.049636263
33502,0.051401407
33503,0.06007011
33504,0.038300615
33505,0.040387306
33506,0.025981516
33507,0.049735002
33508,0.079798
33509,0.049626578
33510,0.08274567
33511,0.022509249
33512,0.04895797
33513,0.03830143
33514,0.45168543
33515,0.07166292
33516,0.05889719
33517,0.50444764
33518,0.4576529
33519,0.0049284846
33520,0.06015001
33521,0.042907722
33522,0.016458629
33523,0.025681308
33524,0.014124173
33525,0.03586055
33526,0.06008657
33527,0.058018558
33528,0.06657458
33529,0.25905588
33530,0.48961848
33531,0.37272313
33532,0.04055493
33533,0.029753255
33534,0.024167024
33535,0.033522554
33536,0.24292642
33537,0.039889716
33538,0.056509316
33539,0.025678167
33540,0.0836468
33541,0.5208702
33542,0.22160348
33543,0.01771157
33544,0.01951323
33545,0.03947706
33546,0.049717497
33547,0.02768373
33548,0.072750024
33549,0.084212154
33550,0.06493226
33551,0.066880204
33552,0.04712697
33553,0.035408754
33554,0.029778587
33555,0.028515816
33556,0.03350251
33557,0.06264138
33558,0.04679607
33559,0.21958384
33560,0.012347694
33561,0.034953017
33562,0.024024313
33563,0.014637991
33564,0.013399966
33565,0.022570428
33566,0.039195754
33567,0.022524284
33568,0.054333895
33569,0.3991416
33570,0.38433865
33571,0.040045448
33572,0.037555296
33573,0.03582253
33574,0.06394291
33575,0.055581775
33576,0.048222013
33577,0.013712883
33578,0.028532896
33579,0.012222938
33580,0.2402907
33581,0.025516264
33582,0.022670962
33583,0.029718028
33584,0.0052715437
33585,0.0500346
33586,0.049588095
33587,0.3557246
33588,0.39388224
33589,0.40148163
33590,0.050386954
33591,0.037283454
33592,0.015244261
33593,0.04492715
33594,0.041116428
33595,0.22912909
33596,0.039732113
33597,0.5314506
33598,0.07132287
33599,0.0193143
33600,0.06681527
33601,0.044813193
33602,0.043553583
33603,0.016240025
33604,0.009290375
33605,0.0109258685
33606,0.049120292
33607,0.012156219
33608,0.01580279
33609,0.060602136
33610,0.040246144
33611,0.057367817
33612,0.04890443
33613,0.06442535
33614,0.23226193
33615,0.3949314
33616,0.050324723
33617,0.020300299
33618,0.060461547
33619,0.013956135
33620,0.03796491
33621,0.024831923
33622,0.062014252
33623,0.04721708
33624,0.07650723
33625,0.038432315
33626,0.06475112
33627,0.04699284
33628,0.033297632
33629,0.014584476
33630,0.016919613
33631,0.07602232
33632,0.028661247
33633,0.054395765
33634,0.029763302
33635,0.009519969
33636,0.019662466
33637,0.033480596
33638,0.047927465
33639,0.05463012
33640,0.070980616
33641,0.061889473
33642,0.39811432
33643,0.0704846
33644,0.22896296
33645,0.010926928
33646,0.061403565
33647,0.010179243
33648,0.043644365
33649,0.038641773
33650,0.059672624
33651,0.030897735
33652,0.041896146
33653,0.03647649
33654,0.044403583
33655,0.061893545
33656,0.047222704
33657,0.020392334
33658,0.02988362
33659,0.05626499
33660,0.012270222
33661,0.03460407
33662,0.067548186
33663,0.0486381
33664,0.07251207
33665,0.51192087
33666,0.06267421
33667,0.06803143
33668,0.04949986
33669,0.056315295
33670,0.054154746
33671,0.061408263
33672,0.044417743
33673,0.009331785
33674,0.013798157
33675,0.0177009
33676,0.253712
33677,0.05418677
33678,0.060383223
33679,0.048070848
33680,0.05910022
33681,0.025229704
33682,0.017495835
33683,0.019439384
33684,0.035885856
33685,0.42391664
33686,0.050366785
33687,0.0401001
33688,0.06382765
33689,0.65169466
33690,0.059882358
33691,0.013194595
33692,0.21910237
33693,0.0472545
33694,0.08291932
33695,0.24577974
33696,0.051873103
33697,0.040979616
33698,0.041656654
33699,0.06433947
33700,0.07691348
33701,0.037845884
33702,0.24253704
33703,0.06281332
33704,0.05547076
33705,0.013590844
33706,0.043738358
33707,0.051162187
33708,0.013305587
33709,0.07013067
33710,0.07615575
33711,0.22849832
33712,0.0592092
33713,0.02967751
33714,0.06551624
33715,0.07638181
33716,0.24272639
33717,0.045877554
33718,0.04166137
33719,0.01960362
33720,0.051500376
33721,0.56836534
33722,0.035734896
33723,0.08009004
33724,0.50993323
33725,0.23614536
33726,0.011306214
33727,0.010516758
33728,0.007652095
33729,0.03738038
33730,0.044420272
33731,0.37840426
33732,0.400197
33733,0.057628162
33734,0.05934797
33735,0.23169327
33736,0.23070037
33737,0.07669698
33738,0.08529291
33739,0.26106557
33740,0.05934437
33741,0.040332045
33742,0.06356333
33743,0.044444617
33744,0.2506872
33745,0.590109
33746,0.039256096
33747,0.40151015
33748,0.013298418
33749,0.040985815
33750,0.08701415
33751,0.019734137
33752,0.011434708
33753,0.04091899
33754,0.055577803
33755,0.014842781
33756,0.039680727
33757,0.392076
33758,0.03705894
33759,0.057621147
33760,0.3907815
33761,0.07511218
33762,0.08125589
33763,0.40145552
33764,0.39042783
33765,0.03199975
33766,0.08662585
33767,0.06456462
33768,0.07075881
33769,0.6673469
33770,0.42666176
33771,0.24816184
33772,0.022499666
33773,0.23232262
33774,0.050119616
33775,0.02631058
33776,0.018258037
33777,0.010227872
33778,0.045834128
33779,0.007651179
33780,0.009677669
33781,0.03008579
33782,0.04612898
33783,0.06301147
33784,0.06178158
33785,0.0644819
33786,0.06281558
33787,0.07623973
33788,0.06478851
33789,0.065437354
33790,0.237564
33791,0.015150788
33792,0.046086702
33793,0.5490846
33794,0.66803265
33795,0.66011536
33796,0.025520585
33797,0.061762273
33798,0.14244808
33799,0.061663054
33800,0.050378803
33801,0.0075624576
33802,0.04512394
33803,0.049732804
33804,0.04120037
33805,0.008919633
33806,0.39678457
33807,0.015426399
33808,0.02825034
33809,0.063760795
33810,0.06405617
33811,0.041710824
33812,0.040785413
33813,0.3723284
33814,0.061215803
33815,0.02322657
33816,0.07230025
33817,0.064428724
33818,0.063848235
33819,0.64154625
33820,0.568841
33821,0.60363275
33822,0.05030924
33823,0.02468375
33824,0.40286058
33825,0.06252456
33826,0.24026601
33827,0.038296975
33828,0.06316753
33829,0.017058427
33830,0.06154041
33831,0.064428724
33832,0.07555826
33833,0.080784015
33834,0.4567882
33835,0.48879865
33836,0.07740813
33837,0.072499745
33838,0.06024349
33839,0.04699041
33840,0.06637983
33841,0.037805695
33842,0.030936157
33843,0.021182729
33844,0.07424055
33845,0.07710154
33846,0.049411383
33847,0.064411744
33848,0.022556946
33849,0.5908912
33850,0.6667663
33851,0.6464754
33852,0.07097373
33853,0.042250007
33854,0.22555561
33855,0.36822408
33856,0.024444941
33857,0.015601992
33858,0.0147607615
33859,0.06258702
33860,0.040710606
33861,0.40322587
33862,0.51490414
33863,0.053898953
33864,0.06269123
33865,0.061626807
33866,0.08346421
33867,0.055270903
33868,0.22580458
33869,0.22298034
33870,0.033874754
33871,0.06264262
33872,0.06478782
33873,0.06425142
33874,0.039964054
33875,0.01982834
33876,0.4503971
33877,0.3792739
33878,0.2336237
33879,0.05797952
33880,0.025265437
33881,0.06668185
33882,0.055146098
33883,0.08243711
33884,0.027398717
33885,0.03830533
33886,0.03887556
33887,0.014562181
33888,0.037713733
33889,0.039157562
33890,0.35901064
33891,0.71317005
33892,0.08231048
33893,0.24135894
33894,0.0674843
33895,0.07883038
33896,0.07665967
33897,0.5201624
33898,0.04775615
33899,0.02773526
33900,0.034549452
33901,0.029318677
33902,0.075648
33903,0.081055894
33904,0.078352414
33905,0.53931564
33906,0.25114945
33907,0.07746407
33908,0.68421483
33909,0.07452956
33910,0.015686357
33911,0.22991502
33912,0.24461469
33913,0.01923786
33914,0.045681268
33915,0.24075387
33916,0.049953587
33917,0.032894835
33918,0.03300731
33919,0.039495375
33920,0.07974408
33921,0.39126036
33922,0.40037143
33923,0.26423705
33924,0.42560494
33925,0.079304524
33926,0.07777298
33927,0.14474842
33928,0.021297546
33929,0.024601437
33930,0.07697384
33931,0.056686763
33932,0.040629897
33933,0.44700608
33934,0.2588791
33935,0.04520832
33936,0.4709787
33937,0.25100502
33938,0.061931603
33939,0.0652302
33940,0.061570067
33941,0.041619055
33942,0.009562602
33943,0.026449172
33944,0.045399807
33945,0.06172979
33946,0.06183511
33947,0.0732829
33948,0.42511034
33949,0.6894444
33950,0.41767132
33951,0.24611406
33952,0.60053915
33953,0.06296258
33954,0.056169957
33955,0.057219286
33956,0.072664976
33957,0.24313062
33958,0.050306015
33959,0.02272813
33960,0.04931725
33961,0.07238546
33962,0.03944247
33963,0.06441635
33964,0.03601687
33965,0.017524993
33966,0.018498437
33967,0.011787133
33968,0.029758824
33969,0.05388958
33970,0.04561792
33971,0.057895444
33972,0.4047803
33973,0.23742366
33974,0.36786225
33975,0.59764063
33976,0.6440733
33977,0.24673003
33978,0.066758364
33979,0.040238306
33980,0.016935948
33981,0.04135181
33982,0.06653372
33983,0.03048775
33984,0.6174238
33985,0.041310996
33986,0.014838188
33987,0.04817309
33988,0.04163471
33989,0.21949363
33990,0.035786718
33991,0.040680733
33992,0.015251998
33993,0.038961034
33994,0.020004
33995,0.025669646
33996,0.061235297
33997,0.064274125
33998,0.51209295
33999,0.4108461
34000,0.36347035
34001,0.6898703
34002,0.41980764
34003,0.44487184
34004,0.08005716
34005,0.036203314
34006,0.030402368
34007,0.03315305
34008,0.04011961
34009,0.03983977
34010,0.03315188
34011,0.049656887
34012,0.52421576
34013,0.06252
34014,0.37846574
34015,0.027400352
34016,0.065152794
34017,0.07213871
34018,0.07452867
34019,0.24123952
34020,0.040164564
34021,0.02779056
34022,0.038214717
34023,0.07752091
34024,0.56159407
34025,0.37677768
34026,0.5043553
34027,0.3631251
34028,0.25031787
34029,0.07715311
34030,0.21757902
34031,0.040296912
34032,0.015466627
34033,0.020316865
34034,0.011000315
34035,0.03575949
34036,0.027212288
34037,0.069878936
34038,0.073017776
34039,0.060819067
34040,0.25716543
34041,0.022265388
34042,0.05504582
34043,0.24933785
34044,0.037257858
34045,0.010980332
34046,0.014850664
34047,0.06691142
34048,0.23317216
34049,0.027573822
34050,0.37427515
34051,0.24106087
34052,0.05428309
34053,0.062734276
34054,0.038540866
34055,0.06285075
34056,0.057689212
34057,0.0347088
34058,0.07351969
34059,0.06660957
34060,0.03815365
34061,0.008661613
34062,0.22048369
34063,0.010408684
34064,0.062409863
34065,0.030761335
34066,0.07482969
34067,0.03214242
34068,0.03928146
34069,0.037383452
34070,0.084475495
34071,0.24123193
34072,0.5218703
34073,0.06615906
34074,0.014799865
34075,0.016207127
34076,0.017246423
34077,0.026090078
34078,0.04407052
34079,0.05084709
34080,0.07503701
34081,0.012045026
34082,0.029073969
34083,0.013293739
34084,0.028472701
34085,0.016640687
34086,0.009180862
34087,0.024910742
34088,0.05564758
34089,0.060643278
34090,0.36519438
34091,0.01218266
34092,0.014477071
34093,0.029703641
34094,0.05411795
34095,0.06222201
34096,0.49942988
34097,0.067076445
34098,0.22906634
34099,0.011234312
34100,0.03373017
34101,0.013940928
34102,0.05423166
34103,0.07178421
34104,0.043648362
34105,0.009820452
34106,0.009841346
34107,0.015592677
34108,0.009632653
34109,0.25038448
34110,0.02950598
34111,0.013262294
34112,0.02435391
34113,0.074865796
34114,0.050004214
34115,0.036362987
34116,0.014982084
34117,0.025213717
34118,0.049018156
34119,0.3703692
34120,0.027638914
34121,0.015373487
34122,0.027233507
34123,0.03831691
34124,0.04719174
34125,0.24558797
34126,0.050109006
34127,0.24038804
34128,0.06260127
34129,0.028027961
34130,0.013030037
34131,0.040889062
34132,0.04073428
34133,0.026958242
34134,0.39746946
34135,0.08193327
34136,0.015626786
34137,0.062017076
34138,0.03975529
34139,0.009569602
34140,0.42660013
34141,0.60458046
34142,0.22055852
34143,0.06208935
34144,0.012176103
34145,0.060583703
34146,0.041071966
34147,0.03896026
34148,0.06256709
34149,0.060130436
34150,0.06410272
34151,0.59322184
34152,0.01639612
34153,0.058004346
34154,0.013466071
34155,0.060425863
34156,0.057825875
34157,0.015231841
34158,0.076148346
34159,0.4430729
34160,0.055554237
34161,0.23385875
34162,0.024286266
34163,0.0570017
34164,0.019424709
34165,0.05791415
34166,0.026091801
34167,0.022354629
34168,0.04383113
34169,0.047246806
34170,0.024254344
34171,0.016660918
34172,0.04450515
34173,0.020613901
34174,0.07708686
34175,0.03398681
34176,0.03804507
34177,0.013298418
34178,0.0301204
34179,0.06170111
34180,0.06782015
34181,0.04607332
34182,0.6876903
34183,0.04961598
34184,0.063987136
34185,0.041447807
34186,0.034052044
34187,0.039980385
34188,0.04074814
34189,0.015205804
34190,0.4491039
34191,0.024932403
34192,0.0076407595
34193,0.0407596
34194,0.22239505
34195,0.016826306
34196,0.06666222
34197,0.038318876
34198,0.025040207
34199,0.040683698
34200,0.23840982
34201,0.025382312
34202,0.01756757
34203,0.018270975
34204,0.015018216
34205,0.03826534
34206,0.008436472
34207,0.027482633
34208,0.23873103
34209,0.049754035
34210,0.013475074
34211,0.04968819
34212,0.0743398
34213,0.06279521
34214,0.05613189
34215,0.05037231
34216,0.02451685
34217,0.04361159
34218,0.01449786
34219,0.049666125
34220,0.078680456
34221,0.07330635
34222,0.011987952
34223,0.015943749
34224,0.008603017
34225,0.013426473
34226,0.014266206
34227,0.013375896
34228,0.008404117
34229,0.020992314
34230,0.045484725
34231,0.041889768
34232,0.067113556
34233,0.008200358
34234,0.07426931
34235,0.38214368
34236,0.010249534
34237,0.008603734
34238,0.015018996
34239,0.016636264
34240,0.0077668214
34241,0.014700103
34242,0.028574882
34243,0.01557347
34244,0.01708413
34245,0.00848191
34246,0.0487497
34247,0.024823409
34248,0.03959137
34249,0.010793734
34250,0.040104248
34251,0.012571756
34252,0.010037151
34253,0.007702863
34254,0.06406151
34255,0.024960615
34256,0.04065318
34257,0.029753743
34258,0.06187897
34259,0.01562206
34260,0.010119481
34261,0.009383424
34262,0.36014232
34263,0.049018156
34264,0.04969841
34265,0.04955092
34266,0.011895444
34267,0.061505426
34268,0.019565672
34269,0.009516188
34270,0.059783995
34271,0.013222569
34272,0.06352056
34273,0.2289046
34274,0.024889715
34275,0.029916165
34276,0.02971054
34277,0.025364451
34278,0.025400253
34279,0.013713343
34280,0.029783389
34281,0.009677669
34282,0.05996706
34283,0.047179516
34284,0.00971079
34285,0.23732705
34286,0.022509249
34287,0.026860008
34288,0.012310166
34289,0.0041914796
34290,0.041628055
34291,0.016789006
34292,0.024856793
34293,0.01873421
34294,0.029546855
34295,0.009117224
34296,0.00957602
34297,0.027841052
34298,0.23925294
34299,0.07781487
34300,0.016828375
34301,0.061593305
34302,0.013590844
34303,0.018209407
34304,0.007888152
34305,0.041807275
34306,0.050428815
34307,0.041903537
34308,0.033486642
34309,0.037462365
34310,0.06986395
34311,0.042501844
34312,0.38872564
34313,0.04169055
34314,0.06783782
34315,0.040462494
34316,0.08700623
34317,0.39697352
34318,0.041941933
34319,0.25714862
34320,0.061291073
34321,0.41695246
34322,0.065584496
34323,0.07642965
34324,0.055261716
34325,0.027645675
34326,0.06953814
34327,0.38773158
34328,0.5766088
34329,0.23693165
34330,0.042552996
34331,0.041867595
34332,0.23748568
34333,0.056271575
34334,0.012653647
34335,0.028970193
34336,0.03578447
34337,0.015656032
34338,0.014245378
34339,0.07049674
34340,0.23964004
34341,0.45760095
34342,0.47917125
34343,0.042088397
34344,0.06327808
34345,0.07652866
34346,0.24226643
34347,0.050221786
34348,0.04079757
34349,0.05642271
34350,0.06488149
34351,0.035848662
34352,0.49810034
34353,0.23070832
34354,0.23928627
34355,0.5056612
34356,0.073188886
34357,0.021588456
34358,0.4815981
34359,0.051276386
34360,0.08087131
34361,0.04722396
34362,0.045217313
34363,0.03430762
34364,0.05923307
34365,0.064951256
34366,0.07254483
34367,0.064545974
34368,0.03322092
34369,0.038800802
34370,0.06069186
34371,0.24324392
34372,0.04164641
34373,0.049538046
34374,0.0525939
34375,0.06234148
34376,0.039278593
34377,0.04099026
34378,0.02677794
34379,0.05048785
34380,0.08423426
34381,0.05061206
34382,0.082608804
34383,0.023270108
34384,0.0499336
34385,0.03927954
34386,0.013873103
34387,0.016444739
34388,0.5259976
34389,0.076237455
34390,0.22199224
34391,0.4654758
34392,0.4583852
34393,0.06103011
34394,0.0471997
34395,0.01732542
34396,0.021402929
34397,0.0367728
34398,0.010561779
34399,0.060600437
34400,0.059608564
34401,0.06483959
34402,0.0810807
34403,0.51274496
34404,0.023419801
34405,0.348788
34406,0.040921
34407,0.030882942
34408,0.026146112
34409,0.24750695
34410,0.01867965
34411,0.04099026
34412,0.05656166
34413,0.025815599
34414,0.39021614
34415,0.54775375
34416,0.063849315
34417,0.019012088
34418,0.020966604
34419,0.040838223
34420,0.050408274
34421,0.07180304
34422,0.08992765
34423,0.06721752
34424,0.06615317
34425,0.050647575
34426,0.01134809
34427,0.009342744
34428,0.035799533
34429,0.03060764
34430,0.027714102
34431,0.03462584
34432,0.06419179
34433,0.04831966
34434,0.21490976
34435,0.012512953
34436,0.033499077
34437,0.026497087
34438,0.016684823
34439,0.014870803
34440,0.023431798
34441,0.039984107
34442,0.023937732
34443,0.057828307
34444,0.4103544
34445,0.38360274
34446,0.041508447
34447,0.03879189
34448,0.03616827
34449,0.06517233
34450,0.055966664
34451,0.04980077
34452,0.014631811
34453,0.012673352
34454,0.029856693
34455,0.07506221
34456,0.026613386
34457,0.030261705
34458,0.0060358006
34459,0.049108885
34460,0.047998667
34461,0.23346125
34462,0.21828337
34463,0.3808484
34464,0.05086947
34465,0.038551345
34466,0.017506434
34467,0.046305727
34468,0.041788604
34469,0.2253011
34470,0.04204526
34471,0.5444703
34472,0.068343624
34473,0.019836226
34474,0.068102494
34475,0.04550144
34476,0.044361334
34477,0.018426126
34478,0.0089151645
34479,0.012422471
34480,0.050732896
34481,0.009681495
34482,0.028097985
34483,0.01597168
34484,0.015593682
34485,0.060290933
34486,0.05887174
34487,0.050071258
34488,0.0639822
34489,0.23161785
34490,0.3797579
34491,0.050720353
34492,0.021548526
34493,0.062085647
34494,0.015174445
34495,0.03904155
34496,0.015395198
34497,0.026039548
34498,0.05942403
34499,0.0486488
34500,0.070538945
34501,0.03974481
34502,0.06801472
34503,0.03862897
34504,0.04920529
34505,0.033760827
34506,0.017180525
34507,0.07189125
34508,0.031125788
34509,0.055042554
34510,0.029436616
34511,0.010796373
34512,0.02169413
34513,0.034749005
34514,0.048679825
34515,0.056256186
34516,0.0728157
34517,0.06488295
34518,0.36453316
34519,0.23011523
34520,0.22525333
34521,0.011189929
34522,0.062658556
34523,0.011239239
34524,0.045672778
34525,0.03953574
34526,0.0620866
34527,0.04145063
34528,0.03584531
34529,0.045871217
34530,0.063049816
34531,0.04795611
34532,0.031545877
34533,0.019443218
34534,0.05586315
34535,0.013990737
34536,0.035748675
34537,0.070159286
34538,0.05029765
34539,0.07427231
34540,0.59792143
34541,0.06291433
34542,0.06816209
34543,0.05032909
34544,0.057579316
34545,0.055710692
34546,0.061577395
34547,0.046076372
34548,0.010496187
34549,0.2560019
34550,0.05516793
34551,0.060082156
34552,0.048385266
34553,0.0600943
34554,0.026988834
34555,0.018894153
34556,0.020434516
34557,0.036791183
34558,0.39069468
34559,0.05231651
34560,0.04070425
34561,0.06561803
34562,0.57899
34563,0.062513955
34564,0.013999017
34565,0.06750096
34566,0.045043156
34567,0.08020277
34568,0.43126953
34569,0.05119408
34570,0.01936762
34571,0.042754743
34572,0.047599535
34573,0.065402046
34574,0.08003107
34575,0.03876003
34576,0.07853366
34577,0.063363135
34578,0.056339763
34579,0.044760816
34580,0.052551337
34581,0.01474573
34582,0.070977345
34583,0.07778081
34584,0.2254789
34585,0.05985915
34586,0.029941099
34587,0.0664035
34588,0.08291488
34589,0.23854084
34590,0.047538076
34591,0.043393526
34592,0.020940267
34593,0.00964868
34594,0.052801732
34595,0.5255862
34596,0.03672962
34597,0.07382656
34598,0.518796
34599,0.23075774
34600,0.012491636
34601,0.010665397
34602,0.015427225
34603,0.03872525
34604,0.04445989
34605,0.41324496
34606,0.40783083
34607,0.05732336
34608,0.061224233
34609,0.2363844
34610,0.07503531
34611,0.07296764
34612,0.080099165
34613,0.24779423
34614,0.061636075
34615,0.04210974
34616,0.065302595
34617,0.04584623
34618,0.24914977
34619,0.6564501
34620,0.040752493
34621,0.4073574
34622,0.014409345
34623,0.041952647
34624,0.25009868
34625,0.015103384
34626,0.012410479
34627,0.04270512
34628,0.057059787
34629,0.016953718
34630,0.039248798
34631,0.41089362
34632,0.039070502
34633,0.058233798
34634,0.23997356
34635,0.07406002
34636,0.25458157
34637,0.40862665
34638,0.398132
34639,0.2451465
34640,0.065141186
34641,0.07336067
34642,0.5913354
34643,0.45810422
34644,0.5167656
34645,0.023894621
34646,0.07666802
34647,0.04978332
34648,0.026388822
34649,0.019648513
34650,0.04738172
34651,0.008944459
34652,0.010902344
34653,0.030750383
34654,0.046502266
34655,0.06357037
34656,0.063273415
34657,0.06429402
34658,0.063201085
34659,0.07208733
34660,0.21823505
34661,0.027215613
34662,0.06807336
34663,0.41857004
34664,0.01795067
34665,0.048478894
34666,0.70903885
34667,0.6440339
34668,0.6462641
34669,0.063888624
34670,0.47251037
34671,0.06217614
34672,0.016882583
34673,0.05058384
34674,0.009483083
34675,0.046479933
34676,0.050775662
34677,0.041662414
34678,0.011389262
34679,0.39532176
34680,0.016730249
34681,0.029474119
34682,0.066201955
34683,0.06536082
34684,0.04286575
34685,0.042247683
34686,0.23142473
34687,0.061610594
34688,0.024439843
34689,0.071279824
34690,0.06755294
34691,0.066541426
34692,0.63586897
34693,0.5837781
34694,0.65692693
34695,0.01373028
34696,0.014831387
34697,0.0513648
34698,0.027182069
34699,0.008397943
34700,0.4086179
34701,0.06771844
34702,0.24640778
34703,0.039516725
34704,0.06391763
34705,0.06281125
34706,0.06566508
34707,0.07641256
34708,0.074614726
34709,0.4729068
34710,0.45041388
34711,0.0757662
34712,0.07571294
34713,0.061110098
34714,0.04908083
34715,0.06951022
34716,0.039710887
34717,0.03137054
34718,0.02211357
34719,0.073496684
34720,0.0728917
34721,0.05099398
34722,0.06717921
34723,0.02269882
34724,0.6515096
34725,0.6823025
34726,0.6669053
34727,0.07040124
34728,0.042313144
34729,0.22716437
34730,0.0117237745
34731,0.38020945
34732,0.026272913
34733,0.016536359
34734,0.014241898
34735,0.033046756
34736,0.06331698
34737,0.04251624
34738,0.40014285
34739,0.69914603
34740,0.05255447
34741,0.06369596
34742,0.0632365
34743,0.07536773
34744,0.054936323
34745,0.22952479
34746,0.064171724
34747,0.064235024
34748,0.06589385
34749,0.06631971
34750,0.04122053
34751,0.021335378
34752,0.52805114
34753,0.3777463
34754,0.23786253
34755,0.058900885
34756,0.026926065
34757,0.06867305
34758,0.056043558
34759,0.24534121
34760,0.028425504
34761,0.03938732
34762,0.040275484
34763,0.016324835
34764,0.039265893
34765,0.03975372
34766,0.40958193
34767,0.65577406
34768,0.25772595
34769,0.24486682
34770,0.06886958
34771,0.24302031
34772,0.07498655
34773,0.46110898
34774,0.048963238
34775,0.028640453
34776,0.03531332
34777,0.031433
34778,0.07503389
34779,0.23624279
34780,0.23420088
34781,0.54446316
34782,0.25150493
34783,0.08089918
34784,0.65118533
34785,0.2297762
34786,0.01488126
34787,0.22883539
34788,0.08279423
34789,0.020731084
34790,0.04707351
34791,0.09248296
34792,0.051262844
34793,0.032071058
34794,0.03331804
34795,0.039282404
34796,0.07479751
34797,0.4013921
34798,0.388136
34799,0.26005924
34800,0.24745417
34801,0.07721946
34802,0.07792355
34803,0.40395117
34804,0.026384618
34805,0.07639298
34806,0.054768737
34807,0.042872738
34808,0.50949275
34809,0.39276773
34810,0.04670125
34811,0.47116795
34812,0.40757325
34813,0.006748699
34814,0.06314081
34815,0.06583356
34816,0.06316511
34817,0.04254097
34818,0.010833557
34819,0.009633418
34820,0.02108075
34821,0.02818392
34822,0.045750096
34823,0.06405167
34824,0.062366217
34825,0.22932875
34826,0.4023494
34827,0.69118106
34828,0.41950136
34829,0.24906912
34830,0.18058163
34831,0.062246285
34832,0.0150791155
34833,0.05664375
34834,0.0581995
34835,0.2265846
34836,0.086930454
34837,0.05101312
34838,0.026342195
34839,0.050932456
34840,0.070928894
34841,0.04044312
34842,0.06385696
34843,0.035602704
34844,0.03093129
34845,0.0550516
34846,0.047234297
34847,0.058114942
34848,0.3879216
34849,0.23196562
34850,0.36012965
34851,0.74115294
34852,0.6372318
34853,0.25630423
34854,0.06986855
34855,0.042038552
34856,0.01950281
34857,0.04268583
34858,0.07004916
34859,0.030324152
34860,0.52133286
34861,0.041389525
34862,0.015565077
34863,0.049123447
34864,0.042787343
34865,0.37937576
34866,0.036203623
34867,0.042542275
34868,0.016102724
34869,0.041745827
34870,0.026316946
34871,0.062313814
34872,0.06466926
34873,0.52932066
34874,0.3947595
34875,0.22509825
34876,0.58209145
34877,0.39614844
34878,0.48561245
34879,0.08100485
34880,0.0369966
34881,0.03064661
34882,0.03424033
34883,0.04086376
34884,0.040321708
34885,0.034470215
34886,0.05061898
34887,0.5373456
34888,0.06298281
34889,0.251437
34890,0.028143313
34891,0.06639406
34892,0.22533657
34893,0.22731121
34894,0.2396078
34895,0.041080106
34896,0.028506296
34897,0.039553765
34898,0.07549334
34899,0.6680247
34900,0.37179133
34901,0.52315116
34902,0.4068069
34903,0.39094433
34904,0.07555451
34905,0.06305725
34906,0.0125092305
34907,0.020271156
34908,0.011446132
34909,0.03670383
34910,0.028158281
34911,0.071349405
34912,0.07487801
34913,0.06333272
34914,0.24307416
34915,0.0268745
34916,0.05636418
34917,0.38959387
34918,0.038920883
34919,0.015337839
34920,0.06806342
34921,0.23503919
34922,0.02923013
34923,0.22219592
34924,0.08227066
34925,0.05529585
34926,0.06454247
34927,0.032558735
34928,0.06454205
34929,0.06001286
34930,0.035634253
34931,0.23022287
34932,0.067989945
34933,0.038823146
34934,0.009603203
34935,0.2233204
34936,0.01129733
34937,0.0645677
34938,0.038800802
34939,0.030226184
34940,0.07114722
34941,0.033031672
34942,0.0403353
34943,0.038821064
34944,0.07619648
34945,0.2539091
34946,0.53841966
34947,0.067656524
34948,0.011202938
34949,0.015949147
34950,0.01786228
34951,0.028143402
34952,0.044361144
34953,0.05223241
34954,0.074790046
34955,0.0131926
34956,0.02917872
34957,0.01244646
34958,0.02970184
34959,0.024721118
34960,0.010865244
34961,0.026040493
34962,0.013138779
34963,0.05635338
34964,0.064528175
34965,0.3923421
34966,0.013377075
34967,0.016423404
34968,0.031032521
34969,0.055157587
34970,0.06409024
34971,0.4793246
34972,0.06871082
34973,0.23133636
34974,0.032583993
34975,0.056544524
34976,0.07289052
34977,0.04431322
34978,0.018061588
34979,0.016733363
34980,0.26083705
34981,0.030387694
34982,0.014194149
34983,0.014356386
34984,0.025642278
34985,0.07206053
34986,0.051241104
34987,0.03646118
34988,0.016519858
34989,0.025767615
34990,0.050856747
34991,0.41771185
34992,0.029026987
34993,0.005390677
34994,0.016312977
34995,0.029100362
34996,0.039511073
34997,0.049195495
34998,0.24229898
34999,0.0511855
35000,0.24781726
35001,0.063122325
35002,0.02898067
35003,0.014215931
35004,0.04097136
35005,0.04272845
35006,0.028113022
35007,0.4039397
35008,0.01676923
35009,0.24010701
35010,0.015052434
35011,0.06075831
35012,0.041131474
35013,0.25255263
35014,0.64029914
35015,0.22261907
35016,0.06409024
35017,0.013963398
35018,0.06323407
35019,0.042287707
35020,0.040576793
35021,0.063095026
35022,0.060782026
35023,0.06614711
35024,0.56211716
35025,0.017606732
35026,0.058979053
35027,0.0606493
35028,0.05902064
35029,0.016556082
35030,0.075170636
35031,0.4759831
35032,0.056353908
35033,0.22841714
35034,0.025189044
35035,0.057482254
35036,0.020372462
35037,0.059308764
35038,0.027663682
35039,0.022039825
35040,0.044090398
35041,0.048656337
35042,0.025387295
35043,0.017826881
35044,0.046944458
35045,0.016214198
35046,0.07508058
35047,0.0395167
35048,0.014493378
35049,0.030775644
35050,0.06284963
35051,0.065496616
35052,0.046659417
35053,0.60409045
35054,0.050669886
35055,0.22380112
35056,0.042429604
35057,0.035634253
35058,0.0412872
35059,0.04207998
35060,0.012646658
35061,0.016329797
35062,0.47612703
35063,0.026267778
35064,0.008996557
35065,0.006940047
35066,0.014114873
35067,0.041877836
35068,0.066159874
35069,0.018993413
35070,0.069525525
35071,0.038841818
35072,0.026221257
35073,0.04179023
35074,0.3872263
35075,0.025882857
35076,0.01831777
35077,0.006303635
35078,0.01000999
35079,0.040778425
35080,0.009197916
35081,0.029532917
35082,0.07550427
35083,0.051108267
35084,0.013630762
35085,0.05047047
35086,0.07359822
35087,0.06405772
35088,0.06025544
35089,0.051077925
35090,0.026613386
35091,0.04492913
35092,0.016483674
35093,0.050451167
35094,0.08531699
35095,0.07458661
35096,0.03078556
35097,0.011360137
35098,0.011374564
35099,0.018070452
35100,0.008550915
35101,0.013360468
35102,0.020208936
35103,0.014367482
35104,0.010020456
35105,0.021936672
35106,0.046642594
35107,0.042559642
35108,0.07035966
35109,0.012924441
35110,0.22574304
35111,0.009442144
35112,0.42357594
35113,0.009921342
35114,0.019392602
35115,0.0247205
35116,0.0114157805
35117,0.01549881
35118,0.008934743
35119,0.0135476515
35120,0.029081328
35121,0.012106478
35122,0.013094772
35123,0.050180674
35124,0.026570717
35125,0.040098663
35126,0.013009285
35127,0.020215193
35128,0.04153064
35129,0.008591964
35130,0.012069394
35131,0.06358602
35132,0.026309073
35133,0.040447596
35134,0.01657043
35135,0.030903641
35136,0.063030265
35137,0.005430699
35138,0.012210278
35139,0.0148214195
35140,0.009470415
35141,0.25477356
35142,0.049807694
35143,0.049919046
35144,0.05070418
35145,0.061765146
35146,0.02095634
35147,0.061163317
35148,0.014610984
35149,0.067924865
35150,0.071378805
35151,0.016337413
35152,0.025783833
35153,0.030951295
35154,0.02687187
35155,0.030772598
35156,0.010760411
35157,0.056513436
35158,0.04843618
35159,0.07527266
35160,0.022555897
35161,0.028303092
35162,0.014436851
35163,0.042579345
35164,0.01796125
35165,0.019219153
35166,0.015615569
35167,0.028837858
35168,0.010382268
35169,0.028765462
35170,0.23779897
35171,0.22769506
35172,0.017137807
35173,0.06408887
35174,0.018417696
35175,0.008901265
35176,0.042654928
35177,0.050116904
35178,0.043188445
35179,0.054311868
35180,0.0339957
35181,0.03801158
35182,0.03902737
35183,0.041958317
35184,0.0773543
35185,0.043810826
35186,0.03761734
35187,0.3897794
35188,0.042926796
35189,0.0672725
35190,0.043317724
35191,0.38868406
35192,0.2341278
35193,0.049238283
35194,0.043397356
35195,0.020903353
35196,0.42871058
35197,0.06580014
35198,0.3984546
35199,0.070347995
35200,0.39859796
35201,0.05787863
35202,0.07472704
35203,0.038539924
35204,0.013509404
35205,0.23370652
35206,0.032029
35207,0.76504856
35208,0.23636888
35209,0.04295642
35210,0.2356096
35211,0.06035078
35212,0.013379608
35213,0.02944859
35214,0.039657816
35215,0.01591434
35216,0.014199904
35217,0.08663594
35218,0.38258377
35219,0.45328957
35220,0.45864964
35221,0.043576457
35222,0.06567121
35223,0.028937237
35224,0.23026766
35225,0.08625736
35226,0.015006664
35227,0.028655749
35228,0.051203348
35229,0.041195683
35230,0.057552967
35231,0.22211401
35232,0.036859415
35233,0.47412968
35234,0.2300205
35235,0.23772006
35236,0.48131883
35237,0.08423634
35238,0.47268522
35239,0.016423386
35240,0.051350117
35241,0.08559265
35242,0.04666755
35243,0.045276918
35244,0.03625964
35245,0.061642088
35246,0.0705141
35247,0.078634895
35248,0.07265688
35249,0.03404329
35250,0.038346127
35251,0.06353071
35252,0.2566004
35253,0.043144953
35254,0.05147747
35255,0.054328278
35256,0.06517065
35257,0.031597223
35258,0.043386962
35259,0.051531695
35260,0.10140658
35261,0.0522565
35262,0.10003055
35263,0.024234314
35264,0.05139715
35265,0.040071703
35266,0.024324931
35267,0.014452862
35268,0.011727921
35269,0.43893448
35270,0.08291575
35271,0.21623488
35272,0.5146315
35273,0.45180264
35274,0.06452718
35275,0.04826067
35276,0.02179466
35277,0.015555977
35278,0.03743818
35279,0.20935345
35280,0.07051781
35281,0.10452504
35282,0.45564604
35283,0.37359488
35284,0.04114588
35285,0.032223128
35286,0.02562725
35287,0.2480329
35288,0.017014125
35289,0.04232396
35290,0.058118895
35291,0.41347665
35292,0.48714766
35293,0.06843036
35294,0.019569479
35295,0.021379692
35296,0.04146707
35297,0.0521647
35298,0.010916604
35299,0.026543891
35300,0.012083525
35301,0.079253666
35302,0.087620065
35303,0.07176814
35304,0.07849652
35305,0.052395217
35306,0.03794328
35307,0.03175131
35308,0.029251637
35309,0.036028646
35310,0.06776239
35311,0.049503848
35312,0.06799458
35313,0.013952491
35314,0.037381142
35315,0.028140401
35316,0.01743472
35317,0.015333901
35318,0.021657139
35319,0.04095156
35320,0.02431539
35321,0.057403225
35322,0.42133096
35323,0.40145996
35324,0.04241767
35325,0.039571688
35326,0.03822
35327,0.07090224
35328,0.05898623
35329,0.014005442
35330,0.050498948
35331,0.014961447
35332,0.030368995
35333,0.23582567
35334,0.027357219
35335,0.024596777
35336,0.031051887
35337,0.05290994
35338,0.051702138
35339,0.23101339
35340,0.22265328
35341,0.37394348
35342,0.052391563
35343,0.039127883
35344,0.017213732
35345,0.047562767
35346,0.046732813
35347,0.011123097
35348,0.23049444
35349,0.043626353
35350,0.56367135
35351,0.077763624
35352,0.021348411
35353,0.07572794
35354,0.04641424
35355,0.045750055
35356,0.019555781
35357,0.010950995
35358,0.05153916
35359,0.01730009
35360,0.01735235
35361,0.06367454
35362,0.042140845
35363,0.06157384
35364,0.051586222
35365,0.06900471
35366,0.2309496
35367,0.41300875
35368,0.052396275
35369,0.022138922
35370,0.065506175
35371,0.015671628
35372,0.040358406
35373,0.06591155
35374,0.04887435
35375,0.081246905
35376,0.040873572
35377,0.07259605
35378,0.038829297
35379,0.050006684
35380,0.017111277
35381,0.016356073
35382,0.086767495
35383,0.011100981
35384,0.031692192
35385,0.05749881
35386,0.0301377
35387,0.021871332
35388,0.035142478
35389,0.04952313
35390,0.058527023
35391,0.0849801
35392,0.067393035
35393,0.3976578
35394,0.22946213
35395,0.23035857
35396,0.013078548
35397,0.06759699
35398,0.046716195
35399,0.040953938
35400,0.06604977
35401,0.032000702
35402,0.021117298
35403,0.03809839
35404,0.04639345
35405,0.06772614
35406,0.031001708
35407,0.04954416
35408,0.009066398
35409,0.022682229
35410,0.030219855
35411,0.05899151
35412,0.01401856
35413,0.036734156
35414,0.07476013
35415,0.051029157
35416,0.08606309
35417,0.5169864
35418,0.06892042
35419,0.07640982
35420,0.05130767
35421,0.060559753
35422,0.057602253
35423,0.066745326
35424,0.046843365
35425,0.25424612
35426,0.057743434
35427,0.065066226
35428,0.050950486
35429,0.06306643
35430,0.017951982
35431,0.0273325
35432,0.019298278
35433,0.020955034
35434,0.037427012
35435,0.2528514
35436,0.053935256
35437,0.042204086
35438,0.07079761
35439,0.5733063
35440,0.06507484
35441,0.014830387
35442,0.22333
35443,0.04902103
35444,0.25263754
35445,0.26175717
35446,0.053404506
35447,0.04339073
35448,0.04278313
35449,0.066596046
35450,0.082170255
35451,0.040181044
35452,0.240305
35453,0.06526105
35454,0.0591247
35455,0.014292888
35456,0.020165347
35457,0.04496184
35458,0.054418717
35459,0.014171372
35460,0.07870872
35461,0.08275378
35462,0.2293628
35463,0.0635648
35464,0.03149652
35465,0.07495223
35466,0.083593495
35467,0.2500191
35468,0.04769812
35469,0.043548103
35470,0.021117521
35471,0.05425332
35472,0.5679943
35473,0.037470277
35474,0.07867175
35475,0.13434792
35476,0.087793685
35477,0.01272363
35478,0.017849945
35479,0.013157071
35480,0.040033683
35481,0.047135808
35482,0.23329633
35483,0.4099488
35484,0.06093502
35485,0.061107084
35486,0.08692895
35487,0.232813
35488,0.08547611
35489,0.09978543
35490,0.40189177
35491,0.060444195
35492,0.005899042
35493,0.019270336
35494,0.042559788
35495,0.068293855
35496,0.04605867
35497,0.10760983
35498,0.768598
35499,0.04168832
35500,0.38913512
35501,0.014852567
35502,0.044695176
35503,0.25652847
35504,0.044561572
35505,0.05963691
35506,0.016704626
35507,0.04094524
35508,0.007167964
35509,0.3996432
35510,0.03975052
35511,0.06104046
35512,0.23783
35513,0.081237674
35514,0.25247848
35515,0.2528232
35516,0.41187257
35517,0.028497426
35518,0.08961371
35519,0.07163053
35520,0.080682375
35521,0.8160181
35522,0.50543505
35523,0.44487405
35524,0.024007823
35525,0.08675943
35526,0.052511364
35527,0.026837092
35528,0.019988677
35529,0.011718681
35530,0.01016217
35531,0.047860365
35532,0.009348614
35533,0.011304646
35534,0.030771002
35535,0.047635358
35536,0.06789977
35537,0.0667918
35538,0.069497004
35539,0.06526105
35540,0.2309245
35541,0.071321264
35542,0.027379896
35543,0.07531595
35544,0.24067031
35545,0.018125568
35546,0.04915649
35547,0.81239784
35548,0.6553001
35549,0.5711197
35550,0.007046242
35551,0.027623134
35552,0.016008485
35553,0.065384
35554,0.46132866
35555,0.06503783
35556,0.01661002
35557,0.051793125
35558,0.04746977
35559,0.05185918
35560,0.04340135
35561,0.011651117
35562,0.39147794
35563,0.016853936
35564,0.029927125
35565,0.07159105
35566,0.068812475
35567,0.044189647
35568,0.042917423
35569,0.23019488
35570,0.0657242
35571,0.025938675
35572,0.084521726
35573,0.07222682
35574,0.07047529
35575,0.7007265
35576,0.72225815
35577,0.64039487
35578,0.014578712
35579,0.05249334
35580,0.027347457
35581,0.009302722
35582,0.41433638
35583,0.06756017
35584,0.24994856
35585,0.038954023
35586,0.06889794
35587,0.018459685
35588,0.06739552
35589,0.071952894
35590,0.08179689
35591,0.08703876
35592,0.5220194
35593,0.43562737
35594,0.08377601
35595,0.081152976
35596,0.06412989
35597,0.050503235
35598,0.077041715
35599,0.042032078
35600,0.03178877
35601,0.022819005
35602,0.08689902
35603,0.08026638
35604,0.05590882
35605,0.07438099
35606,0.024403788
35607,0.69651306
35608,0.8776793
35609,0.67885286
35610,0.08425471
35611,0.043686952
35612,0.23182118
35613,0.3896898
35614,0.026545413
35615,0.011056211
35616,0.01593811
35617,0.015604799
35618,0.0330363
35619,0.06766599
35620,0.043342873
35621,0.40684372
35622,0.81993645
35623,0.05779273
35624,0.06850887
35625,0.06659994
35626,0.08844131
35627,0.058041416
35628,0.23143595
35629,0.06887696
35630,0.03532559
35631,0.06823575
35632,0.07191233
35633,0.072859995
35634,0.042009603
35635,0.022365797
35636,0.26342702
35637,0.388791
35638,0.08833979
35639,0.077289216
35640,0.058321025
35641,0.094341315
35642,0.029276036
35643,0.037375215
35644,0.04099742
35645,0.0169724
35646,0.039689112
35647,0.040875457
35648,0.24009769
35649,0.6548857
35650,0.2565177
35651,0.09536778
35652,0.07611138
35653,0.08425601
35654,0.08862792
35655,0.5375864
35656,0.05049458
35657,0.028095834
35658,0.035669845
35659,0.031649258
35660,0.083696514
35661,0.080942
35662,0.23686163
35663,0.5353214
35664,0.38987878
35665,0.08600333
35666,0.7899182
35667,0.23140764
35668,0.01671707
35669,0.08247701
35670,0.08986769
35671,0.020771328
35672,0.04769812
35673,0.5195968
35674,0.052348625
35675,0.03522971
35676,0.03477701
35677,0.04195916
35678,0.0890535
35679,0.39754772
35680,0.3834245
35681,0.54638994
35682,0.38633075
35683,0.08478022
35684,0.08396731
35685,0.42647368
35686,0.026222177
35687,0.084901646
35688,0.060188692
35689,0.04395205
35690,0.5229325
35691,0.25470832
35692,0.04666838
35693,0.53973764
35694,0.40021995
35695,0.006949765
35696,0.06789485
35697,0.07290871
35698,0.066858985
35699,0.04360503
35700,0.011401037
35701,0.027187858
35702,0.047840085
35703,0.06773245
35704,0.06694731
35705,0.078931935
35706,0.40726534
35707,0.76433706
35708,0.41906947
35709,0.2533584
35710,0.50407445
35711,0.06751693
35712,0.059603386
35713,0.06043961
35714,0.2315921
35715,0.09132174
35716,0.052281592
35717,0.027333532
35718,0.05168126
35719,0.080520004
35720,0.017066306
35721,0.041802164
35722,0.06919907
35723,0.021145869
35724,0.015367594
35725,0.036453072
35726,0.01997061
35727,0.03220776
35728,0.057636604
35729,0.047894523
35730,0.06101405
35731,0.4175808
35732,0.23529959
35733,0.0838209
35734,0.59275264
35735,0.5622632
35736,0.24377185
35737,0.075091764
35738,0.04236208
35739,0.017738882
35740,0.043337833
35741,0.07475452
35742,0.013929463
35743,0.03137926
35744,0.6369764
35745,0.04341288
35746,0.017217787
35747,0.05255465
35748,0.041034814
35749,0.2222435
35750,0.03817987
35751,0.042907964
35752,0.017168436
35753,0.042492967
35754,0.026630936
35755,0.065641336
35756,0.06995293
35757,0.55708486
35758,0.37653673
35759,0.22777839
35760,0.77657473
35761,0.40760967
35762,0.4191407
35763,0.08345323
35764,0.038175493
35765,0.03178178
35766,0.035124123
35767,0.042968944
35768,0.04149404
35769,0.034893017
35770,0.19860688
35771,0.5079027
35772,0.065890595
35773,0.2596992
35774,0.029319424
35775,0.07096059
35776,0.08207396
35777,0.08133498
35778,0.23853621
35779,0.042021457
35780,0.005094245
35781,0.029337537
35782,0.014419679
35783,0.040464845
35784,0.086691275
35785,0.607492
35786,0.39315483
35787,0.6337465
35788,0.4005629
35789,0.39804217
35790,0.083388865
35791,0.06680948
35792,0.041957755
35793,0.024654618
35794,0.012790447
35795,0.037299514
35796,0.030196011
35797,0.07921038
35798,0.08645932
35799,0.067188986
35800,0.26149887
35801,0.026725192
35802,0.059075903
35803,0.4194691
35804,0.04042763
35805,0.01155718
35806,0.074903294
35807,0.2330061
35808,0.030702965
35809,0.22470807
35810,0.081743106
35811,0.057401862
35812,0.06837276
35813,0.029498858
35814,0.06735697
35815,0.06370829
35816,0.035164483
35817,0.08220968
35818,0.006784129
35819,0.07480545
35820,0.03746578
35821,0.02585505
35822,0.22129405
35823,0.011260087
35824,0.013974215
35825,0.068420485
35826,0.032254834
35827,0.0831554
35828,0.033981718
35829,0.041762754
35830,0.039522376
35831,0.08499477
35832,0.2520129
35833,0.52150446
35834,0.0757785
35835,0.011239544
35836,0.020061845
35837,0.017742092
35838,0.018395497
35839,0.027788075
35840,0.04597409
35841,0.053566754
35842,0.23837629
35843,0.013815968
35844,0.03023876
35845,0.029315282
35846,0.018635012
35847,0.027117176
35848,0.05806212
35849,0.06689837
35850,0.3749282
35851,0.013034505
35852,0.03184254
35853,0.05758704
35854,0.06732598
35855,0.41034457
35856,0.08144165
35857,0.01257468
35858,0.013269837
35859,0.08478703
35860,0.035627384
35861,0.05818586
35862,0.086015224
35863,0.045772005
35864,0.010610768
35865,0.017265184
35866,0.010915251
35867,0.41457698
35868,0.01483912
35869,0.015900722
35870,0.025129331
35871,0.08488212
35872,0.052106384
35873,0.03772689
35874,0.01697963
35875,0.02710275
35876,0.05151353
35877,0.25684208
35878,0.029541655
35879,0.018029809
35880,0.027083745
35881,0.039661817
35882,0.0505979
35883,0.24289648
35884,0.052776016
35885,0.23889472
35886,0.06805776
35887,0.02893605
35888,0.014848911
35889,0.0423812
35890,0.045453414
35891,0.028715985
35892,0.25696176
35893,0.24151869
35894,0.016261678
35895,0.066508986
35896,0.04364404
35897,0.011160557
35898,0.25303048
35899,0.7060143
35900,0.2233287
35901,0.06721456
35902,0.066687435
35903,0.04341944
35904,0.04174822
35905,0.068889424
35906,0.06365885
35907,0.07184656
35908,0.8230404
35909,0.06124756
35910,0.06285342
35911,0.062007606
35912,0.017207429
35913,0.08747616
35914,0.5077846
35915,0.059156973
35916,0.23317856
35917,0.026107782
35918,0.059699886
35919,0.02128998
35920,0.06323454
35921,0.028531082
35922,0.022989953
35923,0.046150386
35924,0.049232658
35925,0.026843013
35926,0.04818104
35927,0.01298646
35928,0.016943973
35929,0.23555773
35930,0.036376614
35931,0.040185157
35932,0.012954128
35933,0.031920843
35934,0.06505953
35935,0.07301987
35936,0.6510817
35937,0.0529849
35938,0.22187029
35939,0.043645404
35940,0.034409128
35941,0.042514764
35942,0.042970955
35943,0.016404888
35944,0.4826385
35945,0.02669847
35946,0.0075308965
35947,0.009151663
35948,0.014237717
35949,0.012589067
35950,0.042649597
35951,0.07017706
35952,0.01959526
35953,0.076619275
35954,0.040313296
35955,0.026742242
35956,0.0101751685
35957,0.042463534
35958,0.37597644
35959,0.027701229
35960,0.007352471
35961,0.019788213
35962,0.012320175
35963,0.042319637
35964,0.029472632
35965,0.081692405
35966,0.05241003
35967,0.014848911
35968,0.021331683
35969,0.05174014
35970,0.08020672
35971,0.06728056
35972,0.05983641
35973,0.052866597
35974,0.026655087
35975,0.046053674
35976,0.01679458
35977,0.05140813
35978,0.089668676
35979,0.23088694
35980,0.008252085
35981,0.013588879
35982,0.014396372
35983,0.011573795
35984,0.018909505
35985,0.01044659
35986,0.015281722
35987,0.009173058
35988,0.015110092
35989,0.015091322
35990,0.021421472
35991,0.052166995
35992,0.043695305
35993,0.078540884
35994,0.23077984
35995,0.008692422
35996,0.25774705
35997,0.025257716
35998,0.0121252965
35999,0.01683208
36000,0.018309196
36001,0.013969021
36002,0.029151719
36003,0.012704015
36004,0.010805401
36005,0.051111996
36006,0.026558379
36007,0.041271884
36008,0.04260125
36009,0.013045352
36010,0.010421842
36011,0.01283129
36012,0.07246849
36013,0.02688063
36014,0.042090114
36015,0.010496845
36016,0.031781293
36017,0.015635958
36018,0.06672488
36019,0.012428025
36020,0.2540507
36021,0.05013091
36022,0.051913027
36023,0.05198156
36024,0.014126721
36025,0.06672371
36026,0.021152103
36027,0.06411716
36028,0.014798276
36029,0.07416259
36030,0.08223725
36031,0.016371557
36032,0.026782587
36033,0.03175225
36034,0.027414838
36035,0.031974014
36036,0.011076687
36037,0.0628617
36038,0.049158163
36039,0.0826152
36040,0.023180874
36041,0.029499544
36042,0.006223386
36043,0.011211335
36044,0.04377355
36045,0.01888542
36046,0.032325536
36047,0.010009417
36048,0.029722065
36049,0.23922773
36050,0.23570094
36051,0.018520346
36052,0.06723987
36053,0.019835565
36054,0.036325347
36055,0.047259297
36056,0.02711159
36057,0.042653956
36058,0.05285428
36059,0.036849536
36060,0.042701814
36061,0.038659204
36062,0.038707945
36063,0.069181815
36064,0.037799574
36065,0.38949916
36066,0.041563667
36067,0.06295921
36068,0.042549808
36069,0.23711303
36070,0.38882872
36071,0.0266647
36072,0.04295995
36073,0.027282251
36074,0.25396103
36075,0.061266694
36076,0.40881386
36077,0.06562664
36078,0.07764077
36079,0.05539948
36080,0.06596167
36081,0.039456706
36082,0.3581243
36083,0.50944924
36084,0.23481289
36085,0.043001298
36086,0.042588808
36087,0.23635393
36088,0.05597522
36089,0.0129288165
36090,0.029033856
36091,0.029664343
36092,0.017196672
36093,0.07561527
36094,0.23576818
36095,0.5200491
36096,0.48466244
36097,0.04278528
36098,0.06327144
36099,0.22797145
36100,0.07900303
36101,0.020440992
36102,0.049057197
36103,0.041363645
36104,0.056592207
36105,0.06323764
36106,0.4211806
36107,0.22826643
36108,0.23720117
36109,0.4240541
36110,0.078238375
36111,0.021792412
36112,0.5116984
36113,0.01692734
36114,0.050587155
36115,0.088288
36116,0.048049487
36117,0.044465434
36118,0.032351874
36119,0.057567134
36120,0.06873818
36121,0.0709491
36122,0.06790006
36123,0.03360025
36124,0.03894007
36125,0.05990707
36126,0.24948461
36127,0.04262423
36128,0.030508209
36129,0.050219975
36130,0.053348605
36131,0.06220018
36132,0.039785862
36133,0.06614542
36134,0.051392946
36135,0.07984219
36136,0.05107706
36137,0.08391275
36138,0.05078568
36139,0.040039055
36140,0.0122078825
36141,0.5104527
36142,0.2250703
36143,0.062550135
36144,0.46282336
36145,0.4547225
36146,0.060789477
36147,0.046974003
36148,0.017664304
36149,0.022048945
36150,0.034504894
36151,0.06073586
36152,0.058179673
36153,0.066194385
36154,0.2501905
36155,0.44623384
36156,0.34379533
36157,0.041545026
36158,0.008653744
36159,0.02581505
36160,0.0345385
36161,0.24259333
36162,0.019026728
36163,0.041631963
36164,0.010613194
36165,0.05602848
36166,0.02717067
36167,0.40986764
36168,0.49534476
36169,0.061992064
36170,0.019312164
36171,0.021108415
36172,0.040805835
36173,0.051026125
36174,0.015921002
36175,0.026059002
36176,0.011538341
36177,0.070530325
36178,0.0926521
36179,0.066008806
36180,0.06746898
36181,0.05260478
36182,0.036800317
36183,0.030255169
36184,0.029121768
36185,0.034396686
36186,0.063965745
36187,0.04864012
36188,0.06354753
36189,0.013973306
36190,0.03682925
36191,0.027405033
36192,0.017369695
36193,0.015030291
36194,0.021241138
36195,0.04047831
36196,0.021435691
36197,0.05558487
36198,0.3965036
36199,0.3652509
36200,0.041850436
36201,0.03909481
36202,0.036785513
36203,0.06649228
36204,0.055884946
36205,0.014395957
36206,0.04976123
36207,0.012677958
36208,0.029966008
36209,0.24008413
36210,0.027388474
36211,0.023821741
36212,0.031190282
36213,0.051391263
36214,0.050622597
36215,0.22712646
36216,0.22102308
36217,0.22470406
36218,0.050955076
36219,0.038102794
36220,0.017009132
36221,0.047662277
36222,0.04154387
36223,0.22663614
36224,0.042720776
36225,0.58054405
36226,0.06901807
36227,0.06923889
36228,0.04554466
36229,0.017604576
36230,0.051057585
36231,0.028403947
36232,0.017604839
36233,0.06023083
36234,0.04187887
36235,0.057945102
36236,0.050065283
36237,0.064141735
36238,0.22941735
36239,0.3994444
36240,0.051836293
36241,0.020440085
36242,0.062518366
36243,0.015460023
36244,0.039204616
36245,0.061466612
36246,0.04880188
36247,0.071116
36248,0.040450465
36249,0.06868804
36250,0.03901178
36251,0.048910063
36252,0.016974822
36253,0.0755049
36254,0.010781577
36255,0.031051612
36256,0.055724207
36257,0.031348526
36258,0.02251896
36259,0.03535094
36260,0.048787214
36261,0.054954026
36262,0.07170189
36263,0.06406376
36264,0.2376019
36265,0.2264714
36266,0.22637266
36267,0.010718164
36268,0.06330936
36269,0.046038598
36270,0.040690485
36271,0.062401358
36272,0.03119276
36273,0.01943675
36274,0.043475416
36275,0.037305366
36276,0.04644699
36277,0.06222041
36278,0.050372917
36279,0.056656178
36280,0.013782825
36281,0.0361983
36282,0.0703197
36283,0.0500145
36284,0.23008032
36285,0.5560133
36286,0.06352402
36287,0.06765241
36288,0.050242513
36289,0.057382032
36290,0.055677336
36291,0.06322099
36292,0.046232145
36293,0.010526259
36294,0.018640602
36295,0.24830854
36296,0.054929968
36297,0.062302455
36298,0.04952184
36299,0.059727818
36300,0.016772943
36301,0.02708855
36302,0.017420348
36303,0.0371949
36304,0.41004017
36305,0.052079905
36306,0.041421115
36307,0.065997474
36308,0.6752093
36309,0.061116036
36310,0.013750716
36311,0.06781131
36312,0.04877059
36313,0.24261394
36314,0.39498636
36315,0.052008867
36316,0.019152189
36317,0.04291051
36318,0.043194667
36319,0.06534968
36320,0.08268099
36321,0.039733943
36322,0.24026491
36323,0.06367938
36324,0.057096496
36325,0.014503253
36326,0.019415027
36327,0.045154214
36328,0.05337626
36329,0.015120688
36330,0.07055061
36331,0.07677225
36332,0.22892575
36333,0.060563944
36334,0.031438604
36335,0.0669061
36336,0.07783951
36337,0.08644443
36338,0.047400843
36339,0.042674813
36340,0.019761994
36341,0.053250376
36342,0.49066937
36343,0.036800317
36344,0.082851596
36345,0.2541767
36346,0.077259555
36347,0.0119112255
36348,0.01706859
36349,0.009749781
36350,0.038963053
36351,0.045980807
36352,0.23402777
36353,0.39523625
36354,0.056458097
36355,0.06143238
36356,0.07737836
36357,0.2295969
36358,0.0740221
36359,0.088768736
36360,0.378894
36361,0.06015071
36362,0.04361302
36363,0.06394386
36364,0.045843467
36365,0.24876784
36366,0.6406621
36367,0.04026703
36368,0.37632167
36369,0.014256915
36370,0.042529117
36371,0.08319035
36372,0.042452097
36373,0.056401886
36374,0.016716782
36375,0.03993018
36376,0.0048875785
36377,0.39994663
36378,0.04308879
36379,0.05805126
36380,0.23437789
36381,0.07570415
36382,0.08301296
36383,0.24714519
36384,0.08311891
36385,0.028482564
36386,0.24282606
36387,0.21536367
36388,0.07313405
36389,0.6217647
36390,0.4423489
36391,0.4157254
36392,0.023984088
36393,0.22397192
36394,0.051291127
36395,0.027057445
36396,0.018559674
36397,0.0104385195
36398,0.010547008
36399,0.047325272
36400,0.010977942
36401,0.03134719
36402,0.046096154
36403,0.065592416
36404,0.061042525
36405,0.06460814
36406,0.06367888
36407,0.07854551
36408,0.068834454
36409,0.027601536
36410,0.06820669
36411,0.24038027
36412,0.04809463
36413,0.5622108
36414,0.5254147
36415,0.58978474
36416,0.006491571
36417,0.02711568
36418,0.06410467
36419,0.50737077
36420,0.06336711
36421,0.016599393
36422,0.050727822
36423,0.012774171
36424,0.01013012
36425,0.046872783
36426,0.047944322
36427,0.042932425
36428,0.40180928
36429,0.015711686
36430,0.029548435
36431,0.06417247
36432,0.06472759
36433,0.043394968
36434,0.042441867
36435,0.3780803
36436,0.060014155
36437,0.074371256
36438,0.067043185
36439,0.06570577
36440,0.6183441
36441,0.5563598
36442,0.6075064
36443,0.014706473
36444,0.05130731
36445,0.02702938
36446,0.0094106095
36447,0.39427498
36448,0.06432325
36449,0.24509637
36450,0.039218634
36451,0.0644733
36452,0.01830858
36453,0.063904375
36454,0.066015825
36455,0.08285753
36456,0.07605186
36457,0.45408866
36458,0.45056778
36459,0.076714896
36460,0.07610526
36461,0.060590994
36462,0.04903479
36463,0.06750756
36464,0.0399928
36465,0.031498194
36466,0.07365071
36467,0.07971168
36468,0.050773647
36469,0.06640539
36470,0.023946568
36471,0.5553698
36472,0.5993416
36473,0.67942035
36474,0.07081469
36475,0.042825103
36476,0.22673145
36477,0.39631304
36478,0.02591163
36479,0.0152862985
36480,0.016500551
36481,0.06406376
36482,0.042730134
36483,0.39585713
36484,0.5216297
36485,0.05527572
36486,0.06397783
36487,0.06343634
36488,0.077601664
36489,0.05589965
36490,0.22830166
36491,0.06415154
36492,0.035335556
36493,0.063042894
36494,0.06621059
36495,0.06556126
36496,0.041726127
36497,0.5014329
36498,0.38275596
36499,0.07735323
36500,0.058153443
36501,0.068029806
36502,0.056628987
36503,0.088399336
36504,0.028448366
36505,0.03984755
36506,0.039852127
36507,0.022479132
36508,0.039327547
36509,0.040166557
36510,0.3719121
36511,0.66530913
36512,0.08996518
36513,0.080660254
36514,0.068519354
36515,0.08822458
36516,0.081454284
36517,0.4529227
36518,0.04928291
36519,0.03527455
36520,0.031578463
36521,0.07642217
36522,0.07805235
36523,0.40103647
36524,0.25877917
36525,0.24963519
36526,0.079952054
36527,0.67498034
36528,0.22931011
36529,0.017111849
36530,0.070788205
36531,0.08300757
36532,0.020791706
36533,0.047347404
36534,0.5063857
36535,0.049886975
36536,0.03532652
36537,0.034256198
36538,0.040783208
36539,0.07424448
36540,0.4062767
36541,0.25579637
36542,0.46027187
36543,0.40175095
36544,0.081585295
36545,0.07846907
36546,0.24699809
36547,0.02664672
36548,0.07997409
36549,0.05731047
36550,0.040867615
36551,0.44451255
36552,0.24919628
36553,0.046129066
36554,0.4742815
36555,0.3901792
36556,0.006657214
36557,0.06307991
36558,0.06965873
36559,0.0634502
36560,0.043418266
36561,0.010902784
36562,0.02837795
36563,0.046942588
36564,0.06395752
36565,0.061885644
36566,0.07312866
36567,0.3826657
36568,0.7095186
36569,0.3995783
36570,0.2514238
36571,0.5901045
36572,0.064121336
36573,0.021584405
36574,0.05481037
36575,0.05759309
36576,0.22323798
36577,0.08307512
36578,0.051294226
36579,0.027443463
36580,0.050572883
36581,0.07269998
36582,0.017375318
36583,0.04106615
36584,0.06473745
36585,0.013109297
36586,0.037168562
36587,0.011738671
36588,0.031123942
36589,0.055609066
36590,0.047708575
36591,0.058090135
36592,0.38504148
36593,0.23457459
36594,0.36828896
36595,0.6461151
36596,0.60657495
36597,0.2497137
36598,0.06817186
36599,0.0420297
36600,0.01798716
36601,0.04279325
36602,0.069809794
36603,0.014457542
36604,0.03189529
36605,0.65748143
36606,0.04289993
36607,0.01637359
36608,0.050707314
36609,0.042861283
36610,0.2203948
36611,0.037046995
36612,0.04268743
36613,0.016210772
36614,0.041854843
36615,0.013281881
36616,0.011978663
36617,0.027057445
36618,0.062389813
36619,0.063547745
36620,0.45464134
36621,0.3948672
36622,0.2245399
36623,0.57893467
36624,0.24962036
36625,0.24541244
36626,0.07964502
36627,0.038484823
36628,0.031869918
36629,0.03458368
36630,0.042744067
36631,0.041234948
36632,0.034658406
36633,0.050325505
36634,0.43844795
36635,0.06378722
36636,0.13934672
36637,0.029193915
36638,0.065886684
36639,0.07149571
36640,0.07699953
36641,0.23872095
36642,0.041717213
36643,0.028994763
36644,0.008724586
36645,0.03955295
36646,0.080964446
36647,0.57553375
36648,0.39147452
36649,0.55837077
36650,0.38676298
36651,0.39340717
36652,0.075738475
36653,0.06454034
36654,0.04121355
36655,0.021572767
36656,0.037838038
36657,0.02874919
36658,0.07646451
36659,0.07714196
36660,0.06343109
36661,0.24746093
36662,0.026813133
36663,0.05640438
36664,0.41450864
36665,0.03956647
36666,0.010471563
36667,0.010769504
36668,0.06862973
36669,0.23003688
36670,0.029363904
36671,0.21746592
36672,0.07803289
36673,0.055728577
36674,0.06420422
36675,0.02899892
36676,0.06249371
36677,0.05967646
36678,0.036190752
36679,0.07170189
36680,0.06786342
36681,0.039928023
36682,0.068734884
36683,0.011710783
36684,0.020749396
36685,0.22052369
36686,0.030973144
36687,0.07355052
36688,0.033489954
36689,0.040451832
36690,0.03897326
36691,0.08184926
36692,0.24307835
36693,0.47745898
36694,0.06929818
36695,0.009805093
36696,0.012437667
36697,0.01764207
36698,0.01673783
36699,0.027671775
36700,0.044151135
36701,0.05234508
36702,0.23493683
36703,0.01361189
36704,0.029966008
36705,0.01348792
36706,0.030132271
36707,0.017854065
36708,0.011431085
36709,0.025611117
36710,0.05678529
36711,0.06309454
36712,0.37391952
36713,0.013504305
36714,0.016210772
36715,0.031117316
36716,0.055587325
36717,0.065672144
36718,0.44919994
36719,0.068116106
36720,0.012247178
36721,0.010569345
36722,0.22842728
36723,0.034740444
36724,0.055987727
36725,0.073515944
36726,0.015776552
36727,0.38976026
36728,0.0135163525
36729,0.016654428
36730,0.025628861
36731,0.07424448
36732,0.051364362
36733,0.03758913
36734,0.016587837
36735,0.026933521
36736,0.048349414
36737,0.08769591
36738,0.02674843
36739,0.016973479
36740,0.028112175
36741,0.04022725
36742,0.048472915
36743,0.24285543
36744,0.049988717
36745,0.238204
36746,0.06412267
36747,0.014635745
36748,0.042071145
36749,0.043282297
36750,0.04872066
36751,0.25492176
36752,0.24110872
36753,0.016813815
36754,0.063454315
36755,0.04270047
36756,0.45798695
36757,0.6016796
36758,0.06634727
36759,0.06370678
36760,0.013334124
36761,0.06397467
36762,0.04191001
36763,0.039773103
36764,0.064233236
36765,0.061263435
36766,0.065164015
36767,0.6048523
36768,0.017529791
36769,0.05829267
36770,0.059680883
36771,0.057156313
36772,0.016699525
36773,0.077705115
36774,0.44537574
36775,0.05602618
36776,0.23085915
36777,0.025480118
36778,0.057294562
36779,0.020711191
36780,0.05951909
36781,0.028474735
36782,0.024294687
36783,0.04536598
36784,0.048590582
36785,0.026640221
36786,0.017744802
36787,0.047275133
36788,0.016225265
36789,0.08524834
36790,0.040306576
36791,0.014960457
36792,0.03150256
36793,0.06285683
36794,0.06338584
36795,0.019490791
36796,0.02490104
36797,0.047417287
36798,0.7332164
36799,0.05097305
36800,0.06799846
36801,0.042916883
36802,0.036044773
36803,0.040597487
36804,0.042463753
36805,0.0165716
36806,0.5117143
36807,0.026518904
36808,0.0054251566
36809,0.0061368477
36810,0.0077020964
36811,0.04276207
36812,0.2164774
36813,0.07263341
36814,0.0369263
36815,0.04256536
36816,0.25003216
36817,0.027141798
36818,0.01792318
36819,0.019169498
36820,0.040836018
36821,0.029900951
36822,0.23510526
36823,0.05036579
36824,0.013719972
36825,0.0133373495
36826,0.05081069
36827,0.07959928
36828,0.063888
36829,0.05599583
36830,0.05157407
36831,0.026933521
36832,0.043225642
36833,0.05032175
36834,0.07937814
36835,0.229105
36836,0.007796064
36837,0.031255543
36838,0.013493815
36839,0.011809649
36840,0.018706784
36841,0.015135221
36842,0.014677041
36843,0.02247004
36844,0.046988446
36845,0.043456744
36846,0.07190228
36847,0.018104175
36848,0.22706708
36849,0.010030932
36850,0.2471549
36851,0.025775524
36852,0.016691817
36853,0.015244404
36854,0.007740138
36855,0.013580778
36856,0.030756157
36857,0.013462269
36858,0.008968147
36859,0.050131112
36860,0.028550686
36861,0.04118146
36862,0.012843554
36863,0.041351672
36864,0.013666608
36865,0.06491981
36866,0.026449308
36867,0.04260496
36868,0.01123856
36869,0.031171776
36870,0.008965518
36871,0.014934272
36872,0.06290617
36873,0.24826376
36874,0.050409175
36875,0.050878637
36876,0.05103914
36877,0.06301569
36878,0.021080252
36879,0.060344927
36880,0.014324561
36881,0.06595388
36882,0.073859565
36883,0.016573982
36884,0.026295656
36885,0.030307721
36886,0.011095795
36887,0.014544037
36888,0.008120042
36889,0.010526361
36890,0.031283643
36891,0.010744471
36892,0.059877504
36893,0.047354173
36894,0.0066610104
36895,0.082882665
36896,0.022585375
36897,0.015108314
36898,0.006288986
36899,0.0108188195
36900,0.042861283
36901,0.018060626
36902,0.02656405
36903,0.031204998
36904,0.029102972
36905,0.079245016
36906,0.38443208
36907,0.018022107
36908,0.22083543
36909,0.019523526
36910,0.0402221
36911,0.034206107
36912,0.047359455
36913,0.039873946
36914,0.050118327
36915,0.040727455
36916,0.03711888
36917,0.03890357
36918,0.06308556
36919,0.039455555
36920,0.035855994
36921,0.39055324
36922,0.04024389
36923,0.060069002
36924,0.03972504
36925,0.23543066
36926,0.23322754
36927,0.025225436
36928,0.040916923
36929,0.017895062
36930,0.40257946
36931,0.0587322
36932,0.38152874
36933,0.05993928
36934,0.07202521
36935,0.0526302
36936,0.060125366
36937,0.009558735
36938,0.011689027
36939,0.4035618
36940,0.029339023
36941,0.4963078
36942,0.23688848
36943,0.039231427
36944,0.23339364
36945,0.05157226
36946,0.009520212
36947,0.027311208
36948,0.014963416
36949,0.067559905
36950,0.23128155
36951,0.5153641
36952,0.473004
36953,0.039955653
36954,0.0715129
36955,0.071637474
36956,0.047408253
36957,0.03985691
36958,0.05297566
36959,0.058770217
36960,0.03423888
36961,0.40458682
36962,0.07016894
36963,0.23447587
36964,0.5162553
36965,0.071721114
36966,0.4922713
36967,0.04895179
36968,0.0731702
36969,0.044920098
36970,0.042152204
36971,0.032655567
36972,0.054848883
36973,0.02487159
36974,0.062729724
36975,0.067851394
36976,0.060113136
36977,0.031577103
36978,0.03695931
36979,0.05742141
36980,0.23923609
36981,0.04008403
36982,0.030235443
36983,0.047344692
36984,0.057171203
36985,0.037643578
36986,0.025080377
36987,0.047750495
36988,0.08251074
36989,0.048399284
36990,0.24526991
36991,0.047632344
36992,0.037616976
36993,0.022378793
36994,0.009371652
36995,0.490757
36996,0.22572595
36997,0.015570737
36998,0.0574287
36999,0.49944654
37000,0.51309675
37001,0.009294765
37002,0.056970306
37003,0.044677116
37004,0.014819194
37005,0.019899707
37006,0.034931835
37007,0.057466142
37008,0.05475136
37009,0.06094529
37010,0.24257885
37011,0.44766957
37012,0.15374579
37013,0.039987408
37014,0.02930637
37015,0.032833762
37016,0.23236685
37017,0.039701685
37018,0.005511609
37019,0.05365699
37020,0.2402398
37021,0.44415218
37022,0.056708
37023,0.022009103
37024,0.01885293
37025,0.038831122
37026,0.04861778
37027,0.027402658
37028,0.009577428
37029,0.068264246
37030,0.0787847
37031,0.061116137
37032,0.059791997
37033,0.047857914
37034,0.009221628
37035,0.034883723
37036,0.028408146
37037,0.027412057
37038,0.033391394
37039,0.21493044
37040,0.044969656
37041,0.0586559
37042,0.01204511
37043,0.033943363
37044,0.025827946
37045,0.013608662
37046,0.021103378
37047,0.037930492
37048,0.022361893
37049,0.053443365
37050,0.3663626
37051,0.38015977
37052,0.039358694
37053,0.03684524
37054,0.03649288
37055,0.060337074
37056,0.0530212
37057,0.013054248
37058,0.04695998
37059,0.013262958
37060,0.011076707
37061,0.02826943
37062,0.015277157
37063,0.07101878
37064,0.025220914
37065,0.02174131
37066,0.029730378
37067,0.047883097
37068,0.04793365
37069,0.07224014
37070,0.21712884
37071,0.22136958
37072,0.048734084
37073,0.03716331
37074,0.016372534
37075,0.044920616
37076,0.039967485
37077,0.22820318
37078,0.040104702
37079,0.5449239
37080,0.06347843
37081,0.06490352
37082,0.043907594
37083,0.042392693
37084,0.015349292
37085,0.008721176
37086,0.048041493
37087,0.008119253
37088,0.015283681
37089,0.0161468
37090,0.05706732
37091,0.03898294
37092,0.054723635
37093,0.04755206
37094,0.06051021
37095,0.23221771
37096,0.37307516
37097,0.048407458
37098,0.019967645
37099,0.0569902
37100,0.03727055
37101,0.054279987
37102,0.046240937
37103,0.0672696
37104,0.03841011
37105,0.06445209
37106,0.03707738
37107,0.032906864
37108,0.01670737
37109,0.06754931
37110,0.052661277
37111,0.028632412
37112,0.020671958
37113,0.032878377
37114,0.044363905
37115,0.05221323
37116,0.068843484
37117,0.05804657
37118,0.23287383
37119,0.2275872
37120,0.0691587
37121,0.010569447
37122,0.057962555
37123,0.009568816
37124,0.04303159
37125,0.038275786
37126,0.058485154
37127,0.02954393
37128,0.040734123
37129,0.03582012
37130,0.043795913
37131,0.05830363
37132,0.029785046
37133,0.046466358
37134,0.0072662677
37135,0.05236897
37136,0.011828912
37137,0.03429776
37138,0.06334225
37139,0.046368424
37140,0.06903455
37141,0.58849496
37142,0.058353826
37143,0.06508484
37144,0.04767725
37145,0.054512747
37146,0.0523741
37147,0.058006313
37148,0.043836035
37149,0.0090816645
37150,0.008877117
37151,0.017710477
37152,0.09049103
37153,0.05268446
37154,0.05731865
37155,0.04649635
37156,0.055723354
37157,0.02517399
37158,0.015854193
37159,0.019354554
37160,0.034956023
37161,0.37494555
37162,0.048881676
37163,0.038512453
37164,0.06325185
37165,0.52810115
37166,0.057672437
37167,0.06354214
37168,0.04510967
37169,0.23534507
37170,0.36217827
37171,0.048957154
37172,0.017633991
37173,0.0396857
37174,0.040986497
37175,0.059849806
37176,0.07708395
37177,0.03761169
37178,0.2441236
37179,0.059345957
37180,0.05276718
37181,0.012794672
37182,0.017839385
37183,0.042701196
37184,0.049932647
37185,0.012903177
37186,0.070511505
37187,0.07232435
37188,0.22905229
37189,0.05546507
37190,0.028900336
37191,0.06303955
37192,0.0759221
37193,0.076889
37194,0.045402277
37195,0.04121102
37196,0.019217983
37197,0.050371636
37198,0.6448865
37199,0.034847304
37200,0.072480835
37201,0.50653046
37202,0.07862287
37203,0.014280776
37204,0.009944804
37205,0.008369297
37206,0.03705845
37207,0.04272802
37208,0.23436736
37209,0.39393547
37210,0.053242702
37211,0.056666054
37212,0.075903684
37213,0.071708225
37214,0.07287562
37215,0.075355925
37216,0.41129482
37217,0.05632911
37218,0.016816841
37219,0.040610332
37220,0.058568466
37221,0.043693658
37222,0.25095043
37223,0.6297643
37224,0.03872627
37225,0.41199863
37226,0.012678393
37227,0.039446365
37228,0.08134106
37229,0.010508032
37230,0.040590916
37231,0.053097233
37232,0.014577611
37233,0.0377453
37234,0.41088602
37235,0.03747972
37236,0.05369143
37237,0.23758096
37238,0.072595865
37239,0.08308598
37240,0.25440085
37241,0.25059178
37242,0.025760192
37243,0.24308121
37244,0.05998401
37245,0.066759795
37246,0.63523704
37247,0.4498518
37248,0.25177202
37249,0.022105739
37250,0.0721018
37251,0.04813896
37252,0.02507805
37253,0.01823809
37254,0.04496656
37255,0.007251152
37256,0.008250756
37257,0.029212518
37258,0.04405596
37259,0.05884391
37260,0.057377845
37261,0.060486216
37262,0.057865046
37263,0.06947798
37264,0.060764376
37265,0.025859522
37266,0.06384139
37267,0.23569787
37268,0.046185188
37269,0.67741126
37270,0.6692254
37271,0.54123306
37272,0.0050296276
37273,0.025030302
37274,0.0148940375
37275,0.056996893
37276,0.4392639
37277,0.057164434
37278,0.04779498
37279,0.007429473
37280,0.008232338
37281,0.04714408
37282,0.048634578
37283,0.04024074
37284,0.009827736
37285,0.37503785
37286,0.014580801
37287,0.026776003
37288,0.21996525
37289,0.06076066
37290,0.040927228
37291,0.04045872
37292,0.23114848
37293,0.056668773
37294,0.067108646
37295,0.058409706
37296,0.0600504
37297,0.6692328
37298,0.54659915
37299,0.5627053
37300,0.011701917
37301,0.048586573
37302,0.025695216
37303,0.007024619
37304,0.38317028
37305,0.05923064
37306,0.24166207
37307,0.03701136
37308,0.059807435
37309,0.016441453
37310,0.05758884
37311,0.061151523
37312,0.07213728
37313,0.072762065
37314,0.5058306
37315,0.50519407
37316,0.06780193
37317,0.07052018
37318,0.056816954
37319,0.046391997
37320,0.06327821
37321,0.037752308
37322,0.02975263
37323,0.073133245
37324,0.07018117
37325,0.048173208
37326,0.0617204
37327,0.022105739
37328,0.6710624
37329,0.6418029
37330,0.63972384
37331,0.03992354
37332,0.3772868
37333,0.41800487
37334,0.023874028
37335,0.008449179
37336,0.0146824075
37337,0.014420524
37338,0.030811323
37339,0.058588352
37340,0.040242054
37341,0.39754343
37342,0.6215891
37343,0.052986905
37344,0.058795877
37345,0.056552272
37346,0.072481856
37347,0.05244074
37348,0.06906096
37349,0.060854904
37350,0.033578355
37351,0.058309652
37352,0.0607144
37353,0.059946686
37354,0.038912863
37355,0.470222
37356,0.4108772
37357,0.0766204
37358,0.025377592
37359,0.062186517
37360,0.053110335
37361,0.074013114
37362,0.027398787
37363,0.03746145
37364,0.03703257
37365,0.014730239
37366,0.016244771
37367,0.037240323
37368,0.037169542
37369,0.23414074
37370,0.6589166
37371,0.08358161
37372,0.078375764
37373,0.06319675
37374,0.072781436
37375,0.072080076
37376,0.4900713
37377,0.046446163
37378,0.02964392
37379,0.07272548
37380,0.07106176
37381,0.23167086
37382,0.46051013
37383,0.24603847
37384,0.077384815
37385,0.59855956
37386,0.22608854
37387,0.068535775
37388,0.08341011
37389,0.018139852
37390,0.04495768
37391,0.45550957
37392,0.04875898
37393,0.033431266
37394,0.03359147
37395,0.038722865
37396,0.07006023
37397,0.40459797
37398,0.25365615
37399,0.25636828
37400,0.2414718
37401,0.075798705
37402,0.072672725
37403,0.24626759
37404,0.015434798
37405,0.025596032
37406,0.072255425
37407,0.053671524
37408,0.041199017
37409,0.5020193
37410,0.11465504
37411,0.04495894
37412,0.45504096
37413,0.24606197
37414,0.0052493527
37415,0.057990298
37416,0.06409049
37417,0.05855554
37418,0.008045729
37419,0.044437464
37420,0.05789852
37421,0.05902243
37422,0.06669577
37423,0.39356253
37424,0.6295591
37425,0.4003936
37426,0.24364133
37427,0.56195396
37428,0.05875974
37429,0.016466895
37430,0.05327131
37431,0.054047935
37432,0.06887127
37433,0.23817527
37434,0.04755449
37435,0.025007427
37436,0.04796738
37437,0.07067476
37438,0.03888099
37439,0.06027343
37440,0.019118577
37441,0.034820374
37442,0.01664809
37443,0.0098541165
37444,0.029347582
37445,0.052603085
37446,0.044591114
37447,0.054789755
37448,0.39720443
37449,0.073574245
37450,0.36384025
37451,0.5720981
37452,0.539764
37453,0.25086468
37454,0.063985
37455,0.039762706
37456,0.04096321
37457,0.06292905
37458,0.01263531
37459,0.029041756
37460,0.6823537
37461,0.039846603
37462,0.0474402
37463,0.040646795
37464,0.21455178
37465,0.03510095
37466,0.040155537
37467,0.039574422
37468,0.011735098
37469,0.010519112
37470,0.025475029
37471,0.058035478
37472,0.06040405
37473,0.45537776
37474,0.38594913
37475,0.22658576
37476,0.531952
37477,0.4075188
37478,0.25190985
37479,0.07421366
37480,0.035764575
37481,0.0291804
37482,0.03283324
37483,0.038990412
37484,0.038918767
37485,0.032591466
37486,0.047908474
37487,0.52389675
37488,0.21729009
37489,0.25316766
37490,0.02728559
37491,0.06064532
37492,0.06715728
37493,0.072886914
37494,0.23746784
37495,0.039623808
37496,0.027686834
37497,0.03746145
37498,0.071864516
37499,0.5711902
37500,0.39425075
37501,0.49690968
37502,0.40722507
37503,0.24552067
37504,0.07468739
37505,0.058271475
37506,0.038962696
37507,0.010978622
37508,0.019786268
37509,0.010011053
37510,0.027423702
37511,0.069660716
37512,0.06970081
37513,0.057766717
37514,0.07766365
37515,0.023929298
37516,0.05265387
37517,0.35711047
37518,0.037014235
37519,0.0090022385
37520,0.06432504
37521,0.23101018
37522,0.02807348
37523,0.06350809
37524,0.07328693
37525,0.05230432
37526,0.059074726
37527,0.05832421
37528,0.055828445
37529,0.0338388
37530,0.2232385
37531,0.064026825
37532,0.03795918
37533,0.00822916
37534,0.0662931
37535,0.058359127
37536,0.029753868
37537,0.06715074
37538,0.03166847
37539,0.04167074
37540,0.03693311
37541,0.07020354
37542,0.40769464
37543,0.52480674
37544,0.065051466
37545,0.009293875
37546,0.010952531
37547,0.016135175
37548,0.026034506
37549,0.042834822
37550,0.011661798
37551,0.04897115
37552,0.07143846
37553,0.011057415
37554,0.027567144
37555,0.012190371
37556,0.009710208
37557,0.02203903
37558,0.052655466
37559,0.057888217
37560,0.38211507
37561,0.012394995
37562,0.014833423
37563,0.029373026
37564,0.0524936
37565,0.057208844
37566,0.42553154
37567,0.06414579
37568,0.010662148
37569,0.0091349725
37570,0.22529213
37571,0.012782262
37572,0.052375134
37573,0.22732519
37574,0.042809136
37575,0.009325376
37576,0.009096746
37577,0.25408363
37578,0.014899956
37579,0.02314904
37580,0.0701334
37581,0.048288234
37582,0.035459254
37583,0.024854455
37584,0.046207912
37585,0.074603476
37586,0.027329728
37587,0.015666137
37588,0.027262447
37589,0.03737006
37590,0.04628025
37591,0.23656842
37592,0.04846691
37593,0.237758
37594,0.057531152
37595,0.027718008
37596,0.013049271
37597,0.039784897
37598,0.040732052
37599,0.025092522
37600,0.40464684
37601,0.23797475
37602,0.015409991
37603,0.058514316
37604,0.040448505
37605,0.009236327
37606,0.4756234
37607,0.5892985
37608,0.06330583
37609,0.05851126
37610,0.058080517
37611,0.0401806
37612,0.038215645
37613,0.058389474
37614,0.05700921
37615,0.061440703
37616,0.5949348
37617,0.054518767
37618,0.0130325025
37619,0.056664865
37620,0.054502245
37621,0.033952437
37622,0.07208197
37623,0.49458176
37624,0.053341057
37625,0.22542053
37626,0.023027107
37627,0.014283078
37628,0.053462505
37629,0.018311573
37630,0.05481105
37631,0.026758522
37632,0.020463826
37633,0.043118212
37634,0.046175946
37635,0.024393078
37636,0.045407154
37637,0.07574572
37638,0.032936465
37639,0.03752949
37640,0.029578581
37641,0.058255035
37642,0.060014706
37643,0.016480615
37644,0.022068089
37645,0.044964638
37646,0.6566438
37647,0.04846663
37648,0.060228124
37649,0.040407144
37650,0.03420321
37651,0.0393371
37652,0.03984471
37653,0.010284537
37654,0.2505102
37655,0.024705177
37656,0.004428703
37657,0.007399577
37658,0.039738186
37659,0.36767378
37660,0.008006267
37661,0.063121706
37662,0.025565127
37663,0.005334236
37664,0.040669046
37665,0.24677424
37666,0.023390936
37667,0.017129578
37668,0.022485653
37669,0.03880288
37670,0.028589888
37671,0.0722162
37672,0.048740327
37673,0.012935471
37674,0.048261378
37675,0.22742748
37676,0.05753876
37677,0.05371331
37678,0.048563965
37679,0.025359957
37680,0.043020707
37681,0.048521888
37682,0.24754328
37683,0.07377072
37684,0.0066158855
37685,0.029410334
37686,0.0121381385
37687,0.009941371
37688,0.016480355
37689,0.013103575
37690,0.02041876
37691,0.043624315
37692,0.040440116
37693,0.06403433
37694,0.06896822
37695,0.0077626766
37696,0.39973652
37697,0.008036012
37698,0.01731726
37699,0.023027107
37700,0.0100128725
37701,0.014873876
37702,0.01625055
37703,0.00734734
37704,0.011228969
37705,0.026936296
37706,0.01062685
37707,0.011891258
37708,0.0064132735
37709,0.04719486
37710,0.025058411
37711,0.03894895
37712,0.039416958
37713,0.008296881
37714,0.0069726594
37715,0.0610538
37716,0.024658827
37717,0.039766226
37718,0.02941204
37719,0.009621379
37720,0.013211634
37721,0.057186276
37722,0.24443796
37723,0.047427062
37724,0.048402824
37725,0.047857676
37726,0.058167093
37727,0.019256419
37728,0.05606362
37729,0.012178127
37730,0.061587784
37731,0.068102114
37732,0.014844843
37733,0.013410357
37734,0.030131124
37735,0.02497315
37736,0.02350264
37737,0.009865052
37738,0.029582204
37739,0.056392
37740,0.04686779
37741,0.008983592
37742,0.23484586
37743,0.015262132
37744,0.021909915
37745,0.018338066
37746,0.027389605
37747,0.04064165
37748,0.024620324
37749,0.029717378
37750,0.0078055267
37751,0.008994453
37752,0.077468224
37753,0.2252051
37754,0.016090501
37755,0.058657583
37756,0.017852392
37757,0.03417559
37758,0.047504496
37759,0.040151615
37760,0.050205737
37761,0.030202344
37762,0.035613243
37763,0.04127482
37764,0.036952984
37765,0.039208338
37766,0.06580809
37767,0.040422138
37768,0.03606599
37769,0.029743485
37770,0.42166558
37771,0.03975054
37772,0.059472237
37773,0.074024536
37774,0.07467286
37775,0.025301088
37776,0.040681534
37777,0.2541594
37778,0.05777316
37779,0.4053537
37780,0.060733456
37781,0.078642696
37782,0.052896354
37783,0.060442306
37784,0.0770487
37785,0.029762825
37786,0.6619143
37787,0.07065697
37788,0.04101964
37789,0.23307797
37790,0.05227048
37791,0.010984822
37792,0.02760315
37793,0.040265284
37794,0.07131397
37795,0.078069784
37796,0.50873524
37797,0.17501225
37798,0.0395846
37799,0.07131246
37800,0.08063312
37801,0.012779938
37802,0.047723353
37803,0.03924792
37804,0.052705552
37805,0.01663581
37806,0.060304917
37807,0.03410201
37808,0.44424126
37809,0.07540822
37810,0.23322076
37811,0.4485504
37812,0.22459736
37813,0.019875063
37814,0.5230794
37815,0.015401921
37816,0.048592333
37817,0.08804463
37818,0.044728864
37819,0.043105796
37820,0.032859728
37821,0.054849125
37822,0.025536891
37823,0.06199417
37824,0.06662354
37825,0.060983595
37826,0.055986233
37827,0.39456916
37828,0.040711068
37829,0.029821701
37830,0.048349053
37831,0.050904524
37832,0.057410635
37833,0.037845116
37834,0.025514297
37835,0.048084356
37836,0.075652465
37837,0.04791058
37838,0.24607918
37839,0.0476451
37840,0.037724562
37841,0.022413664
37842,0.4447783
37843,0.4051481
37844,0.058741733
37845,0.45370197
37846,0.47154596
37847,0.0049772686
37848,0.05680689
37849,0.04472195
37850,0.035387572
37851,0.057566475
37852,0.054069232
37853,0.061955336
37854,0.0747217
37855,0.45881698
37856,0.15884545
37857,0.03984312
37858,0.029526135
37859,0.033091135
37860,0.24355315
37861,0.016130975
37862,0.039704274
37863,0.007790678
37864,0.20329212
37865,0.04012404
37866,0.22955263
37867,0.47333205
37868,0.057455674
37869,0.01950362
37870,0.03750968
37871,0.04870418
37872,0.02740051
37873,0.06703669
37874,0.079025865
37875,0.060862686
37876,0.06103003
37877,0.048185688
37878,0.035319634
37879,0.0295778
37880,0.027758164
37881,0.03262446
37882,0.21470748
37883,0.045425806
37884,0.05915328
37885,0.012102524
37886,0.033917338
37887,0.025940374
37888,0.015545758
37889,0.0134200575
37890,0.022190114
37891,0.038343888
37892,0.02223601
37893,0.051096685
37894,0.39390534
37895,0.42561007
37896,0.0394977
37897,0.03710768
37898,0.060733974
37899,0.05273865
37900,0.012872713
37901,0.046497967
37902,0.013336209
37903,0.0789811
37904,0.025673976
37905,0.022516988
37906,0.029199129
37907,0.04902464
37908,0.048188176
37909,0.07246473
37910,0.06508347
37911,0.2226236
37912,0.048908666
37913,0.03712697
37914,0.016254697
37915,0.045126166
37916,0.040256374
37917,0.009927514
37918,0.22905593
37919,0.040456522
37920,0.49984977
37921,0.06687537
37922,0.018470973
37923,0.06374489
37924,0.04289003
37925,0.04265085
37926,0.02128067
37927,0.008441625
37928,0.010818945
37929,0.04799864
37930,0.02579276
37931,0.015353719
37932,0.015371099
37933,0.05617966
37934,0.039595794
37935,0.05447666
37936,0.046783302
37937,0.061052356
37938,0.07207133
37939,0.41288742
37940,0.048770443
37941,0.020225232
37942,0.057682052
37943,0.013975658
37944,0.037533358
37945,0.007313991
37946,0.058370907
37947,0.04627397
37948,0.066620015
37949,0.038457923
37950,0.0608458
37951,0.035800807
37952,0.04677134
37953,0.03299361
37954,0.06880987
37955,0.009382488
37956,0.051090814
37957,0.029787298
37958,0.019756652
37959,0.032964803
37960,0.046439327
37961,0.053369913
37962,0.06921845
37963,0.059059527
37964,0.23702615
37965,0.22690389
37966,0.07288538
37967,0.009986315
37968,0.05828052
37969,0.010064437
37970,0.044294093
37971,0.03825298
37972,0.0576575
37973,0.02958838
37974,0.019551612
37975,0.041010585
37976,0.03597008
37977,0.043516394
37978,0.058650695
37979,0.029767858
37980,0.046448186
37981,0.0050648768
37982,0.0530458
37983,0.011044715
37984,0.034232408
37985,0.21882187
37986,0.048014726
37987,0.07420508
37988,0.63318574
37989,0.058952156
37990,0.063651286
37991,0.04612313
37992,0.05321913
37993,0.052095957
37994,0.05857858
37995,0.044504482
37996,0.009223796
37997,0.01617327
37998,0.25446567
37999,0.052314583
38000,0.057391126
38001,0.045816112
38002,0.055390336
38003,0.015246199
38004,0.025392888
38005,0.017160079
38006,0.019131033
38007,0.035373993
38008,0.4103793
38009,0.049368612
38010,0.037937347
38011,0.06113568
38012,0.649024
38013,0.05813078
38014,0.012814922
38015,0.06237745
38016,0.046388343
38017,0.2383206
38018,0.4029956
38019,0.04930085
38020,0.017879235
38021,0.040003642
38022,0.040653024
38023,0.060727015
38024,0.07539579
38025,0.037733212
38026,0.081958435
38027,0.058201924
38028,0.052160352
38029,0.012990961
38030,0.018151147
38031,0.042498033
38032,0.05019194
38033,0.013486065
38034,0.06835459
38035,0.07528844
38036,0.22974789
38037,0.056632496
38038,0.029481255
38039,0.062000323
38040,0.07882684
38041,0.23654847
38042,0.044703905
38043,0.040917173
38044,0.019290539
38045,0.050077725
38046,0.59016883
38047,0.03390981
38048,0.071712054
38049,0.48211306
38050,0.07313683
38051,0.015508607
38052,0.011179497
38053,0.008306757
38054,0.03581948
38055,0.04698463
38056,0.23312233
38057,0.38714227
38058,0.05279627
38059,0.057127498
38060,0.07596496
38061,0.07192112
38062,0.06955555
38063,0.07585458
38064,0.42039642
38065,0.05771043
38066,0.04070162
38067,0.058722187
38068,0.043864474
38069,0.084522724
38070,0.68980604
38071,0.038765926
38072,0.3765453
38073,0.039789606
38074,0.076937236
38075,0.009677257
38076,0.041577283
38077,0.053119797
38078,0.013746835
38079,0.038013328
38080,0.4276896
38081,0.037520297
38082,0.054510873
38083,0.2370057
38084,0.07505872
38085,0.07469486
38086,0.2449562
38087,0.23995383
38088,0.025713332
38089,0.086514436
38090,0.06091266
38091,0.06979973
38092,0.59941006
38093,0.49925354
38094,0.25251928
38095,0.022209542
38096,0.07431725
38097,0.048877034
38098,0.02118391
38099,0.04493044
38100,0.0075821746
38101,0.00955821
38102,0.030346662
38103,0.04512394
38104,0.0577929
38105,0.056915246
38106,0.06073596
38107,0.058985434
38108,0.07165409
38109,0.061664693
38110,0.026671985
38111,0.062010117
38112,0.07726583
38113,0.01592485
38114,0.046361566
38115,0.6345363
38116,0.5373618
38117,0.5941412
38118,0.0055449908
38119,0.022771422
38120,0.015407546
38121,0.05763995
38122,0.45957553
38123,0.057885084
38124,0.047821008
38125,0.007639045
38126,0.0082075335
38127,0.04482116
38128,0.048289865
38129,0.04031521
38130,0.009915331
38131,0.3848581
38132,0.015443488
38133,0.026452087
38134,0.059541985
38135,0.060796496
38136,0.040573973
38137,0.04015401
38138,0.22764282
38139,0.05611839
38140,0.06764251
38141,0.059704818
38142,0.060042504
38143,0.64849484
38144,0.5501933
38145,0.66161543
38146,0.049049452
38147,0.025670372
38148,0.41671842
38149,0.059137117
38150,0.23567276
38151,0.038083117
38152,0.059296057
38153,0.01622843
38154,0.05971272
38155,0.06280154
38156,0.0764349
38157,0.07549315
38158,0.4601202
38159,0.49263826
38160,0.072833166
38161,0.070321135
38162,0.056071468
38163,0.04615778
38164,0.062557764
38165,0.037996475
38166,0.029571455
38167,0.02012086
38168,0.0708251
38169,0.072024584
38170,0.04783957
38171,0.060968958
38172,0.022691283
38173,0.6990074
38174,0.5529261
38175,0.53949106
38176,0.040412277
38177,0.22684596
38178,0.43829998
38179,0.025816677
38180,0.0074413256
38181,0.03177149
38182,0.059080996
38183,0.040082272
38184,0.13734525
38185,0.5804078
38186,0.052812923
38187,0.059804928
38188,0.05748081
38189,0.07325661
38190,0.05275252
38191,0.06953364
38192,0.06055575
38193,0.033597324
38194,0.05836488
38195,0.061897337
38196,0.061006952
38197,0.040317506
38198,0.02042684
38199,0.5495105
38200,0.24485132
38201,0.07189139
38202,0.054182623
38203,0.024666432
38204,0.06370135
38205,0.053698327
38206,0.075618476
38207,0.02755681
38208,0.03844295
38209,0.038394134
38210,0.014918869
38211,0.016399989
38212,0.037594855
38213,0.038005386
38214,0.24026193
38215,0.67043036
38216,0.079690516
38217,0.24342215
38218,0.06533414
38219,0.07356175
38220,0.07480566
38221,0.50875014
38222,0.04690265
38223,0.029833725
38224,0.07313692
38225,0.07276565
38226,0.37327078
38227,0.4823521
38228,0.24523619
38229,0.077383935
38230,0.69310784
38231,0.22472787
38232,0.06789523
38233,0.23754439
38234,0.019243382
38235,0.04494457
38236,0.42730457
38237,0.04869065
38238,0.032804698
38239,0.03294777
38240,0.039175805
38241,0.06830496
38242,0.4057991
38243,0.24324012
38244,0.5494444
38245,0.25645515
38246,0.076290905
38247,0.07407394
38248,0.25474197
38249,0.011074947
38250,0.07764153
38251,0.053668242
38252,0.040502317
38253,0.5103708
38254,0.24203876
38255,0.04387983
38256,0.55531996
38257,0.25910726
38258,0.058854617
38259,0.06025306
38260,0.05821295
38261,0.04101964
38262,0.025843455
38263,0.043854598
38264,0.060124625
38265,0.058258437
38266,0.072104074
38267,0.3880501
38268,0.67662483
38269,0.42431855
38270,0.2504627
38271,0.5792223
38272,0.05914288
38273,0.015387179
38274,0.05328834
38275,0.053936582
38276,0.069559716
38277,0.23779628
38278,0.048926566
38279,0.026022974
38280,0.049344532
38281,0.06808922
38282,0.015198945
38283,0.038310617
38284,0.060823735
38285,0.019294888
38286,0.013560011
38287,0.033709843
38288,0.010019051
38289,0.029675601
38290,0.051105596
38291,0.045222163
38292,0.05547802
38293,0.23173884
38294,0.234109
38295,0.37441665
38296,0.60613143
38297,0.61956763
38298,0.2556622
38299,0.0633431
38300,0.039820295
38301,0.017801754
38302,0.041112423
38303,0.0633431
38304,0.029570285
38305,0.6261398
38306,0.040493276
38307,0.014514439
38308,0.047240257
38309,0.04077295
38310,0.35529897
38311,0.03536567
38312,0.03890476
38313,0.020626467
38314,0.03887304
38315,0.012357335
38316,0.025667604
38317,0.057008017
38318,0.060859103
38319,0.4818266
38320,0.37543073
38321,0.22840504
38322,0.68301755
38323,0.38434467
38324,0.24617583
38325,0.07375435
38326,0.03577588
38327,0.029845577
38328,0.033104125
38329,0.040162288
38330,0.038842242
38331,0.03310286
38332,0.048656452
38333,0.46469176
38334,0.2155055
38335,0.2475502
38336,0.027471606
38337,0.21996447
38338,0.06811865
38339,0.071110256
38340,0.08692571
38341,0.039571267
38342,0.027904717
38343,0.037920773
38344,0.07526981
38345,0.6429263
38346,0.39443618
38347,0.5794192
38348,0.385879
38349,0.24501504
38350,0.078581646
38351,0.058510266
38352,0.011144637
38353,0.01905639
38354,0.009457022
38355,0.010098178
38356,0.06763515
38357,0.07011782
38358,0.056819208
38359,0.2392351
38360,0.025534576
38361,0.051484052
38362,0.24408819
38363,0.03692184
38364,0.01017709
38365,0.009210838
38366,0.062980935
38367,0.22951761
38368,0.027956063
38369,0.0640748
38370,0.07600849
38371,0.052727707
38372,0.059435084
38373,0.027245602
38374,0.060309283
38375,0.055259626
38376,0.034297604
38377,0.2218233
38378,0.062205408
38379,0.03862012
38380,0.008569307
38381,0.06366737
38382,0.010205174
38383,0.05873686
38384,0.036769394
38385,0.02994307
38386,0.06693102
38387,0.031398404
38388,0.03890723
38389,0.037174076
38390,0.07501983
38391,0.24562496
38392,0.4216221
38393,0.06437991
38394,0.010098178
38395,0.016383972
38396,0.026077943
38397,0.042591896
38398,0.012328277
38399,0.05039283
38400,0.0732909
38401,0.012243973
38402,0.028399628
38403,0.016373089
38404,0.02492579
38405,0.051638212
38406,0.058472976
38407,0.43388075
38408,0.011171453
38409,0.015225794
38410,0.02966221
38411,0.052413385
38412,0.05932547
38413,0.51625836
38414,0.0638471
38415,0.0093392795
38416,0.22788708
38417,0.05225489
38418,0.07224297
38419,0.042989623
38420,0.009656243
38421,0.24404246
38422,0.023853106
38423,0.070547886
38424,0.048455834
38425,0.034996197
38426,0.015279135
38427,0.024285806
38428,0.047686394
38429,0.2438867
38430,0.02613543
38431,0.016138256
38432,0.027542014
38433,0.037482124
38434,0.047251016
38435,0.2400634
38436,0.048798494
38437,0.073866606
38438,0.05971272
38439,0.027753895
38440,0.04004167
38441,0.026788196
38442,0.098471664
38443,0.37134543
38444,0.015769033
38445,0.05903455
38446,0.04009961
38447,0.009452358
38448,0.4757776
38449,0.653503
38450,0.06509053
38451,0.059097923
38452,0.011597531
38453,0.058417875
38454,0.040290322
38455,0.038842577
38456,0.05885064
38457,0.056401856
38458,0.06267928
38459,0.6942426
38460,0.055169925
38461,0.013384493
38462,0.056116447
38463,0.054780927
38464,0.015550147
38465,0.03394711
38466,0.076245494
38467,0.5431421
38468,0.05316377
38469,0.2258784
38470,0.02427343
38471,0.053748854
38472,0.014478715
38473,0.018335184
38474,0.055658344
38475,0.025230888
38476,0.022443913
38477,0.043179523
38478,0.046986554
38479,0.025111213
38480,0.045140654
38481,0.011152572
38482,0.015121931
38483,0.07181367
38484,0.03335879
38485,0.03764318
38486,0.0587154
38487,0.06148682
38488,0.022231277
38489,0.044999354
38490,0.6733175
38491,0.048027545
38492,0.061327815
38493,0.04065262
38494,0.033090744
38495,0.03906245
38496,0.039606422
38497,0.010334449
38498,0.24619412
38499,0.024972273
38500,0.007711967
38501,0.0134387305
38502,0.04028955
38503,0.3763335
38504,0.017247923
38505,0.06337758
38506,0.037942335
38507,0.040110584
38508,0.37542486
38509,0.026564153
38510,0.016845604
38511,0.018128334
38512,0.03890757
38513,0.026968164
38514,0.07224872
38515,0.04845946
38516,0.013051441
38517,0.048206914
38518,0.22788998
38519,0.060381345
38520,0.05347295
38521,0.047630284
38522,0.025298826
38523,0.04301482
38524,0.014866862
38525,0.0481118
38526,0.0749754
38527,0.2287039
38528,0.006413126
38529,0.02973504
38530,0.0120069375
38531,0.010196364
38532,0.016914753
38533,0.01345388
38534,0.012849306
38535,0.021009786
38536,0.044483192
38537,0.039678667
38538,0.063633576
38539,0.07021687
38540,0.2498651
38541,0.024105955
38542,0.010277152
38543,0.015191724
38544,0.016428651
38545,0.0075270715
38546,0.012004694
38547,0.047503613
38548,0.025046518
38549,0.03848782
38550,0.03949445
38551,0.011178029
38552,0.059908736
38553,0.024897566
38554,0.040293958
38555,0.0095334975
38556,0.028091246
38557,0.013481271
38558,0.05608385
38559,0.24241301
38560,0.04822648
38561,0.04857526
38562,0.048204664
38563,0.058220297
38564,0.019426776
38565,0.05606715
38566,0.012812257
38567,0.061006952
38568,0.06838988
38569,0.015233039
38570,0.02933194
38571,0.03149102
38572,0.025846364
38573,0.025516478
38574,0.0158291
38575,0.029506676
38576,0.05632322
38577,0.046389338
38578,0.029928887
38579,0.071483515
38580,0.022405788
38581,0.040157747
38582,0.024898931
38583,0.029745515
38584,0.026530948
38585,0.07600849
38586,0.07507719
38587,0.016350294
38588,0.058826648
38589,0.013670029
38590,0.017749444
38591,0.040384993
38592,0.019486664
38593,0.034282144
38594,0.051078428
38595,0.032070223
38596,0.035922907
38597,0.04063517
38598,0.03613454
38599,0.03954953
38600,0.06956432
38601,0.03593628
38602,0.037909452
38603,0.4072083
38604,0.040630627
38605,0.061769202
38606,0.23457204
38607,0.22757263
38608,0.02554226
38609,0.04049354
38610,0.24693151
38611,0.059459966
38612,0.40849242
38613,0.06170495
38614,0.23532765
38615,0.053686097
38616,0.013225566
38617,0.013152997
38618,0.015564452
38619,0.07132325
38620,0.75091904
38621,0.23059174
38622,0.040580444
38623,0.38782775
38624,0.052321196
38625,0.027344596
38626,0.015615629
38627,0.07064903
38628,0.07726408
38629,0.5112284
38630,0.4844897
38631,0.04019725
38632,0.061301865
38633,0.22323987
38634,0.07333124
38635,0.047776196
38636,0.03981174
38637,0.054291584
38638,0.01771481
38639,0.06188918
38640,0.44883627
38641,0.22642706
38642,0.23093146
38643,0.44530326
38644,0.073506474
38645,0.020805381
38646,0.43886846
38647,0.049062125
38648,0.076520294
38649,0.044202685
38650,0.042799298
38651,0.03293348
38652,0.055350583
38653,0.063797034
38654,0.07081367
38655,0.065051876
38656,0.031745985
38657,0.058249157
38658,0.39703333
38659,0.040630285
38660,0.048142664
38661,0.05203883
38662,0.05916999
38663,0.038215004
38664,0.045590438
38665,0.07862964
38666,0.25234076
38667,0.04804828
38668,0.04665162
38669,0.037941225
38670,0.022683691
38671,0.4599308
38672,0.07113727
38673,0.05960665
38674,0.4867973
38675,0.47172102
38676,0.05835129
38677,0.044159565
38678,0.016309
38679,0.013905561
38680,0.036278244
38681,0.055790562
38682,0.0655844
38683,0.24832603
38684,0.45549056
38685,0.1515532
38686,0.04066105
38687,0.008362538
38688,0.033262175
38689,0.23633814
38690,0.017849347
38691,0.03971167
38692,0.054195512
38693,0.039982773
38694,0.026338723
38695,0.22947353
38696,0.4478334
38697,0.061531544
38698,0.018634
38699,0.039217405
38700,0.04990088
38701,0.008885612
38702,0.023058193
38703,0.028137447
38704,0.0733703
38705,0.084853105
38706,0.06319953
38707,0.06457958
38708,0.04935172
38709,0.029630398
38710,0.033598736
38711,0.21810408
38712,0.046188034
38713,0.05933074
38714,0.013071122
38715,0.03458437
38716,0.026074773
38717,0.015735978
38718,0.01359699
38719,0.022824146
38720,0.03856388
38721,0.022859134
38722,0.054709557
38723,0.43486318
38724,0.40680495
38725,0.040050406
38726,0.037229735
38727,0.034291867
38728,0.06278817
38729,0.053932484
38730,0.046916418
38731,0.013253118
38732,0.027459826
38733,0.07082649
38734,0.025070809
38735,0.022500046
38736,0.02962176
38737,0.049074594
38738,0.048536897
38739,0.077011235
38740,0.21829484
38741,0.2247614
38742,0.04841239
38743,0.036988992
38744,0.01623664
38745,0.044905003
38746,0.039536692
38747,0.014353383
38748,0.22790419
38749,0.040474303
38750,0.6415819
38751,0.06768146
38752,0.06977539
38753,0.043709982
38754,0.04328303
38755,0.04931083
38756,0.026505092
38757,0.02311999
38758,0.015564712
38759,0.0163967
38760,0.05752273
38761,0.03984426
38762,0.05627767
38763,0.04818992
38764,0.06197701
38765,0.07357788
38766,0.43345898
38767,0.04938209
38768,0.020358631
38769,0.06027879
38770,0.014285338
38771,0.037681337
38772,0.060920674
38773,0.046504825
38774,0.071384266
38775,0.0362674
38776,0.06553066
38777,0.04594142
38778,0.032861475
38779,0.016710468
38780,0.07664818
38781,0.009284523
38782,0.0297196
38783,0.055655573
38784,0.029313255
38785,0.02090313
38786,0.032683346
38787,0.046440624
38788,0.05446609
38789,0.07107145
38790,0.061098967
38791,0.0737202
38792,0.22466385
38793,0.22508912
38794,0.010864447
38795,0.05910088
38796,0.043760967
38797,0.038572114
38798,0.06209109
38799,0.04138093
38800,0.03759795
38801,0.04377878
38802,0.06118237
38803,0.029775454
38804,0.04518618
38805,0.05341486
38806,0.011790767
38807,0.034889538
38808,0.21725476
38809,0.048014764
38810,0.072260156
38811,0.2660278
38812,0.06174003
38813,0.07017897
38814,0.04798112
38815,0.05412945
38816,0.054614548
38817,0.061068498
38818,0.041424837
38819,0.00855903
38820,0.017345209
38821,0.24887499
38822,0.055052474
38823,0.059910282
38824,0.047044035
38825,0.05818903
38826,0.024704417
38827,0.01795418
38828,0.035260644
38829,0.11558035
38830,0.05098367
38831,0.040229943
38832,0.06425652
38833,0.59395283
38834,0.060407367
38835,0.012351365
38836,0.069075316
38837,0.04613506
38838,0.08995532
38839,0.41136324
38840,0.048737004
38841,0.018056056
38842,0.03989109
38843,0.04085873
38844,0.06265647
38845,0.081076264
38846,0.037517007
38847,0.07598014
38848,0.061986517
38849,0.055727392
38850,0.013119184
38851,0.01812951
38852,0.043060698
38853,0.05031
38854,0.012546076
38855,0.07033472
38856,0.07407156
38857,0.22960548
38858,0.05890054
38859,0.030223308
38860,0.062898755
38861,0.07336637
38862,0.087440155
38863,0.04361792
38864,0.04063702
38865,0.019862086
38866,0.012072912
38867,0.051327858
38868,0.52821994
38869,0.036333073
38870,0.070129104
38871,0.45684716
38872,0.0748046
38873,0.01627957
38874,0.008520096
38875,0.037333336
38876,0.043737337
38877,0.3598289
38878,0.23125373
38879,0.056102835
38880,0.059198115
38881,0.07308733
38882,0.074220054
38883,0.078043446
38884,0.08819974
38885,0.38672736
38886,0.060054917
38887,0.040792312
38888,0.059751928
38889,0.043574214
38890,0.24393454
38891,0.63277006
38892,0.25162512
38893,0.012967113
38894,0.17555057
38895,0.08183072
38896,0.0137246195
38897,0.012700125
38898,0.039822
38899,0.054227643
38900,0.014942261
38901,0.038139235
38902,0.40447092
38903,0.03704896
38904,0.055736274
38905,0.22917886
38906,0.07318064
38907,0.08690035
38908,0.38782355
38909,0.08126102
38910,0.02721728
38911,0.08841782
38912,0.06315632
38913,0.07385119
38914,0.77099717
38915,0.25798562
38916,0.24380894
38917,0.022747554
38918,0.07661448
38919,0.04913385
38920,0.018128145
38921,0.009685147
38922,0.04505101
38923,0.0078014685
38924,0.009368194
38925,0.030418256
38926,0.044931374
38927,0.05852746
38928,0.060830224
38929,0.06380217
38930,0.06082362
38931,0.07594715
38932,0.063840486
38933,0.0685598
38934,0.23330906
38935,0.016253581
38936,0.046203867
38937,0.7789709
38938,0.74380547
38939,0.6099643
38940,0.014479136
38941,0.061102506
38942,0.5219184
38943,0.060816914
38944,0.049085177
38945,0.04444548
38946,0.0492054
38947,0.03960003
38948,0.009681285
38949,0.37971514
38950,0.015253937
38951,0.027862724
38952,0.06220835
38953,0.06379495
38954,0.041032836
38955,0.038702782
38956,0.22436763
38957,0.060219742
38958,0.08030665
38959,0.06472259
38960,0.06331805
38961,0.7012434
38962,0.6225003
38963,0.62235236
38964,0.049285237
38965,0.025542093
38966,0.4018498
38967,0.061825786
38968,0.23892066
38969,0.03818619
38970,0.06288159
38971,0.01705808
38972,0.061979473
38973,0.062831245
38974,0.07673644
38975,0.0716569
38976,0.52258
38977,0.45583665
38978,0.078607686
38979,0.07342058
38980,0.058424376
38981,0.04625948
38982,0.06840964
38983,0.03815762
38984,0.029925618
38985,0.07706334
38986,0.07517941
38987,0.049455646
38988,0.064753585
38989,0.02272393
38990,0.73788357
38991,0.79770905
38992,0.78535086
38993,0.07058572
38994,0.042150516
38995,0.22457334
38996,0.009317992
38997,0.37429044
38998,0.025690582
38999,0.0142710805
39000,0.031820446
39001,0.062247653
39002,0.041028816
39003,0.4085865
39004,0.77441335
39005,0.054633837
39006,0.06195381
39007,0.06201348
39008,0.079263635
39009,0.054636866
39010,0.2226066
39011,0.06176892
39012,0.03407274
39013,0.060544483
39014,0.063507356
39015,0.063277625
39016,0.04013382
39017,0.020312712
39018,0.25567466
39019,0.24272978
39020,0.07323191
39021,0.066175714
39022,0.054651648
39023,0.08312191
39024,0.027413443
39025,0.038215004
39026,0.016819183
39027,0.037071206
39028,0.038069665
39029,0.39013103
39030,0.68169147
39031,0.08230657
39032,0.074776046
39033,0.22034764
39034,0.07527389
39035,0.07479032
39036,0.45229998
39037,0.04687803
39038,0.03407699
39039,0.030420627
39040,0.074002765
39041,0.07026127
39042,0.3563853
39043,0.25581914
39044,0.08632474
39045,0.07544336
39046,0.70098335
39047,0.07234455
39048,0.22586611
39049,0.07784061
39050,0.019335885
39051,0.044039372
39052,0.243236
39053,0.050013334
39054,0.033240404
39055,0.03283022
39056,0.03960606
39057,0.07608333
39058,0.38112584
39059,0.2501968
39060,0.25603724
39061,0.25107458
39062,0.07454747
39063,0.079773754
39064,0.24798079
39065,0.025684278
39066,0.07219336
39067,0.055085815
39068,0.040366612
39069,0.4840233
39070,0.23151644
39071,0.044462193
39072,0.47799972
39073,0.2516861
39074,0.060457014
39075,0.064598
39076,0.06120697
39077,0.041230537
39078,0.026417984
39079,0.044330243
39080,0.0591328
39081,0.0613985
39082,0.07737879
39083,0.39404628
39084,0.68933475
39085,0.43321282
39086,0.38588047
39087,0.199329
39088,0.061623108
39089,0.016374085
39090,0.054570526
39091,0.057374388
39092,0.076182805
39093,0.24082331
39094,0.048678983
39095,0.025728472
39096,0.04831273
39097,0.072577685
39098,0.039684232
39099,0.063972175
39100,0.018350063
39101,0.035466798
39102,0.017835809
39103,0.009638026
39104,0.028647002
39105,0.054639205
39106,0.04429523
39107,0.056599017
39108,0.4039091
39109,0.22990295
39110,0.37873802
39111,0.61378974
39112,0.63257384
39113,0.24932703
39114,0.06718562
39115,0.039980207
39116,0.017314995
39117,0.040529773
39118,0.06679601
39119,0.029569646
39120,0.7289531
39121,0.040610112
39122,0.015615629
39123,0.047956906
39124,0.041080534
39125,0.37864643
39126,0.03546816
39127,0.039745916
39128,0.0151536595
39129,0.04082855
39130,0.012201277
39131,0.011717378
39132,0.02576965
39133,0.05952852
39134,0.06328935
39135,0.46289733
39136,0.42308155
39137,0.38439825
39138,0.80435413
39139,0.41487277
39140,0.24508917
39141,0.07657851
39142,0.03042047
39143,0.033023313
39144,0.040346283
39145,0.039365236
39146,0.03214544
39147,0.04889068
39148,0.41623467
39149,0.061012994
39150,0.25113273
39151,0.027235728
39152,0.063321985
39153,0.07201386
39154,0.07313906
39155,0.0760627
39156,0.03967089
39157,0.027965454
39158,0.008187699
39159,0.03894306
39160,0.07436252
39161,0.63507915
39162,0.3917296
39163,0.5719841
39164,0.3891298
39165,0.25059783
39166,0.07459453
39167,0.06091448
39168,0.010846353
39169,0.019930394
39170,0.0102419425
39171,0.03630539
39172,0.077718824
39173,0.074017555
39174,0.060762968
39175,0.08954674
39176,0.026272971
39177,0.054025643
39178,0.25752586
39179,0.037753582
39180,0.06687836
39181,0.23140098
39182,0.07050939
39183,0.07288704
39184,0.05456795
39185,0.060437206
39186,0.060667057
39187,0.05811984
39188,0.03422167
39189,0.072049126
39190,0.07276614
39191,0.008407392
39192,0.06857053
39193,0.009342577
39194,0.062799044
39195,0.037576184
39196,0.029341038
39197,0.070855305
39198,0.031944003
39199,0.04007707
39200,0.037336715
39201,0.079050295
39202,0.24268086
39203,0.4074478
39204,0.06958932
39205,0.011024503
39206,0.015356539
39207,0.016586933
39208,0.025922421
39209,0.042728633
39210,0.050284747
39211,0.07275901
39212,0.028711662
39213,0.028357083
39214,0.016491558
39215,0.009988198
39216,0.029076397
39217,0.05507761
39218,0.060064178
39219,0.4155323
39220,0.011977121
39221,0.014917273
39222,0.029732866
39223,0.05565421
39224,0.06123381
39225,0.4866931
39226,0.06908077
39227,0.010736231
39228,0.22564405
39229,0.0319118
39230,0.013227041
39231,0.05443015
39232,0.07096425
39233,0.009103107
39234,0.24810661
39235,0.024429396
39236,0.080765344
39237,0.04920467
39238,0.036243137
39239,0.014530519
39240,0.025345853
39241,0.04875739
39242,0.4039543
39243,0.027641894
39244,0.01650183
39245,0.027197115
39246,0.03836086
39247,0.04715903
39248,0.074865244
39249,0.049129758
39250,0.2329063
39251,0.06055736
39252,0.027856734
39253,0.04005546
39254,0.03949188
39255,0.026982702
39256,0.24449573
39257,0.39954174
39258,0.0603604
39259,0.040540382
39260,0.43589202
39261,0.65418214
39262,0.068038255
39263,0.0608147
39264,0.011907848
39265,0.06100116
39266,0.041012727
39267,0.03917956
39268,0.062188804
39269,0.058228806
39270,0.06380097
39271,0.8876611
39272,0.056292728
39273,0.057416156
39274,0.056114316
39275,0.034468256
39276,0.07919001
39277,0.4680651
39278,0.054860156
39279,0.08061585
39280,0.023627274
39281,0.054401077
39282,0.019529099
39283,0.05815142
39284,0.026800038
39285,0.01077146
39286,0.022970075
39287,0.043191463
39288,0.046054833
39289,0.025092045
39290,0.045214348
39291,0.010866392
39292,0.01507786
39293,0.071395144
39294,0.0341289
39295,0.038225725
39296,0.030242383
39297,0.06138483
39298,0.06697044
39299,0.04452494
39300,0.7403056
39301,0.048858207
39302,0.06284115
39303,0.040585604
39304,0.03431205
39305,0.03983609
39306,0.04098243
39307,0.010948102
39308,0.015153543
39309,0.2516204
39310,0.025452092
39311,0.0077576283
39312,0.014356201
39313,0.06332655
39314,0.017346593
39315,0.06770542
39316,0.03844038
39317,0.040508755
39318,0.39518353
39319,0.025475996
39320,0.01730099
39321,0.018115383
39322,0.0392705
39323,0.028455798
39324,0.07296814
39325,0.049115665
39326,0.011144503
39327,0.009266601
39328,0.049131677
39329,0.22468212
39330,0.061252356
39331,0.0549129
39332,0.04991828
39333,0.025492337
39334,0.043536674
39335,0.045436516
39336,0.2383924
39337,0.07307906
39338,0.011406638
39339,0.013915171
39340,0.009973902
39341,0.00807856
39342,0.013119184
39343,0.013193406
39344,0.013551631
39345,0.025612354
39346,0.043049686
39347,0.04031042
39348,0.06900983
39349,0.07671732
39350,0.24558769
39351,0.017320633
39352,0.024422407
39353,0.010359604
39354,0.014922556
39355,0.016749019
39356,0.012188952
39357,0.028065557
39358,0.010345815
39359,0.011446557
39360,0.008487688
39361,0.04800272
39362,0.039375324
39363,0.010568081
39364,0.03966225
39365,0.063799925
39366,0.040479444
39367,0.02964988
39368,0.013549181
39369,0.060978584
39370,0.009335745
39371,0.41768503
39372,0.048254922
39373,0.04853787
39374,0.048700117
39375,0.012181168
39376,0.05939327
39377,0.019034406
39378,0.008129565
39379,0.0594097
39380,0.0131
39381,0.06477348
39382,0.07623771
39383,0.029603343
39384,0.030195631
39385,0.025719957
39386,0.014329206
39387,0.00923731
39388,0.029603286
39389,0.007528003
39390,0.057898138
39391,0.046090193
39392,0.07754253
39393,0.022622747
39394,0.027782522
39395,0.04193032
39396,0.024499817
39397,0.013915171
39398,0.029986607
39399,0.028147766
39400,0.22941065
39401,0.2284527
39402,0.016294027
39403,0.061385687
39404,0.013657089
39405,0.01727671
39406,0.03918758
39407,0.0194318
39408,0.047851607
39409,0.040194977
39410,0.05082286
39411,0.03219396
39412,0.04009527
39413,0.03719465
39414,0.03748698
39415,0.06467256
39416,0.04040293
39417,0.035814393
39418,0.029633956
39419,0.23036525
39420,0.03833652
39421,0.060659196
39422,0.040256765
39423,0.07467634
39424,0.2256523
39425,0.024816964
39426,0.040241342
39427,0.24072534
39428,0.059086792
39429,0.24046443
39430,0.23396018
39431,0.053496525
39432,0.026183166
39433,0.0050838734
39434,0.012265726
39435,0.012969109
39436,0.07120255
39437,0.02948089
39438,0.6363411
39439,0.07805551
39440,0.039576784
39441,0.22947541
39442,0.05327773
39443,0.011093706
39444,0.02555237
39445,0.068129405
39446,0.06914834
39447,0.44447163
39448,0.5170985
39449,0.04025117
39450,0.059803177
39451,0.07475408
39452,0.23390369
39453,0.00845345
39454,0.04788763
39455,0.039346028
39456,0.05323236
39457,0.061295524
39458,0.42190313
39459,0.07386783
39460,0.22980681
39461,0.5119356
39462,0.22429971
39463,0.020360215
39464,0.40833607
39465,0.04698853
39466,0.073578075
39467,0.04420957
39468,0.042979192
39469,0.033062678
39470,0.054536857
39471,0.062352367
39472,0.06687114
39473,0.06291942
39474,0.05565339
39475,0.38825828
39476,0.039940696
39477,0.02830851
39478,0.046087183
39479,0.052186526
39480,0.057976034
39481,0.038016737
39482,0.039688412
39483,0.02547199
39484,0.047849942
39485,0.07617172
39486,0.078404956
39487,0.038019635
39488,0.01256194
39489,0.50551957
39490,0.06765988
39491,0.21357608
39492,0.44151303
39493,0.45350525
39494,0.005492578
39495,0.05726368
39496,0.044750247
39497,0.013942429
39498,0.035375323
39499,0.058770888
39500,0.05502481
39501,0.062063914
39502,0.07562932
39503,0.44572538
39504,0.01492751
39505,0.15344092
39506,0.04011404
39507,0.03256601
39508,0.23711832
39509,0.03964848
39510,0.05305964
39511,0.040184878
39512,0.07463014
39513,0.5086824
39514,0.060795207
39515,0.01659928
39516,0.019575166
39517,0.03900728
39518,0.048041463
39519,0.015447793
39520,0.02754003
39521,0.06723128
39522,0.077245526
39523,0.062036622
39524,0.061500598
39525,0.048854973
39526,0.03535451
39527,0.029558703
39528,0.02743209
39529,0.033409208
39530,0.06057542
39531,0.045383062
39532,0.059990704
39533,0.011279183
39534,0.03437081
39535,0.025971403
39536,0.012194649
39537,0.022430032
39538,0.03855489
39539,0.023129325
39540,0.05357395
39541,0.38748237
39542,0.38286832
39543,0.039624926
39544,0.03718173
39545,0.060986195
39546,0.052681446
39547,0.013734954
39548,0.046726037
39549,0.027904665
39550,0.069977134
39551,0.025723543
39552,0.022293823
39553,0.03001429
39554,0.004619571
39555,0.04960341
39556,0.04851787
39557,0.22433402
39558,0.3813193
39559,0.22315751
39560,0.04927643
39561,0.036854826
39562,0.015215834
39563,0.044206552
39564,0.04015485
39565,0.009132165
39566,0.35218576
39567,0.04008132
39568,0.5711807
39569,0.064502455
39570,0.010691653
39571,0.0657804
39572,0.043559287
39573,0.04258452
39574,0.008829567
39575,0.047863606
39576,0.027628941
39577,0.017244762
39578,0.015471327
39579,0.016429547
39580,0.057234216
39581,0.039689776
39582,0.05424192
39583,0.04809246
39584,0.06273288
39585,0.224804
39586,0.36969125
39587,0.049170677
39588,0.057941608
39589,0.01354886
39590,0.03764218
39591,0.059762765
39592,0.04585719
39593,0.07029146
39594,0.038031835
39595,0.061470155
39596,0.03757963
39597,0.015485304
39598,0.01689327
39599,0.07033204
39600,0.008992147
39601,0.05332452
39602,0.02972182
39603,0.023831407
39604,0.033000868
39605,0.045244403
39606,0.052725952
39607,0.07092637
39608,0.061357733
39609,0.2324365
39610,0.2239188
39611,0.06887574
39612,0.010741506
39613,0.060677744
39614,0.009863943
39615,0.04339857
39616,0.038549263
39617,0.058215063
39618,0.029909058
39619,0.018547023
39620,0.041256066
39621,0.035691537
39622,0.010755873
39623,0.059886593
39624,0.04589652
39625,0.05315287
39626,0.03440969
39627,0.21659921
39628,0.048155613
39629,0.069581956
39630,0.26498953
39631,0.06094493
39632,0.06354353
39633,0.047873765
39634,0.05402206
39635,0.054453544
39636,0.059853908
39637,0.043537933
39638,0.017379545
39639,0.24092583
39640,0.053588137
39641,0.058703993
39642,0.046400815
39643,0.056703813
39644,0.025494967
39645,0.018399881
39646,0.035309337
39647,0.42097417
39648,0.048688997
39649,0.03996941
39650,0.062207326
39651,0.5347255
39652,0.05910181
39653,0.013112008
39654,0.06407567
39655,0.04579279
39656,0.23756747
39657,0.41047272
39658,0.050036475
39659,0.018468942
39660,0.040288396
39661,0.04044985
39662,0.062273845
39663,0.2286619
39664,0.037784018
39665,0.074082725
39666,0.059605673
39667,0.053723756
39668,0.01790783
39669,0.042355977
39670,0.051081512
39671,0.012488795
39672,0.06911965
39673,0.072702356
39674,0.22495285
39675,0.05757604
39676,0.029392019
39677,0.06382051
39678,0.081244595
39679,0.23575424
39680,0.04469864
39681,0.0195738
39682,0.008443172
39683,0.050724883
39684,0.5694747
39685,0.035278834
39686,0.07138839
39687,0.49694347
39688,0.07819233
39689,0.010873073
39690,0.0072915815
39691,0.037088312
39692,0.04354274
39693,0.36240757
39694,0.22953337
39695,0.054542247
39696,0.05722135
39697,0.075902335
39698,0.0711987
39699,0.069807306
39700,0.080698274
39701,0.23990586
39702,0.05888248
39703,0.04090403
39704,0.060276534
39705,0.043434635
39706,0.074845724
39707,0.5675584
39708,0.038957838
39709,0.243296
39710,0.040008765
39711,0.07598508
39712,0.010765072
39713,0.039786447
39714,0.052997965
39715,0.014864834
39716,0.03799531
39717,0.42111677
39718,0.037709106
39719,0.053784564
39720,0.22963922
39721,0.070311666
39722,0.077565104
39723,0.24050875
39724,0.07427132
39725,0.026770959
39726,0.08721446
39727,0.06269954
39728,0.07322733
39729,0.5681486
39730,0.44242162
39731,0.25369084
39732,0.02773342
39733,0.074959286
39734,0.048952136
39735,0.026150953
39736,0.016964417
39737,0.015354716
39738,0.044684622
39739,0.007198054
39740,0.009234684
39741,0.0300847
39742,0.04476362
39743,0.060559724
39744,0.059547566
39745,0.061940685
39746,0.059765052
39747,0.07299087
39748,0.06219891
39749,0.063426174
39750,0.07241585
39751,0.015201244
39752,0.046006158
39753,0.5570238
39754,0.6562566
39755,0.62019014
39756,0.02560647
39757,0.015312286
39758,0.060090344
39759,0.4950505
39760,0.058840744
39761,0.007428644
39762,0.044376872
39763,0.04859351
39764,0.040145274
39765,0.38546863
39766,0.015302398
39767,0.027862541
39768,0.060816705
39769,0.06180077
39770,0.041863956
39771,0.039608646
39772,0.35970947
39773,0.059279785
39774,0.067868866
39775,0.064003415
39776,0.06385076
39777,0.6111656
39778,0.5724352
39779,0.5309612
39780,0.048468344
39781,0.022890009
39782,0.008329883
39783,0.39330587
39784,0.061623394
39785,0.082218386
39786,0.037515685
39787,0.060756616
39788,0.015753185
39789,0.06018002
39790,0.06177082
39791,0.078864254
39792,0.07005775
39793,0.48826087
39794,0.4405994
39795,0.07076362
39796,0.070154764
39797,0.056480374
39798,0.046087697
39799,0.06338391
39800,0.0379447
39801,0.02965341
39802,0.02094798
39803,0.07000856
39804,0.069802165
39805,0.06287072
39806,0.022446407
39807,0.6843926
39808,0.5904788
39809,0.6488963
39810,0.040212493
39811,0.07160479
39812,0.010137734
39813,0.3937756
39814,0.025364611
39815,0.014670525
39816,0.014915444
39817,0.0315317
39818,0.05964302
39819,0.03841345
39820,0.38544425
39821,0.71601516
39822,0.053279944
39823,0.060937673
39824,0.059823617
39825,0.072865024
39826,0.054107454
39827,0.07000318
39828,0.06160377
39829,0.03411056
39830,0.060282473
39831,0.062701724
39832,0.060940247
39833,0.2535692
39834,0.24540342
39835,0.07110009
39836,0.05515762
39837,0.0634984
39838,0.053927474
39839,0.07390159
39840,0.025506398
39841,0.037899364
39842,0.038598556
39843,0.014932536
39844,0.016266605
39845,0.03734973
39846,0.03802331
39847,0.23104326
39848,0.5920467
39849,0.08538884
39850,0.07115095
39851,0.06423845
39852,0.07355519
39853,0.07622969
39854,0.48725694
39855,0.04686202
39856,0.034444563
39857,0.07224211
39858,0.07624268
39859,0.22567129
39860,0.4630953
39861,0.09028046
39862,0.071946256
39863,0.66669804
39864,0.07361984
39865,0.015365019
39866,0.2240779
39867,0.07782646
39868,0.019234212
39869,0.44129214
39870,0.049065758
39871,0.0329169
39872,0.03309832
39873,0.039088994
39874,0.073507465
39875,0.3910155
39876,0.24249019
39877,0.25158307
39878,0.24151026
39879,0.076232724
39880,0.07332743
39881,0.24283114
39882,0.025616439
39883,0.071994565
39884,0.05431939
39885,0.040399667
39886,0.45938605
39887,0.24651381
39888,0.45710403
39889,0.2407853
39890,0.05988695
39891,0.065183245
39892,0.05982762
39893,0.040260013
39894,0.012146932
39895,0.026040504
39896,0.04323164
39897,0.05986116
39898,0.059862047
39899,0.22255115
39900,0.38423854
39901,0.63458663
39902,0.41466165
39903,0.24450372
39904,0.54586643
39905,0.060708698
39906,0.053871676
39907,0.05449166
39908,0.072932824
39909,0.23388314
39910,0.04878642
39911,0.025717126
39912,0.048143223
39913,0.070679806
39914,0.03924086
39915,0.061763905
39916,0.0194318
39917,0.00976216
39918,0.029235631
39919,0.05339704
39920,0.044950664
39921,0.05494842
39922,0.22943234
39923,0.23178774
39924,0.37492836
39925,0.61980784
39926,0.587896
39927,0.24545522
39928,0.06362424
39929,0.039800603
39930,0.017934361
39931,0.040290922
39932,0.06320697
39933,0.029487452
39934,0.5647872
39935,0.04010282
39936,0.014334209
39937,0.04793828
39938,0.040905975
39939,0.36569467
39940,0.03539452
39941,0.039795816
39942,0.014783031
39943,0.03873756
39944,0.01218668
39945,0.012217839
39946,0.025641738
39947,0.05804527
39948,0.061846804
39949,0.51959234
39950,0.3654689
39951,0.35733375
39952,0.5295119
39953,0.3594191
39954,0.24240029
39955,0.07340983
39956,0.030223668
39957,0.03254469
39958,0.040689386
39959,0.03936428
39960,0.032783575
39961,0.04857146
39962,0.46634614
39963,0.06013019
39964,0.24593405
39965,0.027338115
39966,0.062063914
39967,0.06878979
39968,0.07153353
39969,0.08127185
39970,0.039544757
39971,0.027609708
39972,0.038419023
39973,0.07143968
39974,0.5699319
39975,0.38494986
39976,0.46765375
39977,0.38422862
39978,0.24099018
39979,0.07567093
39980,0.059648804
39981,0.020396497
39982,0.035513815
39983,0.027309936
39984,0.06975346
39985,0.07187023
39986,0.07390531
39987,0.025557494
39988,0.05313983
39989,0.24385951
39990,0.038823202
39991,0.06354713
39992,0.07607959
39993,0.027843345
39994,0.06485062
39995,0.07223103
39996,0.053725496
39997,0.06033368
39998,0.027408952
39999,0.059641656
40000,0.056703813
40001,0.034356594
40002,0.07125367
40003,0.06651688
40004,0.06464849
40005,0.010063747
40006,0.06022858
40007,0.037267312
40008,0.029739821
40009,0.070459954
40010,0.03137406
40011,0.039070543
40012,0.037017897
40013,0.0784509
40014,0.24649066
40015,0.49462807
40016,0.064366326
40017,0.014592924
40018,0.016360098
40019,0.02664004
40020,0.040825598
40021,0.049769
40022,0.07350338
40023,0.011743983
40024,0.02818649
40025,0.02504114
40026,0.053409483
40027,0.059766244
40028,0.40026832
40029,0.011812361
40030,0.01504001
40031,0.029469993
40032,0.053876463
40033,0.060114607
40034,0.42284203
40035,0.0648305
40036,0.06962042
40037,0.03340222
40038,0.013154106
40039,0.052823886
40040,0.22437517
40041,0.042292956
40042,0.24774654
40043,0.02948054
40044,0.024211127
40045,0.06972952
40046,0.047466114
40047,0.035807054
40048,0.025420405
40049,0.048288133
40050,0.24092743
40051,0.027705818
40052,0.016395358
40053,0.02724055
40054,0.03779987
40055,0.046856716
40056,0.23543859
40057,0.04927141
40058,0.07710142
40059,0.06018002
40060,0.027735282
40061,0.012489659
40062,0.040238645
40063,0.040667057
40064,0.026842276
40065,0.2509742
40066,0.23157245
40067,0.016067095
40068,0.06002903
40069,0.040544722
40070,0.008484738
40071,0.47782797
40072,0.5809229
40073,0.067322664
40074,0.05914372
40075,0.011635329
40076,0.058732696
40077,0.040267907
40078,0.0390214
40079,0.060304247
40080,0.055981286
40081,0.060987063
40082,0.69736207
40083,0.054954533
40084,0.057034817
40085,0.054971017
40086,0.014784017
40087,0.03393047
40088,0.077527195
40089,0.49093705
40090,0.053927474
40091,0.07425732
40092,0.02423679
40093,0.054116648
40094,0.018173516
40095,0.05673367
40096,0.026253447
40097,0.005654628
40098,0.022182593
40099,0.04270871
40100,0.04601663
40101,0.024826897
40102,0.015686732
40103,0.04450574
40104,0.011176304
40105,0.069875024
40106,0.033487752
40107,0.037090022
40108,0.012837334
40109,0.03007816
40110,0.059776288
40111,0.065699756
40112,0.019362284
40113,0.044694606
40114,0.5972276
40115,0.048679225
40116,0.0627942
40117,0.034276463
40118,0.03947312
40119,0.017125886
40120,0.24243852
40121,0.025058283
40122,0.005201928
40123,0.00496949
40124,0.0074019674
40125,0.06165784
40126,0.0644989
40127,0.389969
40128,0.025448421
40129,0.017540125
40130,0.010691653
40131,0.039328653
40132,0.028512964
40133,0.07697432
40134,0.048637826
40135,0.0046820915
40136,0.011033885
40137,0.048727833
40138,0.069890685
40139,0.061372325
40140,0.053985886
40141,0.049115587
40142,0.025388295
40143,0.042144578
40144,0.04813194
40145,0.07173226
40146,0.0699981
40147,0.012548723
40148,0.010119831
40149,0.00979585
40150,0.016654037
40151,0.012392703
40152,0.0095940605
40153,0.013037498
40154,0.0130984215
40155,0.020915553
40156,0.0441204
40157,0.04080694
40158,0.0653366
40159,0.011138936
40160,0.07501028
40161,0.24123426
40162,0.014308279
40163,0.022796767
40164,0.009366529
40165,0.006774953
40166,0.012080676
40167,0.02867542
40168,0.011868709
40169,0.039055713
40170,0.010922831
40171,0.039089315
40172,0.061625265
40173,0.025123773
40174,0.04013071
40175,0.009563458
40176,0.029574724
40177,0.012177341
40178,0.059142504
40179,0.37762237
40180,0.04814322
40181,0.048989087
40182,0.048619747
40183,0.059888314
40184,0.01963203
40185,0.009310158
40186,0.0572442
40187,0.013540241
40188,0.060930815
40189,0.07189764
40190,0.0145828
40191,0.024246762
40192,0.027486127
40193,0.028595595
40194,0.02543908
40195,0.01002458
40196,0.029620694
40197,0.0073731625
40198,0.05658306
40199,0.046056822
40200,0.07034433
40201,0.009128466
40202,0.022472126
40203,0.027379697
40204,0.012971349
40205,0.040446185
40206,0.024808222
40207,0.030067543
40208,0.07653979
40209,0.22666973
40210,0.061434865
40211,0.017165456
40212,0.03972381
40213,0.019219136
40214,0.033889785
40215,0.045889635
40216,0.027092334
40217,0.039159626
40218,0.048360016
40219,0.031403065
40220,0.03525506
40221,0.03884194
40222,0.03656736
40223,0.038367476
40224,0.06362838
40225,0.039341472
40226,0.035307348
40227,0.029190443
40228,0.231126
40229,0.039234534
40230,0.21508302
40231,0.06882812
40232,0.071575455
40233,0.039499797
40234,0.07853805
40235,0.4007356
40236,0.059423815
40237,0.06805909
40238,0.051675208
40239,0.02562831
40240,0.022631614
40241,0.012752773
40242,0.06616683
40243,0.65957654
40244,0.06702343
40245,0.039824363
40246,0.03972381
40247,0.066417605
40248,0.049597
40249,0.02679038
40250,0.038382504
40251,0.06484171
40252,0.06679107
40253,0.4356495
40254,0.46143264
40255,0.04045954
40256,0.056312677
40257,0.07216038
40258,0.23751107
40259,0.045161206
40260,0.05189411
40261,0.058809213
40262,0.033944942
40263,0.4261939
40264,0.06648436
40265,0.06525971
40266,0.43736488
40267,0.23077263
40268,0.019979065
40269,0.4551379
40270,0.048332233
40271,0.06305704
40272,0.04168484
40273,0.03230086
40274,0.05439749
40275,0.059706356
40276,0.06469602
40277,0.058458373
40278,0.029646821
40279,0.055052422
40280,0.3797892
40281,0.039538857
40282,0.046143
40283,0.057519984
40284,0.035441965
40285,0.02466833
40286,0.047258936
40287,0.07445294
40288,0.07447333
40289,0.03750559
40290,0.24072523
40291,0.22479612
40292,0.056469657
40293,0.503609
40294,0.4537288
40295,0.005445287
40296,0.05468816
40297,0.04332517
40298,0.019922536
40299,0.014295933
40300,0.008976354
40301,0.03490381
40302,0.056218788
40303,0.053590965
40304,0.059782263
40305,0.074630275
40306,0.44273764
40307,0.019320376
40308,0.038952444
40309,0.032126848
40310,0.3784879
40311,0.03869398
40312,0.053037785
40313,0.039432243
40314,0.025118029
40315,0.06509346
40316,0.4352354
40317,0.058052056
40318,0.016127905
40319,0.019266492
40320,0.03757903
40321,0.047445312
40322,0.015266322
40323,0.06645789
40324,0.07833196
40325,0.059669554
40326,0.05884491
40327,0.04514089
40328,0.029568274
40329,0.02731649
40330,0.032648824
40331,0.058160283
40332,0.044945043
40333,0.057559196
40334,0.012091305
40335,0.03430144
40336,0.025954429
40337,0.014694657
40338,0.012381086
40339,0.022452869
40340,0.03757158
40341,0.051272172
40342,0.40054286
40343,0.4004877
40344,0.038408473
40345,0.03654487
40346,0.034805138
40347,0.060435876
40348,0.05138905
40349,0.012563817
40350,0.045093965
40351,0.02751273
40352,0.23093626
40353,0.025170142
40354,0.022036195
40355,0.02890812
40356,0.04827951
40357,0.04380794
40358,0.07083307
40359,0.21823092
40360,0.22257626
40361,0.047310665
40362,0.03652587
40363,0.016185917
40364,0.044132814
40365,0.039095227
40366,0.22630996
40367,0.039762236
40368,0.48964596
40369,0.062381726
40370,0.062647544
40371,0.041819982
40372,0.046216857
40373,0.01601026
40374,0.05497879
40375,0.05341668
40376,0.04615562
40377,0.05758057
40378,0.22704746
40379,0.3962515
40380,0.047099754
40381,0.019949362
40382,0.05612759
40383,0.013715208
40384,0.056940004
40385,0.043270975
40386,0.06564144
40387,0.036873072
40388,0.06019142
40389,0.035870023
40390,0.043385014
40391,0.032571442
40392,0.016703432
40393,0.066823974
40394,0.009341873
40395,0.051613808
40396,0.029323712
40397,0.020550082
40398,0.031797793
40399,0.04547846
40400,0.051238216
40401,0.0673526
40402,0.057934247
40403,0.23401332
40404,0.06725121
40405,0.0662053
40406,0.010626901
40407,0.056883316
40408,0.04254252
40409,0.03716824
40410,0.056500196
40411,0.02820733
40412,0.03932803
40413,0.035405386
40414,0.042541157
40415,0.05706465
40416,0.029941592
40417,0.045002997
40418,0.051638562
40419,0.033601988
40420,0.0647219
40421,0.04659733
40422,0.070282884
40423,0.49699578
40424,0.057983123
40425,0.061229795
40426,0.046160307
40427,0.0526273
40428,0.051613808
40429,0.056995563
40430,0.042552076
40431,0.015705554
40432,0.2476776
40433,0.05209737
40434,0.055949394
40435,0.045430515
40436,0.054170094
40437,0.023223856
40438,0.034828067
40439,0.2408144
40440,0.04812991
40441,0.03780753
40442,0.059785347
40443,0.54171324
40444,0.056392815
40445,0.012671338
40446,0.060702734
40447,0.04532116
40448,0.071377635
40449,0.24134395
40450,0.047896504
40451,0.017975083
40452,0.03930532
40453,0.039934848
40454,0.05921702
40455,0.23029585
40456,0.03717208
40457,0.0706709
40458,0.05827202
40459,0.051945053
40460,0.013099315
40461,0.0132469265
40462,0.017889142
40463,0.04108153
40464,0.049018532
40465,0.012020076
40466,0.06454777
40467,0.06996993
40468,0.22797868
40469,0.05513197
40470,0.029305767
40471,0.05957674
40472,0.06702508
40473,0.23806906
40474,0.04385229
40475,0.039545167
40476,0.008348333
40477,0.047233947
40478,0.4717005
40479,0.0342122
40480,0.06645586
40481,0.44487688
40482,0.07169837
40483,0.03633399
40484,0.042579155
40485,0.2304057
40486,0.23129372
40487,0.05252853
40488,0.055065073
40489,0.072725445
40490,0.071170695
40491,0.07019771
40492,0.06984262
40493,0.24837036
40494,0.05585305
40495,0.03990528
40496,0.057968654
40497,0.04261879
40498,0.08052756
40499,0.616854
40500,0.037093166
40501,0.236994
40502,0.012787082
40503,0.03922734
40504,0.0700334
40505,0.03855288
40506,0.050140236
40507,0.0148322
40508,0.037028577
40509,0.42089707
40510,0.036811553
40511,0.053017046
40512,0.06789994
40513,0.06754125
40514,0.07698651
40515,0.23656453
40516,0.06919465
40517,0.026425796
40518,0.08083639
40519,0.059993394
40520,0.06679535
40521,0.5480401
40522,0.45975202
40523,0.24495535
40524,0.022795007
40525,0.06929679
40526,0.009685741
40527,0.04729071
40528,0.0154776005
40529,0.04249055
40530,0.0074601173
40531,0.008434601
40532,0.029601263
40533,0.043655153
40534,0.05927678
40535,0.056674693
40536,0.05905073
40537,0.05690796
40538,0.0672587
40539,0.062004317
40540,0.025722092
40541,0.06397652
40542,0.23817284
40543,0.04521836
40544,0.6183383
40545,0.49639592
40546,0.62943727
40547,0.025175942
40548,0.05702043
40549,0.48972696
40550,0.056207895
40551,0.047214318
40552,0.0072308383
40553,0.043269098
40554,0.047399543
40555,0.038933083
40556,0.00911514
40557,0.37226006
40558,0.014454753
40559,0.027254678
40560,0.059621014
40561,0.05946123
40562,0.03955277
40563,0.03961163
40564,0.067090645
40565,0.05529914
40566,0.06767543
40567,0.058330413
40568,0.05948715
40569,0.5691643
40570,0.6450819
40571,0.56173843
40572,0.047871333
40573,0.025240228
40574,0.0071023046
40575,0.3862441
40576,0.05748926
40577,0.23335862
40578,0.038023915
40579,0.05834259
40580,0.057883777
40581,0.058462556
40582,0.0688828
40583,0.06595229
40584,0.45876032
40585,0.43984023
40586,0.07302864
40587,0.07224371
40588,0.054737326
40589,0.045251574
40590,0.062649086
40591,0.035995644
40592,0.029529037
40593,0.020388056
40594,0.0693155
40595,0.06673123
40596,0.047359686
40597,0.0605528
40598,0.022123218
40599,0.53119415
40600,0.6727973
40601,0.5241217
40602,0.03935818
40603,0.06887609
40604,0.008638356
40605,0.37290835
40606,0.024401192
40607,0.014804615
40608,0.03129978
40609,0.058237094
40610,0.03939274
40611,0.41270694
40612,0.70702016
40613,0.05132317
40614,0.05864534
40615,0.057163518
40616,0.0765633
40617,0.05171461
40618,0.07216553
40619,0.05965061
40620,0.032772757
40621,0.058070473
40622,0.060118068
40623,0.059634056
40624,0.039156035
40625,0.24623583
40626,0.06702369
40627,0.07123542
40628,0.053677417
40629,0.025334744
40630,0.06114959
40631,0.052013464
40632,0.074375235
40633,0.02694137
40634,0.036829516
40635,0.039672147
40636,0.014527734
40637,0.015917256
40638,0.036477115
40639,0.03738392
40640,0.23552549
40641,0.6469182
40642,0.07889807
40643,0.2365168
40644,0.060591217
40645,0.07077565
40646,0.069264136
40647,0.40423805
40648,0.045339067
40649,0.033729278
40650,0.029097112
40651,0.07133905
40652,0.07510083
40653,0.22976334
40654,0.5186776
40655,0.078523934
40656,0.069208495
40657,0.6405526
40658,0.06760439
40659,0.015287154
40660,0.06556445
40661,0.23240352
40662,0.018854273
40663,0.04375283
40664,0.47591895
40665,0.047849838
40666,0.030642789
40667,0.032375224
40668,0.037992615
40669,0.07395007
40670,0.389227
40671,0.3779767
40672,0.24934298
40673,0.24295813
40674,0.0688828
40675,0.07031217
40676,0.24645954
40677,0.06899683
40678,0.05295405
40679,0.03954829
40680,0.41055578
40681,0.24366847
40682,0.04377257
40683,0.45924053
40684,0.24370982
40685,0.05747481
40686,0.05902395
40687,0.05674328
40688,0.039672136
40689,0.012136745
40690,0.026433669
40691,0.043356683
40692,0.05693852
40693,0.05720569
40694,0.066256285
40695,0.39289597
40696,0.63928294
40697,0.23722894
40698,0.24163893
40699,0.5427772
40700,0.05815959
40701,0.016292032
40702,0.052254297
40703,0.053261247
40704,0.07211817
40705,0.23200408
40706,0.047418304
40707,0.024920056
40708,0.046761643
40709,0.06687609
40710,0.038736954
40711,0.059405446
40712,0.01884507
40713,0.03404742
40714,0.017092679
40715,0.018789988
40716,0.009312451
40717,0.029483087
40718,0.05234578
40719,0.044229325
40720,0.053429857
40721,0.23326464
40722,0.073505394
40723,0.35939977
40724,0.6373111
40725,0.58595103
40726,0.24242488
40727,0.06317794
40728,0.038667697
40729,0.017911581
40730,0.03910664
40731,0.06350391
40732,0.6459676
40733,0.039394375
40734,0.015212963
40735,0.046145357
40736,0.040068265
40737,0.21418507
40738,0.034920953
40739,0.039277498
40740,0.015792698
40741,0.038786337
40742,0.025376335
40743,0.055860117
40744,0.05942882
40745,0.527129
40746,0.4086913
40747,0.34030586
40748,0.6755229
40749,0.2362593
40750,0.23863931
40751,0.071226336
40752,0.029764516
40753,0.03818515
40754,0.03851745
40755,0.03264503
40756,0.046881784
40757,0.43003124
40758,0.057901464
40759,0.23835851
40760,0.026898481
40761,0.06161436
40762,0.06483564
40763,0.06751793
40764,0.08990423
40765,0.038983162
40766,0.026380539
40767,0.03706087
40768,0.06928837
40769,0.48234212
40770,0.37776104
40771,0.5518866
40772,0.35550445
40773,0.07033421
40774,0.069651954
40775,0.058388706
40776,0.036827132
40777,0.010892412
40778,0.020322593
40779,0.009809323
40780,0.0346439
40781,0.06523353
40782,0.06727872
40783,0.056893114
40784,0.0782559
40785,0.02254684
40786,0.050918337
40787,0.23587325
40788,0.037027862
40789,0.061057553
40790,0.072041124
40791,0.027395071
40792,0.0045399396
40793,0.062063348
40794,0.07203119
40795,0.051458277
40796,0.058666546
40797,0.057806753
40798,0.0536577
40799,0.03395618
40800,0.065338634
40801,0.06167548
40802,0.037742358
40803,0.008432471
40804,0.061986465
40805,0.010052872
40806,0.055984594
40807,0.029598735
40808,0.065848105
40809,0.031002788
40810,0.038066898
40811,0.036207005
40812,0.06804872
40813,0.23691885
40814,0.4489324
40815,0.06444264
40816,0.02514423
40817,0.041613597
40818,0.0120656965
40819,0.048008773
40820,0.07096344
40821,0.011125121
40822,0.02771141
40823,0.015288577
40824,0.00969003
40825,0.024723964
40826,0.05229827
40827,0.057312734
40828,0.41497058
40829,0.011923967
40830,0.015023215
40831,0.029608645
40832,0.05103717
40833,0.057512935
40834,0.24729058
40835,0.21688102
40836,0.0105902655
40837,0.22593805
40838,0.033142988
40839,0.0128934905
40840,0.051874414
40841,0.22787787
40842,0.04153263
40843,0.080286026
40844,0.024031803
40845,0.065770395
40846,0.047183968
40847,0.035425782
40848,0.015069879
40849,0.025262663
40850,0.045681287
40851,0.06912496
40852,0.027003236
40853,0.016116844
40854,0.027451301
40855,0.037886623
40856,0.045623
40857,0.23064409
40858,0.047629233
40859,0.23449893
40860,0.057772104
40861,0.027436052
40862,0.03953151
40863,0.02631062
40864,0.23936519
40865,0.015385923
40866,0.23186944
40867,0.015407
40868,0.055572987
40869,0.039368164
40870,0.008368359
40871,0.45128253
40872,0.6058494
40873,0.062726304
40874,0.05830033
40875,0.011580286
40876,0.056467425
40877,0.03926424
40878,0.038044676
40879,0.057692792
40880,0.054747537
40881,0.059310984
40882,0.5708129
40883,0.05399314
40884,0.012814058
40885,0.055026796
40886,0.05377393
40887,0.013842177
40888,0.034323733
40889,0.06898053
40890,0.24646829
40891,0.051887605
40892,0.06880912
40893,0.05104102
40894,0.01923883
40895,0.054598816
40896,0.025656097
40897,0.022187917
40898,0.04182391
40899,0.044518653
40900,0.02392427
40901,0.043555275
40902,0.010802206
40903,0.2284734
40904,0.032630153
40905,0.03725386
40906,0.013325159
40907,0.029060593
40908,0.05613955
40909,0.059054505
40910,0.018612212
40911,0.04353023
40912,0.5371023
40913,0.04713482
40914,0.060121763
40915,0.0388377
40916,0.03396186
40917,0.038798463
40918,0.03947963
40919,0.010821268
40920,0.01469873
40921,0.23860115
40922,0.02472966
40923,0.005909267
40924,0.0065277494
40925,0.059442345
40926,0.017060734
40927,0.061955377
40928,0.0371459
40929,0.03954721
40930,0.25130436
40931,0.025030645
40932,0.01757325
40933,0.016906353
40934,0.039446075
40935,0.027995965
40936,0.07394086
40937,0.04636555
40938,0.009729328
40939,0.013072238
40940,0.0439276
40941,0.070095345
40942,0.058070473
40943,0.052604776
40944,0.047144715
40945,0.025130663
40946,0.040576816
40947,0.0149667
40948,0.04689079
40949,0.06886115
40950,0.07181559
40951,0.0085835615
40952,0.02025478
40953,0.042629592
40954,0.039367493
40955,0.061951615
40956,0.011032348
40957,0.06930853
40958,0.24557339
40959,0.017077317
40960,0.024022786
40961,0.015515609
40962,0.028009944
40963,0.04407357
40964,0.025094422
40965,0.038030256
40966,0.011040892
40967,0.038679935
40968,0.059052166
40969,0.025010055
40970,0.03923317
40971,0.00644229
40972,0.029476535
40973,0.05741024
40974,0.24654646
40975,0.04613424
40976,0.04677175
40977,0.047322784
40978,0.05692109
40979,0.019133186
40980,0.009091494
40981,0.055315506
40982,0.013045452
40983,0.0589961
40984,0.0069641005
40985,0.06980059
40986,0.014847442
40987,0.029256662
40988,0.008962899
40989,0.008676268
40990,0.028563503
40991,0.05593498
40992,0.045303863
40993,0.06726322
40994,0.022184178
40995,0.039712977
40996,0.025017899
40997,0.029940693
40998,0.23401971
40999,0.23189081
41000,0.058558658
41001,0.039151076
41002,0.024782978
41003,0.038773853
41004,0.048593987
41005,0.030862987
41006,0.03961894
41007,0.03996039
41008,0.074748285
41009,0.038146615
41010,0.058574
41011,0.07009301
41012,0.07126695
41013,0.024673587
41014,0.039512422
41015,0.06845157
41016,0.0820902
41017,0.060066376
41018,0.074522406
41019,0.05173542
41020,0.0127702765
41021,0.07190663
41022,0.03126413
41023,0.6328042
41024,0.06597879
41025,0.23261273
41026,0.05094895
41027,0.039180238
41028,0.033011954
41029,0.014878249
41030,0.0665464
41031,0.5092553
41032,0.44930893
41033,0.039258186
41034,0.056960333
41035,0.025824327
41036,0.07055071
41037,0.0672374
41038,0.045433555
41039,0.03898743
41040,0.051891603
41041,0.058152724
41042,0.24475795
41043,0.067259945
41044,0.06506872
41045,0.48773998
41046,0.22421718
41047,0.49971983
41048,0.047597554
41049,0.069571875
41050,0.043367885
41051,0.032771546
41052,0.05327278
41053,0.06088461
41054,0.06728471
41055,0.059753917
41056,0.031718902
41057,0.035225116
41058,0.05525807
41059,0.24062696
41060,0.03825606
41061,0.028865509
41062,0.045790754
41063,0.056111645
41064,0.037096713
41065,0.047380496
41066,0.07146986
41067,0.07669826
41068,0.036787435
41069,0.012941116
41070,0.06758385
41071,0.06640228
41072,0.056819256
41073,0.45180553
41074,0.46740538
41075,0.05517287
41076,0.044124994
41077,0.013029411
41078,0.035194885
41079,0.053458486
41080,0.061174285
41081,0.0701781
41082,0.5193759
41083,0.018449059
41084,0.03927602
41085,0.028720178
41086,0.024380788
41087,0.03277904
41088,0.070519485
41089,0.038607493
41090,0.052443877
41091,0.03909188
41092,0.06928598
41093,0.43107516
41094,0.059386287
41095,0.016499722
41096,0.017507996
41097,0.03759113
41098,0.046189927
41099,0.06469443
41100,0.07874748
41101,0.059559494
41102,0.05901531
41103,0.046508774
41104,0.034831412
41105,0.028966045
41106,0.02702582
41107,0.032527823
41108,0.05726729
41109,0.045040708
41110,0.05798502
41111,0.012622876
41112,0.03402608
41113,0.025344681
41114,0.0141416285
41115,0.013284347
41116,0.0222089
41117,0.038269814
41118,0.021873351
41119,0.050224043
41120,0.42491955
41121,0.39109853
41122,0.038596984
41123,0.036536608
41124,0.060076978
41125,0.05020828
41126,0.013114679
41127,0.044121034
41128,0.01371525
41129,0.02764656
41130,0.23351102
41131,0.024828177
41132,0.021078354
41133,0.028927978
41134,0.047507416
41135,0.046926692
41136,0.068036
41137,0.21542765
41138,0.22810884
41139,0.045439474
41140,0.033830088
41141,0.0154568525
41142,0.04432323
41143,0.03937541
41144,0.40089777
41145,0.038127944
41146,0.6073671
41147,0.06493068
41148,0.064282686
41149,0.042648092
41150,0.04177643
41151,0.04798291
41152,0.01681443
41153,0.015821902
41154,0.054976344
41155,0.038771436
41156,0.053781476
41157,0.04638969
41158,0.059567403
41159,0.06862213
41160,0.39398193
41161,0.047843665
41162,0.019201918
41163,0.05633401
41164,0.01367322
41165,0.03628853
41166,0.056923624
41167,0.04383983
41168,0.065693565
41169,0.037243363
41170,0.059698384
41171,0.036505345
41172,0.045516293
41173,0.016516183
41174,0.06777515
41175,0.05163535
41176,0.02873201
41177,0.01931015
41178,0.03076484
41179,0.045452893
41180,0.051441025
41181,0.06559037
41182,0.058134884
41183,0.23395528
41184,0.06492157
41185,0.22675574
41186,0.010506846
41187,0.057105552
41188,0.04317787
41189,0.037887793
41190,0.05636398
41191,0.029434863
41192,0.018942775
41193,0.039902978
41194,0.04228234
41195,0.028579257
41196,0.044476584
41197,0.007864972
41198,0.05213157
41199,0.03383122
41200,0.062246166
41201,0.046925582
41202,0.06939745
41203,0.55398947
41204,0.059071954
41205,0.0638925
41206,0.046634227
41207,0.0526464
41208,0.051446397
41209,0.056897603
41210,0.042726357
41211,0.009155871
41212,0.24603559
41213,0.052169368
41214,0.056425482
41215,0.04492117
41216,0.055007804
41217,0.023138229
41218,0.034775734
41219,0.07891123
41220,0.04839855
41221,0.03857876
41222,0.060770128
41223,0.6176202
41224,0.055168428
41225,0.013443204
41226,0.06391231
41227,0.045218714
41228,0.07314964
41229,0.24662739
41230,0.047953326
41231,0.017640108
41232,0.03948317
41233,0.03976967
41234,0.05967021
41235,0.07465492
41236,0.037096713
41237,0.23042068
41238,0.057638135
41239,0.051790442
41240,0.013310462
41241,0.017411653
41242,0.041636746
41243,0.04914648
41244,0.011886296
41245,0.0650792
41246,0.07010391
41247,0.06909129
41248,0.055066552
41249,0.029292248
41250,0.0636025
41251,0.070282295
41252,0.23661067
41253,0.04414471
41254,0.03977253
41255,0.008033999
41256,0.048032727
41257,0.500258
41258,0.2318173
41259,0.48362496
41260,0.0693465
41261,0.011244128
41262,0.009494237
41263,0.036531392
41264,0.042584244
41265,0.38424385
41266,0.2314144
41267,0.0531443
41268,0.05584921
41269,0.06787368
41270,0.07115679
41271,0.06988169
41272,0.068512745
41273,0.2548118
41274,0.056399744
41275,0.039827418
41276,0.05773715
41277,0.042653937
41278,0.07962281
41279,0.58964497
41280,0.042603135
41281,0.4113497
41282,0.038612947
41283,0.071337536
41284,0.010877255
41285,0.039937902
41286,0.052727178
41287,0.013114833
41288,0.037408613
41289,0.4037731
41290,0.037242554
41291,0.05250838
41292,0.065803386
41293,0.07078388
41294,0.074364334
41295,0.24645576
41296,0.07691022
41297,0.02587099
41298,0.23513842
41299,0.059890788
41300,0.0657833
41301,0.51080745
41302,0.4445723
41303,0.24666236
41304,0.021513714
41305,0.22138183
41306,0.047677144
41307,0.024959099
41308,0.043372165
41309,0.029621456
41310,0.043853067
41311,0.057788115
41312,0.057119098
41313,0.0597428
41314,0.057281252
41315,0.0679141
41316,0.06028336
41317,0.026029699
41318,0.06253514
41319,0.39175162
41320,0.0147665255
41321,0.044584993
41322,0.6106959
41323,0.55853474
41324,0.63306975
41325,0.056457758
41326,0.47300163
41327,0.0570099
41328,0.046491824
41329,0.043484945
41330,0.047015917
41331,0.039353892
41332,0.009601218
41333,0.40019011
41334,0.015165664
41335,0.02704649
41336,0.059100036
41337,0.059870787
41338,0.039804578
41339,0.039353892
41340,0.07126927
41341,0.05526478
41342,0.022901671
41343,0.06596369
41344,0.059118047
41345,0.059875064
41346,0.5342798
41347,0.57877076
41348,0.5892578
41349,0.04706144
41350,0.022853725
41351,0.008524486
41352,0.3935314
41353,0.057863552
41354,0.23330681
41355,0.037867926
41356,0.05848133
41357,0.01473845
41358,0.05901016
41359,0.061798267
41360,0.06936986
41361,0.065783985
41362,0.4429809
41363,0.46831122
41364,0.06620799
41365,0.067485794
41366,0.05304704
41367,0.045570705
41368,0.061404083
41369,0.036927857
41370,0.029204953
41371,0.019785825
41372,0.06886136
41373,0.06768089
41374,0.046579383
41375,0.05989742
41376,0.020973329
41377,0.55326635
41378,0.53995246
41379,0.52245796
41380,0.038305882
41381,0.06716374
41382,0.39099085
41383,0.01474411
41384,0.014497911
41385,0.031022638
41386,0.057077385
41387,0.039575245
41388,0.38809204
41389,0.7047205
41390,0.05156605
41391,0.05905444
41392,0.05723629
41393,0.06816371
41394,0.05166196
41395,0.068283364
41396,0.060660023
41397,0.03282094
41398,0.058134254
41399,0.060456507
41400,0.060270604
41401,0.038817856
41402,0.25301594
41403,0.24168012
41404,0.0679245
41405,0.053417932
41406,0.061275795
41407,0.052024648
41408,0.23921783
41409,0.028049681
41410,0.037113953
41411,0.037614804
41412,0.013228035
41413,0.015826164
41414,0.03695846
41415,0.036926962
41416,0.2301791
41417,0.5673571
41418,0.0733761
41419,0.073293224
41420,0.062192738
41421,0.074272715
41422,0.06916406
41423,0.45364335
41424,0.045374125
41425,0.02927912
41426,0.07014597
41427,0.0693974
41428,0.23135294
41429,0.53227013
41430,0.2522672
41431,0.07633838
41432,0.5663992
41433,0.067013994
41434,0.014703215
41435,0.0650223
41436,0.07329221
41437,0.018548999
41438,0.042386327
41439,0.473282
41440,0.04794461
41441,0.03271516
41442,0.032594115
41443,0.038628936
41444,0.069496974
41445,0.3963096
41446,0.23545483
41447,0.25106826
41448,0.2362323
41449,0.069195546
41450,0.07530129
41451,0.24618164
41452,0.024483856
41453,0.07152046
41454,0.0507153
41455,0.039350197
41456,0.4921477
41457,0.24227193
41458,0.043121256
41459,0.259488
41460,0.39916444
41461,0.05589374
41462,0.058744557
41463,0.057234183
41464,0.012343961
41465,0.025716007
41466,0.043218855
41467,0.057371598
41468,0.05663686
41469,0.067381606
41470,0.38951653
41471,0.6550915
41472,0.3762635
41473,0.07446498
41474,0.5496673
41475,0.058349263
41476,0.016153056
41477,0.05146388
41478,0.053128984
41479,0.06791778
41480,0.23083235
41481,0.047431313
41482,0.023528462
41483,0.0465159
41484,0.06670904
41485,0.03763057
41486,0.059833888
41487,0.01739392
41488,0.01245017
41489,0.0352275
41490,0.016260047
41491,0.018605335
41492,0.010105633
41493,0.028873954
41494,0.05188984
41495,0.044188876
41496,0.05358981
41497,0.23276903
41498,0.068132624
41499,0.35563353
41500,0.6979476
41501,0.51636165
41502,0.07939912
41503,0.06189569
41504,0.039633907
41505,0.06221189
41506,0.012846101
41507,0.02860839
41508,0.6496654
41509,0.03939357
41510,0.04626202
41511,0.039938472
41512,0.21502645
41513,0.0388291
41514,0.0134522235
41515,0.038888987
41516,0.011829197
41517,0.024961924
41518,0.05631569
41519,0.0599395
41520,0.505016
41521,0.3974503
41522,0.22271892
41523,0.64147955
41524,0.24273407
41525,0.23402199
41526,0.07327206
41527,0.035534024
41528,0.02889162
41529,0.032675423
41530,0.039977733
41531,0.038582306
41532,0.047131557
41533,0.51744944
41534,0.057646647
41535,0.39062998
41536,0.02685948
41537,0.06222269
41538,0.07222016
41539,0.06777046
41540,0.07170467
41541,0.038816232
41542,0.037134964
41543,0.068927266
41544,0.5484093
41545,0.4058286
41546,0.49520257
41547,0.4089228
41548,0.07546174
41549,0.07146366
41550,0.05640757
41551,0.037896805
41552,0.01847097
41553,0.010402787
41554,0.034879304
41555,0.069802545
41556,0.06797152
41557,0.05642809
41558,0.07206055
41559,0.05095162
41560,0.24421853
41561,0.036547538
41562,0.009338297
41563,0.061541595
41564,0.070780404
41565,0.025393238
41566,0.0052085426
41567,0.21998651
41568,0.06773533
41569,0.051702403
41570,0.05887787
41571,0.057977278
41572,0.054158475
41573,0.034286816
41574,0.06793995
41575,0.061351173
41576,0.037313465
41577,0.008942074
41578,0.06501695
41579,0.009293038
41580,0.058177285
41581,0.02939766
41582,0.06551503
41583,0.03144717
41584,0.03787022
41585,0.014151536
41586,0.037020266
41587,0.073837094
41588,0.23711409
41589,0.51781005
41590,0.064220235
41591,0.015462309
41592,0.026120683
41593,0.041832127
41594,0.012089525
41595,0.048401557
41596,0.072414376
41597,0.011797343
41598,0.027697401
41599,0.01573766
41600,0.009840377
41601,0.024294203
41602,0.05184204
41603,0.057126723
41604,0.39557412
41605,0.0116423005
41606,0.014252609
41607,0.027978277
41608,0.052301403
41609,0.058099896
41610,0.44448075
41611,0.21892308
41612,0.010638729
41613,0.22607955
41614,0.032730725
41615,0.013321805
41616,0.05066861
41617,0.06558844
41618,0.04164771
41619,0.073701166
41620,0.012699489
41621,0.01381108
41622,0.023576701
41623,0.06871908
41624,0.04735429
41625,0.03562843
41626,0.015154187
41627,0.024818717
41628,0.04643452
41629,0.24339448
41630,0.02651895
41631,0.014268668
41632,0.014499964
41633,0.026590638
41634,0.04581909
41635,0.23687387
41636,0.0473048
41637,0.23663582
41638,0.058404848
41639,0.012262153
41640,0.039321527
41641,0.0400344
41642,0.025229376
41643,0.37885404
41644,0.23015182
41645,0.01487846
41646,0.057492986
41647,0.03967762
41648,0.009148472
41649,0.24001174
41650,0.6058564
41651,0.0626711
41652,0.058404848
41653,0.011545192
41654,0.05640757
41655,0.038732763
41656,0.03847754
41657,0.05800786
41658,0.05530699
41659,0.060386643
41660,0.55262256
41661,0.053784993
41662,0.054937202
41663,0.053456347
41664,0.06880398
41665,0.24014443
41666,0.052255742
41667,0.08099295
41668,0.052172393
41669,0.01904168
41670,0.05479417
41671,0.026084414
41672,0.021933837
41673,0.042070948
41674,0.04511359
41675,0.024578257
41676,0.04385501
41677,0.010941971
41678,0.23303935
41679,0.032365695
41680,0.036796004
41681,0.012779234
41682,0.029518992
41683,0.05675902
41684,0.058991745
41685,0.044116046
41686,0.6728995
41687,0.04683449
41688,0.058505047
41689,0.039256144
41690,0.034286816
41691,0.037731685
41692,0.03894026
41693,0.011228954
41694,0.014399145
41695,0.24577582
41696,0.023903783
41697,0.009532325
41698,0.060302716
41699,0.06292281
41700,0.036907587
41701,0.03937541
41702,0.24152112
41703,0.03835034
41704,0.027878935
41705,0.23196217
41706,0.048169956
41707,0.012839332
41708,0.012973273
41709,0.04670193
41710,0.06816597
41711,0.058340248
41712,0.04949893
41713,0.04705044
41714,0.042082027
41715,0.06977862
41716,0.22315004
41717,0.011391467
41718,0.009412776
41719,0.009918486
41720,0.015383842
41721,0.01320387
41722,0.008481887
41723,0.0124160275
41724,0.019402111
41725,0.042964216
41726,0.039458
41727,0.063029386
41728,0.06802931
41729,0.23905826
41730,0.016350066
41731,0.009536694
41732,0.014906577
41733,0.015553984
41734,0.011945546
41735,0.027549626
41736,0.0075464803
41737,0.011433126
41738,0.008621896
41739,0.046186678
41740,0.024768246
41741,0.03838398
41742,0.011755601
41743,0.05887873
41744,0.039607696
41745,0.028167581
41746,0.057492133
41747,0.009396507
41748,0.23489085
41749,0.04600384
41750,0.046507142
41751,0.046996206
41752,0.057057355
41753,0.019339455
41754,0.05548107
41755,0.012442098
41756,0.061472267
41757,0.066098765
41758,0.0146798985
41759,0.0139579065
41760,0.028835198
41761,0.028520508
41762,0.011404543
41763,0.024838606
41764,0.024565598
41765,0.05428501
41766,0.045365337
41767,0.028023824
41768,0.06892199
41769,0.021338604
41770,0.027063603
41771,0.04006535
41772,0.029039528
41773,0.23053944
41774,0.07059426
41775,0.015769728
41776,0.057951298
41777,0.017280167
